0.000, Bid:,0,Ask:,0,
0.000, Bid:,1,112,1,Ask:,0,
0.143, Bid:,2,112,1,288,1,Ask:,0,
0.429, Bid:,1,112,1,Ask:,0,
0.571, Bid:,1,112,1,Ask:,1,415,1,
1.286, Bid:,1,112,1,Ask:,2,175,1,415,1,
1.429, Bid:,2,111,1,112,1,Ask:,2,175,1,415,1,
2.857, Bid:,2,111,1,112,1,Ask:,3,175,1,414,1,415,1,
3.143, Bid:,2,111,1,112,1,Ask:,4,175,1,275,1,414,1,415,1,
30.286, Bid:,1,111,1,Ask:,3,175,1,275,1,414,1,
30.429, Bid:,0,Ask:,2,175,1,414,1,
30.571, Bid:,0,Ask:,3,175,1,225,1,414,1,
30.714, Bid:,0,Ask:,3,100,1,175,1,225,1,
30.857, Bid:,0,Ask:,2,175,1,225,1,
31.000, Bid:,1,100,1,Ask:,2,175,1,225,1,
31.143, Bid:,0,Ask:,2,175,1,225,1,
31.286, Bid:,0,Ask:,1,225,1,
31.429, Bid:,1,37,1,Ask:,1,225,1,
31.857, Bid:,2,35,1,37,1,Ask:,1,225,1,
32.286, Bid:,2,35,1,37,1,Ask:,0,
32.571, Bid:,2,35,1,37,1,Ask:,1,110,1,
32.714, Bid:,2,35,1,37,1,Ask:,0,
32.857, Bid:,2,35,1,37,1,Ask:,1,125,1,
33.143, Bid:,2,35,1,37,1,Ask:,2,98,1,125,1,
33.571, Bid:,2,35,1,37,1,Ask:,3,98,1,125,1,182,1,
35.571, Bid:,2,35,1,37,1,Ask:,2,125,1,182,1,
36.143, Bid:,2,35,1,37,1,Ask:,1,182,1,
36.429, Bid:,2,35,1,37,1,Ask:,2,128,1,182,1,
36.857, Bid:,3,26,1,35,1,37,1,Ask:,2,128,1,182,1,
37.143, Bid:,3,26,1,35,1,37,1,Ask:,1,182,1,
39.571, Bid:,3,26,1,35,1,37,1,Ask:,2,147,1,182,1,
40.286, Bid:,3,26,1,35,1,37,1,Ask:,3,80,1,147,1,182,1,
60.286, Bid:,2,26,1,35,1,Ask:,2,147,1,182,1,
60.429, Bid:,2,26,1,35,1,Ask:,1,182,1,
60.571, Bid:,2,26,1,35,1,Ask:,0,
60.714, Bid:,3,26,1,35,1,350,1,Ask:,0,
60.857, Bid:,4,26,1,35,1,182,1,350,1,Ask:,0,
61.143, Bid:,4,26,1,35,1,182,1,350,1,Ask:,1,499,1,
61.429, Bid:,5,26,1,35,1,182,1,350,1,474,1,Ask:,1,499,1,
62.429, Bid:,4,26,1,35,1,182,1,350,1,Ask:,1,499,1,
62.571, Bid:,4,26,1,100,1,182,1,350,1,Ask:,1,499,1,
62.857, Bid:,4,26,1,100,1,182,1,350,1,Ask:,2,401,1,499,1,
63.000, Bid:,4,100,1,137,1,182,1,350,1,Ask:,2,401,1,499,1,
90.571, Bid:,3,100,1,137,1,182,1,Ask:,1,401,1,
90.714, Bid:,2,100,2,137,1,Ask:,1,401,1,
90.857, Bid:,1,100,2,Ask:,0,
91.143, Bid:,1,100,2,Ask:,1,133,1,
91.714, Bid:,1,100,2,Ask:,2,133,1,393,1,
92.000, Bid:,1,100,2,Ask:,3,133,1,321,1,393,1,
92.286, Bid:,1,100,1,Ask:,3,133,1,321,1,393,1,
92.571, Bid:,1,100,1,Ask:,2,321,1,393,1,
92.714, Bid:,1,100,1,Ask:,3,321,1,393,1,458,1,
93.000, Bid:,2,78,1,100,1,Ask:,3,321,1,393,1,458,1,
93.286, Bid:,2,78,1,100,1,Ask:,2,393,1,458,1,
93.714, Bid:,2,78,1,100,1,Ask:,3,170,1,393,1,458,1,
93.857, Bid:,2,78,1,100,1,Ask:,4,170,1,213,1,393,1,458,1,
120.857, Bid:,3,78,1,100,1,101,1,Ask:,4,170,1,213,1,393,1,458,1,
121.000, Bid:,2,78,1,100,1,Ask:,3,170,1,393,1,458,1,
121.143, Bid:,2,78,1,100,1,Ask:,4,170,1,173,1,393,1,458,1,
121.286, Bid:,1,100,2,Ask:,4,170,1,173,1,393,1,458,1,
121.429, Bid:,1,100,1,Ask:,3,173,1,393,1,458,1,
121.714, Bid:,1,100,1,Ask:,2,393,1,458,1,
121.857, Bid:,1,100,1,Ask:,3,393,1,409,1,458,1,
122.000, Bid:,1,100,1,Ask:,3,144,1,393,1,409,1,
122.143, Bid:,1,100,1,Ask:,4,144,1,285,1,393,1,409,1,
123.000, Bid:,1,100,1,Ask:,4,101,1,144,1,285,1,409,1,
123.143, Bid:,1,100,1,Ask:,4,101,1,144,1,285,2,409,1,
151.143, Bid:,0,Ask:,4,101,1,144,1,285,1,409,1,
151.286, Bid:,0,Ask:,3,144,1,285,1,409,1,
151.429, Bid:,0,Ask:,4,144,1,285,1,310,1,409,1,
151.571, Bid:,1,101,1,Ask:,4,144,1,285,1,310,1,409,1,
151.714, Bid:,2,101,1,118,1,Ask:,4,144,1,285,1,310,1,409,1,
151.857, Bid:,2,101,1,118,1,Ask:,3,285,1,310,1,409,1,
152.000, Bid:,2,101,1,118,1,Ask:,4,285,1,296,1,310,1,409,1,
152.571, Bid:,3,100,1,101,1,118,1,Ask:,4,285,1,296,1,310,1,409,1,
152.857, Bid:,2,100,1,101,1,Ask:,3,296,1,310,1,409,1,
153.286, Bid:,1,100,1,Ask:,2,310,1,409,1,
153.571, Bid:,1,100,1,Ask:,3,310,1,409,1,497,1,
153.714, Bid:,1,100,1,Ask:,4,179,1,310,1,409,1,497,1,
154.000, Bid:,1,100,1,Ask:,5,179,1,310,1,344,1,409,1,497,1,
155.857, Bid:,1,100,1,Ask:,4,310,1,344,1,409,1,497,1,
156.000, Bid:,1,100,1,Ask:,5,130,1,310,1,344,1,409,1,497,1,
156.857, Bid:,1,100,1,Ask:,4,310,1,344,1,409,1,497,1,
157.143, Bid:,1,100,1,Ask:,5,212,1,310,1,344,1,409,1,497,1,
157.286, Bid:,1,100,1,Ask:,4,310,1,344,1,409,1,497,1,
157.571, Bid:,1,100,1,Ask:,5,310,1,321,1,344,1,409,1,497,1,
158.000, Bid:,2,100,1,137,1,Ask:,5,310,1,321,1,344,1,409,1,497,1,
181.429, Bid:,1,100,1,Ask:,4,310,1,321,1,344,1,409,1,
181.571, Bid:,1,100,1,Ask:,5,310,1,321,1,344,1,408,1,409,1,
181.857, Bid:,2,100,1,101,1,Ask:,5,310,1,321,1,344,1,408,1,409,1,
182.286, Bid:,1,100,1,Ask:,4,321,1,344,1,408,1,409,1,
182.714, Bid:,0,Ask:,3,344,1,408,1,409,1,
182.857, Bid:,1,88,1,Ask:,3,344,1,408,1,409,1,
183.000, Bid:,2,88,1,313,1,Ask:,3,344,1,408,1,409,1,
183.429, Bid:,3,88,1,255,1,313,1,Ask:,3,344,1,408,1,409,1,
184.143, Bid:,2,88,1,255,1,Ask:,3,344,1,408,1,409,1,
184.286, Bid:,2,88,1,255,1,Ask:,2,408,1,409,1,
184.714, Bid:,3,38,1,88,1,255,1,Ask:,2,408,1,409,1,
185.429, Bid:,3,38,1,88,1,255,1,Ask:,3,354,1,408,1,409,1,
186.143, Bid:,3,38,1,88,1,255,1,Ask:,3,354,1,408,1,437,1,
211.714, Bid:,3,88,1,101,1,255,1,Ask:,3,354,1,408,1,437,1,
211.857, Bid:,4,88,1,100,1,101,1,255,1,Ask:,3,354,1,408,1,437,1,
212.286, Bid:,3,88,1,100,1,101,1,Ask:,3,354,1,408,1,437,1,
212.571, Bid:,2,88,1,100,1,Ask:,2,408,1,437,1,
212.714, Bid:,2,88,1,100,2,Ask:,2,408,1,437,1,
212.857, Bid:,3,26,1,88,1,100,2,Ask:,2,408,1,437,1,
213.143, Bid:,4,26,1,65,1,88,1,100,2,Ask:,2,408,1,437,1,
213.429, Bid:,5,26,1,36,1,65,1,88,1,100,2,Ask:,2,408,1,437,1,
219.429, Bid:,5,26,1,36,1,65,1,100,2,382,1,Ask:,2,408,1,437,1,
242.000, Bid:,5,26,1,36,1,100,2,101,1,382,1,Ask:,2,408,1,437,1,
242.429, Bid:,4,26,1,36,1,100,2,101,1,Ask:,2,408,1,437,1,
242.571, Bid:,3,26,1,36,1,100,2,Ask:,2,408,1,437,1,
242.714, Bid:,4,26,1,36,1,73,1,100,2,Ask:,2,408,1,437,1,
242.857, Bid:,4,36,1,47,1,73,1,100,2,Ask:,2,408,1,437,1,
243.143, Bid:,4,47,1,73,1,100,2,193,1,Ask:,2,408,1,437,1,
243.571, Bid:,5,47,1,73,1,100,2,190,1,193,1,Ask:,2,408,1,437,1,
272.143, Bid:,4,47,1,73,1,100,2,190,1,Ask:,2,408,1,437,1,
272.286, Bid:,4,47,1,73,1,100,2,190,1,Ask:,3,257,1,408,1,437,1,
272.714, Bid:,3,47,1,73,1,100,2,Ask:,3,257,1,408,1,437,1,
273.286, Bid:,3,47,1,73,1,100,2,Ask:,2,408,1,437,1,
273.429, Bid:,3,47,1,73,1,100,2,Ask:,3,101,1,408,1,437,1,
274.143, Bid:,3,47,1,73,1,100,2,Ask:,4,101,1,269,1,408,1,437,1,
274.286, Bid:,3,47,1,73,1,100,2,Ask:,3,269,1,408,1,437,1,
274.429, Bid:,3,47,1,73,1,100,2,Ask:,4,199,1,269,1,408,1,437,1,
275.000, Bid:,2,73,1,100,2,Ask:,3,269,1,408,1,437,1,
275.143, Bid:,2,73,1,100,1,Ask:,3,269,1,408,1,437,1,
275.286, Bid:,2,73,1,100,1,Ask:,2,408,1,437,1,
275.429, Bid:,2,73,1,100,1,Ask:,3,146,1,408,1,437,1,
275.571, Bid:,2,73,1,100,1,Ask:,2,408,1,437,1,
275.714, Bid:,2,73,1,100,1,Ask:,1,437,1,
275.857, Bid:,2,73,1,100,1,Ask:,2,437,1,496,1,
276.000, Bid:,1,73,1,Ask:,2,437,1,496,1,
276.143, Bid:,2,73,1,159,1,Ask:,2,437,1,496,1,
276.429, Bid:,2,73,1,159,1,Ask:,3,417,1,437,1,496,1,
276.571, Bid:,3,73,1,159,1,331,1,Ask:,3,417,1,437,1,496,1,
276.714, Bid:,2,73,1,159,1,Ask:,3,417,1,437,1,496,1,
277.000, Bid:,1,73,1,Ask:,3,417,1,437,1,496,1,
277.143, Bid:,2,73,1,175,1,Ask:,3,417,1,437,1,496,1,
278.143, Bid:,2,73,1,175,1,Ask:,4,417,1,433,1,437,1,496,1,
278.571, Bid:,3,73,1,175,1,339,1,Ask:,4,417,1,433,1,437,1,496,1,
280.143, Bid:,4,73,1,175,1,339,1,370,1,Ask:,4,417,1,433,1,437,1,496,1,
302.286, Bid:,5,73,1,101,1,175,1,339,1,370,1,Ask:,4,417,1,433,1,437,1,496,1,
302.714, Bid:,4,73,1,101,1,175,1,339,1,Ask:,4,417,1,433,1,437,1,496,1,
302.857, Bid:,5,73,1,100,1,101,1,175,1,339,1,Ask:,4,417,1,433,1,437,1,496,1,
303.143, Bid:,6,73,1,100,1,101,1,147,1,175,1,339,1,Ask:,4,417,1,433,1,437,1,496,1,
303.571, Bid:,5,73,1,100,2,101,1,147,1,339,1,Ask:,4,417,1,433,1,437,1,496,1,
303.714, Bid:,6,73,1,100,2,101,1,147,1,339,1,396,1,Ask:,4,417,1,433,1,437,1,496,1,
303.857, Bid:,5,73,1,100,2,101,1,147,1,339,1,Ask:,4,417,1,433,1,437,1,496,1,
304.000, Bid:,4,73,1,100,2,101,1,147,1,Ask:,4,417,1,433,1,437,1,496,1,
304.429, Bid:,4,73,1,100,2,101,1,147,1,Ask:,4,417,2,433,1,437,1,496,1,
304.571, Bid:,4,73,1,100,2,101,1,147,1,Ask:,4,417,1,433,1,437,1,496,1,
304.857, Bid:,4,73,1,100,2,101,1,147,1,Ask:,5,357,1,417,1,433,1,437,1,496,1,
305.000, Bid:,3,100,2,101,1,147,1,Ask:,4,417,1,433,1,437,1,496,1,
305.429, Bid:,2,100,2,101,1,Ask:,4,417,1,433,1,437,1,496,1,
306.857, Bid:,2,100,2,101,1,Ask:,5,130,1,417,1,433,1,437,1,496,1,
307.286, Bid:,2,100,2,101,1,Ask:,4,417,1,433,1,437,1,496,1,
308.143, Bid:,2,100,2,101,1,Ask:,5,140,1,417,1,433,1,437,1,496,1,
308.714, Bid:,2,100,2,101,1,Ask:,6,140,1,381,1,417,1,433,1,437,1,496,1,
332.714, Bid:,1,100,2,Ask:,5,381,1,417,1,433,1,437,1,496,1,
333.000, Bid:,1,100,1,Ask:,4,417,1,433,1,437,1,496,1,
333.143, Bid:,0,Ask:,4,417,1,433,1,437,1,496,1,
333.571, Bid:,0,Ask:,4,100,1,433,1,437,1,496,1,
333.714, Bid:,0,Ask:,3,433,1,437,1,496,1,
333.857, Bid:,0,Ask:,3,258,1,433,1,496,1,
334.143, Bid:,0,Ask:,2,433,1,496,1,
334.286, Bid:,0,Ask:,3,85,1,433,1,496,1,
334.571, Bid:,0,Ask:,2,433,1,496,1,
334.714, Bid:,0,Ask:,3,433,1,434,1,496,1,
334.857, Bid:,0,Ask:,3,101,1,434,1,496,1,
335.000, Bid:,0,Ask:,4,65,1,101,1,434,1,496,1,
335.286, Bid:,0,Ask:,3,101,1,434,1,496,1,
335.429, Bid:,0,Ask:,2,434,1,496,1,
335.714, Bid:,1,338,1,Ask:,2,434,1,496,1,
336.000, Bid:,1,338,1,Ask:,3,432,1,434,1,496,1,
336.286, Bid:,2,42,1,338,1,Ask:,3,432,1,434,1,496,1,
336.714, Bid:,1,42,1,Ask:,3,432,1,434,1,496,1,
337.000, Bid:,2,42,1,393,1,Ask:,3,432,1,434,1,496,1,
337.286, Bid:,3,42,1,255,1,393,1,Ask:,3,432,1,434,1,496,1,
338.286, Bid:,2,42,1,255,1,Ask:,3,432,1,434,1,496,1,
339.000, Bid:,1,42,1,Ask:,3,432,1,434,1,496,1,
339.143, Bid:,1,42,1,Ask:,4,105,1,432,1,434,1,496,1,
339.286, Bid:,1,42,1,Ask:,3,432,1,434,1,496,1,
339.429, Bid:,2,42,1,106,1,Ask:,3,432,1,434,1,496,1,
339.714, Bid:,2,42,1,106,1,Ask:,3,432,1,434,1,500,1,
339.857, Bid:,3,42,1,106,1,390,1,Ask:,3,432,1,434,1,500,1,
340.714, Bid:,2,42,1,106,1,Ask:,3,432,1,434,1,500,1,
341.000, Bid:,3,42,1,73,1,106,1,Ask:,3,432,1,434,1,500,1,
342.143, Bid:,4,42,1,73,1,106,1,417,1,Ask:,3,432,1,434,1,500,1,
362.571, Bid:,4,42,1,73,1,100,1,106,1,Ask:,3,432,1,434,1,500,1,
362.714, Bid:,3,42,1,73,1,100,1,Ask:,2,432,1,500,1,
362.857, Bid:,3,42,1,73,1,100,1,Ask:,2,101,1,500,1,
363.000, Bid:,2,73,1,100,2,Ask:,2,101,1,500,1,
363.429, Bid:,2,73,1,100,1,Ask:,2,101,1,500,1,
363.571, Bid:,2,73,1,100,1,Ask:,1,500,1,
363.714, Bid:,2,100,1,212,1,Ask:,1,500,1,
363.857, Bid:,3,100,1,211,1,212,1,Ask:,1,500,1,
364.000, Bid:,3,100,1,211,1,212,1,Ask:,2,447,1,500,1,
364.143, Bid:,2,100,1,211,1,Ask:,2,447,1,500,1,
364.571, Bid:,3,100,1,211,1,266,1,Ask:,2,447,1,500,1,
365.000, Bid:,3,100,1,211,1,266,1,Ask:,2,270,1,447,1,
365.143, Bid:,3,100,1,211,1,266,1,Ask:,3,270,1,447,1,490,1,
392.714, Bid:,4,100,1,101,1,211,1,266,1,Ask:,3,270,1,447,1,490,1,
392.857, Bid:,3,100,2,101,1,211,1,Ask:,3,270,1,447,1,490,1,
393.000, Bid:,2,100,2,101,1,Ask:,3,270,1,447,1,490,1,
393.286, Bid:,1,100,2,Ask:,2,270,1,447,1,
393.429, Bid:,2,100,2,208,1,Ask:,2,270,1,447,1,
393.571, Bid:,2,100,2,208,1,Ask:,3,270,1,354,1,447,1,
394.286, Bid:,1,100,2,Ask:,2,270,1,354,1,
394.857, Bid:,2,100,2,233,1,Ask:,2,270,1,354,1,
395.143, Bid:,1,100,2,Ask:,2,270,1,354,1,
395.429, Bid:,1,100,2,Ask:,3,270,1,354,1,388,1,
397.571, Bid:,1,100,1,Ask:,3,270,1,354,1,388,1,
398.571, Bid:,2,85,1,100,1,Ask:,3,270,1,354,1,388,1,
398.714, Bid:,1,85,1,Ask:,2,354,1,388,1,
399.429, Bid:,1,85,1,Ask:,1,388,1,
399.714, Bid:,2,85,1,233,1,Ask:,1,388,1,
400.571, Bid:,2,85,1,233,1,Ask:,2,345,1,388,1,
400.857, Bid:,3,85,1,203,1,233,1,Ask:,2,345,1,388,1,
401.429, Bid:,4,85,1,203,1,233,1,297,1,Ask:,2,345,1,388,1,
422.857, Bid:,4,100,1,203,1,233,1,297,1,Ask:,2,345,1,388,1,
423.000, Bid:,3,100,1,203,1,233,1,Ask:,2,345,1,388,1,
423.143, Bid:,2,100,1,203,1,Ask:,1,345,1,
423.286, Bid:,3,100,1,199,1,203,1,Ask:,1,345,1,
423.571, Bid:,3,100,1,101,1,199,1,Ask:,1,345,1,
424.000, Bid:,3,100,1,101,1,199,1,Ask:,0,
424.143, Bid:,2,100,1,101,1,Ask:,0,
424.286, Bid:,3,27,1,100,1,101,1,Ask:,0,
424.571, Bid:,4,27,1,100,1,101,1,448,1,Ask:,0,
424.714, Bid:,5,27,1,100,1,101,1,412,1,448,1,Ask:,0,
425.143, Bid:,6,27,1,100,1,101,1,246,1,412,1,448,1,Ask:,0,
453.286, Bid:,5,27,1,100,2,101,1,246,1,448,1,Ask:,0,
453.571, Bid:,4,27,1,100,2,101,1,246,1,Ask:,0,
453.857, Bid:,3,27,1,100,2,101,1,Ask:,0,
454.000, Bid:,3,92,1,100,2,101,1,Ask:,0,
455.286, Bid:,3,92,1,100,2,101,1,Ask:,1,476,1,
456.571, Bid:,3,92,1,100,2,101,1,Ask:,2,197,1,476,1,
456.714, Bid:,3,92,1,100,2,101,1,Ask:,1,476,1,
458.429, Bid:,4,92,1,100,2,101,1,430,1,Ask:,1,476,1,
459.000, Bid:,3,92,1,100,2,101,1,Ask:,1,476,1,
459.429, Bid:,2,92,1,100,2,Ask:,1,476,1,
459.714, Bid:,2,92,1,100,2,Ask:,2,252,1,476,1,
460.286, Bid:,2,92,1,100,1,Ask:,2,252,1,476,1,
460.857, Bid:,2,92,1,100,1,Ask:,1,476,1,
461.143, Bid:,3,92,1,100,1,366,1,Ask:,1,476,1,
461.714, Bid:,2,92,1,100,1,Ask:,1,476,1,
461.857, Bid:,3,92,1,100,1,253,1,Ask:,1,476,1,
462.143, Bid:,2,92,1,100,1,Ask:,1,476,1,
462.286, Bid:,3,47,1,92,1,100,1,Ask:,1,476,1,
462.714, Bid:,3,47,1,92,1,100,1,Ask:,2,390,1,476,1,
463.143, Bid:,4,47,1,92,1,96,1,100,1,Ask:,2,390,1,476,1,
483.143, Bid:,3,47,1,92,1,96,1,Ask:,1,476,1,
483.286, Bid:,3,47,1,92,1,96,1,Ask:,2,100,1,476,1,
483.714, Bid:,3,47,1,92,1,96,1,Ask:,2,100,1,101,1,
483.857, Bid:,3,47,1,92,1,96,1,Ask:,1,101,1,
484.000, Bid:,2,92,1,96,1,Ask:,0,
484.143, Bid:,3,56,1,92,1,96,1,Ask:,0,
484.429, Bid:,3,56,1,92,1,100,1,Ask:,0,
484.857, Bid:,4,56,1,92,1,100,1,332,1,Ask:,0,
485.000, Bid:,4,56,1,100,1,289,1,332,1,Ask:,0,
485.571, Bid:,4,56,1,100,1,289,1,332,1,Ask:,1,495,1,
485.714, Bid:,3,56,1,100,1,289,1,Ask:,1,495,1,
486.000, Bid:,4,51,1,56,1,100,1,289,1,Ask:,1,495,1,
486.143, Bid:,5,51,1,56,1,100,1,262,1,289,1,Ask:,1,495,1,
513.286, Bid:,4,51,1,56,1,100,1,262,1,Ask:,0,
513.429, Bid:,4,51,1,56,1,100,1,101,1,Ask:,0,
513.571, Bid:,3,56,1,100,2,101,1,Ask:,0,
514.000, Bid:,2,56,1,100,2,Ask:,0,
514.286, Bid:,2,56,1,100,2,Ask:,1,282,1,
514.429, Bid:,2,56,1,100,2,Ask:,0,
514.714, Bid:,2,56,1,100,2,Ask:,1,278,1,
515.429, Bid:,2,56,1,100,2,Ask:,2,101,1,278,1,
515.571, Bid:,2,56,1,100,2,Ask:,1,278,1,
515.857, Bid:,2,100,2,153,1,Ask:,1,278,1,
516.000, Bid:,3,100,2,102,1,153,1,Ask:,1,278,1,
516.286, Bid:,3,100,2,102,1,153,1,Ask:,2,179,1,278,1,
516.429, Bid:,2,100,2,153,1,Ask:,1,278,1,
516.857, Bid:,2,100,2,153,1,Ask:,0,
517.714, Bid:,2,100,2,153,1,Ask:,1,441,1,
518.286, Bid:,3,100,2,153,1,316,1,Ask:,1,441,1,
518.571, Bid:,2,100,2,153,1,Ask:,1,441,1,
519.571, Bid:,2,100,2,153,1,Ask:,2,306,1,441,1,
522.000, Bid:,3,100,2,142,1,153,1,Ask:,2,306,1,441,1,
543.714, Bid:,2,100,2,142,1,Ask:,2,306,1,441,1,
543.857, Bid:,3,36,1,100,2,142,1,Ask:,2,306,1,441,1,
544.000, Bid:,2,36,1,100,2,Ask:,1,306,1,
544.143, Bid:,2,36,1,100,2,Ask:,0,
544.571, Bid:,2,36,1,100,2,Ask:,1,370,1,
545.429, Bid:,2,36,1,100,2,Ask:,2,370,1,441,1,
546.857, Bid:,2,36,1,100,2,Ask:,3,162,1,370,1,441,1,
547.000, Bid:,2,36,1,100,2,Ask:,2,370,1,441,1,
547.429, Bid:,3,36,1,100,2,128,1,Ask:,2,370,1,441,1,
573.857, Bid:,3,36,1,100,2,101,1,Ask:,2,370,1,441,1,
574.286, Bid:,2,36,1,100,2,Ask:,1,441,1,
574.429, Bid:,2,36,1,100,2,Ask:,2,101,1,441,1,
574.571, Bid:,2,36,1,100,2,Ask:,3,101,1,423,1,441,1,
574.857, Bid:,2,36,1,100,1,Ask:,2,101,1,423,1,
575.286, Bid:,3,36,1,92,1,100,1,Ask:,2,101,1,423,1,
575.429, Bid:,3,36,1,92,1,100,1,Ask:,1,423,1,
575.571, Bid:,3,36,1,92,1,100,1,Ask:,0,
575.714, Bid:,3,36,1,92,1,100,1,Ask:,1,397,1,
576.000, Bid:,2,36,1,92,1,Ask:,1,397,1,
576.429, Bid:,2,36,1,92,1,Ask:,2,103,1,397,1,
576.571, Bid:,2,36,1,92,1,Ask:,3,103,1,379,1,397,1,
576.857, Bid:,2,36,1,92,1,Ask:,4,103,1,189,1,379,1,397,1,
577.714, Bid:,2,78,1,92,1,Ask:,4,103,1,189,1,379,1,397,1,
604.143, Bid:,3,78,1,92,1,100,1,Ask:,4,103,1,189,1,379,1,397,1,
604.286, Bid:,2,78,1,92,1,Ask:,4,103,1,189,1,379,1,397,1,
604.429, Bid:,1,78,1,Ask:,3,189,1,379,1,397,1,
604.571, Bid:,2,78,1,101,1,Ask:,3,189,1,379,1,397,1,
604.714, Bid:,1,78,1,Ask:,2,189,1,379,1,
604.857, Bid:,0,Ask:,2,189,1,379,1,
605.000, Bid:,0,Ask:,3,189,1,197,1,379,1,
605.143, Bid:,0,Ask:,3,103,1,197,1,379,1,
605.286, Bid:,0,Ask:,2,197,1,379,1,
605.571, Bid:,1,196,1,Ask:,2,197,1,379,1,
605.714, Bid:,0,Ask:,2,197,1,379,1,
605.857, Bid:,0,Ask:,3,197,1,246,1,379,1,
606.000, Bid:,0,Ask:,4,177,1,197,1,246,1,379,1,
606.429, Bid:,0,Ask:,4,139,1,177,1,197,1,246,1,
606.571, Bid:,0,Ask:,3,177,1,197,1,246,1,
606.857, Bid:,0,Ask:,2,197,1,246,1,
607.286, Bid:,0,Ask:,1,246,1,
607.429, Bid:,0,Ask:,2,246,1,393,1,
607.571, Bid:,0,Ask:,1,393,1,
607.714, Bid:,1,127,1,Ask:,1,393,1,
607.857, Bid:,2,127,1,137,1,Ask:,1,393,1,
608.000, Bid:,3,127,1,137,1,392,1,Ask:,1,393,1,
608.857, Bid:,4,91,1,127,1,137,1,392,1,Ask:,1,393,1,
610.143, Bid:,4,91,1,127,1,137,1,392,1,Ask:,2,393,1,486,1,
634.429, Bid:,4,91,1,100,1,137,1,392,1,Ask:,2,393,1,486,1,
634.571, Bid:,3,91,1,100,1,137,1,Ask:,1,486,1,
634.714, Bid:,2,91,1,100,1,Ask:,1,486,1,
635.000, Bid:,1,91,1,Ask:,1,486,1,
635.143, Bid:,2,91,1,100,1,Ask:,1,486,1,
635.429, Bid:,2,100,1,101,1,Ask:,1,486,1,
635.571, Bid:,3,100,1,101,1,210,1,Ask:,1,486,1,
635.714, Bid:,3,100,1,101,1,210,1,Ask:,2,339,1,486,1,
636.571, Bid:,2,100,1,101,1,Ask:,2,339,1,486,1,
637.143, Bid:,3,100,1,101,1,151,1,Ask:,2,339,1,486,1,
637.714, Bid:,2,100,1,101,1,Ask:,2,339,1,486,1,
638.143, Bid:,3,100,1,101,1,327,1,Ask:,2,339,1,486,1,
638.571, Bid:,4,100,1,101,1,158,1,327,1,Ask:,2,339,1,486,1,
639.857, Bid:,3,100,1,101,1,158,1,Ask:,2,339,1,486,1,
640.429, Bid:,2,100,1,101,1,Ask:,2,339,1,486,1,
640.714, Bid:,2,100,1,101,1,Ask:,3,135,1,339,1,486,1,
640.857, Bid:,2,100,1,101,1,Ask:,4,135,1,289,1,339,1,486,1,
641.286, Bid:,2,100,1,101,1,Ask:,3,289,1,339,1,486,1,
642.429, Bid:,2,100,1,101,1,Ask:,4,289,1,339,1,486,1,498,1,
643.429, Bid:,2,100,1,101,1,Ask:,5,289,1,339,1,486,1,495,1,498,1,
664.857, Bid:,2,100,2,101,1,Ask:,5,289,1,339,1,486,1,495,1,498,1,
665.286, Bid:,1,100,2,Ask:,4,289,1,339,1,486,1,495,1,
665.429, Bid:,2,89,1,100,2,Ask:,4,289,1,339,1,486,1,495,1,
666.571, Bid:,2,89,1,100,1,Ask:,3,289,1,339,1,486,1,
666.714, Bid:,2,89,1,100,1,Ask:,3,289,1,339,1,361,1,
667.000, Bid:,2,89,1,100,1,Ask:,4,289,1,339,1,361,1,422,1,
667.143, Bid:,2,89,1,100,1,Ask:,5,289,1,326,1,339,1,361,1,422,1,
667.429, Bid:,2,89,1,100,1,Ask:,5,101,1,289,1,326,1,361,1,422,1,
695.000, Bid:,1,89,1,Ask:,5,101,1,289,1,326,1,361,1,422,1,
695.143, Bid:,1,89,1,Ask:,6,101,1,212,1,289,1,326,1,361,1,422,1,
695.286, Bid:,2,89,1,100,1,Ask:,6,101,1,212,1,289,1,326,1,361,1,422,1,
695.714, Bid:,2,89,1,100,1,Ask:,5,212,1,289,1,326,1,361,1,422,1,
695.857, Bid:,3,89,1,100,1,101,1,Ask:,5,212,1,289,1,326,1,361,1,422,1,
696.000, Bid:,2,89,1,100,1,Ask:,4,212,1,289,1,361,1,422,1,
696.286, Bid:,3,89,1,100,1,162,1,Ask:,4,212,1,289,1,361,1,422,1,
696.429, Bid:,2,89,1,100,1,Ask:,4,212,1,289,1,361,1,422,1,
696.571, Bid:,2,89,1,100,1,Ask:,3,289,1,361,1,422,1,
696.857, Bid:,2,89,1,100,1,Ask:,4,289,1,324,1,361,1,422,1,
697.000, Bid:,2,89,1,100,1,Ask:,4,324,1,325,1,361,1,422,1,
697.571, Bid:,2,89,1,100,1,Ask:,3,325,1,361,1,422,1,
698.000, Bid:,2,100,1,251,1,Ask:,3,325,1,361,1,422,1,
699.000, Bid:,1,100,1,Ask:,3,325,1,361,1,422,1,
699.143, Bid:,1,100,1,Ask:,4,197,1,325,1,361,1,422,1,
699.571, Bid:,1,100,1,Ask:,3,325,1,361,1,422,1,
699.714, Bid:,1,100,1,Ask:,2,361,1,422,1,
699.857, Bid:,2,10,1,100,1,Ask:,2,361,1,422,1,
700.000, Bid:,3,10,1,100,1,321,1,Ask:,2,361,1,422,1,
700.286, Bid:,4,10,1,100,1,321,1,356,1,Ask:,2,361,1,422,1,
701.000, Bid:,3,10,1,100,1,321,1,Ask:,2,361,1,422,1,
701.286, Bid:,4,10,1,100,1,198,1,321,1,Ask:,2,361,1,422,1,
701.857, Bid:,3,10,1,100,1,198,1,Ask:,2,361,1,422,1,
702.000, Bid:,4,10,1,100,1,176,1,198,1,Ask:,2,361,1,422,1,
702.143, Bid:,4,10,1,100,1,176,1,198,1,Ask:,3,361,1,385,1,422,1,
702.286, Bid:,4,10,1,100,1,176,1,198,1,Ask:,2,385,1,422,1,
702.714, Bid:,4,10,1,115,1,176,1,198,1,Ask:,2,385,1,422,1,
703.000, Bid:,5,10,1,115,1,176,1,198,1,376,1,Ask:,2,385,1,422,1,
703.286, Bid:,6,10,1,64,1,115,1,176,1,198,1,376,1,Ask:,2,385,1,422,1,
725.429, Bid:,6,10,1,64,1,100,1,176,1,198,1,376,1,Ask:,2,385,1,422,1,
725.571, Bid:,5,10,1,64,1,100,1,176,1,198,1,Ask:,1,422,1,
725.714, Bid:,4,10,1,64,1,100,1,176,1,Ask:,1,422,1,
725.857, Bid:,3,10,1,64,1,100,1,Ask:,1,422,1,
726.000, Bid:,3,10,1,64,1,100,1,Ask:,2,399,1,422,1,
726.143, Bid:,3,64,1,100,1,101,1,Ask:,2,399,1,422,1,
726.714, Bid:,4,64,1,100,1,101,1,248,1,Ask:,2,399,1,422,1,
726.857, Bid:,4,64,1,100,1,101,1,248,1,Ask:,1,422,1,
727.000, Bid:,3,64,1,100,1,101,1,Ask:,1,422,1,
727.429, Bid:,2,64,1,100,1,Ask:,1,422,1,
727.571, Bid:,2,64,1,100,1,Ask:,0,
727.714, Bid:,2,64,1,100,1,Ask:,1,266,1,
727.857, Bid:,2,100,1,222,1,Ask:,1,266,1,
728.286, Bid:,1,100,1,Ask:,1,266,1,
728.857, Bid:,1,100,1,Ask:,0,
729.000, Bid:,1,100,1,Ask:,1,205,1,
729.143, Bid:,2,6,1,100,1,Ask:,1,205,1,
729.286, Bid:,2,6,1,100,1,Ask:,0,
729.571, Bid:,2,6,1,100,1,Ask:,1,446,1,
729.714, Bid:,3,6,1,100,1,385,1,Ask:,1,446,1,
730.000, Bid:,4,6,1,100,1,170,1,385,1,Ask:,1,446,1,
730.857, Bid:,3,6,1,100,1,170,1,Ask:,1,446,1,
731.143, Bid:,4,6,1,100,1,170,1,236,1,Ask:,1,446,1,
732.857, Bid:,5,6,1,53,1,100,1,170,1,236,1,Ask:,1,446,1,
755.571, Bid:,4,6,1,53,1,100,1,170,1,Ask:,1,446,1,
755.714, Bid:,3,6,1,53,1,100,1,Ask:,1,446,1,
755.857, Bid:,2,6,1,53,1,Ask:,0,
756.000, Bid:,2,6,1,53,1,Ask:,1,346,1,
756.143, Bid:,2,6,1,53,1,Ask:,2,346,1,450,1,
756.429, Bid:,3,6,1,53,1,268,1,Ask:,2,346,1,450,1,
756.571, Bid:,4,6,1,53,1,196,1,268,1,Ask:,2,346,1,450,1,
756.714, Bid:,5,6,1,53,1,196,1,268,1,344,1,Ask:,2,346,1,450,1,
757.143, Bid:,6,6,1,53,1,147,1,196,1,268,1,344,1,Ask:,2,346,1,450,1,
785.857, Bid:,5,6,1,53,1,147,1,196,1,268,1,Ask:,2,346,1,450,1,
786.000, Bid:,5,6,1,53,1,100,1,147,1,268,1,Ask:,2,346,1,450,1,
786.143, Bid:,4,6,1,53,1,100,1,147,1,Ask:,2,346,1,450,1,
786.714, Bid:,4,6,1,53,1,100,1,147,1,Ask:,3,286,1,346,1,450,1,
787.000, Bid:,3,6,1,53,1,100,1,Ask:,2,286,1,450,1,
787.429, Bid:,3,6,1,53,1,100,1,Ask:,3,199,1,286,1,450,1,
787.571, Bid:,3,6,1,53,1,100,1,Ask:,4,199,1,222,1,286,1,450,1,
788.143, Bid:,3,6,1,53,1,100,1,Ask:,4,101,1,199,1,222,1,286,1,
788.429, Bid:,2,53,1,100,1,Ask:,3,199,1,222,1,286,1,
788.571, Bid:,1,100,1,Ask:,2,222,1,286,1,
788.714, Bid:,1,100,1,Ask:,1,286,1,
788.857, Bid:,2,100,1,102,1,Ask:,1,286,1,
789.143, Bid:,3,100,1,102,1,149,1,Ask:,1,286,1,
789.429, Bid:,3,100,1,102,1,149,1,Ask:,2,286,1,311,1,
790.000, Bid:,3,100,1,102,1,149,1,Ask:,3,203,1,286,1,311,1,
790.857, Bid:,4,70,1,100,1,102,1,149,1,Ask:,3,203,1,286,1,311,1,
816.143, Bid:,3,70,1,100,1,102,1,Ask:,2,286,1,311,1,
816.286, Bid:,4,70,1,92,1,100,1,102,1,Ask:,2,286,1,311,1,
816.429, Bid:,3,70,1,92,1,100,1,Ask:,2,286,1,311,1,
816.571, Bid:,2,92,1,100,1,Ask:,1,311,1,
816.714, Bid:,2,92,1,100,1,Ask:,1,101,1,
817.000, Bid:,2,92,1,100,1,Ask:,0,
817.429, Bid:,3,92,1,100,1,136,1,Ask:,0,
817.571, Bid:,4,22,1,92,1,100,1,136,1,Ask:,0,
817.714, Bid:,5,22,1,92,1,100,1,136,1,266,1,Ask:,0,
817.857, Bid:,4,22,1,92,1,100,1,136,1,Ask:,0,
818.857, Bid:,3,22,1,92,1,100,1,Ask:,0,
819.000, Bid:,3,22,1,92,1,100,1,Ask:,1,428,1,
819.429, Bid:,4,22,1,92,1,100,1,193,1,Ask:,1,428,1,
821.000, Bid:,3,22,1,92,1,100,1,Ask:,1,428,1,
822.000, Bid:,4,22,1,92,1,100,1,257,1,Ask:,1,428,1,
822.143, Bid:,3,22,1,92,1,100,1,Ask:,1,428,1,
822.286, Bid:,4,22,1,92,1,100,1,264,1,Ask:,1,428,1,
823.429, Bid:,5,22,1,92,1,100,1,264,1,339,1,Ask:,1,428,1,
846.429, Bid:,4,22,1,92,1,100,1,264,1,Ask:,0,
846.571, Bid:,3,22,1,92,1,100,1,Ask:,0,
846.714, Bid:,3,22,1,92,1,100,1,Ask:,1,134,1,
846.857, Bid:,3,22,1,92,1,100,1,Ask:,0,
847.000, Bid:,3,22,1,92,1,100,1,Ask:,1,290,1,
847.143, Bid:,3,92,1,100,1,101,1,Ask:,1,290,1,
847.571, Bid:,3,92,1,100,1,101,1,Ask:,2,290,1,387,1,
847.714, Bid:,3,92,1,100,1,101,1,Ask:,3,283,1,290,1,387,1,
848.143, Bid:,3,100,1,101,1,190,1,Ask:,3,283,1,290,1,387,1,
849.286, Bid:,2,100,1,101,1,Ask:,3,283,1,290,1,387,1,
849.571, Bid:,2,100,1,101,1,Ask:,2,290,1,387,1,
850.286, Bid:,2,100,1,101,1,Ask:,3,290,1,387,1,401,1,
851.143, Bid:,2,100,1,101,1,Ask:,4,290,1,387,1,401,1,411,1,
876.714, Bid:,2,100,2,101,1,Ask:,4,290,1,387,1,401,1,411,1,
877.286, Bid:,1,100,2,Ask:,3,387,1,401,1,411,1,
877.429, Bid:,1,100,2,Ask:,2,401,1,411,1,
878.000, Bid:,1,100,2,Ask:,3,315,1,401,1,411,1,
878.571, Bid:,1,100,2,Ask:,2,401,1,411,1,
878.714, Bid:,1,100,1,Ask:,1,401,1,
878.857, Bid:,1,100,1,Ask:,2,253,1,401,1,
879.000, Bid:,1,100,1,Ask:,3,252,1,253,1,401,1,
879.714, Bid:,1,100,1,Ask:,2,253,1,401,1,
879.857, Bid:,2,28,1,100,1,Ask:,2,253,1,401,1,
880.286, Bid:,2,28,1,100,1,Ask:,3,253,1,401,1,482,1,
880.571, Bid:,2,28,1,100,1,Ask:,4,202,1,253,1,401,1,482,1,
880.714, Bid:,2,28,1,100,1,Ask:,3,253,1,401,1,482,1,
880.857, Bid:,3,28,1,100,1,235,1,Ask:,3,253,1,401,1,482,1,
881.000, Bid:,2,28,1,100,1,Ask:,3,253,1,401,1,482,1,
881.143, Bid:,3,7,1,28,1,100,1,Ask:,3,253,1,401,1,482,1,
881.857, Bid:,3,7,1,28,1,100,1,Ask:,4,186,1,253,1,401,1,482,1,
882.143, Bid:,3,7,1,28,1,100,1,Ask:,5,186,1,209,1,253,1,401,1,482,1,
907.000, Bid:,2,7,1,28,1,Ask:,4,186,1,209,1,253,1,401,1,
907.143, Bid:,3,7,1,28,1,101,1,Ask:,4,186,1,209,1,253,1,401,1,
907.286, Bid:,2,7,1,28,1,Ask:,4,186,1,209,1,253,1,401,1,
907.429, Bid:,2,7,1,28,1,Ask:,3,209,1,253,1,401,1,
907.571, Bid:,2,7,1,28,1,Ask:,4,118,1,209,1,253,1,401,1,
907.714, Bid:,2,7,1,28,1,Ask:,4,118,1,209,1,227,1,253,1,
907.857, Bid:,2,7,1,28,1,Ask:,5,101,1,118,1,209,1,227,1,253,1,
908.286, Bid:,2,7,1,15,1,Ask:,5,101,1,118,1,209,1,227,1,253,1,
908.429, Bid:,2,7,1,15,1,Ask:,6,101,1,118,1,209,1,227,1,253,1,441,1,
908.571, Bid:,2,7,1,15,1,Ask:,6,101,1,118,1,209,1,227,1,240,1,441,1,
937.286, Bid:,3,7,1,15,1,100,1,Ask:,6,101,1,118,1,209,1,227,1,240,1,441,1,
937.429, Bid:,3,7,1,15,1,100,1,Ask:,5,118,1,209,1,227,1,240,1,441,1,
937.571, Bid:,3,7,1,15,1,100,2,Ask:,5,118,1,209,1,227,1,240,1,441,1,
938.000, Bid:,3,7,1,15,1,100,2,Ask:,4,209,1,227,1,240,1,441,1,
938.714, Bid:,3,7,1,15,1,100,1,Ask:,4,209,1,227,1,240,1,441,1,
939.000, Bid:,3,7,1,15,1,100,1,Ask:,5,209,1,227,1,240,1,353,1,441,1,
939.143, Bid:,3,7,1,100,1,191,1,Ask:,5,209,1,227,1,240,1,353,1,441,1,
939.571, Bid:,3,7,1,100,1,191,1,Ask:,4,227,1,240,1,353,1,441,1,
940.143, Bid:,4,7,1,31,1,100,1,191,1,Ask:,4,227,1,240,1,353,1,441,1,
940.571, Bid:,5,7,1,31,1,65,1,100,1,191,1,Ask:,4,227,1,240,1,353,1,441,1,
940.714, Bid:,6,7,1,31,1,65,1,100,1,163,1,191,1,Ask:,4,227,1,240,1,353,1,441,1,
967.571, Bid:,5,7,1,31,1,100,2,163,1,191,1,Ask:,4,227,1,240,1,353,1,441,1,
967.714, Bid:,4,7,1,31,1,100,2,163,1,Ask:,4,227,1,240,1,353,1,441,1,
968.000, Bid:,3,7,1,31,1,100,2,Ask:,3,227,1,240,1,441,1,
968.143, Bid:,3,7,1,31,1,100,2,Ask:,4,227,1,240,1,312,1,441,1,
968.429, Bid:,4,7,1,31,1,100,2,193,1,Ask:,4,227,1,240,1,312,1,441,1,
968.857, Bid:,3,7,1,31,1,100,2,Ask:,4,227,1,240,1,312,1,441,1,
969.571, Bid:,3,31,1,100,2,146,1,Ask:,4,227,1,240,1,312,1,441,1,
969.714, Bid:,3,31,1,100,2,146,1,Ask:,3,240,1,312,1,441,1,
969.857, Bid:,2,31,1,100,2,Ask:,3,240,1,312,1,441,1,
970.000, Bid:,2,100,2,101,1,Ask:,3,240,1,312,1,441,1,
970.143, Bid:,2,100,1,101,1,Ask:,2,312,1,441,1,
970.286, Bid:,1,100,1,Ask:,1,441,1,
970.571, Bid:,1,100,1,Ask:,2,441,1,471,1,
970.714, Bid:,2,49,1,100,1,Ask:,2,441,1,471,1,
971.000, Bid:,1,49,1,Ask:,2,441,1,471,1,
971.143, Bid:,1,49,1,Ask:,3,188,1,441,1,471,1,
971.714, Bid:,0,Ask:,3,188,1,441,1,471,1,
971.857, Bid:,0,Ask:,4,188,1,292,1,441,1,471,1,
972.286, Bid:,0,Ask:,4,188,1,292,1,406,1,471,1,
972.429, Bid:,0,Ask:,3,292,1,406,1,471,1,
972.571, Bid:,1,189,1,Ask:,3,292,1,406,1,471,1,
973.714, Bid:,1,189,1,Ask:,2,406,1,471,1,
974.000, Bid:,0,Ask:,2,406,1,471,1,
974.571, Bid:,0,Ask:,3,406,1,451,1,471,1,
974.857, Bid:,0,Ask:,4,406,1,451,1,471,1,477,1,
975.571, Bid:,1,325,1,Ask:,4,406,1,451,1,471,1,477,1,
975.714, Bid:,0,Ask:,4,406,1,451,1,471,1,477,1,
976.429, Bid:,1,164,1,Ask:,4,406,1,451,1,471,1,477,1,
976.857, Bid:,1,164,1,Ask:,5,258,1,406,1,451,1,471,1,477,1,
997.857, Bid:,2,100,1,164,1,Ask:,5,258,1,406,1,451,1,471,1,477,1,
998.429, Bid:,3,100,1,101,1,164,1,Ask:,5,258,1,406,1,451,1,471,1,477,1,
998.714, Bid:,2,100,1,101,1,Ask:,4,258,1,406,1,451,1,477,1,
998.857, Bid:,1,100,1,Ask:,3,258,1,406,1,451,1,
999.000, Bid:,1,100,2,Ask:,3,258,1,406,1,451,1,
999.143, Bid:,1,100,2,Ask:,2,406,1,451,1,
999.286, Bid:,1,100,2,Ask:,2,406,1,444,1,
999.429, Bid:,2,96,1,100,2,Ask:,2,406,1,444,1,
999.571, Bid:,2,96,1,100,2,Ask:,3,288,1,406,1,444,1,
999.714, Bid:,3,21,1,96,1,100,2,Ask:,3,288,1,406,1,444,1,
1000.429, Bid:,3,21,1,96,1,100,2,Ask:,4,288,1,382,1,406,1,444,1,
1028.143, Bid:,3,21,1,96,1,100,2,Ask:,5,101,1,288,1,382,1,406,1,444,1,
1028.286, Bid:,3,21,1,96,1,100,2,Ask:,4,288,1,382,1,406,1,444,1,
1028.571, Bid:,4,21,1,96,1,100,2,101,1,Ask:,4,288,1,382,1,406,1,444,1,
1028.714, Bid:,3,21,1,96,1,100,2,Ask:,3,288,1,406,1,444,1,
1029.000, Bid:,3,21,1,96,1,100,2,Ask:,4,288,1,314,1,406,1,444,1,
1029.286, Bid:,3,96,1,100,2,238,1,Ask:,4,288,1,314,1,406,1,444,1,
1029.429, Bid:,2,96,1,100,2,Ask:,4,288,1,314,1,406,1,444,1,
1029.571, Bid:,2,96,1,100,1,Ask:,4,288,1,314,1,406,1,444,1,
1029.714, Bid:,3,93,1,96,1,100,1,Ask:,4,288,1,314,1,406,1,444,1,
1030.000, Bid:,2,93,1,96,1,Ask:,4,288,1,314,1,406,1,444,1,
1030.286, Bid:,2,93,1,202,1,Ask:,4,288,1,314,1,406,1,444,1,
1030.571, Bid:,1,93,1,Ask:,3,288,1,314,1,406,1,
1030.714, Bid:,1,93,1,Ask:,3,303,1,314,1,406,1,
1031.286, Bid:,1,93,1,Ask:,3,166,1,303,1,314,1,
1033.286, Bid:,1,93,1,Ask:,2,303,1,314,1,
1034.000, Bid:,2,93,1,194,1,Ask:,2,303,1,314,1,
1034.429, Bid:,2,93,1,194,1,Ask:,1,314,1,
1034.571, Bid:,3,84,1,93,1,194,1,Ask:,1,314,1,
1034.857, Bid:,3,84,1,93,1,194,1,Ask:,0,
1035.143, Bid:,2,84,1,93,1,Ask:,0,
1035.714, Bid:,2,84,1,93,1,Ask:,1,321,1,
1035.857, Bid:,2,84,1,93,1,Ask:,0,
1036.000, Bid:,3,2,1,84,1,93,1,Ask:,0,
1036.143, Bid:,2,2,1,84,1,Ask:,0,
1036.286, Bid:,2,2,1,84,1,Ask:,1,438,1,
1036.571, Bid:,3,2,1,84,1,312,1,Ask:,1,438,1,
1037.286, Bid:,2,2,1,84,1,Ask:,1,438,1,
1037.714, Bid:,3,2,1,84,1,126,1,Ask:,1,438,1,
1037.857, Bid:,3,2,1,84,1,126,1,Ask:,2,318,1,438,1,
1038.000, Bid:,4,2,1,26,1,84,1,126,1,Ask:,2,318,1,438,1,
1058.429, Bid:,4,2,1,26,1,101,1,126,1,Ask:,2,318,1,438,1,
1058.857, Bid:,3,2,1,26,1,101,1,Ask:,2,318,1,438,1,
1059.000, Bid:,2,2,1,26,1,Ask:,1,318,1,
1059.143, Bid:,2,2,1,26,1,Ask:,0,
1059.286, Bid:,2,26,1,100,1,Ask:,0,
1059.429, Bid:,3,26,1,100,1,322,1,Ask:,0,
1059.857, Bid:,2,26,1,100,1,Ask:,0,
1060.286, Bid:,3,26,1,100,1,428,1,Ask:,0,
1060.429, Bid:,2,26,1,100,1,Ask:,0,
1060.571, Bid:,2,26,1,100,1,Ask:,1,285,1,
1060.714, Bid:,3,26,1,100,1,107,1,Ask:,1,285,1,
1061.143, Bid:,2,26,1,100,1,Ask:,1,285,1,
1061.429, Bid:,3,26,1,100,1,174,1,Ask:,1,285,1,
1061.571, Bid:,3,26,1,100,1,174,1,Ask:,0,
1061.714, Bid:,2,26,1,100,1,Ask:,0,
1061.857, Bid:,3,26,1,100,1,443,1,Ask:,0,
1062.286, Bid:,2,26,1,100,1,Ask:,0,
1062.429, Bid:,2,26,1,100,1,Ask:,1,212,1,
1062.714, Bid:,3,26,1,100,1,191,1,Ask:,1,212,1,
1063.000, Bid:,3,26,1,100,1,191,1,Ask:,0,
1063.143, Bid:,4,26,1,100,1,191,1,269,1,Ask:,0,
1063.571, Bid:,4,26,1,100,1,191,1,269,1,Ask:,1,402,1,
1063.857, Bid:,3,26,1,100,1,191,1,Ask:,1,402,1,
1064.429, Bid:,3,26,1,100,1,191,1,Ask:,0,
1064.714, Bid:,4,26,1,98,1,100,1,191,1,Ask:,0,
1064.857, Bid:,4,26,1,98,1,100,1,191,1,Ask:,1,376,1,
1066.143, Bid:,5,26,1,98,1,100,1,106,1,191,1,Ask:,1,376,1,
1066.286, Bid:,5,98,1,100,1,106,1,191,1,236,1,Ask:,1,376,1,
1088.714, Bid:,4,98,1,100,1,106,1,191,1,Ask:,1,376,1,
1088.857, Bid:,3,98,1,100,1,106,1,Ask:,1,376,1,
1089.000, Bid:,4,98,1,100,1,106,1,318,1,Ask:,1,376,1,
1089.286, Bid:,3,100,1,106,1,318,1,Ask:,0,
1089.714, Bid:,2,100,2,318,1,Ask:,0,
1089.857, Bid:,3,100,2,318,1,417,1,Ask:,0,
1090.000, Bid:,2,100,2,318,1,Ask:,0,
1090.286, Bid:,1,100,2,Ask:,0,
1090.429, Bid:,2,89,1,100,2,Ask:,0,
1091.286, Bid:,2,89,1,100,1,Ask:,0,
1091.429, Bid:,2,89,1,100,1,Ask:,1,167,1,
1091.857, Bid:,2,89,1,100,1,Ask:,0,
1092.000, Bid:,3,89,1,100,1,158,1,Ask:,0,
1092.429, Bid:,4,89,1,100,1,158,1,351,1,Ask:,0,
1092.571, Bid:,3,89,1,100,1,158,1,Ask:,0,
1092.714, Bid:,3,89,1,100,1,158,1,Ask:,1,168,1,
1093.571, Bid:,3,89,1,100,1,158,1,Ask:,0,
1093.714, Bid:,4,89,1,100,1,158,1,388,1,Ask:,0,
1093.857, Bid:,5,89,1,100,1,158,1,232,1,388,1,Ask:,0,
1094.143, Bid:,4,89,1,100,1,158,1,232,1,Ask:,0,
1094.286, Bid:,3,89,1,100,1,158,1,Ask:,0,
1094.429, Bid:,2,89,1,100,1,Ask:,0,
1094.571, Bid:,2,89,1,100,1,Ask:,1,471,1,
1094.714, Bid:,1,89,1,Ask:,1,471,1,
1095.000, Bid:,1,89,1,Ask:,2,434,1,471,1,
1095.143, Bid:,0,Ask:,2,434,1,471,1,
1095.286, Bid:,1,1,1,Ask:,2,434,1,471,1,
1095.429, Bid:,1,1,1,Ask:,3,57,1,434,1,471,1,
1095.571, Bid:,1,1,1,Ask:,2,434,1,471,1,
1096.143, Bid:,1,1,1,Ask:,3,360,1,434,1,471,1,
1096.429, Bid:,1,1,1,Ask:,4,360,1,365,1,434,1,471,1,
1097.429, Bid:,2,1,1,244,1,Ask:,4,360,1,365,1,434,1,471,1,
1098.143, Bid:,1,1,1,Ask:,4,360,1,365,1,434,1,471,1,
1099.143, Bid:,2,1,1,69,1,Ask:,4,360,1,365,1,434,1,471,1,
1119.000, Bid:,2,1,1,69,1,Ask:,4,100,1,360,1,365,1,434,1,
1119.286, Bid:,2,1,1,69,1,Ask:,5,100,1,101,1,360,1,365,1,434,1,
1119.429, Bid:,2,1,1,69,1,Ask:,4,101,1,360,1,365,1,434,1,
1119.714, Bid:,2,1,1,69,1,Ask:,4,100,1,101,1,360,1,434,1,
1119.857, Bid:,1,69,1,Ask:,3,101,1,360,1,434,1,
1120.000, Bid:,1,69,1,Ask:,2,360,1,434,1,
1120.143, Bid:,1,69,1,Ask:,2,401,1,434,1,
1120.286, Bid:,1,249,1,Ask:,2,401,1,434,1,
1120.571, Bid:,0,Ask:,2,401,1,434,1,
1120.714, Bid:,1,176,1,Ask:,2,401,1,434,1,
1120.857, Bid:,2,100,1,176,1,Ask:,2,401,1,434,1,
1121.714, Bid:,2,100,1,176,1,Ask:,3,395,1,401,1,434,1,
1122.143, Bid:,2,100,1,176,1,Ask:,4,372,1,395,1,401,1,434,1,
1123.143, Bid:,3,100,1,176,1,329,1,Ask:,4,372,1,395,1,401,1,434,1,
1149.429, Bid:,2,100,1,176,1,Ask:,4,372,1,395,1,401,1,434,1,
1149.714, Bid:,2,100,1,176,1,Ask:,5,245,1,372,1,395,1,401,1,434,1,
1149.857, Bid:,1,100,1,Ask:,4,245,1,372,1,401,1,434,1,
1150.000, Bid:,1,100,1,Ask:,3,372,1,401,1,434,1,
1150.143, Bid:,1,100,2,Ask:,3,372,1,401,1,434,1,
1150.429, Bid:,1,100,1,Ask:,3,372,1,401,1,434,1,
1150.571, Bid:,1,100,1,Ask:,4,171,1,372,1,401,1,434,1,
1150.714, Bid:,1,100,1,Ask:,4,101,1,171,1,401,1,434,1,
1150.857, Bid:,0,Ask:,4,101,1,171,1,401,1,434,1,
1151.286, Bid:,0,Ask:,4,101,1,171,1,274,1,401,1,
1151.429, Bid:,0,Ask:,3,171,1,274,1,401,1,
1151.571, Bid:,0,Ask:,2,274,1,401,1,
1151.714, Bid:,0,Ask:,3,274,1,332,1,401,1,
1151.857, Bid:,0,Ask:,2,332,1,401,1,
1152.000, Bid:,0,Ask:,3,332,1,339,1,401,1,
1152.143, Bid:,0,Ask:,3,332,1,339,1,357,1,
1152.571, Bid:,0,Ask:,4,250,1,332,1,339,1,357,1,
1154.143, Bid:,0,Ask:,3,332,1,339,1,357,1,
1154.714, Bid:,0,Ask:,4,256,1,332,1,339,1,357,1,
1155.714, Bid:,1,173,1,Ask:,4,256,1,332,1,339,1,357,1,
1155.857, Bid:,0,Ask:,4,256,1,332,1,339,1,357,1,
1156.000, Bid:,1,208,1,Ask:,4,256,1,332,1,339,1,357,1,
1160.857, Bid:,2,208,1,234,1,Ask:,4,256,1,332,1,339,1,357,1,
1179.571, Bid:,3,100,1,208,1,234,1,Ask:,4,256,1,332,1,339,1,357,1,
1179.714, Bid:,3,100,2,208,1,234,1,Ask:,4,256,1,332,1,339,1,357,1,
1179.857, Bid:,2,100,2,208,1,Ask:,4,256,1,332,1,339,1,357,1,
1180.000, Bid:,1,100,2,Ask:,4,256,1,332,1,339,1,357,1,
1180.143, Bid:,1,100,1,Ask:,3,256,1,339,1,357,1,
1180.286, Bid:,1,100,1,Ask:,4,256,1,316,1,339,1,357,1,
1180.714, Bid:,2,54,1,100,1,Ask:,4,256,1,316,1,339,1,357,1,
1180.857, Bid:,2,54,1,100,1,Ask:,3,316,1,339,1,357,1,
1181.000, Bid:,3,54,1,81,1,100,1,Ask:,3,316,1,339,1,357,1,
1182.000, Bid:,3,54,1,81,1,100,1,Ask:,3,304,1,316,1,339,1,
1182.714, Bid:,3,54,1,81,1,100,1,Ask:,4,118,1,304,1,316,1,339,1,
1182.857, Bid:,3,54,1,81,1,100,1,Ask:,3,304,1,316,1,339,1,
1183.714, Bid:,3,54,1,81,1,100,1,Ask:,4,304,1,316,1,339,1,446,1,
1209.857, Bid:,3,54,1,81,1,100,1,Ask:,4,101,1,304,1,316,1,339,1,
1210.143, Bid:,2,54,1,81,1,Ask:,4,101,1,304,1,316,1,339,1,
1210.571, Bid:,2,54,1,81,1,Ask:,5,100,1,101,1,304,1,316,1,339,1,
1211.000, Bid:,2,54,1,81,1,Ask:,4,101,1,304,1,316,1,339,1,
1211.571, Bid:,2,54,1,81,1,Ask:,4,101,1,181,1,316,1,339,1,
1211.714, Bid:,2,54,1,81,1,Ask:,3,181,1,316,1,339,1,
1211.857, Bid:,2,54,1,81,1,Ask:,4,142,1,181,1,316,1,339,1,
1212.000, Bid:,2,54,1,81,1,Ask:,3,181,1,316,1,339,1,
1212.143, Bid:,2,54,1,81,1,Ask:,3,181,1,249,1,339,1,
1212.286, Bid:,1,54,1,Ask:,2,249,1,339,1,
1212.429, Bid:,1,54,1,Ask:,3,232,1,249,1,339,1,
1212.571, Bid:,1,54,1,Ask:,4,232,1,249,1,339,1,410,1,
1213.143, Bid:,1,54,1,Ask:,3,249,1,339,1,410,1,
1213.286, Bid:,1,42,1,Ask:,3,249,1,339,1,410,1,
1213.571, Bid:,1,42,1,Ask:,4,249,1,339,1,410,1,491,1,
1213.714, Bid:,2,42,1,85,1,Ask:,4,249,1,339,1,410,1,491,1,
1214.143, Bid:,2,42,1,85,1,Ask:,3,339,1,410,1,491,1,
1214.857, Bid:,3,42,1,85,1,151,1,Ask:,3,339,1,410,1,491,1,
1215.714, Bid:,3,42,1,85,1,151,1,Ask:,4,228,1,339,1,410,1,491,1,
1216.857, Bid:,2,42,1,85,1,Ask:,4,228,1,339,1,410,1,491,1,
1217.571, Bid:,2,42,1,85,1,Ask:,5,211,1,228,1,339,1,410,1,491,1,
1240.143, Bid:,3,42,1,85,1,101,1,Ask:,5,211,1,228,1,339,1,410,1,491,1,
1240.429, Bid:,2,42,1,85,1,Ask:,4,211,1,228,1,339,1,491,1,
1240.571, Bid:,2,42,1,100,1,Ask:,4,211,1,228,1,339,1,491,1,
1240.714, Bid:,2,42,1,100,2,Ask:,4,211,1,228,1,339,1,491,1,
1240.857, Bid:,2,42,1,100,2,Ask:,4,101,1,228,1,339,1,491,1,
1241.000, Bid:,2,42,1,100,1,Ask:,4,101,1,228,1,339,1,491,1,
1241.286, Bid:,2,42,1,100,1,Ask:,5,101,1,148,1,228,1,339,1,491,1,
1241.571, Bid:,2,42,1,100,1,Ask:,4,148,1,228,1,339,1,491,1,
1241.714, Bid:,2,42,1,100,1,Ask:,5,148,1,228,1,339,1,374,1,491,1,
1242.286, Bid:,3,42,1,74,1,100,1,Ask:,5,148,1,228,1,339,1,374,1,491,1,
1242.571, Bid:,3,42,1,74,1,100,1,Ask:,5,148,1,339,1,374,1,445,1,491,1,
1243.000, Bid:,2,42,1,74,1,Ask:,4,148,1,374,1,445,1,491,1,
1243.143, Bid:,2,42,1,74,1,Ask:,5,148,1,328,1,374,1,445,1,491,1,
1243.571, Bid:,2,42,1,74,1,Ask:,5,148,1,328,1,364,1,374,1,445,1,
1270.429, Bid:,3,42,1,74,1,100,1,Ask:,5,148,1,328,1,364,1,374,1,445,1,
1270.571, Bid:,3,42,1,74,1,100,2,Ask:,5,148,1,328,1,364,1,374,1,445,1,
1270.857, Bid:,3,42,1,74,1,100,1,Ask:,4,328,1,364,1,374,1,445,1,
1271.143, Bid:,3,74,1,100,1,101,1,Ask:,4,328,1,364,1,374,1,445,1,
1271.714, Bid:,2,74,1,100,1,Ask:,3,328,1,364,1,445,1,
1271.857, Bid:,1,74,1,Ask:,3,328,1,364,1,445,1,
1272.000, Bid:,1,241,1,Ask:,3,328,1,364,1,445,1,
1272.143, Bid:,0,Ask:,2,364,1,445,1,
1272.286, Bid:,0,Ask:,3,342,1,364,1,445,1,
1272.571, Bid:,0,Ask:,4,108,1,342,1,364,1,445,1,
1273.143, Bid:,0,Ask:,3,342,1,364,1,445,1,
1273.286, Bid:,0,Ask:,2,364,1,445,1,
1273.429, Bid:,1,101,1,Ask:,2,364,1,445,1,
1273.571, Bid:,2,75,1,101,1,Ask:,2,364,1,445,1,
1273.857, Bid:,2,75,1,101,1,Ask:,3,364,1,445,1,486,1,
1274.000, Bid:,2,75,1,101,1,Ask:,4,181,1,364,1,445,1,486,1,
1274.143, Bid:,2,75,1,101,1,Ask:,3,364,1,445,1,486,1,
1274.286, Bid:,3,51,1,75,1,101,1,Ask:,3,364,1,445,1,486,1,
1275.143, Bid:,3,51,1,75,1,101,1,Ask:,2,445,1,486,1,
1275.429, Bid:,3,51,1,75,1,101,1,Ask:,1,486,1,
1275.857, Bid:,3,51,1,75,1,101,1,Ask:,2,188,1,486,1,
1276.429, Bid:,4,51,1,75,1,93,1,101,1,Ask:,2,188,1,486,1,
1276.571, Bid:,4,51,1,75,1,93,1,101,1,Ask:,1,486,1,
1276.714, Bid:,4,51,1,75,1,93,1,101,1,Ask:,2,218,1,486,1,
1276.857, Bid:,5,51,1,75,1,93,1,101,1,209,1,Ask:,2,218,1,486,1,
1277.143, Bid:,4,51,1,75,1,93,1,101,1,Ask:,2,218,1,486,1,
1278.000, Bid:,4,51,1,75,1,93,1,101,1,Ask:,3,218,1,391,1,486,1,
1280.571, Bid:,4,51,1,75,1,93,1,101,1,Ask:,2,391,1,486,1,
1281.286, Bid:,3,51,1,75,1,93,1,Ask:,2,391,1,486,1,
1282.286, Bid:,4,7,1,51,1,75,1,93,1,Ask:,2,391,1,486,1,
1300.714, Bid:,4,7,1,51,1,75,1,93,1,Ask:,3,100,1,391,1,486,1,
1300.857, Bid:,4,7,1,51,1,75,1,93,1,Ask:,3,100,1,101,1,391,1,
1301.000, Bid:,4,7,1,51,1,75,1,93,1,Ask:,3,100,2,101,1,391,1,
1302.143, Bid:,4,7,1,51,1,75,1,93,1,Ask:,3,100,1,101,1,391,1,
1302.429, Bid:,3,7,1,51,1,93,1,Ask:,2,101,1,391,1,
1302.571, Bid:,3,7,1,51,1,93,1,Ask:,3,101,1,254,1,391,1,
1302.714, Bid:,3,7,1,51,1,93,1,Ask:,4,101,1,254,1,316,1,391,1,
1303.000, Bid:,2,51,1,93,1,Ask:,3,254,1,316,1,391,1,
1303.286, Bid:,1,51,1,Ask:,3,254,1,316,1,391,1,
1303.429, Bid:,2,51,1,66,1,Ask:,3,254,1,316,1,391,1,
1303.714, Bid:,2,51,1,66,1,Ask:,4,254,1,316,1,391,1,415,1,
1303.857, Bid:,2,51,1,66,1,Ask:,3,316,1,391,1,415,1,
1304.000, Bid:,2,51,1,66,1,Ask:,4,195,1,316,1,391,1,415,1,
1304.286, Bid:,2,51,1,66,1,Ask:,5,183,1,195,1,316,1,391,1,415,1,
1305.000, Bid:,3,51,1,66,1,121,1,Ask:,5,183,1,195,1,316,1,391,1,415,1,
1331.000, Bid:,2,51,1,66,1,Ask:,4,195,1,316,1,391,1,415,1,
1331.143, Bid:,2,51,1,100,1,Ask:,4,195,1,316,1,391,1,415,1,
1331.286, Bid:,3,51,1,100,1,101,1,Ask:,4,195,1,316,1,391,1,415,1,
1331.857, Bid:,2,51,1,100,1,Ask:,3,316,1,391,1,415,1,
1332.000, Bid:,1,51,1,Ask:,2,391,1,415,1,
1332.143, Bid:,1,51,1,Ask:,1,415,1,
1332.286, Bid:,1,51,1,Ask:,2,401,1,415,1,
1332.429, Bid:,1,51,1,Ask:,1,415,1,
1332.571, Bid:,1,51,1,Ask:,2,309,1,415,1,
1332.714, Bid:,1,51,1,Ask:,1,415,1,
1332.857, Bid:,1,51,1,Ask:,2,344,1,415,1,
1333.000, Bid:,2,51,1,204,1,Ask:,2,344,1,415,1,
1333.571, Bid:,3,51,1,58,1,204,1,Ask:,2,344,1,415,1,
1333.714, Bid:,3,58,1,204,1,268,1,Ask:,2,344,1,415,1,
1334.000, Bid:,2,58,1,204,1,Ask:,2,344,1,415,1,
1334.143, Bid:,2,58,1,204,1,Ask:,3,255,1,344,1,415,1,
1334.286, Bid:,2,58,1,204,1,Ask:,2,344,1,415,1,
1334.429, Bid:,1,58,1,Ask:,2,344,1,415,1,
1334.571, Bid:,2,58,1,256,1,Ask:,2,344,1,415,1,
1334.714, Bid:,2,58,1,256,1,Ask:,3,344,1,413,1,415,1,
1334.857, Bid:,2,58,1,256,1,Ask:,2,413,1,415,1,
1335.000, Bid:,3,58,1,74,1,256,1,Ask:,2,413,1,415,1,
1335.143, Bid:,4,58,1,74,1,110,1,256,1,Ask:,2,413,1,415,1,
1335.286, Bid:,3,58,1,74,1,110,1,Ask:,1,413,1,
1335.429, Bid:,4,58,1,74,1,110,1,252,1,Ask:,1,413,1,
1335.857, Bid:,5,58,1,74,1,110,1,163,1,252,1,Ask:,1,413,1,
1361.286, Bid:,4,58,1,74,1,110,1,163,1,Ask:,0,
1361.429, Bid:,4,74,1,100,1,110,1,163,1,Ask:,0,
1361.571, Bid:,3,74,1,100,1,110,1,Ask:,0,
1362.429, Bid:,3,74,1,100,1,110,1,Ask:,1,383,1,
1362.571, Bid:,2,74,1,100,1,Ask:,1,383,1,
1362.714, Bid:,2,100,1,221,1,Ask:,1,383,1,
1363.143, Bid:,2,100,1,221,1,Ask:,0,
1363.286, Bid:,3,100,1,215,1,221,1,Ask:,0,
1364.000, Bid:,3,100,1,215,1,221,1,Ask:,1,500,1,
1364.429, Bid:,3,100,1,215,1,221,1,Ask:,2,465,1,500,1,
1365.000, Bid:,2,100,1,215,1,Ask:,2,465,1,500,1,
1365.286, Bid:,3,100,1,215,1,447,1,Ask:,2,465,1,500,1,
1365.571, Bid:,2,100,1,215,1,Ask:,2,465,1,500,1,
1365.857, Bid:,2,100,1,215,1,Ask:,3,363,1,465,1,500,1,
1366.000, Bid:,1,100,1,Ask:,3,363,1,465,1,500,1,
1366.714, Bid:,2,100,1,242,1,Ask:,3,363,1,465,1,500,1,
1367.286, Bid:,2,100,1,242,1,Ask:,4,263,1,363,1,465,1,500,1,
1368.714, Bid:,1,100,1,Ask:,4,263,1,363,1,465,1,500,1,
1369.000, Bid:,1,100,1,Ask:,3,363,1,465,1,500,1,
1369.714, Bid:,2,100,1,258,1,Ask:,3,363,1,465,1,500,1,
1369.857, Bid:,2,100,1,258,1,Ask:,4,363,1,450,1,465,1,500,1,
1391.571, Bid:,1,100,1,Ask:,3,363,1,465,1,500,1,
1392.143, Bid:,1,100,1,Ask:,4,146,1,363,1,465,1,500,1,
1392.286, Bid:,1,100,1,Ask:,4,101,1,146,1,465,1,500,1,
1392.429, Bid:,1,100,1,Ask:,3,146,1,465,1,500,1,
1392.571, Bid:,2,62,1,100,1,Ask:,3,146,1,465,1,500,1,
1392.714, Bid:,2,62,1,100,1,Ask:,4,146,1,411,1,465,1,500,1,
1393.571, Bid:,1,62,1,Ask:,3,146,1,411,1,500,1,
1393.714, Bid:,1,62,1,Ask:,4,146,1,341,1,411,1,500,1,
1393.857, Bid:,2,62,1,100,1,Ask:,4,146,1,341,1,411,1,500,1,
1394.286, Bid:,2,62,1,100,1,Ask:,3,341,1,411,1,500,1,
1394.429, Bid:,2,62,1,100,1,Ask:,4,244,1,341,1,411,1,500,1,
1394.714, Bid:,1,62,1,Ask:,4,244,1,341,1,411,1,500,1,
1395.429, Bid:,2,62,1,223,1,Ask:,4,244,1,341,1,411,1,500,1,
1395.857, Bid:,2,62,1,223,1,Ask:,3,341,1,411,1,500,1,
1396.143, Bid:,3,62,1,223,1,332,1,Ask:,3,341,1,411,1,500,1,
1397.429, Bid:,2,62,1,223,1,Ask:,2,341,1,411,1,
1397.571, Bid:,2,62,1,223,1,Ask:,1,411,1,
1397.714, Bid:,1,62,1,Ask:,1,411,1,
1397.857, Bid:,1,62,1,Ask:,2,77,1,411,1,
1398.000, Bid:,1,62,1,Ask:,3,77,1,411,1,431,1,
1398.286, Bid:,1,62,1,Ask:,4,77,1,152,1,411,1,431,1,
1398.571, Bid:,1,62,1,Ask:,3,152,1,411,1,431,1,
1398.714, Bid:,1,62,1,Ask:,2,411,1,431,1,
1398.857, Bid:,0,Ask:,2,411,1,431,1,
1399.000, Bid:,0,Ask:,3,182,1,411,1,431,1,
1399.286, Bid:,0,Ask:,2,411,1,431,1,
1399.429, Bid:,1,59,1,Ask:,2,411,1,431,1,
1399.571, Bid:,1,59,1,Ask:,3,92,1,411,1,431,1,
1399.714, Bid:,1,59,1,Ask:,2,411,1,431,1,
1400.143, Bid:,2,43,1,59,1,Ask:,2,411,1,431,1,
1400.429, Bid:,2,43,1,59,1,Ask:,3,161,1,411,1,431,1,
1402.714, Bid:,2,43,1,59,1,Ask:,4,161,1,411,1,431,1,447,1,
1421.857, Bid:,2,43,1,59,1,Ask:,5,100,1,161,1,411,1,431,1,447,1,
1422.143, Bid:,2,43,1,59,1,Ask:,4,161,1,411,1,431,1,447,1,
1422.286, Bid:,1,59,1,Ask:,3,411,1,431,1,447,1,
1422.429, Bid:,2,59,1,100,1,Ask:,3,411,1,431,1,447,1,
1422.571, Bid:,1,59,1,Ask:,3,411,1,431,1,447,1,
1422.714, Bid:,1,59,1,Ask:,4,411,1,431,1,447,1,472,1,
1422.857, Bid:,1,59,1,Ask:,5,68,1,411,1,431,1,447,1,472,1,
1423.000, Bid:,1,59,1,Ask:,5,68,1,431,1,447,1,472,1,492,1,
1423.143, Bid:,1,59,1,Ask:,6,68,1,408,1,431,1,447,1,472,1,492,1,
1423.429, Bid:,1,59,1,Ask:,7,68,1,99,1,408,1,431,1,447,1,472,1,492,1,
1423.714, Bid:,1,59,1,Ask:,6,99,1,408,1,431,1,447,1,472,1,492,1,
1424.143, Bid:,1,59,1,Ask:,5,408,1,431,1,447,1,472,1,492,1,
1424.571, Bid:,2,59,1,103,1,Ask:,5,408,1,431,1,447,1,472,1,492,1,
1424.857, Bid:,1,59,1,Ask:,5,408,1,431,1,447,1,472,1,492,1,
1425.571, Bid:,2,59,1,286,1,Ask:,5,408,1,431,1,447,1,472,1,492,1,
1425.714, Bid:,3,59,1,184,1,286,1,Ask:,5,408,1,431,1,447,1,472,1,492,1,
1426.857, Bid:,2,184,1,286,1,Ask:,4,431,1,447,1,472,1,492,1,
1427.286, Bid:,3,184,1,286,1,317,1,Ask:,4,431,1,447,1,472,1,492,1,
1427.714, Bid:,4,184,1,250,1,286,1,317,1,Ask:,4,431,1,447,1,472,1,492,1,
1452.143, Bid:,4,100,1,184,1,250,1,317,1,Ask:,4,431,1,447,1,472,1,492,1,
1452.286, Bid:,3,100,1,184,1,250,1,Ask:,3,431,1,447,1,492,1,
1452.429, Bid:,4,100,1,184,1,250,1,267,1,Ask:,3,431,1,447,1,492,1,
1452.571, Bid:,3,100,1,184,1,250,1,Ask:,3,431,1,447,1,492,1,
1452.714, Bid:,4,100,1,101,1,184,1,250,1,Ask:,3,431,1,447,1,492,1,
1453.000, Bid:,3,100,2,101,1,250,1,Ask:,3,431,1,447,1,492,1,
1453.143, Bid:,3,100,2,101,1,250,1,Ask:,4,267,1,431,1,447,1,492,1,
1453.571, Bid:,4,12,1,100,2,101,1,250,1,Ask:,4,267,1,431,1,447,1,492,1,
1455.143, Bid:,4,12,1,100,2,101,1,250,1,Ask:,3,431,1,447,1,492,1,
1456.000, Bid:,3,12,1,100,2,101,1,Ask:,3,431,1,447,1,492,1,
1456.714, Bid:,3,12,1,100,2,101,1,Ask:,4,294,1,431,1,447,1,492,1,
1457.857, Bid:,4,12,1,100,2,101,1,180,1,Ask:,4,294,1,431,1,447,1,492,1,
1482.571, Bid:,3,12,1,100,2,101,1,Ask:,4,294,1,431,1,447,1,492,1,
1482.714, Bid:,3,12,1,100,2,101,1,Ask:,3,431,1,447,1,492,1,
1482.857, Bid:,4,12,1,100,2,101,1,385,1,Ask:,3,431,1,447,1,492,1,
1483.000, Bid:,5,12,1,62,1,100,2,101,1,385,1,Ask:,3,431,1,447,1,492,1,
1483.143, Bid:,4,12,1,62,1,100,2,101,1,Ask:,3,431,1,447,1,492,1,
1483.286, Bid:,4,12,1,62,1,100,2,101,1,Ask:,2,447,1,492,1,
1483.857, Bid:,5,12,1,62,1,100,1,101,1,425,1,Ask:,2,447,1,492,1,
1484.000, Bid:,4,12,1,62,1,100,1,101,1,Ask:,2,447,1,492,1,
1484.286, Bid:,4,12,1,62,1,100,1,101,1,Ask:,3,206,1,447,1,492,1,
1484.857, Bid:,4,12,1,62,1,100,1,101,1,Ask:,2,447,1,492,1,
1485.429, Bid:,3,12,1,62,1,100,1,Ask:,2,447,1,492,1,
1485.714, Bid:,3,12,1,62,1,100,1,Ask:,3,196,1,447,1,492,1,
1485.857, Bid:,4,12,1,59,1,62,1,100,1,Ask:,3,196,1,447,1,492,1,
1486.286, Bid:,3,12,1,59,1,62,1,Ask:,3,196,1,447,1,492,1,
1486.429, Bid:,3,12,1,59,1,62,1,Ask:,4,196,1,394,1,447,1,492,1,
1486.571, Bid:,4,12,1,59,1,62,1,158,1,Ask:,4,196,1,394,1,447,1,492,1,
1486.857, Bid:,4,31,1,59,1,62,1,158,1,Ask:,4,196,1,394,1,447,1,492,1,
1512.857, Bid:,3,31,1,59,1,62,1,Ask:,4,196,1,394,1,447,1,492,1,
1513.000, Bid:,3,31,1,59,1,62,1,Ask:,3,394,1,447,1,492,1,
1513.143, Bid:,3,31,1,59,1,62,1,Ask:,3,349,1,394,1,492,1,
1513.286, Bid:,3,31,1,59,1,62,1,Ask:,4,101,1,349,1,394,1,492,1,
1513.429, Bid:,2,31,1,62,1,Ask:,3,349,1,394,1,492,1,
1513.571, Bid:,3,31,1,62,1,100,1,Ask:,3,349,1,394,1,492,1,
1514.000, Bid:,3,31,1,62,1,100,1,Ask:,4,349,1,394,1,414,1,492,1,
1514.143, Bid:,3,62,1,100,1,120,1,Ask:,4,349,1,394,1,414,1,492,1,
1514.286, Bid:,2,62,1,100,1,Ask:,4,349,1,394,1,414,1,492,1,
1514.429, Bid:,2,62,1,100,1,Ask:,4,349,1,394,1,414,1,464,1,
1514.571, Bid:,3,4,1,62,1,100,1,Ask:,4,349,1,394,1,414,1,464,1,
1515.143, Bid:,2,4,1,100,1,Ask:,3,394,1,414,1,464,1,
1515.714, Bid:,3,4,1,100,1,283,1,Ask:,3,394,1,414,1,464,1,
1517.143, Bid:,4,4,1,100,1,283,1,382,1,Ask:,3,394,1,414,1,464,1,
1517.857, Bid:,3,4,1,100,1,283,1,Ask:,3,394,1,414,1,464,1,
1519.143, Bid:,3,4,1,100,1,283,1,Ask:,4,349,1,394,1,414,1,464,1,
1543.143, Bid:,2,4,1,100,1,Ask:,3,349,1,394,1,464,1,
1543.286, Bid:,2,4,1,100,1,Ask:,4,101,1,349,1,394,1,464,1,
1543.429, Bid:,2,4,1,100,1,Ask:,3,349,1,394,1,464,1,
1543.571, Bid:,3,4,1,100,1,101,1,Ask:,3,349,1,394,1,464,1,
1543.857, Bid:,4,4,1,76,1,100,1,101,1,Ask:,3,349,1,394,1,464,1,
1544.000, Bid:,4,4,1,76,1,100,1,101,1,Ask:,4,309,1,349,1,394,1,464,1,
1544.571, Bid:,4,4,1,76,1,100,2,101,1,Ask:,4,309,1,349,1,394,1,464,1,
1545.000, Bid:,4,30,1,76,1,100,2,101,1,Ask:,4,309,1,349,1,394,1,464,1,
1573.571, Bid:,3,30,1,76,1,100,2,Ask:,3,349,1,394,1,464,1,
1573.714, Bid:,3,30,1,76,1,100,2,Ask:,2,394,1,464,1,
1574.000, Bid:,3,30,1,76,1,100,2,Ask:,2,282,1,394,1,
1574.143, Bid:,3,30,1,76,1,100,1,Ask:,1,394,1,
1574.286, Bid:,3,30,1,76,1,100,1,Ask:,2,228,1,394,1,
1574.429, Bid:,2,30,1,76,1,Ask:,2,228,1,394,1,
1574.571, Bid:,2,30,1,76,1,Ask:,1,394,1,
1574.714, Bid:,2,30,1,76,1,Ask:,2,263,1,394,1,
1574.857, Bid:,2,30,1,76,1,Ask:,3,219,1,263,1,394,1,
1575.000, Bid:,2,30,1,76,1,Ask:,4,219,1,222,1,263,1,394,1,
1575.286, Bid:,2,30,1,76,1,Ask:,5,163,1,219,1,222,1,263,1,394,1,
1575.857, Bid:,2,30,1,76,1,Ask:,5,120,1,163,1,219,1,222,1,263,1,
1576.143, Bid:,2,30,1,76,1,Ask:,6,101,1,120,1,163,1,219,1,222,1,263,1,
1603.571, Bid:,3,30,1,76,1,100,1,Ask:,6,101,1,120,1,163,1,219,1,222,1,263,1,
1604.143, Bid:,2,30,1,76,1,Ask:,5,101,1,120,1,163,1,219,1,263,1,
1604.286, Bid:,3,30,1,76,1,100,1,Ask:,5,101,1,120,1,163,1,219,1,263,1,
1604.429, Bid:,2,30,1,76,1,Ask:,4,101,1,120,1,163,1,263,1,
1604.571, Bid:,2,30,1,76,1,Ask:,5,101,1,120,1,163,1,263,1,301,1,
1604.714, Bid:,2,30,1,76,1,Ask:,5,101,1,142,1,163,1,263,1,301,1,
1605.000, Bid:,2,30,1,76,1,Ask:,4,142,1,163,1,263,1,301,1,
1605.143, Bid:,2,30,1,76,1,Ask:,4,142,1,163,1,301,1,310,1,
1605.714, Bid:,3,30,1,76,1,101,1,Ask:,4,142,1,163,1,301,1,310,1,
1606.000, Bid:,3,30,1,76,1,101,1,Ask:,5,142,1,163,1,237,1,301,1,310,1,
1606.429, Bid:,2,76,1,101,1,Ask:,4,163,1,237,1,301,1,310,1,
1606.571, Bid:,2,76,1,101,1,Ask:,5,163,1,178,1,237,1,301,1,310,1,
1608.143, Bid:,2,76,1,101,1,Ask:,6,128,1,163,1,178,1,237,1,301,1,310,1,
1633.857, Bid:,3,76,1,100,1,101,1,Ask:,6,128,1,163,1,178,1,237,1,301,1,310,1,
1634.000, Bid:,2,76,1,100,1,Ask:,5,128,1,163,1,178,1,301,1,310,1,
1634.143, Bid:,2,76,1,100,1,Ask:,5,101,1,128,1,163,1,301,1,310,1,
1634.286, Bid:,2,76,1,100,1,Ask:,4,128,1,163,1,301,1,310,1,
1634.571, Bid:,3,34,1,76,1,100,1,Ask:,4,128,1,163,1,301,1,310,1,
1634.714, Bid:,3,34,1,76,1,100,1,Ask:,5,128,1,163,1,301,1,310,1,333,1,
1634.857, Bid:,2,34,1,76,1,Ask:,4,128,1,163,1,310,1,333,1,
1635.000, Bid:,3,34,1,35,1,76,1,Ask:,4,128,1,163,1,310,1,333,1,
1635.143, Bid:,3,34,1,35,1,76,1,Ask:,4,155,1,163,1,310,1,333,1,
1635.429, Bid:,2,34,1,35,1,Ask:,4,155,1,163,1,310,1,333,1,
1635.714, Bid:,3,34,1,35,1,129,1,Ask:,4,155,1,163,1,310,1,333,1,
1635.857, Bid:,4,34,1,35,1,100,1,129,1,Ask:,4,155,1,163,1,310,1,333,1,
1636.857, Bid:,3,34,1,35,1,100,1,Ask:,4,155,1,163,1,310,1,333,1,
1639.000, Bid:,3,34,1,35,1,100,1,Ask:,5,155,1,163,1,196,1,310,1,333,1,
1664.143, Bid:,3,34,1,100,1,101,1,Ask:,5,155,1,163,1,196,1,310,1,333,1,
1664.286, Bid:,2,34,1,100,1,Ask:,5,155,1,163,1,196,1,310,1,333,1,
1664.429, Bid:,2,34,1,100,1,Ask:,4,163,1,196,1,310,1,333,1,
1664.857, Bid:,1,100,2,Ask:,4,163,1,196,1,310,1,333,1,
1665.286, Bid:,1,100,2,Ask:,4,196,1,261,1,310,1,333,1,
1665.429, Bid:,1,100,2,Ask:,4,101,1,196,1,261,1,310,1,
1667.000, Bid:,1,100,2,Ask:,3,196,1,261,1,310,1,
1667.286, Bid:,2,100,2,102,1,Ask:,3,196,1,261,1,310,1,
1667.571, Bid:,2,100,2,102,1,Ask:,2,261,1,310,1,
1667.714, Bid:,3,100,2,102,1,134,1,Ask:,2,261,1,310,1,
1667.857, Bid:,3,100,2,102,1,134,1,Ask:,3,261,1,310,1,484,1,
1668.143, Bid:,2,100,2,102,1,Ask:,3,261,1,310,1,484,1,
1668.571, Bid:,3,7,1,100,2,102,1,Ask:,3,261,1,310,1,484,1,
1670.286, Bid:,2,7,1,100,2,Ask:,3,261,1,310,1,484,1,
1673.857, Bid:,2,7,1,100,2,Ask:,4,261,1,310,1,384,1,484,1,
1694.429, Bid:,2,7,1,100,2,Ask:,5,101,1,261,1,310,1,384,1,484,1,
1694.571, Bid:,2,7,1,100,3,Ask:,5,101,1,261,1,310,1,384,1,484,1,
1694.714, Bid:,2,7,1,100,2,Ask:,4,101,1,261,1,310,1,384,1,
1694.857, Bid:,2,7,1,100,2,Ask:,5,101,1,261,1,310,1,379,1,384,1,
1695.000, Bid:,2,7,1,100,2,Ask:,4,261,1,310,1,379,1,384,1,
1695.429, Bid:,1,100,2,Ask:,3,310,1,379,1,384,1,
1695.714, Bid:,1,100,2,Ask:,2,379,1,384,1,
1696.143, Bid:,2,66,1,100,2,Ask:,2,379,1,384,1,
1696.571, Bid:,2,66,1,100,2,Ask:,3,379,1,384,1,427,1,
1696.714, Bid:,2,66,1,100,1,Ask:,3,379,1,384,1,427,1,
1697.000, Bid:,2,66,1,100,1,Ask:,3,340,1,379,1,384,1,
1698.000, Bid:,3,55,1,66,1,100,1,Ask:,3,340,1,379,1,384,1,
1698.714, Bid:,3,55,1,66,1,100,1,Ask:,4,340,1,379,1,384,1,393,1,
1724.857, Bid:,2,55,1,66,1,Ask:,3,340,1,384,1,393,1,
1725.000, Bid:,2,55,1,66,1,Ask:,4,101,1,340,1,384,1,393,1,
1725.143, Bid:,2,55,1,66,1,Ask:,5,101,1,340,1,384,1,393,1,460,1,
1725.286, Bid:,2,55,1,66,1,Ask:,4,340,1,384,1,393,1,460,1,
1725.571, Bid:,1,66,1,Ask:,3,384,1,393,1,460,1,
1725.714, Bid:,2,66,1,186,1,Ask:,3,384,1,393,1,460,1,
1726.000, Bid:,1,66,1,Ask:,3,384,1,393,1,460,1,
1726.143, Bid:,1,66,1,Ask:,4,100,1,384,1,393,1,460,1,
1726.286, Bid:,1,66,1,Ask:,3,384,1,393,1,460,1,
1726.571, Bid:,1,66,1,Ask:,2,393,1,460,1,
1726.714, Bid:,2,66,1,183,1,Ask:,2,393,1,460,1,
1727.000, Bid:,3,61,1,66,1,183,1,Ask:,2,393,1,460,1,
1727.143, Bid:,3,61,1,66,1,183,1,Ask:,3,304,1,393,1,460,1,
1727.571, Bid:,2,61,1,66,1,Ask:,3,304,1,393,1,460,1,
1727.714, Bid:,3,61,1,66,1,124,1,Ask:,3,304,1,393,1,460,1,
1728.143, Bid:,4,61,1,66,1,101,1,124,1,Ask:,3,304,1,393,1,460,1,
1728.286, Bid:,4,61,1,66,1,101,1,124,1,Ask:,2,393,1,460,1,
1728.429, Bid:,4,61,1,66,1,101,1,124,1,Ask:,3,393,1,398,1,460,1,
1728.714, Bid:,4,61,1,66,1,101,2,124,1,Ask:,3,393,1,398,1,460,1,
1732.000, Bid:,4,12,1,61,1,101,2,124,1,Ask:,3,393,1,398,1,460,1,
1755.000, Bid:,3,12,1,61,1,101,2,Ask:,2,393,1,460,1,
1755.143, Bid:,3,12,1,61,1,101,1,Ask:,1,393,1,
1755.286, Bid:,4,12,1,40,1,61,1,101,1,Ask:,1,393,1,
1755.429, Bid:,5,12,1,40,1,61,1,101,1,273,1,Ask:,1,393,1,
1755.714, Bid:,4,12,1,40,1,61,1,101,1,Ask:,1,393,1,
1755.857, Bid:,5,12,1,40,1,61,1,101,1,186,1,Ask:,1,393,1,
1756.429, Bid:,5,12,1,40,1,100,1,101,1,186,1,Ask:,1,393,1,
1757.429, Bid:,6,12,1,40,1,100,1,101,1,186,1,194,1,Ask:,1,393,1,
1758.143, Bid:,5,12,1,40,1,100,1,101,1,186,1,Ask:,1,393,1,
1758.286, Bid:,5,12,1,40,1,100,1,101,1,186,1,Ask:,2,302,1,393,1,
1758.714, Bid:,6,12,1,40,1,100,1,101,1,186,1,271,1,Ask:,2,302,1,393,1,
1759.143, Bid:,6,12,1,40,1,100,1,101,1,186,1,271,1,Ask:,3,283,1,302,1,393,1,
1785.286, Bid:,5,12,1,40,1,100,1,101,2,271,1,Ask:,3,283,1,302,1,393,1,
1785.429, Bid:,4,12,1,40,1,100,1,101,2,Ask:,3,283,1,302,1,393,1,
1785.571, Bid:,5,12,1,40,1,44,1,100,1,101,2,Ask:,3,283,1,302,1,393,1,
1785.714, Bid:,5,12,1,40,1,44,1,100,1,101,1,Ask:,2,302,1,393,1,
1785.857, Bid:,5,40,1,44,1,100,1,101,1,211,1,Ask:,2,302,1,393,1,
1786.000, Bid:,4,44,1,100,2,101,1,211,1,Ask:,2,302,1,393,1,
1786.571, Bid:,3,44,1,100,2,101,1,Ask:,2,302,1,393,1,
1786.714, Bid:,2,44,1,100,2,Ask:,1,393,1,
1786.857, Bid:,3,44,1,100,2,241,1,Ask:,1,393,1,
1787.857, Bid:,2,44,1,100,2,Ask:,1,393,1,
1788.143, Bid:,2,44,1,100,1,Ask:,1,393,1,
1788.286, Bid:,2,44,1,100,1,Ask:,2,383,1,393,1,
1788.714, Bid:,3,44,1,57,1,100,1,Ask:,2,383,1,393,1,
1789.714, Bid:,3,44,1,57,1,100,1,Ask:,3,383,1,393,1,462,1,
1791.286, Bid:,3,44,1,57,1,100,1,Ask:,4,383,1,393,1,410,1,462,1,
1815.571, Bid:,3,44,1,57,1,100,1,Ask:,4,101,1,383,1,393,1,410,1,
1815.857, Bid:,2,44,1,57,1,Ask:,4,101,1,383,1,393,1,410,1,
1816.000, Bid:,2,44,1,57,1,Ask:,3,383,1,393,1,410,1,
1816.143, Bid:,2,44,1,57,1,Ask:,3,100,1,383,1,393,1,
1816.429, Bid:,1,44,1,Ask:,2,383,1,393,1,
1816.571, Bid:,1,44,1,Ask:,2,383,1,390,1,
1816.714, Bid:,2,44,1,100,1,Ask:,2,383,1,390,1,
1816.857, Bid:,3,23,1,44,1,100,1,Ask:,2,383,1,390,1,
1817.286, Bid:,3,23,1,44,1,100,1,Ask:,3,383,1,390,1,457,1,
1817.429, Bid:,4,23,1,44,1,100,1,101,1,Ask:,3,383,1,390,1,457,1,
1818.429, Bid:,4,23,1,44,1,100,1,101,1,Ask:,2,390,1,457,1,
1818.714, Bid:,4,23,1,44,1,100,1,101,1,Ask:,3,215,1,390,1,457,1,
1819.429, Bid:,4,23,1,44,1,100,1,101,1,Ask:,4,215,1,357,1,390,1,457,1,
1820.429, Bid:,4,23,1,44,1,100,1,101,1,Ask:,3,357,1,390,1,457,1,
1821.000, Bid:,5,23,1,44,1,85,1,100,1,101,1,Ask:,3,357,1,390,1,457,1,
1822.857, Bid:,6,23,1,44,1,85,1,100,1,101,1,293,1,Ask:,3,357,1,390,1,457,1,
1845.857, Bid:,5,23,1,44,1,85,1,100,1,101,1,Ask:,3,357,1,390,1,457,1,
1846.000, Bid:,4,23,1,44,1,100,1,101,1,Ask:,2,390,1,457,1,
1846.143, Bid:,5,23,1,44,1,100,1,101,1,278,1,Ask:,2,390,1,457,1,
1846.286, Bid:,5,23,1,44,1,100,1,101,1,278,1,Ask:,3,390,1,437,1,457,1,
1846.714, Bid:,5,23,1,44,1,101,1,246,1,278,1,Ask:,3,390,1,437,1,457,1,
1847.000, Bid:,4,23,1,44,1,101,1,246,1,Ask:,3,390,1,437,1,457,1,
1847.143, Bid:,3,23,1,44,1,101,1,Ask:,2,390,1,437,1,
1847.429, Bid:,3,23,1,44,1,101,1,Ask:,3,170,1,390,1,437,1,
1847.571, Bid:,3,23,1,101,1,125,1,Ask:,3,170,1,390,1,437,1,
1847.714, Bid:,3,23,1,101,1,125,1,Ask:,4,170,1,322,1,390,1,437,1,
1847.857, Bid:,3,11,1,101,1,125,1,Ask:,4,170,1,322,1,390,1,437,1,
1848.000, Bid:,2,11,1,125,1,Ask:,3,322,1,390,1,437,1,
1848.571, Bid:,3,11,1,101,1,125,1,Ask:,3,322,1,390,1,437,1,
1849.286, Bid:,3,11,1,101,1,125,1,Ask:,2,390,1,437,1,
1849.429, Bid:,4,11,1,101,1,117,1,125,1,Ask:,2,390,1,437,1,
1851.286, Bid:,3,11,1,101,1,117,1,Ask:,2,390,1,437,1,
1851.429, Bid:,4,11,1,53,1,101,1,117,1,Ask:,2,390,1,437,1,
1853.286, Bid:,4,11,1,53,1,101,1,117,1,Ask:,3,308,1,390,1,437,1,
1876.143, Bid:,4,11,1,53,1,100,1,101,1,Ask:,3,308,1,390,1,437,1,
1876.286, Bid:,3,11,1,53,1,100,1,Ask:,2,390,1,437,1,
1876.571, Bid:,3,11,1,53,1,100,1,Ask:,2,101,1,390,1,
1876.857, Bid:,2,11,1,100,2,Ask:,2,101,1,390,1,
1877.000, Bid:,3,11,1,80,1,100,2,Ask:,2,101,1,390,1,
1877.571, Bid:,3,11,1,80,1,100,1,Ask:,2,101,1,390,1,
1877.857, Bid:,4,6,1,11,1,80,1,100,1,Ask:,2,101,1,390,1,
1878.000, Bid:,4,6,1,11,1,80,1,100,1,Ask:,3,101,1,349,1,390,1,
1878.286, Bid:,4,6,1,11,1,80,1,100,1,Ask:,4,101,1,349,1,390,1,471,1,
1906.429, Bid:,3,6,1,11,1,100,1,Ask:,3,349,1,390,1,471,1,
1906.571, Bid:,2,6,1,11,1,Ask:,2,349,1,390,1,
1906.714, Bid:,2,6,1,11,1,Ask:,2,100,1,390,1,
1906.857, Bid:,2,6,1,11,1,Ask:,3,100,1,390,1,440,1,
1907.000, Bid:,2,6,1,11,1,Ask:,3,100,1,210,1,440,1,
1907.286, Bid:,1,6,1,Ask:,2,210,1,440,1,
1907.571, Bid:,1,6,1,Ask:,3,192,1,210,1,440,1,
1907.857, Bid:,1,6,1,Ask:,4,192,1,210,1,260,1,440,1,
1908.000, Bid:,1,6,1,Ask:,5,192,1,210,1,260,1,440,1,450,1,
1909.143, Bid:,1,100,1,Ask:,5,192,1,210,1,260,1,440,1,450,1,
1936.857, Bid:,2,100,1,101,1,Ask:,5,192,1,210,1,260,1,440,1,450,1,
1937.143, Bid:,1,100,1,Ask:,4,210,1,260,1,440,1,450,1,
1937.286, Bid:,0,Ask:,3,210,1,260,1,440,1,
1937.429, Bid:,0,Ask:,4,59,1,210,1,260,1,440,1,
1937.571, Bid:,0,Ask:,5,59,1,210,1,220,1,260,1,440,1,
1937.714, Bid:,0,Ask:,4,210,1,220,1,260,1,440,1,
1937.857, Bid:,0,Ask:,3,220,1,260,1,440,1,
1938.000, Bid:,0,Ask:,4,146,1,220,1,260,1,440,1,
1938.286, Bid:,0,Ask:,4,101,1,146,1,220,1,440,1,
1939.000, Bid:,1,45,1,Ask:,4,101,1,146,1,220,1,440,1,
1939.429, Bid:,2,45,1,100,1,Ask:,4,101,1,146,1,220,1,440,1,
1940.000, Bid:,1,45,1,Ask:,4,101,1,146,1,220,1,440,1,
1940.571, Bid:,1,45,1,Ask:,3,146,1,220,1,440,1,
1940.857, Bid:,1,45,1,Ask:,2,220,1,440,1,
1941.286, Bid:,2,45,1,115,1,Ask:,2,220,1,440,1,
1941.714, Bid:,1,45,1,Ask:,2,220,1,440,1,
1942.143, Bid:,2,45,1,180,1,Ask:,2,220,1,440,1,
1942.286, Bid:,1,45,1,Ask:,2,220,1,440,1,
1942.429, Bid:,1,45,1,Ask:,3,220,1,440,1,465,1,
1942.714, Bid:,0,Ask:,3,220,1,440,1,465,1,
1942.857, Bid:,0,Ask:,2,440,1,465,1,
1943.000, Bid:,0,Ask:,3,440,1,451,1,465,1,
1943.143, Bid:,0,Ask:,4,158,1,440,1,451,1,465,1,
1943.857, Bid:,0,Ask:,3,440,1,451,1,465,1,
1944.143, Bid:,1,14,1,Ask:,3,440,1,451,1,465,1,
1944.286, Bid:,1,14,1,Ask:,4,431,1,440,1,451,1,465,1,
1944.571, Bid:,1,14,1,Ask:,5,172,1,431,1,440,1,451,1,465,1,
1945.857, Bid:,1,14,1,Ask:,6,172,1,425,1,431,1,440,1,451,1,465,1,
1967.000, Bid:,1,14,1,Ask:,6,100,1,425,1,431,1,440,1,451,1,465,1,
1967.143, Bid:,0,Ask:,5,425,1,431,1,440,1,451,1,465,1,
1967.286, Bid:,1,101,1,Ask:,5,425,1,431,1,440,1,451,1,465,1,
1967.429, Bid:,2,100,1,101,1,Ask:,5,425,1,431,1,440,1,451,1,465,1,
1967.714, Bid:,3,100,1,101,1,138,1,Ask:,5,425,1,431,1,440,1,451,1,465,1,
1968.000, Bid:,2,100,1,101,1,Ask:,4,425,1,431,1,440,1,451,1,
1968.286, Bid:,2,100,1,101,1,Ask:,4,363,1,425,1,431,1,451,1,
1968.429, Bid:,2,100,1,101,1,Ask:,5,240,1,363,1,425,1,431,1,451,1,
1968.571, Bid:,1,100,1,Ask:,4,240,1,363,1,431,1,451,1,
1968.714, Bid:,2,100,1,101,1,Ask:,4,240,1,363,1,431,1,451,1,
1968.857, Bid:,2,100,1,101,1,Ask:,5,240,1,263,1,363,1,431,1,451,1,
1969.286, Bid:,3,100,1,101,1,102,1,Ask:,5,240,1,263,1,363,1,431,1,451,1,
1969.429, Bid:,3,100,1,101,1,102,1,Ask:,6,240,1,263,1,363,1,431,1,451,1,493,1,
1997.286, Bid:,2,100,1,101,1,Ask:,5,263,1,363,1,431,1,451,1,493,1,
1997.429, Bid:,3,100,1,101,1,136,1,Ask:,5,263,1,363,1,431,1,451,1,493,1,
1997.714, Bid:,2,100,1,101,1,Ask:,4,263,1,363,1,431,1,451,1,
1997.857, Bid:,2,100,1,101,1,Ask:,5,139,1,263,1,363,1,431,1,451,1,
1998.000, Bid:,2,100,1,101,1,Ask:,4,263,1,363,1,431,1,451,1,
1998.286, Bid:,1,100,1,Ask:,4,263,1,363,1,431,1,451,1,
1998.571, Bid:,1,100,1,Ask:,3,363,1,431,1,451,1,
1998.714, Bid:,1,100,1,Ask:,4,327,1,363,1,431,1,451,1,
1998.857, Bid:,2,100,1,268,1,Ask:,4,327,1,363,1,431,1,451,1,
1999.571, Bid:,2,100,1,268,1,Ask:,5,327,1,363,1,431,1,451,1,500,1,
1999.714, Bid:,2,100,1,268,1,Ask:,5,327,1,363,1,396,1,431,1,500,1,
2000.286, Bid:,2,100,2,268,1,Ask:,5,327,1,363,1,396,1,431,1,500,1,
2000.571, Bid:,1,100,2,Ask:,5,327,1,363,1,396,1,431,1,500,1,
2003.000, Bid:,2,100,2,109,1,Ask:,5,327,1,363,1,396,1,431,1,500,1,
2028.000, Bid:,1,100,2,Ask:,5,327,1,363,1,396,1,431,1,500,1,
2028.714, Bid:,1,100,1,Ask:,4,363,1,396,1,431,1,500,1,
2028.857, Bid:,1,100,1,Ask:,4,101,1,363,1,396,1,431,1,
2029.000, Bid:,1,100,1,Ask:,3,363,1,396,1,431,1,
2029.143, Bid:,2,100,1,102,1,Ask:,3,363,1,396,1,431,1,
2029.286, Bid:,2,100,1,102,1,Ask:,2,396,1,431,1,
2029.429, Bid:,3,52,1,100,1,102,1,Ask:,2,396,1,431,1,
2029.571, Bid:,3,52,1,100,1,102,1,Ask:,2,232,1,431,1,
2029.714, Bid:,3,52,1,100,1,102,1,Ask:,3,232,1,280,1,431,1,
2030.000, Bid:,3,52,1,100,1,102,1,Ask:,4,130,1,232,1,280,1,431,1,
2030.429, Bid:,3,52,1,100,1,102,1,Ask:,5,130,1,155,1,232,1,280,1,431,1,
2030.857, Bid:,2,52,1,100,1,Ask:,5,130,1,155,1,232,1,280,1,431,1,
2031.286, Bid:,3,52,1,76,1,100,1,Ask:,5,130,1,155,1,232,1,280,1,431,1,
2057.714, Bid:,4,52,1,76,1,100,1,101,1,Ask:,5,130,1,155,1,232,1,280,1,431,1,
2058.143, Bid:,3,52,1,76,1,100,1,Ask:,4,130,1,155,1,232,1,431,1,
2058.286, Bid:,2,76,1,100,2,Ask:,4,130,1,155,1,232,1,431,1,
2058.429, Bid:,2,76,1,100,2,Ask:,3,155,1,232,1,431,1,
2059.000, Bid:,2,76,1,100,1,Ask:,3,155,1,232,1,431,1,
2059.143, Bid:,3,44,1,76,1,100,1,Ask:,3,155,1,232,1,431,1,
2059.286, Bid:,3,44,1,76,1,100,1,Ask:,3,232,1,425,1,431,1,
2059.429, Bid:,4,44,1,76,1,100,1,171,1,Ask:,3,232,1,425,1,431,1,
2059.571, Bid:,3,44,1,100,1,171,1,Ask:,2,425,1,431,1,
2059.714, Bid:,3,44,1,100,1,171,1,Ask:,3,354,1,425,1,431,1,
2060.000, Bid:,2,44,1,100,1,Ask:,3,354,1,425,1,431,1,
2060.429, Bid:,2,44,1,100,1,Ask:,2,425,1,431,1,
2060.714, Bid:,3,44,1,100,1,288,1,Ask:,2,425,1,431,1,
2060.857, Bid:,2,44,1,100,1,Ask:,2,425,1,431,1,
2061.143, Bid:,3,44,1,100,1,155,1,Ask:,2,425,1,431,1,
2061.429, Bid:,4,44,1,100,1,155,1,413,1,Ask:,2,425,1,431,1,
2061.714, Bid:,5,44,1,59,1,100,1,155,1,413,1,Ask:,2,425,1,431,1,
2087.857, Bid:,5,44,1,59,1,100,2,155,1,413,1,Ask:,2,425,1,431,1,
2088.143, Bid:,5,44,1,59,1,100,2,101,1,155,1,Ask:,2,425,1,431,1,
2088.286, Bid:,4,44,1,59,1,100,2,101,1,Ask:,2,425,1,431,1,
2088.429, Bid:,4,44,1,59,1,100,2,101,1,Ask:,1,431,1,
2088.857, Bid:,4,44,1,59,1,100,2,101,1,Ask:,2,194,1,431,1,
2089.143, Bid:,4,44,1,59,1,100,2,101,2,Ask:,2,194,1,431,1,
2089.429, Bid:,4,44,1,59,1,100,2,101,1,Ask:,2,194,1,431,1,
2089.571, Bid:,4,44,1,59,1,100,2,101,1,Ask:,3,116,1,194,1,431,1,
2090.286, Bid:,4,44,1,59,1,100,2,101,1,Ask:,2,194,1,431,1,
2090.429, Bid:,4,44,1,45,1,100,2,101,1,Ask:,2,194,1,431,1,
2092.000, Bid:,4,44,1,45,1,100,2,101,1,Ask:,3,194,1,291,1,431,1,
2093.571, Bid:,3,45,1,100,2,101,1,Ask:,2,291,1,431,1,
2094.143, Bid:,3,45,1,100,2,101,1,Ask:,3,183,1,291,1,431,1,
2095.000, Bid:,3,45,1,100,2,101,1,Ask:,4,183,1,219,1,291,1,431,1,
2118.143, Bid:,2,45,1,100,2,Ask:,3,219,1,291,1,431,1,
2118.429, Bid:,3,45,1,100,2,101,1,Ask:,3,219,1,291,1,431,1,
2119.000, Bid:,2,45,1,100,2,Ask:,3,219,1,291,1,431,1,
2119.143, Bid:,3,45,1,100,2,150,1,Ask:,3,219,1,291,1,431,1,
2119.429, Bid:,3,45,1,100,2,150,1,Ask:,4,219,1,246,1,291,1,431,1,
2120.286, Bid:,3,45,1,100,2,150,1,Ask:,3,246,1,291,1,431,1,
2120.714, Bid:,2,45,1,100,2,Ask:,3,246,1,291,1,431,1,
2120.857, Bid:,3,45,1,100,2,228,1,Ask:,3,246,1,291,1,431,1,
2121.000, Bid:,3,45,1,100,2,228,1,Ask:,4,246,1,291,1,431,1,483,1,
2123.000, Bid:,4,45,1,100,1,178,1,228,1,Ask:,4,246,1,291,1,431,1,483,1,
2123.143, Bid:,3,45,1,100,1,178,1,Ask:,4,246,1,291,1,431,1,483,1,
2124.143, Bid:,4,45,1,63,1,100,1,178,1,Ask:,4,246,1,291,1,431,1,483,1,
2125.429, Bid:,4,45,1,63,1,100,1,178,1,Ask:,5,246,1,291,1,431,1,483,1,488,1,
2148.143, Bid:,3,45,1,63,1,100,1,Ask:,4,246,1,291,1,431,1,488,1,
2148.286, Bid:,3,45,1,63,1,100,1,Ask:,5,246,1,291,1,297,1,431,1,488,1,
2148.429, Bid:,3,45,1,100,1,101,1,Ask:,5,246,1,291,1,297,1,431,1,488,1,
2148.571, Bid:,4,32,1,45,1,100,1,101,1,Ask:,5,246,1,291,1,297,1,431,1,488,1,
2150.000, Bid:,3,32,1,45,1,100,1,Ask:,4,291,1,297,1,431,1,488,1,
2150.429, Bid:,3,32,1,100,1,180,1,Ask:,4,291,1,297,1,431,1,488,1,
2151.000, Bid:,2,32,1,100,1,Ask:,3,291,1,297,1,431,1,
2151.286, Bid:,3,32,1,100,1,122,1,Ask:,3,291,1,297,1,431,1,
2151.571, Bid:,3,32,1,100,1,122,1,Ask:,3,297,1,425,1,431,1,
2152.000, Bid:,3,32,1,100,1,122,1,Ask:,2,425,1,431,1,
2152.143, Bid:,2,32,1,100,1,Ask:,2,425,1,431,1,
2152.571, Bid:,2,32,1,100,1,Ask:,3,172,1,425,1,431,1,
2152.714, Bid:,2,32,1,100,1,Ask:,4,172,1,241,1,425,1,431,1,
2155.143, Bid:,2,32,1,100,1,Ask:,5,172,1,241,1,425,1,431,1,482,1,
2178.286, Bid:,2,32,1,100,1,Ask:,5,101,1,172,1,241,1,425,1,431,1,
2178.429, Bid:,1,32,1,Ask:,4,101,1,172,1,425,1,431,1,
2178.571, Bid:,1,32,1,Ask:,3,172,1,425,1,431,1,
2178.714, Bid:,1,32,1,Ask:,2,425,1,431,1,
2178.857, Bid:,1,32,1,Ask:,3,425,1,431,1,484,1,
2179.000, Bid:,2,32,1,102,1,Ask:,3,425,1,431,1,484,1,
2179.143, Bid:,2,100,1,102,1,Ask:,3,425,1,431,1,484,1,
2179.286, Bid:,2,100,1,102,1,Ask:,3,253,1,425,1,484,1,
2179.429, Bid:,2,100,1,102,1,Ask:,2,425,1,484,1,
2179.571, Bid:,2,100,1,102,1,Ask:,3,147,1,425,1,484,1,
2179.714, Bid:,2,100,1,102,1,Ask:,3,147,1,164,1,484,1,
2180.000, Bid:,3,22,1,100,1,102,1,Ask:,3,147,1,164,1,484,1,
2180.714, Bid:,3,22,1,100,1,102,1,Ask:,4,147,1,164,1,295,1,484,1,
2208.429, Bid:,2,22,1,100,1,Ask:,3,147,1,164,1,295,1,
2208.714, Bid:,3,22,1,100,1,101,1,Ask:,3,147,1,164,1,295,1,
2209.000, Bid:,2,22,1,100,1,Ask:,2,164,1,295,1,
2209.143, Bid:,1,100,2,Ask:,2,164,1,295,1,
2209.571, Bid:,1,100,1,Ask:,1,164,1,
2209.714, Bid:,1,100,1,Ask:,2,134,1,164,1,
2209.857, Bid:,1,100,1,Ask:,3,134,1,164,1,211,1,
2210.000, Bid:,1,100,1,Ask:,4,134,1,164,1,211,1,218,1,
2210.286, Bid:,1,100,1,Ask:,3,164,1,211,1,218,1,
2210.857, Bid:,2,100,1,158,1,Ask:,3,164,1,211,1,218,1,
2211.429, Bid:,2,100,1,158,1,Ask:,2,211,1,218,1,
2211.714, Bid:,1,100,1,Ask:,2,211,1,218,1,
2212.000, Bid:,0,Ask:,2,211,1,218,1,
2212.143, Bid:,0,Ask:,1,218,1,
2212.286, Bid:,0,Ask:,0,
2212.429, Bid:,1,400,1,Ask:,0,
2212.571, Bid:,1,400,1,Ask:,1,468,1,
2212.714, Bid:,2,336,1,400,1,Ask:,1,468,1,
2212.857, Bid:,3,186,1,336,1,400,1,Ask:,1,468,1,
2213.000, Bid:,4,81,1,186,1,336,1,400,1,Ask:,1,468,1,
2213.857, Bid:,4,81,1,186,1,336,1,400,1,Ask:,2,411,1,468,1,
2238.571, Bid:,3,81,1,186,1,336,1,Ask:,2,411,1,468,1,
2238.714, Bid:,2,186,1,336,1,Ask:,1,468,1,
2238.857, Bid:,2,100,1,336,1,Ask:,1,468,1,
2239.000, Bid:,3,100,1,193,1,336,1,Ask:,1,468,1,
2239.143, Bid:,4,83,1,100,1,193,1,336,1,Ask:,1,468,1,
2239.286, Bid:,5,83,1,86,1,100,1,193,1,336,1,Ask:,1,468,1,
2240.571, Bid:,4,83,1,86,1,100,1,193,1,Ask:,0,
2241.286, Bid:,4,83,1,86,1,100,1,193,1,Ask:,1,205,1,
2241.571, Bid:,4,83,1,86,1,100,1,193,1,Ask:,0,
2241.714, Bid:,4,83,1,86,1,100,1,193,1,Ask:,1,268,1,
2242.429, Bid:,5,73,1,83,1,86,1,100,1,193,1,Ask:,1,268,1,
2243.143, Bid:,5,73,1,83,1,86,1,100,1,193,1,Ask:,0,
2243.571, Bid:,5,73,1,83,1,86,1,100,1,193,1,Ask:,1,242,1,
2268.714, Bid:,4,73,1,86,1,100,2,193,1,Ask:,1,242,1,
2268.857, Bid:,3,73,1,86,1,100,2,Ask:,1,242,1,
2269.000, Bid:,4,73,1,86,1,100,2,101,1,Ask:,1,242,1,
2269.143, Bid:,3,73,1,86,1,100,2,Ask:,1,242,1,
2269.571, Bid:,3,73,1,86,1,100,2,Ask:,2,169,1,242,1,
2269.857, Bid:,3,73,1,86,1,100,2,Ask:,2,169,1,258,1,
2270.571, Bid:,3,73,1,86,1,100,2,Ask:,3,101,1,169,1,258,1,
2271.000, Bid:,3,73,1,86,1,100,1,Ask:,3,101,1,169,1,258,1,
2271.857, Bid:,3,73,1,86,1,100,1,Ask:,2,169,1,258,1,
2272.000, Bid:,3,73,1,86,1,100,1,Ask:,3,169,1,258,1,312,1,
2272.286, Bid:,2,73,1,86,1,Ask:,3,169,1,258,1,312,1,
2272.429, Bid:,3,20,1,73,1,86,1,Ask:,3,169,1,258,1,312,1,
2272.714, Bid:,3,20,1,73,1,86,1,Ask:,2,258,1,312,1,
2273.000, Bid:,4,20,1,43,1,73,1,86,1,Ask:,2,258,1,312,1,
2273.571, Bid:,5,20,1,43,1,73,1,86,1,228,1,Ask:,2,258,1,312,1,
2274.571, Bid:,5,20,1,43,1,73,1,86,1,228,1,Ask:,3,258,1,312,1,437,1,
2298.857, Bid:,4,20,1,43,1,73,1,86,1,Ask:,3,258,1,312,1,437,1,
2299.000, Bid:,5,20,1,43,1,73,1,86,1,101,1,Ask:,3,258,1,312,1,437,1,
2299.143, Bid:,4,20,1,43,1,73,1,86,1,Ask:,2,258,1,437,1,
2299.286, Bid:,4,20,1,43,1,73,1,86,1,Ask:,3,258,1,437,1,446,1,
2299.571, Bid:,4,20,1,73,1,86,1,100,1,Ask:,3,258,1,437,1,446,1,
2299.714, Bid:,4,20,1,73,1,86,1,100,1,Ask:,4,172,1,258,1,437,1,446,1,
2299.857, Bid:,5,20,1,73,1,86,1,96,1,100,1,Ask:,4,172,1,258,1,437,1,446,1,
2300.571, Bid:,4,20,1,73,1,86,1,96,1,Ask:,3,172,1,258,1,446,1,
2300.714, Bid:,4,20,1,73,1,86,1,96,1,Ask:,2,258,1,446,1,
2301.000, Bid:,4,20,1,73,1,86,1,96,1,Ask:,3,258,1,304,1,446,1,
2301.286, Bid:,4,20,1,73,1,86,1,96,1,Ask:,4,258,1,304,1,375,1,446,1,
2301.429, Bid:,4,20,1,73,1,86,1,96,1,Ask:,5,258,1,304,1,375,1,428,1,446,1,
2301.571, Bid:,4,20,1,73,1,86,1,96,1,Ask:,6,258,1,304,1,371,1,375,1,428,1,446,1,
2329.000, Bid:,4,20,1,73,1,86,1,96,1,Ask:,6,100,1,258,1,304,1,371,1,375,1,446,1,
2329.143, Bid:,4,20,1,73,1,86,1,96,1,Ask:,6,100,1,101,1,258,1,304,1,371,1,446,1,
2329.286, Bid:,3,20,1,73,1,86,1,Ask:,5,101,1,258,1,304,1,371,1,446,1,
2329.571, Bid:,3,20,1,73,1,86,1,Ask:,5,100,1,101,1,258,1,371,1,446,1,
2329.714, Bid:,3,20,1,73,1,86,1,Ask:,4,101,1,258,1,371,1,446,1,
2329.857, Bid:,4,20,1,73,1,86,1,100,1,Ask:,4,101,1,258,1,371,1,446,1,
2330.000, Bid:,4,20,1,73,1,86,1,100,1,Ask:,4,101,1,258,1,371,1,446,2,
2330.286, Bid:,4,20,1,73,1,86,1,100,2,Ask:,4,101,1,258,1,371,1,446,2,
2330.714, Bid:,4,20,1,73,1,86,1,100,2,Ask:,4,101,1,102,1,371,1,446,2,
2330.857, Bid:,4,20,1,73,1,86,1,100,2,Ask:,5,101,1,102,1,223,1,371,1,446,2,
2359.143, Bid:,4,20,1,73,1,86,1,100,1,Ask:,5,101,1,102,1,223,1,371,1,446,1,
2359.286, Bid:,4,20,1,73,1,86,1,100,1,Ask:,4,102,1,223,1,371,1,446,1,
2359.571, Bid:,4,20,1,73,1,86,1,100,1,Ask:,4,223,1,346,1,371,1,446,1,
2359.714, Bid:,4,73,1,80,1,86,1,100,1,Ask:,4,223,1,346,1,371,1,446,1,
2359.857, Bid:,3,73,1,80,1,86,1,Ask:,3,346,1,371,1,446,1,
2360.000, Bid:,3,73,1,80,1,320,1,Ask:,3,346,1,371,1,446,1,
2360.714, Bid:,2,73,1,80,1,Ask:,3,346,1,371,1,446,1,
2360.857, Bid:,2,73,1,80,1,Ask:,3,285,1,346,1,371,1,
2361.000, Bid:,2,73,1,80,1,Ask:,4,121,1,285,1,346,1,371,1,
2361.286, Bid:,2,73,1,80,1,Ask:,3,285,1,346,1,371,1,
2361.429, Bid:,3,50,1,73,1,80,1,Ask:,3,285,1,346,1,371,1,
2361.714, Bid:,4,50,1,57,1,73,1,80,1,Ask:,3,285,1,346,1,371,1,
2362.286, Bid:,5,50,1,57,1,73,1,80,1,122,1,Ask:,3,285,1,346,1,371,1,
2362.857, Bid:,5,50,1,57,1,73,1,80,1,122,1,Ask:,4,282,1,285,1,346,1,371,1,
2389.429, Bid:,5,50,1,73,1,80,1,100,1,122,1,Ask:,4,282,1,285,1,346,1,371,1,
2389.714, Bid:,4,50,1,73,1,80,1,100,1,Ask:,4,282,1,285,1,346,1,371,1,
2390.000, Bid:,5,50,1,73,1,80,1,100,1,101,1,Ask:,4,282,1,285,1,346,1,371,1,
2390.143, Bid:,5,50,1,73,1,80,1,100,2,101,1,Ask:,4,282,1,285,1,346,1,371,1,
2390.429, Bid:,4,50,1,73,1,80,1,100,2,Ask:,3,285,1,346,1,371,1,
2390.571, Bid:,4,50,1,80,1,100,2,235,1,Ask:,3,285,1,346,1,371,1,
2390.857, Bid:,3,50,1,100,2,235,1,Ask:,2,346,1,371,1,
2391.000, Bid:,2,50,1,100,2,Ask:,1,371,1,
2391.143, Bid:,2,50,1,100,2,Ask:,2,170,1,371,1,
2391.286, Bid:,2,50,1,100,2,Ask:,3,129,1,170,1,371,1,
2391.429, Bid:,2,50,1,100,2,Ask:,4,129,1,170,1,291,1,371,1,
2391.571, Bid:,2,50,1,100,2,Ask:,3,170,1,291,1,371,1,
2392.000, Bid:,2,50,1,100,1,Ask:,3,170,1,291,1,371,1,
2392.143, Bid:,3,50,1,100,1,114,1,Ask:,3,170,1,291,1,371,1,
2392.429, Bid:,3,50,1,100,1,114,1,Ask:,4,170,1,291,1,366,1,371,1,
2393.000, Bid:,3,50,1,100,1,114,1,Ask:,4,170,1,244,1,291,1,366,1,
2395.571, Bid:,2,50,1,114,1,Ask:,3,244,1,291,1,366,1,
2396.143, Bid:,2,50,1,114,1,Ask:,4,187,1,244,1,291,1,366,1,
2396.286, Bid:,2,50,1,114,1,Ask:,5,187,1,244,1,245,1,291,1,366,1,
2419.429, Bid:,1,50,1,Ask:,4,187,1,244,1,291,1,366,1,
2419.571, Bid:,2,50,1,175,1,Ask:,4,187,1,244,1,291,1,366,1,
2419.857, Bid:,2,50,1,175,1,Ask:,5,187,1,244,1,291,1,321,1,366,1,
2420.000, Bid:,1,50,1,Ask:,4,187,1,244,1,321,1,366,1,
2420.143, Bid:,2,50,1,100,1,Ask:,4,187,1,244,1,321,1,366,1,
2420.429, Bid:,2,50,1,100,2,Ask:,4,187,1,244,1,321,1,366,1,
2420.571, Bid:,3,50,1,100,2,164,1,Ask:,4,187,1,244,1,321,1,366,1,
2420.714, Bid:,2,50,1,100,2,Ask:,3,187,1,244,1,321,1,
2420.857, Bid:,2,50,1,100,1,Ask:,3,187,1,244,1,321,1,
2421.143, Bid:,2,50,1,100,1,Ask:,3,244,1,321,1,345,1,
2421.286, Bid:,2,50,1,100,1,Ask:,2,321,1,345,1,
2421.571, Bid:,2,50,1,100,1,Ask:,3,321,1,327,1,345,1,
2421.857, Bid:,1,100,2,Ask:,3,321,1,327,1,345,1,
2422.429, Bid:,2,100,1,158,1,Ask:,3,321,1,327,1,345,1,
2422.714, Bid:,2,100,1,158,1,Ask:,4,321,1,327,1,345,1,393,1,
2449.571, Bid:,1,100,1,Ask:,4,321,1,327,1,345,1,393,1,
2449.714, Bid:,0,Ask:,3,321,1,345,1,393,1,
2450.000, Bid:,0,Ask:,2,345,1,393,1,
2450.143, Bid:,0,Ask:,1,393,1,
2450.286, Bid:,0,Ask:,2,9,1,393,1,
2450.571, Bid:,0,Ask:,1,393,1,
2450.714, Bid:,0,Ask:,2,393,1,405,1,
2451.000, Bid:,0,Ask:,3,295,1,393,1,405,1,
2451.143, Bid:,1,101,1,Ask:,3,295,1,393,1,405,1,
2451.286, Bid:,1,101,1,Ask:,2,393,1,405,1,
2451.429, Bid:,1,101,1,Ask:,1,405,1,
2451.714, Bid:,2,10,1,101,1,Ask:,1,405,1,
2451.857, Bid:,2,10,1,101,1,Ask:,0,
2452.000, Bid:,3,10,1,101,1,294,1,Ask:,0,
2452.143, Bid:,4,10,1,101,1,294,1,385,1,Ask:,0,
2452.286, Bid:,4,10,1,101,1,294,1,385,1,Ask:,1,419,1,
2452.429, Bid:,3,10,1,101,1,294,1,Ask:,1,419,1,
2452.571, Bid:,4,10,1,101,1,294,1,334,1,Ask:,1,419,1,
2452.714, Bid:,4,10,1,94,1,294,1,334,1,Ask:,1,419,1,
2453.286, Bid:,4,10,1,94,1,294,1,334,1,Ask:,2,419,1,456,1,
2454.857, Bid:,3,10,1,94,1,294,1,Ask:,2,419,1,456,1,
2455.000, Bid:,3,10,1,94,1,294,1,Ask:,3,419,1,439,1,456,1,
2455.429, Bid:,2,10,1,94,1,Ask:,3,419,1,439,1,456,1,
2455.714, Bid:,3,10,1,94,1,395,1,Ask:,3,419,1,439,1,456,1,
2456.000, Bid:,3,10,1,94,1,395,1,Ask:,4,419,1,439,1,456,1,458,1,
2479.714, Bid:,3,10,1,101,1,395,1,Ask:,4,419,1,439,1,456,1,458,1,
2480.000, Bid:,4,10,1,100,1,101,1,395,1,Ask:,4,419,1,439,1,456,1,458,1,
2480.429, Bid:,3,10,1,100,1,101,1,Ask:,3,419,1,439,1,458,1,
2480.714, Bid:,3,10,1,100,1,101,1,Ask:,2,439,1,458,1,
2480.857, Bid:,4,10,1,100,1,101,1,277,1,Ask:,2,439,1,458,1,
2481.286, Bid:,3,10,1,100,1,101,1,Ask:,1,439,1,
2481.429, Bid:,4,10,1,81,1,100,1,101,1,Ask:,1,439,1,
2481.571, Bid:,4,10,1,81,1,101,1,179,1,Ask:,1,439,1,
2481.714, Bid:,5,10,1,81,1,100,1,101,1,179,1,Ask:,1,439,1,
2482.000, Bid:,6,10,1,58,1,81,1,100,1,101,1,179,1,Ask:,1,439,1,
2482.714, Bid:,5,10,1,58,1,81,1,100,1,101,1,Ask:,1,439,1,
2483.000, Bid:,6,10,1,58,1,81,1,100,1,101,1,160,1,Ask:,1,439,1,
2484.714, Bid:,6,10,1,58,1,81,1,100,1,101,1,160,1,Ask:,2,253,1,439,1,
2485.000, Bid:,5,58,1,81,1,100,1,101,1,160,1,Ask:,1,439,1,
2486.714, Bid:,6,58,1,81,1,100,1,101,1,160,1,368,1,Ask:,1,439,1,
2489.714, Bid:,5,58,1,81,1,100,1,101,1,160,1,Ask:,1,439,1,
2491.143, Bid:,5,58,1,81,1,100,1,101,1,160,1,Ask:,2,324,1,439,1,
2510.143, Bid:,4,58,1,81,1,100,1,101,1,Ask:,2,324,1,439,1,
2510.286, Bid:,4,58,1,81,1,100,1,101,1,Ask:,3,324,1,439,1,458,1,
2510.429, Bid:,4,58,1,81,1,100,1,101,1,Ask:,4,165,1,324,1,439,1,458,1,
2510.714, Bid:,3,58,1,81,1,100,1,Ask:,4,165,1,324,1,439,1,458,1,
2510.857, Bid:,4,39,1,58,1,81,1,100,1,Ask:,4,165,1,324,1,439,1,458,1,
2511.143, Bid:,4,39,1,58,1,81,1,100,1,Ask:,5,107,1,165,1,324,1,439,1,458,1,
2511.714, Bid:,4,39,1,58,1,81,1,100,2,Ask:,5,107,1,165,1,324,1,439,1,458,1,
2512.000, Bid:,4,39,1,58,1,81,1,100,2,Ask:,4,165,1,324,1,439,1,458,1,
2513.857, Bid:,4,39,1,58,1,81,1,100,2,Ask:,5,165,1,201,1,324,1,439,1,458,1,
2540.143, Bid:,4,58,1,81,1,100,2,101,1,Ask:,5,165,1,201,1,324,1,439,1,458,1,
2540.429, Bid:,3,58,1,81,1,100,2,Ask:,4,165,1,324,1,439,1,458,1,
2540.571, Bid:,3,58,1,81,1,100,2,Ask:,5,165,1,324,1,439,1,458,1,499,1,
2541.000, Bid:,3,58,1,81,1,100,1,Ask:,4,324,1,439,1,458,1,499,1,
2541.571, Bid:,3,58,1,81,1,100,1,Ask:,5,324,1,394,1,439,1,458,1,499,1,
2541.857, Bid:,4,58,1,81,1,100,1,286,1,Ask:,5,324,1,394,1,439,1,458,1,499,1,
2542.000, Bid:,3,58,1,81,1,100,1,Ask:,5,324,1,394,1,439,1,458,1,499,1,
2542.286, Bid:,2,58,1,81,1,Ask:,4,324,1,394,1,439,1,499,1,
2542.429, Bid:,2,58,1,81,1,Ask:,5,324,1,380,1,394,1,439,1,499,1,
2543.429, Bid:,2,58,1,81,1,Ask:,5,181,1,380,1,394,1,439,1,499,1,
2543.571, Bid:,3,58,1,81,1,163,1,Ask:,5,181,1,380,1,394,1,439,1,499,1,
2570.143, Bid:,2,58,1,81,1,Ask:,4,181,1,380,1,439,1,499,1,
2570.286, Bid:,2,58,1,81,1,Ask:,4,101,1,181,1,439,1,499,1,
2570.429, Bid:,2,58,1,81,1,Ask:,3,181,1,439,1,499,1,
2570.571, Bid:,2,58,1,81,1,Ask:,4,181,1,439,1,486,1,499,1,
2570.714, Bid:,1,58,1,Ask:,3,439,1,486,1,499,1,
2571.000, Bid:,1,58,1,Ask:,4,361,1,439,1,486,1,499,1,
2571.143, Bid:,2,58,1,102,1,Ask:,4,361,1,439,1,486,1,499,1,
2571.286, Bid:,3,58,1,100,1,102,1,Ask:,4,361,1,439,1,486,1,499,1,
2571.714, Bid:,3,58,1,100,1,102,1,Ask:,5,159,1,361,1,439,1,486,1,499,1,
2572.286, Bid:,3,58,1,100,1,102,1,Ask:,5,120,1,159,1,361,1,439,1,486,1,
2572.571, Bid:,2,58,1,100,1,Ask:,4,159,1,361,1,439,1,486,1,
2573.714, Bid:,2,58,1,100,1,Ask:,3,361,1,439,1,486,1,
2574.000, Bid:,2,58,1,100,1,Ask:,4,301,1,361,1,439,1,486,1,
2575.143, Bid:,2,58,1,100,1,Ask:,3,361,1,439,1,486,1,
2576.429, Bid:,2,58,1,100,1,Ask:,4,361,1,374,1,439,1,486,1,
2576.714, Bid:,3,49,1,58,1,100,1,Ask:,4,361,1,374,1,439,1,486,1,
2577.143, Bid:,3,49,1,58,1,100,1,Ask:,5,361,1,374,1,413,1,439,1,486,1,
2600.286, Bid:,3,58,1,100,1,101,1,Ask:,5,361,1,374,1,413,1,439,1,486,1,
2600.429, Bid:,2,58,1,100,1,Ask:,4,374,1,413,1,439,1,486,1,
2600.571, Bid:,2,58,1,100,2,Ask:,4,374,1,413,1,439,1,486,1,
2600.714, Bid:,2,100,2,165,1,Ask:,4,374,1,413,1,439,1,486,1,
2600.857, Bid:,1,100,2,Ask:,3,374,1,413,1,439,1,
2601.000, Bid:,1,100,2,Ask:,4,157,1,374,1,413,1,439,1,
2601.286, Bid:,1,100,2,Ask:,5,127,1,157,1,374,1,413,1,439,1,
2601.571, Bid:,1,100,2,Ask:,4,157,1,374,1,413,1,439,1,
2601.714, Bid:,1,100,2,Ask:,3,374,1,413,1,439,1,
2602.286, Bid:,2,100,2,329,1,Ask:,3,374,1,413,1,439,1,
2602.571, Bid:,1,100,2,Ask:,2,374,1,439,1,
2602.857, Bid:,2,25,1,100,2,Ask:,2,374,1,439,1,
2603.000, Bid:,2,25,1,100,1,Ask:,2,374,1,439,1,
2603.143, Bid:,2,25,1,100,1,Ask:,1,439,1,
2603.286, Bid:,2,25,1,100,1,Ask:,2,164,1,439,1,
2603.429, Bid:,2,25,1,100,1,Ask:,3,164,1,379,1,439,1,
2604.000, Bid:,2,25,1,100,1,Ask:,3,164,1,349,1,379,1,
2604.286, Bid:,2,25,1,51,1,Ask:,3,164,1,349,1,379,1,
2604.429, Bid:,2,25,1,51,1,Ask:,2,349,1,379,1,
2604.857, Bid:,2,25,1,51,1,Ask:,1,379,1,
2605.000, Bid:,2,25,1,51,1,Ask:,2,106,1,379,1,
2605.857, Bid:,2,25,1,51,1,Ask:,1,379,1,
2606.286, Bid:,2,25,1,51,1,Ask:,0,
2606.429, Bid:,2,25,1,51,1,Ask:,1,91,1,
2606.571, Bid:,2,25,1,51,1,Ask:,0,
2606.714, Bid:,3,25,1,51,1,92,1,Ask:,0,
2606.857, Bid:,4,25,1,51,1,80,1,92,1,Ask:,0,
2607.000, Bid:,5,25,1,51,1,80,1,92,1,319,1,Ask:,0,
2607.143, Bid:,5,25,1,51,1,80,1,92,1,319,1,Ask:,1,452,1,
2608.143, Bid:,5,25,1,51,1,80,1,92,1,319,1,Ask:,0,
2608.286, Bid:,4,25,1,51,1,80,1,92,1,Ask:,0,
2608.429, Bid:,5,25,1,51,1,80,1,92,1,213,1,Ask:,0,
2609.000, Bid:,6,25,1,51,1,80,1,92,1,213,1,419,1,Ask:,0,
2610.857, Bid:,7,25,1,37,1,51,1,80,1,92,1,213,1,419,1,Ask:,0,
2630.571, Bid:,7,25,1,37,1,80,1,92,1,100,1,213,1,419,1,Ask:,0,
2630.714, Bid:,6,25,1,37,1,80,1,92,1,100,1,213,1,Ask:,0,
2631.000, Bid:,5,25,1,37,1,80,1,92,1,100,1,Ask:,0,
2631.143, Bid:,4,25,1,37,1,80,1,92,1,Ask:,0,
2631.286, Bid:,4,25,1,37,1,80,1,92,1,Ask:,1,145,1,
2631.571, Bid:,4,25,1,37,1,80,1,92,1,Ask:,2,145,1,231,1,
2631.857, Bid:,4,25,1,80,1,92,1,100,1,Ask:,2,145,1,231,1,
2632.143, Bid:,4,25,1,80,1,92,1,100,1,Ask:,3,145,1,177,1,231,1,
2633.143, Bid:,5,25,1,74,1,80,1,92,1,100,1,Ask:,3,145,1,177,1,231,1,
2634.571, Bid:,5,25,1,74,1,80,1,92,1,100,1,Ask:,4,145,1,177,1,231,1,413,1,
2635.714, Bid:,4,25,1,74,1,80,1,100,1,Ask:,3,177,1,231,1,413,1,
2636.429, Bid:,4,25,1,74,1,80,1,100,1,Ask:,4,107,1,177,1,231,1,413,1,
2660.571, Bid:,3,25,1,74,1,80,1,Ask:,3,107,1,231,1,413,1,
2660.714, Bid:,4,25,1,74,1,80,1,100,1,Ask:,3,107,1,231,1,413,1,
2660.857, Bid:,4,25,1,74,1,80,1,100,1,Ask:,4,107,1,231,1,413,1,454,1,
2661.000, Bid:,4,25,1,80,1,100,1,101,1,Ask:,4,107,1,231,1,413,1,454,1,
2661.571, Bid:,4,25,1,80,1,100,1,101,1,Ask:,3,231,1,413,1,454,1,
2661.857, Bid:,4,25,1,80,1,100,1,101,1,Ask:,4,231,1,413,1,454,1,470,1,
2662.000, Bid:,4,25,1,80,1,100,1,101,1,Ask:,3,413,1,454,1,470,1,
2662.429, Bid:,4,25,1,80,1,100,1,101,1,Ask:,4,150,1,413,1,454,1,470,1,
2663.286, Bid:,3,25,1,80,1,100,1,Ask:,4,150,1,413,1,454,1,470,1,
2663.429, Bid:,2,25,1,80,1,Ask:,4,150,1,413,1,454,1,470,1,
2663.571, Bid:,2,25,1,80,1,Ask:,5,99,1,150,1,413,1,454,1,470,1,
2663.714, Bid:,2,25,1,80,1,Ask:,6,99,1,150,1,267,1,413,1,454,1,470,1,
2663.857, Bid:,2,25,1,80,1,Ask:,6,99,1,150,1,164,1,267,1,454,1,470,1,
2691.000, Bid:,2,25,1,80,1,Ask:,5,150,1,164,1,267,1,454,1,470,1,
2691.143, Bid:,3,25,1,80,1,100,1,Ask:,5,150,1,164,1,267,1,454,1,470,1,
2691.571, Bid:,2,25,1,80,1,Ask:,4,150,1,164,1,267,1,470,1,
2691.714, Bid:,2,25,1,80,1,Ask:,3,164,1,267,1,470,1,
2692.143, Bid:,1,25,1,Ask:,2,267,1,470,1,
2692.429, Bid:,1,25,1,Ask:,2,101,1,267,1,
2692.571, Bid:,1,25,1,Ask:,1,267,1,
2692.714, Bid:,2,25,1,164,1,Ask:,1,267,1,
2692.857, Bid:,1,25,1,Ask:,0,
2693.000, Bid:,1,25,1,Ask:,1,152,1,
2693.143, Bid:,1,25,1,Ask:,0,
2693.286, Bid:,1,25,1,Ask:,1,231,1,
2693.571, Bid:,1,25,1,Ask:,2,190,1,231,1,
2693.714, Bid:,1,25,1,Ask:,3,190,1,231,1,391,1,
2694.143, Bid:,1,117,1,Ask:,3,190,1,231,1,391,1,
2694.429, Bid:,1,117,1,Ask:,2,231,1,391,1,
2696.286, Bid:,1,117,1,Ask:,1,391,1,
2696.857, Bid:,1,117,1,Ask:,0,
2697.000, Bid:,1,117,1,Ask:,1,446,1,
2697.143, Bid:,2,117,1,205,1,Ask:,1,446,1,
2697.429, Bid:,2,117,1,205,1,Ask:,2,406,1,446,1,
2697.857, Bid:,3,117,1,205,1,304,1,Ask:,2,406,1,446,1,
2698.571, Bid:,2,117,1,205,1,Ask:,2,406,1,446,1,
2699.000, Bid:,3,117,1,205,1,255,1,Ask:,2,406,1,446,1,
2699.143, Bid:,4,117,1,156,1,205,1,255,1,Ask:,2,406,1,446,1,
2720.857, Bid:,4,100,1,117,1,156,1,205,1,Ask:,2,406,1,446,1,
2721.000, Bid:,3,100,1,117,1,156,1,Ask:,2,406,1,446,1,
2721.286, Bid:,2,100,1,117,1,Ask:,2,406,1,446,1,
2721.571, Bid:,2,100,1,117,1,Ask:,3,359,1,406,1,446,1,
2722.000, Bid:,2,100,2,117,1,Ask:,3,359,1,406,1,446,1,
2722.143, Bid:,3,100,2,101,1,117,1,Ask:,3,359,1,406,1,446,1,
2723.143, Bid:,2,100,2,101,1,Ask:,3,359,1,406,1,446,1,
2724.000, Bid:,2,100,2,101,1,Ask:,4,285,1,359,1,406,1,446,1,
2724.286, Bid:,2,100,2,101,1,Ask:,5,285,1,359,1,389,1,406,1,446,1,
2751.000, Bid:,1,100,2,Ask:,4,359,1,389,1,406,1,446,1,
2751.143, Bid:,1,100,1,Ask:,3,389,1,406,1,446,1,
2751.571, Bid:,2,100,1,103,1,Ask:,3,389,1,406,1,446,1,
2751.857, Bid:,1,100,1,Ask:,2,406,1,446,1,
2752.000, Bid:,1,100,1,Ask:,3,406,1,427,1,446,1,
2752.429, Bid:,1,100,1,Ask:,4,185,1,406,1,427,1,446,1,
2752.571, Bid:,1,100,1,Ask:,3,406,1,427,1,446,1,
2752.857, Bid:,1,100,1,Ask:,4,112,1,406,1,427,1,446,1,
2753.000, Bid:,1,100,1,Ask:,3,406,1,427,1,446,1,
2753.286, Bid:,1,100,1,Ask:,2,427,1,446,1,
2753.429, Bid:,2,100,1,256,1,Ask:,2,427,1,446,1,
2753.714, Bid:,1,100,1,Ask:,2,427,1,446,1,
2753.857, Bid:,1,100,1,Ask:,1,446,1,
2754.000, Bid:,1,100,1,Ask:,2,288,1,446,1,
2754.143, Bid:,1,100,1,Ask:,3,288,1,408,1,446,1,
2754.286, Bid:,2,40,1,100,1,Ask:,3,288,1,408,1,446,1,
2754.571, Bid:,1,40,1,Ask:,2,408,1,446,1,
2754.714, Bid:,1,40,1,Ask:,1,446,1,
2754.857, Bid:,1,40,1,Ask:,2,446,1,477,1,
2755.143, Bid:,1,40,1,Ask:,2,196,1,477,1,
2755.429, Bid:,2,40,1,50,1,Ask:,2,196,1,477,1,
2755.857, Bid:,2,40,1,50,1,Ask:,1,477,1,
2756.000, Bid:,1,40,1,Ask:,1,477,1,
2756.143, Bid:,1,40,1,Ask:,2,335,1,477,1,
2756.571, Bid:,2,40,1,197,1,Ask:,2,335,1,477,1,
2757.143, Bid:,2,40,1,197,1,Ask:,3,234,1,335,1,477,1,
2757.286, Bid:,1,40,1,Ask:,2,335,1,477,1,
2757.429, Bid:,1,40,1,Ask:,1,477,1,
2758.286, Bid:,2,8,1,40,1,Ask:,1,477,1,
2758.857, Bid:,2,8,1,40,1,Ask:,2,446,1,477,1,
2759.000, Bid:,2,8,1,40,1,Ask:,3,139,1,446,1,477,1,
2763.000, Bid:,2,8,1,40,1,Ask:,4,139,1,369,1,446,1,477,1,
2781.286, Bid:,2,8,1,40,1,Ask:,4,100,1,369,1,446,1,477,1,
2781.429, Bid:,2,8,1,40,1,Ask:,5,100,1,101,1,369,1,446,1,477,1,
2781.714, Bid:,2,8,1,40,1,Ask:,5,100,2,101,1,369,1,446,1,477,1,
2781.857, Bid:,2,8,1,40,1,Ask:,5,100,1,101,1,369,1,446,1,477,1,
2782.000, Bid:,2,8,1,40,1,Ask:,6,100,1,101,1,369,1,384,1,446,1,477,1,
2782.571, Bid:,2,8,1,40,1,Ask:,5,101,1,369,1,384,1,446,1,477,1,
2782.714, Bid:,2,8,1,40,1,Ask:,5,80,1,101,1,369,1,384,1,477,1,
2783.571, Bid:,2,8,1,40,1,Ask:,4,101,1,369,1,384,1,477,1,
2783.714, Bid:,2,8,1,40,1,Ask:,3,369,1,384,1,477,1,
2783.857, Bid:,3,8,1,40,1,101,1,Ask:,3,369,1,384,1,477,1,
2784.000, Bid:,3,8,1,40,1,101,1,Ask:,4,156,1,369,1,384,1,477,1,
2784.571, Bid:,2,8,1,101,1,Ask:,3,369,1,384,1,477,1,
2784.857, Bid:,3,8,1,9,1,101,1,Ask:,3,369,1,384,1,477,1,
2785.000, Bid:,2,8,1,9,1,Ask:,2,369,1,384,1,
2785.714, Bid:,3,8,1,9,1,35,1,Ask:,2,369,1,384,1,
2785.857, Bid:,3,8,1,9,1,35,1,Ask:,2,384,1,487,1,
2786.000, Bid:,3,8,1,9,1,35,1,Ask:,3,384,1,484,1,487,1,
2786.429, Bid:,3,9,1,35,1,358,1,Ask:,3,384,1,484,1,487,1,
2790.143, Bid:,2,9,1,35,1,Ask:,3,384,1,484,1,487,1,
2790.429, Bid:,3,9,1,35,1,217,1,Ask:,3,384,1,484,1,487,1,
2811.286, Bid:,4,9,1,35,1,100,1,217,1,Ask:,3,384,1,484,1,487,1,
2811.429, Bid:,3,9,1,35,1,100,1,Ask:,3,384,1,484,1,487,1,
2811.571, Bid:,2,9,1,35,1,Ask:,2,484,1,487,1,
2811.714, Bid:,2,35,1,100,1,Ask:,2,484,1,487,1,
2812.000, Bid:,3,35,1,83,1,100,1,Ask:,2,484,1,487,1,
2812.286, Bid:,4,35,1,83,1,100,1,341,1,Ask:,2,484,1,487,1,
2812.571, Bid:,3,35,1,83,1,100,1,Ask:,2,484,1,487,1,
2812.714, Bid:,4,35,1,83,1,100,1,101,1,Ask:,2,484,1,487,1,
2812.857, Bid:,4,35,1,83,1,100,1,101,1,Ask:,1,487,1,
2813.143, Bid:,3,35,1,83,1,100,1,Ask:,1,487,1,
2813.429, Bid:,2,35,1,83,1,Ask:,1,487,1,
2813.571, Bid:,3,35,1,83,1,119,1,Ask:,1,487,1,
2813.714, Bid:,4,35,1,83,1,119,1,154,1,Ask:,1,487,1,
2814.000, Bid:,3,35,1,83,1,119,1,Ask:,1,487,1,
2814.143, Bid:,4,35,1,83,1,119,1,262,1,Ask:,1,487,1,
2814.429, Bid:,4,35,1,119,1,262,1,269,1,Ask:,1,487,1,
2814.571, Bid:,4,35,1,119,1,262,1,269,1,Ask:,2,300,1,487,1,
2815.286, Bid:,4,35,1,119,1,262,1,269,1,Ask:,3,300,1,472,1,487,1,
2815.714, Bid:,5,35,1,97,1,119,1,262,1,269,1,Ask:,3,300,1,472,1,487,1,
2841.429, Bid:,5,35,1,97,1,101,1,119,1,269,1,Ask:,3,300,1,472,1,487,1,
2841.571, Bid:,6,35,1,97,1,100,1,101,1,119,1,269,1,Ask:,3,300,1,472,1,487,1,
2841.714, Bid:,5,35,1,97,1,100,1,101,1,119,1,Ask:,3,300,1,472,1,487,1,
2842.000, Bid:,4,35,1,97,1,100,1,101,1,Ask:,2,472,1,487,1,
2842.571, Bid:,4,35,1,97,1,100,1,101,1,Ask:,3,192,1,472,1,487,1,
2842.857, Bid:,3,35,1,97,1,100,1,Ask:,3,192,1,472,1,487,1,
2843.000, Bid:,3,35,1,97,1,100,1,Ask:,4,192,1,472,1,478,1,487,1,
2843.143, Bid:,3,35,1,97,1,100,1,Ask:,5,192,1,276,1,472,1,478,1,487,1,
2843.286, Bid:,4,35,1,97,1,100,1,131,1,Ask:,5,192,1,276,1,472,1,478,1,487,1,
2843.571, Bid:,3,35,1,97,1,100,1,Ask:,5,192,1,276,1,472,1,478,1,487,1,
2844.286, Bid:,3,35,1,97,2,100,1,Ask:,5,192,1,276,1,472,1,478,1,487,1,
2844.571, Bid:,3,35,1,97,2,100,1,Ask:,5,192,1,233,1,276,1,472,1,478,1,
2871.571, Bid:,2,35,1,97,2,Ask:,4,192,1,233,1,472,1,478,1,
2871.714, Bid:,2,35,1,97,2,Ask:,4,101,1,233,1,472,1,478,1,
2871.857, Bid:,2,35,1,97,2,Ask:,4,100,1,101,1,233,1,472,1,
2872.143, Bid:,2,35,1,97,1,Ask:,3,101,1,233,1,472,1,
2872.286, Bid:,2,35,1,97,1,Ask:,4,101,1,179,1,233,1,472,1,
2872.429, Bid:,2,35,1,97,1,Ask:,4,101,1,179,1,188,1,233,1,
2872.571, Bid:,2,35,1,97,1,Ask:,3,179,1,188,1,233,1,
2873.286, Bid:,3,35,1,97,1,102,1,Ask:,3,179,1,188,1,233,1,
2873.429, Bid:,3,35,1,97,1,102,1,Ask:,2,188,1,233,1,
2873.571, Bid:,3,35,1,97,1,102,1,Ask:,3,187,1,188,1,233,1,
2874.286, Bid:,3,48,1,97,1,102,1,Ask:,3,187,1,188,1,233,1,
2874.429, Bid:,4,48,1,97,1,102,1,129,1,Ask:,3,187,1,188,1,233,1,
2874.857, Bid:,3,48,1,97,1,102,1,Ask:,2,187,1,188,1,
2875.000, Bid:,3,48,1,97,1,102,1,Ask:,1,188,1,
2875.143, Bid:,3,48,1,97,1,102,1,Ask:,2,188,1,446,1,
2875.714, Bid:,3,48,1,97,1,102,1,Ask:,1,446,1,
2875.857, Bid:,3,48,1,97,1,102,1,Ask:,0,
2876.000, Bid:,4,48,1,97,1,102,1,294,1,Ask:,0,
2877.000, Bid:,3,48,1,97,1,102,1,Ask:,0,
2877.143, Bid:,3,48,1,97,1,102,1,Ask:,1,459,1,
2877.286, Bid:,4,9,1,48,1,97,1,102,1,Ask:,1,459,1,
2877.714, Bid:,5,9,1,35,1,48,1,97,1,102,1,Ask:,1,459,1,
2878.000, Bid:,5,9,1,35,1,48,1,97,1,102,1,Ask:,2,419,1,459,1,
2879.286, Bid:,6,9,1,35,1,48,1,79,1,97,1,102,1,Ask:,2,419,1,459,1,
2901.714, Bid:,5,9,1,35,1,48,1,79,1,97,1,Ask:,2,419,1,459,1,
2901.857, Bid:,5,35,1,48,1,79,1,97,1,100,1,Ask:,2,419,1,459,1,
2902.000, Bid:,5,35,1,48,1,97,1,100,1,101,1,Ask:,2,419,1,459,1,
2902.143, Bid:,5,6,1,48,1,97,1,100,1,101,1,Ask:,2,419,1,459,1,
2902.286, Bid:,5,6,1,48,1,97,1,100,2,101,1,Ask:,2,419,1,459,1,
2902.571, Bid:,4,6,1,48,1,97,1,100,2,Ask:,2,419,1,459,1,
2902.714, Bid:,4,6,1,48,1,97,1,100,1,Ask:,2,419,1,459,1,
2903.143, Bid:,3,6,1,48,1,97,1,Ask:,2,419,1,459,1,
2903.286, Bid:,3,6,1,48,1,97,1,Ask:,2,100,1,419,1,
2903.571, Bid:,3,6,1,48,1,97,1,Ask:,3,100,1,178,1,419,1,
2904.286, Bid:,3,6,1,48,1,97,1,Ask:,2,178,1,419,1,
2904.429, Bid:,3,6,1,48,1,97,1,Ask:,3,178,1,222,1,419,1,
2904.857, Bid:,3,6,1,48,1,97,1,Ask:,2,222,1,419,1,
2905.000, Bid:,3,6,1,48,1,97,1,Ask:,3,170,1,222,1,419,1,
2905.143, Bid:,3,6,1,48,1,97,1,Ask:,4,170,1,222,1,375,1,419,1,
2905.571, Bid:,4,6,1,48,1,73,1,97,1,Ask:,4,170,1,222,1,375,1,419,1,
2906.000, Bid:,4,6,1,48,1,73,1,97,1,Ask:,4,142,1,170,1,222,1,375,1,
2931.857, Bid:,4,6,1,48,1,97,1,101,1,Ask:,4,142,1,170,1,222,1,375,1,
2932.143, Bid:,5,6,1,48,1,97,1,100,1,101,1,Ask:,4,142,1,170,1,222,1,375,1,
2932.429, Bid:,4,6,1,48,1,97,1,100,1,Ask:,4,142,1,170,1,222,1,375,1,
2932.857, Bid:,3,48,1,97,1,100,1,Ask:,3,170,1,222,1,375,1,
2933.000, Bid:,3,48,1,97,1,100,2,Ask:,3,170,1,222,1,375,1,
2933.429, Bid:,3,48,1,97,1,100,1,Ask:,2,170,1,375,1,
2933.714, Bid:,3,48,1,100,1,137,1,Ask:,2,170,1,375,1,
2933.857, Bid:,3,48,1,100,1,137,1,Ask:,3,170,1,316,1,375,1,
2934.000, Bid:,2,48,1,100,1,Ask:,3,170,1,316,1,375,1,
2934.286, Bid:,1,48,1,Ask:,3,170,1,316,1,375,1,
2934.429, Bid:,1,48,1,Ask:,4,170,1,311,1,316,1,375,1,
2934.714, Bid:,1,48,1,Ask:,3,311,1,316,1,375,1,
2935.000, Bid:,1,48,1,Ask:,3,101,1,311,1,316,1,
2935.429, Bid:,1,48,1,Ask:,2,311,1,316,1,
2935.571, Bid:,2,48,1,202,1,Ask:,2,311,1,316,1,
2935.714, Bid:,3,48,1,102,1,202,1,Ask:,2,311,1,316,1,
2936.000, Bid:,2,102,1,202,1,Ask:,1,316,1,
2936.143, Bid:,1,102,1,Ask:,1,316,1,
2936.429, Bid:,1,102,1,Ask:,2,316,1,335,1,
2936.571, Bid:,1,102,1,Ask:,3,215,1,316,1,335,1,
2936.857, Bid:,1,102,1,Ask:,4,215,1,316,1,335,1,342,1,
2937.429, Bid:,1,102,1,Ask:,3,316,1,335,1,342,1,
2937.714, Bid:,2,31,1,102,1,Ask:,3,316,1,335,1,342,1,
2938.429, Bid:,3,31,1,77,1,102,1,Ask:,3,316,1,335,1,342,1,
2938.571, Bid:,4,31,1,77,1,102,1,145,1,Ask:,3,316,1,335,1,342,1,
2962.000, Bid:,3,31,1,77,1,102,1,Ask:,2,335,1,342,1,
2962.143, Bid:,3,77,1,100,1,102,1,Ask:,2,335,1,342,1,
2962.286, Bid:,2,77,1,100,1,Ask:,2,335,1,342,1,
2963.000, Bid:,3,77,1,100,1,101,1,Ask:,2,335,1,342,1,
2963.143, Bid:,2,77,1,100,1,Ask:,2,335,1,342,1,
2963.286, Bid:,2,77,1,100,1,Ask:,3,335,1,342,1,394,1,
2963.571, Bid:,3,77,1,100,1,255,1,Ask:,3,335,1,342,1,394,1,
2963.857, Bid:,3,77,1,100,2,255,1,Ask:,3,335,1,342,1,394,1,
2964.429, Bid:,3,77,1,100,2,255,1,Ask:,2,342,1,394,1,
2964.714, Bid:,2,77,1,100,2,Ask:,2,342,1,394,1,
2965.000, Bid:,3,8,1,77,1,100,2,Ask:,2,342,1,394,1,
2965.286, Bid:,3,8,1,100,2,169,1,Ask:,2,342,1,394,1,
2966.571, Bid:,4,8,1,100,2,169,1,337,1,Ask:,2,342,1,394,1,
2968.286, Bid:,3,8,1,100,2,169,1,Ask:,2,342,1,394,1,
2968.429, Bid:,3,8,1,100,2,169,1,Ask:,3,278,1,342,1,394,1,
2992.143, Bid:,4,8,1,100,2,101,1,169,1,Ask:,3,278,1,342,1,394,1,
2992.286, Bid:,3,8,1,100,2,101,1,Ask:,2,278,1,342,1,
2992.714, Bid:,3,8,1,100,2,101,1,Ask:,3,278,1,342,1,379,1,
2993.857, Bid:,2,8,1,100,2,Ask:,3,278,1,342,1,379,1,
2994.429, Bid:,3,8,1,100,2,186,1,Ask:,3,278,1,342,1,379,1,
2994.857, Bid:,2,8,1,100,2,Ask:,2,342,1,379,1,
2995.286, Bid:,3,8,1,100,2,299,1,Ask:,2,342,1,379,1,
2996.000, Bid:,3,8,1,100,2,299,1,Ask:,3,342,1,379,1,431,1,
2997.143, Bid:,3,8,1,100,2,299,1,Ask:,4,342,1,379,1,431,1,465,1,
3022.286, Bid:,2,8,1,100,2,Ask:,3,342,1,379,1,431,1,
3022.429, Bid:,3,8,1,100,2,101,1,Ask:,3,342,1,379,1,431,1,
3022.714, Bid:,2,8,1,100,2,Ask:,2,342,1,431,1,
3022.857, Bid:,3,8,1,32,1,100,2,Ask:,2,342,1,431,1,
3023.429, Bid:,3,8,1,32,1,100,2,Ask:,3,269,1,342,1,431,1,
3023.571, Bid:,4,8,1,32,1,100,2,212,1,Ask:,3,269,1,342,1,431,1,
3025.429, Bid:,4,8,1,32,1,100,2,212,1,Ask:,2,342,1,431,1,
3026.000, Bid:,4,32,1,100,2,212,1,231,1,Ask:,2,342,1,431,1,
3029.000, Bid:,5,32,1,57,1,100,2,212,1,231,1,Ask:,2,342,1,431,1,
3052.571, Bid:,5,32,1,57,1,100,2,101,1,231,1,Ask:,2,342,1,431,1,
3052.857, Bid:,4,32,1,57,1,100,2,101,1,Ask:,2,342,1,431,1,
3053.000, Bid:,3,32,1,57,1,100,2,Ask:,2,342,1,431,1,
3053.143, Bid:,4,14,1,32,1,57,1,100,2,Ask:,2,342,1,431,1,
3053.714, Bid:,3,14,1,32,1,100,2,Ask:,1,431,1,
3053.857, Bid:,4,14,1,32,1,89,1,100,2,Ask:,1,431,1,
3054.143, Bid:,5,14,1,32,1,89,1,100,1,378,1,Ask:,1,431,1,
3055.571, Bid:,5,14,1,89,1,100,1,339,1,378,1,Ask:,1,431,1,
3056.000, Bid:,6,14,1,17,1,89,1,100,1,339,1,378,1,Ask:,1,431,1,
3083.000, Bid:,5,14,1,17,1,89,1,100,1,339,1,Ask:,1,431,1,
3083.286, Bid:,4,14,1,17,1,89,1,100,1,Ask:,1,431,1,
3083.429, Bid:,4,14,1,17,1,89,1,100,1,Ask:,2,101,1,431,1,
3083.571, Bid:,3,14,1,17,1,100,1,Ask:,1,431,1,
3083.857, Bid:,4,14,1,17,1,100,1,102,1,Ask:,1,431,1,
3084.000, Bid:,4,17,1,100,1,102,1,369,1,Ask:,1,431,1,
3084.143, Bid:,3,17,1,100,1,102,1,Ask:,1,431,1,
3084.286, Bid:,4,17,1,100,1,102,1,407,1,Ask:,1,431,1,
3084.429, Bid:,3,17,1,100,1,102,1,Ask:,1,431,1,
3084.571, Bid:,2,17,1,100,1,Ask:,0,
3084.857, Bid:,2,100,1,308,1,Ask:,0,
3085.000, Bid:,1,100,1,Ask:,0,
3085.143, Bid:,2,78,1,100,1,Ask:,0,
3085.286, Bid:,2,78,1,100,1,Ask:,1,257,1,
3085.429, Bid:,3,78,1,100,1,161,1,Ask:,1,257,1,
3087.143, Bid:,3,78,1,100,1,161,1,Ask:,2,257,1,454,1,
3087.571, Bid:,2,78,1,100,1,Ask:,2,257,1,454,1,
3087.714, Bid:,2,78,1,100,1,Ask:,3,257,1,272,1,454,1,
3088.286, Bid:,3,78,1,100,1,121,1,Ask:,3,257,1,272,1,454,1,
3088.714, Bid:,2,78,1,100,1,Ask:,3,257,1,272,1,454,1,
3089.000, Bid:,3,78,1,100,1,165,1,Ask:,3,257,1,272,1,454,1,
3112.857, Bid:,4,78,1,100,1,101,1,165,1,Ask:,3,257,1,272,1,454,1,
3113.000, Bid:,3,78,1,100,1,101,1,Ask:,2,257,1,272,1,
3113.143, Bid:,3,78,1,100,2,101,1,Ask:,2,257,1,272,1,
3113.286, Bid:,2,78,1,100,2,Ask:,2,257,1,272,1,
3113.429, Bid:,2,78,1,100,2,Ask:,1,272,1,
3113.571, Bid:,2,78,1,100,1,Ask:,1,272,1,
3113.714, Bid:,2,78,1,100,1,Ask:,0,
3113.857, Bid:,3,78,1,100,1,105,1,Ask:,0,
3114.000, Bid:,3,78,1,105,1,497,1,Ask:,0,
3114.857, Bid:,2,78,1,105,1,Ask:,0,
3115.143, Bid:,3,78,1,105,1,203,1,Ask:,0,
3115.429, Bid:,4,78,1,105,1,203,1,413,1,Ask:,0,
3115.571, Bid:,5,49,1,78,1,105,1,203,1,413,1,Ask:,0,
3115.857, Bid:,4,49,1,78,1,105,1,203,1,Ask:,0,
3116.000, Bid:,4,49,1,105,1,203,1,279,1,Ask:,0,
3116.286, Bid:,5,49,1,105,1,124,1,203,1,279,1,Ask:,0,
3117.000, Bid:,4,49,1,105,1,124,1,203,1,Ask:,0,
3117.143, Bid:,4,49,1,105,1,124,1,203,1,Ask:,1,330,1,
3117.714, Bid:,4,49,1,105,1,124,1,203,1,Ask:,0,
3118.714, Bid:,3,49,1,105,1,124,1,Ask:,0,
3119.000, Bid:,3,49,1,105,1,124,1,Ask:,1,399,1,
3119.286, Bid:,4,6,1,49,1,105,1,124,1,Ask:,1,399,1,
3119.429, Bid:,4,6,1,49,1,105,1,124,1,Ask:,0,
3120.571, Bid:,5,6,1,49,1,105,1,124,1,282,1,Ask:,0,
3120.714, Bid:,6,6,1,49,1,105,1,124,1,126,1,282,1,Ask:,0,
3143.000, Bid:,5,6,1,49,1,105,1,124,1,126,1,Ask:,0,
3143.143, Bid:,5,6,1,100,1,105,1,124,1,126,1,Ask:,0,
3143.429, Bid:,4,6,1,100,2,105,1,124,1,Ask:,0,
3143.571, Bid:,4,6,1,100,2,101,1,124,1,Ask:,0,
3143.714, Bid:,3,6,1,100,2,101,1,Ask:,0,
3144.143, Bid:,3,6,1,100,2,101,1,Ask:,1,400,1,
3144.857, Bid:,4,6,1,100,2,101,1,209,1,Ask:,1,400,1,
3145.429, Bid:,4,6,1,100,2,101,1,209,1,Ask:,2,315,1,400,1,
3174.143, Bid:,3,6,1,100,2,101,1,Ask:,2,315,1,400,1,
3174.286, Bid:,2,6,1,100,2,Ask:,1,315,1,
3174.714, Bid:,2,6,1,100,2,Ask:,2,315,1,436,1,
3175.000, Bid:,2,6,1,100,2,Ask:,1,436,1,
3175.571, Bid:,3,1,1,6,1,100,2,Ask:,1,436,1,
3175.857, Bid:,3,1,1,6,1,100,2,Ask:,2,308,1,436,1,
3178.286, Bid:,4,1,1,6,1,25,1,100,2,Ask:,2,308,1,436,1,
3203.143, Bid:,4,1,1,6,1,25,1,100,1,Ask:,1,308,1,
3203.429, Bid:,4,1,1,6,1,25,1,100,1,Ask:,0,
3203.714, Bid:,4,1,1,25,1,100,1,450,1,Ask:,0,
3203.857, Bid:,3,1,1,25,1,100,1,Ask:,0,
3204.143, Bid:,4,1,1,25,1,53,1,100,1,Ask:,0,
3204.286, Bid:,5,1,1,25,1,53,1,100,1,134,1,Ask:,0,
3204.571, Bid:,5,25,1,53,1,100,1,134,1,294,1,Ask:,0,
3204.857, Bid:,5,53,1,100,1,101,1,134,1,294,1,Ask:,0,
3207.571, Bid:,6,53,1,100,1,101,1,134,1,279,1,294,1,Ask:,0,
3233.286, Bid:,5,53,1,100,1,101,1,134,1,279,1,Ask:,0,
3233.429, Bid:,4,53,1,100,1,101,1,134,1,Ask:,0,
3233.571, Bid:,5,53,1,100,1,101,1,134,1,429,1,Ask:,0,
3234.143, Bid:,5,100,1,101,1,134,1,253,1,429,1,Ask:,0,
3234.286, Bid:,4,100,1,101,1,134,1,253,1,Ask:,0,
3234.429, Bid:,4,100,1,101,1,134,1,253,1,Ask:,1,349,1,
3234.857, Bid:,4,100,1,101,1,134,1,253,1,Ask:,0,
3235.000, Bid:,4,100,1,101,1,189,1,253,1,Ask:,0,
3235.143, Bid:,4,100,1,101,1,189,1,253,1,Ask:,1,453,1,
3236.000, Bid:,4,100,1,101,1,189,1,253,1,Ask:,2,373,1,453,1,
3263.571, Bid:,3,100,1,101,1,189,1,Ask:,2,373,1,453,1,
3263.714, Bid:,4,100,1,101,1,189,1,357,1,Ask:,2,373,1,453,1,
3264.143, Bid:,3,100,1,101,1,189,1,Ask:,1,453,1,
3264.286, Bid:,4,100,1,101,1,189,1,310,1,Ask:,1,453,1,
3264.429, Bid:,3,100,1,101,1,189,1,Ask:,1,453,1,
3265.000, Bid:,4,100,1,101,1,140,1,189,1,Ask:,1,453,1,
3265.714, Bid:,4,100,1,101,1,140,1,189,1,Ask:,2,206,1,453,1,
3266.429, Bid:,4,100,1,101,1,140,1,189,1,Ask:,1,453,1,
3267.143, Bid:,4,100,2,101,1,140,1,189,1,Ask:,1,453,1,
3267.714, Bid:,4,100,2,101,1,140,1,189,1,Ask:,2,406,1,453,1,
3269.286, Bid:,4,100,2,101,1,140,1,189,1,Ask:,3,262,1,406,1,453,1,
3293.714, Bid:,3,100,2,101,1,140,1,Ask:,2,262,1,453,1,
3293.857, Bid:,3,100,2,101,1,140,1,Ask:,2,248,1,453,1,
3294.143, Bid:,2,100,2,101,1,Ask:,2,248,1,453,1,
3294.571, Bid:,3,100,2,101,1,167,1,Ask:,2,248,1,453,1,
3296.000, Bid:,3,100,2,101,1,167,1,Ask:,3,248,1,453,1,461,1,
3323.857, Bid:,2,100,2,101,1,Ask:,2,248,1,453,1,
3324.000, Bid:,1,100,2,Ask:,1,453,1,
3324.429, Bid:,1,100,1,Ask:,1,453,1,
3324.571, Bid:,2,100,1,178,1,Ask:,1,453,1,
3325.000, Bid:,3,100,1,178,1,447,1,Ask:,1,453,1,
3325.143, Bid:,4,12,1,100,1,178,1,447,1,Ask:,1,453,1,
3325.286, Bid:,3,12,1,100,1,178,1,Ask:,1,453,1,
3325.429, Bid:,4,12,1,100,1,178,1,399,1,Ask:,1,453,1,
3325.714, Bid:,3,12,1,100,1,178,1,Ask:,1,453,1,
3326.143, Bid:,4,12,1,100,1,178,1,245,1,Ask:,1,453,1,
3326.857, Bid:,5,12,1,30,1,100,1,178,1,245,1,Ask:,1,453,1,
3327.286, Bid:,6,12,1,30,1,100,1,178,1,245,1,296,1,Ask:,1,453,1,
3354.000, Bid:,5,12,1,30,1,100,1,178,1,245,1,Ask:,1,453,1,
3354.286, Bid:,4,12,1,30,1,100,1,178,1,Ask:,1,453,1,
3354.571, Bid:,4,12,1,30,1,67,1,100,1,Ask:,1,453,1,
3354.714, Bid:,4,12,1,30,1,67,1,100,1,Ask:,2,272,1,453,1,
3354.857, Bid:,4,12,1,30,1,67,1,100,1,Ask:,3,101,1,272,1,453,1,
3355.143, Bid:,4,12,1,30,1,67,1,100,1,Ask:,4,101,1,134,1,272,1,453,1,
3355.286, Bid:,4,12,1,30,1,67,1,100,1,Ask:,3,134,1,272,1,453,1,
3355.714, Bid:,4,30,1,67,1,100,1,114,1,Ask:,3,134,1,272,1,453,1,
3356.143, Bid:,3,30,1,67,1,100,1,Ask:,3,134,1,272,1,453,1,
3357.143, Bid:,3,30,1,67,1,100,1,Ask:,4,134,1,272,1,453,1,465,1,
3357.714, Bid:,3,30,1,67,1,100,1,Ask:,3,272,1,453,1,465,1,
3357.857, Bid:,3,30,1,67,1,100,1,Ask:,4,189,1,272,1,453,1,465,1,
3358.286, Bid:,3,30,1,67,1,100,1,Ask:,3,272,1,453,1,465,1,
3358.714, Bid:,3,30,1,67,1,100,1,Ask:,4,191,1,272,1,453,1,465,1,
3358.857, Bid:,3,30,1,67,1,100,1,Ask:,5,191,1,272,1,432,1,453,1,465,1,
3384.000, Bid:,3,30,1,67,1,100,1,Ask:,5,101,1,272,1,432,1,453,1,465,1,
3384.143, Bid:,3,30,1,67,1,100,1,Ask:,4,272,1,432,1,453,1,465,1,
3384.286, Bid:,3,30,1,67,1,100,2,Ask:,4,272,1,432,1,453,1,465,1,
3384.429, Bid:,4,30,1,67,1,100,2,163,1,Ask:,4,272,1,432,1,453,1,465,1,
3384.571, Bid:,3,30,1,67,1,100,2,Ask:,4,272,1,432,1,453,1,465,1,
3385.000, Bid:,3,30,1,67,1,100,2,Ask:,3,432,1,453,1,465,1,
3385.143, Bid:,3,30,1,67,1,100,1,Ask:,2,432,1,453,1,
3385.286, Bid:,3,30,1,67,1,100,1,Ask:,2,453,1,476,1,
3385.429, Bid:,2,30,1,67,1,Ask:,2,453,1,476,1,
3385.714, Bid:,2,30,1,67,1,Ask:,3,328,1,453,1,476,1,
3385.857, Bid:,3,30,1,67,1,102,1,Ask:,3,328,1,453,1,476,1,
3386.000, Bid:,3,30,1,67,1,102,1,Ask:,4,328,1,351,1,453,1,476,1,
3386.143, Bid:,3,30,1,67,1,102,1,Ask:,4,196,1,328,1,351,1,476,1,
3386.571, Bid:,2,30,1,67,1,Ask:,4,196,1,328,1,351,1,476,1,
3387.143, Bid:,2,30,1,67,1,Ask:,3,328,1,351,1,476,1,
3387.429, Bid:,2,30,1,67,1,Ask:,4,246,1,328,1,351,1,476,1,
3387.857, Bid:,2,30,1,67,1,Ask:,3,328,1,351,1,476,1,
3388.000, Bid:,2,30,1,67,1,Ask:,4,224,1,328,1,351,1,476,1,
3388.429, Bid:,2,30,1,67,1,Ask:,5,224,1,299,1,328,1,351,1,476,1,
3388.714, Bid:,2,30,1,67,1,Ask:,6,224,1,299,1,328,1,351,1,414,1,476,1,
3414.143, Bid:,2,30,1,67,1,Ask:,6,100,1,224,1,299,1,351,1,414,1,476,1,
3414.429, Bid:,2,30,1,67,1,Ask:,5,224,1,299,1,351,1,414,1,476,1,
3414.857, Bid:,2,30,1,67,1,Ask:,5,101,1,224,1,351,1,414,1,476,1,
3415.286, Bid:,2,30,1,67,1,Ask:,5,100,1,101,1,224,1,414,1,476,1,
3415.429, Bid:,2,30,1,67,1,Ask:,4,101,1,224,1,414,1,476,1,
3415.571, Bid:,2,30,1,67,1,Ask:,3,224,1,414,1,476,1,
3415.714, Bid:,2,30,1,67,1,Ask:,2,414,1,476,1,
3415.857, Bid:,2,30,1,67,1,Ask:,3,360,1,414,1,476,1,
3416.000, Bid:,2,30,1,67,1,Ask:,4,360,1,414,1,428,1,476,1,
3416.286, Bid:,2,30,1,67,1,Ask:,5,280,1,360,1,414,1,428,1,476,1,
3416.429, Bid:,2,30,1,67,1,Ask:,6,280,1,360,1,414,1,428,1,476,1,480,1,
3416.857, Bid:,3,30,1,67,1,100,1,Ask:,6,280,1,360,1,414,1,428,1,476,1,480,1,
3417.000, Bid:,3,30,1,67,1,100,1,Ask:,6,262,1,280,1,360,1,414,1,428,1,480,1,
3444.286, Bid:,2,30,1,67,1,Ask:,5,262,1,360,1,414,1,428,1,480,1,
3444.429, Bid:,3,30,1,67,1,101,1,Ask:,5,262,1,360,1,414,1,428,1,480,1,
3444.714, Bid:,2,30,1,67,1,Ask:,4,262,1,360,1,414,1,480,1,
3444.857, Bid:,3,30,1,64,1,67,1,Ask:,4,262,1,360,1,414,1,480,1,
3445.000, Bid:,3,30,1,64,1,67,1,Ask:,4,100,1,262,1,414,1,480,1,
3445.143, Bid:,3,30,1,64,1,67,1,Ask:,3,262,1,414,1,480,1,
3445.286, Bid:,3,30,2,64,1,67,1,Ask:,3,262,1,414,1,480,1,
3445.857, Bid:,3,30,2,64,1,67,1,Ask:,4,127,1,262,1,414,1,480,1,
3446.571, Bid:,4,30,2,37,1,64,1,67,1,Ask:,4,127,1,262,1,414,1,480,1,
3447.571, Bid:,4,30,2,37,1,64,1,67,1,Ask:,4,107,1,127,1,262,1,414,1,
3448.857, Bid:,4,30,2,37,1,64,1,67,1,Ask:,5,107,1,127,1,168,1,262,1,414,1,
3474.571, Bid:,4,30,2,37,1,67,1,100,1,Ask:,5,107,1,127,1,168,1,262,1,414,1,
3474.714, Bid:,4,30,2,37,1,67,1,100,2,Ask:,5,107,1,127,1,168,1,262,1,414,1,
3474.857, Bid:,4,30,2,37,1,67,1,100,1,Ask:,4,107,1,127,1,262,1,414,1,
3475.000, Bid:,4,30,2,67,1,100,1,101,1,Ask:,4,107,1,127,1,262,1,414,1,
3475.286, Bid:,3,30,2,67,1,100,1,Ask:,4,107,1,127,1,262,1,414,1,
3475.571, Bid:,2,30,2,67,1,Ask:,3,107,1,262,1,414,1,
3475.714, Bid:,2,30,2,67,1,Ask:,2,262,1,414,1,
3475.857, Bid:,2,30,2,67,1,Ask:,2,414,1,444,1,
3476.143, Bid:,3,30,1,67,1,237,1,Ask:,2,414,1,444,1,
3476.571, Bid:,2,30,1,67,1,Ask:,2,414,1,444,1,
3476.714, Bid:,2,67,1,189,1,Ask:,2,414,1,444,1,
3477.000, Bid:,3,67,1,159,1,189,1,Ask:,2,414,1,444,1,
3477.143, Bid:,4,67,1,159,1,189,1,344,1,Ask:,2,414,1,444,1,
3478.857, Bid:,5,67,1,159,1,189,1,344,1,347,1,Ask:,2,414,1,444,1,
3479.000, Bid:,4,67,1,159,1,189,1,344,1,Ask:,2,414,1,444,1,
3479.714, Bid:,4,67,1,159,1,189,1,344,1,Ask:,3,379,1,414,1,444,1,
3480.429, Bid:,5,67,1,72,1,159,1,189,1,344,1,Ask:,3,379,1,414,1,444,1,
3504.571, Bid:,4,67,1,72,1,159,1,189,1,Ask:,3,379,1,414,1,444,1,
3504.857, Bid:,3,67,1,72,1,159,1,Ask:,2,414,1,444,1,
3505.000, Bid:,3,67,1,100,1,159,1,Ask:,2,414,1,444,1,
3505.143, Bid:,4,67,1,100,1,101,1,159,1,Ask:,2,414,1,444,1,
3505.429, Bid:,4,100,1,101,1,130,1,159,1,Ask:,2,414,1,444,1,
3505.714, Bid:,4,100,1,101,1,130,1,159,1,Ask:,1,444,1,
3505.857, Bid:,4,100,1,101,1,130,1,159,1,Ask:,2,364,1,444,1,
3506.143, Bid:,3,100,1,101,1,130,1,Ask:,2,364,1,444,1,
3506.286, Bid:,4,100,1,101,1,130,1,304,1,Ask:,2,364,1,444,1,
3506.714, Bid:,5,100,1,101,1,122,1,130,1,304,1,Ask:,2,364,1,444,1,
3507.571, Bid:,4,100,1,101,1,122,1,130,1,Ask:,2,364,1,444,1,
3508.000, Bid:,5,89,1,100,1,101,1,122,1,130,1,Ask:,2,364,1,444,1,
3508.714, Bid:,6,86,1,89,1,100,1,101,1,122,1,130,1,Ask:,2,364,1,444,1,
3535.000, Bid:,5,86,1,89,1,100,1,101,1,122,1,Ask:,2,364,1,444,1,
3535.143, Bid:,6,86,1,89,1,100,1,101,1,122,1,186,1,Ask:,2,364,1,444,1,
3535.714, Bid:,6,86,1,89,1,100,1,101,1,122,1,186,1,Ask:,3,364,1,444,1,460,1,
3536.143, Bid:,5,86,1,89,1,100,1,101,1,122,1,Ask:,3,364,1,444,1,460,1,
3536.429, Bid:,4,86,1,100,2,101,1,122,1,Ask:,3,364,1,444,1,460,1,
3537.143, Bid:,4,86,1,100,2,101,1,122,1,Ask:,4,233,1,364,1,444,1,460,1,
3537.429, Bid:,4,100,2,101,1,122,1,195,1,Ask:,4,233,1,364,1,444,1,460,1,
3565.286, Bid:,3,100,2,101,1,122,1,Ask:,3,364,1,444,1,460,1,
3565.429, Bid:,2,100,2,101,1,Ask:,2,364,1,444,1,
3565.714, Bid:,3,3,1,100,2,101,1,Ask:,2,364,1,444,1,
3565.857, Bid:,3,3,1,100,2,101,1,Ask:,3,364,1,444,1,464,1,
3566.571, Bid:,3,3,1,100,2,101,1,Ask:,4,288,1,364,1,444,1,464,1,
3595.857, Bid:,2,3,1,100,2,Ask:,3,288,1,364,1,444,1,
3596.286, Bid:,2,3,1,100,2,Ask:,4,101,1,288,1,364,1,444,1,
3596.714, Bid:,2,3,1,100,2,Ask:,3,288,1,364,1,444,1,
3597.000, Bid:,3,3,1,100,2,102,1,Ask:,3,288,1,364,1,444,1,
3597.143, Bid:,2,100,2,102,1,Ask:,2,364,1,444,1,
3597.286, Bid:,2,100,2,102,1,Ask:,2,226,1,364,1,
3597.429, Bid:,1,100,2,Ask:,2,226,1,364,1,
3597.571, Bid:,1,100,1,Ask:,2,226,1,364,1,
3597.857, Bid:,1,100,1,Ask:,1,364,1,
3598.000, Bid:,1,100,1,Ask:,0,
3598.286, Bid:,2,100,1,477,1,Ask:,0,
3598.429, Bid:,1,100,1,Ask:,0,
3598.571, Bid:,2,100,1,342,1,Ask:,0,
3598.714, Bid:,1,100,1,Ask:,0,
3599.000, Bid:,2,5,1,100,1,Ask:,0,
3599.143, Bid:,2,5,1,100,1,Ask:,1,491,1,
3599.286, Bid:,2,5,1,100,1,Ask:,0,
3599.429, Bid:,3,5,1,100,1,105,1,Ask:,0,
3599.571, Bid:,4,2,1,5,1,100,1,105,1,Ask:,0,
3600.429, Bid:,5,2,1,5,1,100,1,105,1,260,1,Ask:,0,
3600.571, Bid:,4,2,1,5,1,100,1,105,1,Ask:,0,
3600.857, Bid:,4,2,1,5,1,100,1,105,1,Ask:,1,321,1,
3602.571, Bid:,4,2,1,5,1,100,1,105,1,Ask:,0,
3603.286, Bid:,3,2,1,5,1,100,1,Ask:,0,
3603.571, Bid:,2,2,1,5,1,Ask:,0,
3604.000, Bid:,2,2,1,5,1,Ask:,1,292,1,
3604.143, Bid:,2,2,1,5,1,Ask:,0,
3604.429, Bid:,2,2,1,5,1,Ask:,1,483,1,
3604.714, Bid:,3,2,1,5,1,38,1,Ask:,1,483,1,
3605.571, Bid:,4,2,1,5,1,38,1,399,1,Ask:,1,483,1,
3605.857, Bid:,3,2,1,5,1,38,1,Ask:,1,483,1,
3606.000, Bid:,4,2,1,5,1,38,1,367,1,Ask:,1,483,1,
3606.143, Bid:,5,2,1,5,1,38,1,292,1,367,1,Ask:,1,483,1,
3606.286, Bid:,4,2,1,5,1,38,1,292,1,Ask:,1,483,1,
3606.429, Bid:,4,2,1,5,1,38,1,292,1,Ask:,2,298,1,483,1,
3625.143, Bid:,3,2,1,5,1,38,1,Ask:,2,298,1,483,1,
3625.286, Bid:,3,2,1,5,1,38,1,Ask:,3,101,1,298,1,483,1,
3625.429, Bid:,3,1,1,2,1,5,1,Ask:,3,101,1,298,1,483,1,
3625.571, Bid:,3,1,1,2,1,5,1,Ask:,3,100,1,101,1,298,1,
3625.714, Bid:,2,1,1,2,1,Ask:,2,101,1,298,1,
3625.857, Bid:,2,1,1,2,1,Ask:,3,101,1,298,1,432,1,
3626.000, Bid:,2,1,1,2,1,Ask:,2,298,1,432,1,
3626.143, Bid:,3,1,1,2,1,102,1,Ask:,2,298,1,432,1,
3626.571, Bid:,4,1,1,2,1,102,1,221,1,Ask:,2,298,1,432,1,
3626.714, Bid:,4,1,1,51,1,102,1,221,1,Ask:,2,298,1,432,1,
3627.857, Bid:,5,1,1,51,1,101,1,102,1,221,1,Ask:,2,298,1,432,1,
3628.714, Bid:,5,1,1,51,1,101,1,102,1,221,1,Ask:,1,432,1,
3628.857, Bid:,5,1,1,51,1,102,1,221,1,223,1,Ask:,1,432,1,
3629.571, Bid:,6,1,1,51,1,102,1,221,1,223,1,275,1,Ask:,1,432,1,
3655.286, Bid:,5,1,1,51,1,102,1,221,1,223,1,Ask:,1,432,1,
3655.571, Bid:,6,1,1,51,1,100,1,102,1,221,1,223,1,Ask:,1,432,1,
3655.714, Bid:,6,1,1,51,1,100,1,101,1,102,1,221,1,Ask:,1,432,1,
3655.857, Bid:,5,1,1,51,1,100,2,101,1,102,1,Ask:,1,432,1,
3656.143, Bid:,4,1,1,51,1,100,2,101,1,Ask:,1,432,1,
3656.286, Bid:,3,1,1,51,1,100,2,Ask:,1,432,1,
3656.571, Bid:,4,1,1,51,1,100,2,318,1,Ask:,1,432,1,
3656.714, Bid:,3,1,1,51,1,100,2,Ask:,1,432,1,
3657.000, Bid:,3,51,1,100,2,411,1,Ask:,1,432,1,
3657.143, Bid:,2,51,1,100,2,Ask:,1,432,1,
3657.571, Bid:,2,51,1,100,1,Ask:,1,432,1,
3657.714, Bid:,3,51,1,100,1,188,1,Ask:,1,432,1,
3657.857, Bid:,3,51,1,100,1,188,1,Ask:,2,432,1,497,1,
3659.143, Bid:,3,51,1,100,1,188,1,Ask:,3,432,1,477,1,497,1,
3660.143, Bid:,2,51,1,100,1,Ask:,3,432,1,477,1,497,1,
3660.286, Bid:,2,51,1,100,1,Ask:,4,399,1,432,1,477,1,497,1,
3661.000, Bid:,2,100,1,226,1,Ask:,4,399,1,432,1,477,1,497,1,
3661.857, Bid:,3,100,1,226,1,368,1,Ask:,4,399,1,432,1,477,1,497,1,
3685.571, Bid:,3,100,2,226,1,368,1,Ask:,4,399,1,432,1,477,1,497,1,
3685.857, Bid:,2,100,2,226,1,Ask:,3,399,1,432,1,477,1,
3686.000, Bid:,3,100,2,166,1,226,1,Ask:,3,399,1,432,1,477,1,
3686.286, Bid:,4,100,2,101,1,166,1,226,1,Ask:,3,399,1,432,1,477,1,
3686.571, Bid:,3,100,2,101,1,166,1,Ask:,3,399,1,432,1,477,1,
3686.857, Bid:,4,58,1,100,2,101,1,166,1,Ask:,3,399,1,432,1,477,1,
3688.429, Bid:,5,58,1,100,2,101,1,137,1,166,1,Ask:,3,399,1,432,1,477,1,
3715.571, Bid:,4,58,1,100,2,101,1,137,1,Ask:,3,399,1,432,1,477,1,
3715.714, Bid:,3,58,1,100,2,101,1,Ask:,3,399,1,432,1,477,1,
3716.000, Bid:,3,58,1,100,2,101,1,Ask:,4,399,1,424,1,432,1,477,1,
3716.286, Bid:,3,58,1,100,2,101,1,Ask:,3,424,1,432,1,477,1,
3717.000, Bid:,3,58,1,100,2,101,1,Ask:,4,117,1,424,1,432,1,477,1,
3718.286, Bid:,3,58,1,100,2,101,1,Ask:,5,117,1,424,1,432,1,437,1,477,1,
3718.429, Bid:,2,58,1,100,2,Ask:,5,117,1,424,1,432,1,437,1,477,1,
3718.857, Bid:,2,58,1,100,2,Ask:,4,424,1,432,1,437,1,477,1,
3719.571, Bid:,3,58,1,67,1,100,2,Ask:,4,424,1,432,1,437,1,477,1,
3719.857, Bid:,3,58,1,67,1,100,1,Ask:,4,424,1,432,1,437,1,477,1,
3720.286, Bid:,3,58,1,67,1,100,1,Ask:,4,204,1,424,1,437,1,477,1,
3720.857, Bid:,2,67,1,100,1,Ask:,3,424,1,437,1,477,1,
3721.143, Bid:,2,67,1,100,1,Ask:,4,404,1,424,1,437,1,477,1,
3721.286, Bid:,2,67,1,100,1,Ask:,3,424,1,437,1,477,1,
3721.714, Bid:,3,51,1,67,1,100,1,Ask:,3,424,1,437,1,477,1,
3721.857, Bid:,2,51,1,67,1,Ask:,3,424,1,437,1,477,1,
3722.000, Bid:,1,51,1,Ask:,2,424,1,437,1,
3722.143, Bid:,1,51,1,Ask:,1,437,1,
3722.286, Bid:,2,51,1,362,1,Ask:,1,437,1,
3722.429, Bid:,1,51,1,Ask:,1,437,1,
3722.571, Bid:,1,51,1,Ask:,2,124,1,437,1,
3722.857, Bid:,1,51,1,Ask:,3,124,1,437,1,473,1,
3723.286, Bid:,1,51,1,Ask:,3,124,1,400,1,473,1,
3723.714, Bid:,1,51,1,Ask:,4,124,1,227,1,400,1,473,1,
3725.429, Bid:,1,51,1,Ask:,3,227,1,400,1,473,1,
3725.571, Bid:,1,51,1,Ask:,4,130,1,227,1,400,1,473,1,
3726.000, Bid:,1,51,1,Ask:,3,227,1,400,1,473,1,
3726.143, Bid:,2,51,1,131,1,Ask:,3,227,1,400,1,473,1,
3727.571, Bid:,1,51,1,Ask:,3,227,1,400,1,473,1,
3727.857, Bid:,1,51,1,Ask:,4,109,1,227,1,400,1,473,1,
3728.286, Bid:,1,51,1,Ask:,5,109,1,125,1,227,1,400,1,473,1,
3745.714, Bid:,2,51,1,100,1,Ask:,5,109,1,125,1,227,1,400,1,473,1,
3745.857, Bid:,3,51,1,100,1,101,1,Ask:,5,109,1,125,1,227,1,400,1,473,1,
3746.143, Bid:,3,51,1,100,2,101,1,Ask:,5,109,1,125,1,227,1,400,1,473,1,
3746.286, Bid:,2,51,1,100,2,Ask:,4,125,1,227,1,400,1,473,1,
3746.714, Bid:,2,51,1,100,2,Ask:,4,101,1,125,1,227,1,400,1,
3746.857, Bid:,2,51,1,100,1,Ask:,4,101,1,125,1,227,1,400,1,
3747.000, Bid:,2,51,1,100,1,Ask:,5,101,1,125,1,227,1,237,1,400,1,
3747.571, Bid:,1,51,1,Ask:,5,101,1,125,1,227,1,237,1,400,1,
3748.000, Bid:,1,38,1,Ask:,5,101,1,125,1,227,1,237,1,400,1,
3748.143, Bid:,1,38,1,Ask:,5,101,1,125,1,237,1,252,1,400,1,
3748.571, Bid:,2,38,1,68,1,Ask:,5,101,1,125,1,237,1,252,1,400,1,
3749.714, Bid:,2,38,1,68,1,Ask:,5,101,1,125,1,237,1,252,1,333,1,
3775.857, Bid:,2,38,1,68,1,Ask:,5,100,1,101,1,125,1,252,1,333,1,
3776.000, Bid:,2,38,1,68,1,Ask:,4,101,1,125,1,252,1,333,1,
3776.143, Bid:,2,38,1,68,1,Ask:,5,101,1,125,1,146,1,252,1,333,1,
3776.286, Bid:,3,38,1,68,1,100,1,Ask:,5,101,1,125,1,146,1,252,1,333,1,
3776.571, Bid:,3,38,1,68,1,100,1,Ask:,5,101,1,125,1,136,1,146,1,252,1,
3776.714, Bid:,2,38,1,100,2,Ask:,5,101,1,125,1,136,1,146,1,252,1,
3778.857, Bid:,2,38,1,100,1,Ask:,5,101,1,125,1,136,1,146,1,252,1,
3779.429, Bid:,1,100,1,Ask:,4,125,1,136,1,146,1,252,1,
3779.571, Bid:,0,Ask:,4,125,1,136,1,146,1,252,1,
3779.714, Bid:,1,54,1,Ask:,4,125,1,136,1,146,1,252,1,
3779.857, Bid:,1,54,1,Ask:,4,67,1,136,1,146,1,252,1,
3780.143, Bid:,2,54,1,59,1,Ask:,4,67,1,136,1,146,1,252,1,
3780.429, Bid:,2,54,1,59,1,Ask:,3,136,1,146,1,252,1,
3782.000, Bid:,2,54,1,59,1,Ask:,4,136,1,146,1,173,1,252,1,
3783.143, Bid:,3,6,1,54,1,59,1,Ask:,4,136,1,146,1,173,1,252,1,
3806.000, Bid:,3,6,1,59,1,100,1,Ask:,4,136,1,146,1,173,1,252,1,
3806.143, Bid:,2,6,1,59,1,Ask:,3,136,1,146,1,252,1,
3806.429, Bid:,3,6,1,59,1,101,1,Ask:,3,136,1,146,1,252,1,
3806.571, Bid:,2,6,1,59,1,Ask:,3,136,1,146,1,252,1,
3807.143, Bid:,3,6,1,59,1,103,1,Ask:,3,136,1,146,1,252,1,
3807.429, Bid:,2,6,1,59,1,Ask:,2,136,1,252,1,
3807.571, Bid:,3,5,1,6,1,59,1,Ask:,2,136,1,252,1,
3807.857, Bid:,3,5,1,59,1,100,1,Ask:,2,136,1,252,1,
3808.143, Bid:,3,5,1,59,1,100,1,Ask:,2,252,1,294,1,
3809.571, Bid:,3,5,1,59,1,100,1,Ask:,3,226,1,252,1,294,1,
3809.857, Bid:,2,5,1,100,1,Ask:,2,252,1,294,1,
3810.000, Bid:,2,5,1,100,1,Ask:,3,187,1,252,1,294,1,
3811.286, Bid:,2,5,1,100,1,Ask:,4,187,1,252,1,294,1,385,1,
3811.857, Bid:,3,5,1,89,1,100,1,Ask:,4,187,1,252,1,294,1,385,1,
3836.143, Bid:,2,5,1,89,1,Ask:,3,187,1,252,1,294,1,
3836.286, Bid:,2,5,1,89,1,Ask:,3,100,1,252,1,294,1,
3836.429, Bid:,3,5,1,89,1,90,1,Ask:,3,100,1,252,1,294,1,
3836.571, Bid:,2,89,1,90,1,Ask:,2,252,1,294,1,
3836.714, Bid:,2,89,1,90,1,Ask:,3,252,1,294,1,384,1,
3836.857, Bid:,3,89,1,90,1,101,1,Ask:,3,252,1,294,1,384,1,
3837.000, Bid:,3,89,1,90,1,101,1,Ask:,2,294,1,384,1,
3837.286, Bid:,4,11,1,89,1,90,1,101,1,Ask:,2,294,1,384,1,
3838.714, Bid:,3,11,1,89,1,90,1,Ask:,2,294,1,384,1,
3838.857, Bid:,3,11,1,89,1,90,1,Ask:,2,303,1,384,1,
3839.000, Bid:,3,11,1,89,1,90,1,Ask:,3,303,1,384,1,436,1,
3840.000, Bid:,4,11,1,89,1,90,1,104,1,Ask:,3,303,1,384,1,436,1,
3866.286, Bid:,3,11,1,89,1,90,1,Ask:,2,303,1,436,1,
3866.571, Bid:,4,11,1,89,1,90,1,272,1,Ask:,2,303,1,436,1,
3866.714, Bid:,5,11,1,89,1,90,1,101,1,272,1,Ask:,2,303,1,436,1,
3867.286, Bid:,5,11,1,89,1,100,1,101,1,272,1,Ask:,2,303,1,436,1,
3867.429, Bid:,4,11,1,89,1,100,1,101,1,Ask:,2,303,1,436,1,
3867.571, Bid:,4,11,1,89,1,100,1,101,1,Ask:,3,138,1,303,1,436,1,
3867.714, Bid:,3,89,1,100,2,101,1,Ask:,3,138,1,303,1,436,1,
3868.143, Bid:,2,89,1,100,2,Ask:,2,138,1,303,1,
3868.714, Bid:,2,89,1,100,2,Ask:,1,303,1,
3868.857, Bid:,2,89,1,100,2,Ask:,2,227,1,303,1,
3869.000, Bid:,2,89,1,100,2,Ask:,3,126,1,227,1,303,1,
3869.143, Bid:,2,89,1,100,2,Ask:,2,227,1,303,1,
3869.286, Bid:,2,89,1,100,2,Ask:,2,227,1,398,1,
3869.429, Bid:,2,89,1,100,2,Ask:,3,227,1,327,1,398,1,
3869.571, Bid:,2,89,1,100,2,Ask:,4,227,1,327,1,398,1,485,1,
3896.429, Bid:,2,89,1,100,2,Ask:,4,101,1,227,1,398,1,485,1,
3896.714, Bid:,2,89,1,100,1,Ask:,3,101,1,398,1,485,1,
3897.000, Bid:,2,89,1,100,1,Ask:,2,398,1,485,1,
3897.286, Bid:,1,89,1,Ask:,1,398,1,
3897.429, Bid:,1,271,1,Ask:,1,398,1,
3897.571, Bid:,1,271,1,Ask:,2,363,1,398,1,
3897.714, Bid:,0,Ask:,2,363,1,398,1,
3897.857, Bid:,1,208,1,Ask:,2,363,1,398,1,
3898.429, Bid:,2,208,1,217,1,Ask:,2,363,1,398,1,
3899.000, Bid:,3,101,1,208,1,217,1,Ask:,2,363,1,398,1,
3899.286, Bid:,4,4,1,101,1,208,1,217,1,Ask:,2,363,1,398,1,
3900.571, Bid:,5,4,1,101,1,208,1,217,1,319,1,Ask:,2,363,1,398,1,
3926.571, Bid:,4,4,1,101,1,208,1,217,1,Ask:,2,363,1,398,1,
3926.714, Bid:,4,4,1,100,1,101,1,208,1,Ask:,2,363,1,398,1,
3926.857, Bid:,3,100,1,101,1,208,1,Ask:,1,398,1,
3927.000, Bid:,2,100,1,101,1,Ask:,1,398,1,
3927.571, Bid:,2,100,1,101,1,Ask:,2,342,1,398,1,
3927.857, Bid:,3,100,1,101,1,317,1,Ask:,2,342,1,398,1,
3928.143, Bid:,2,100,1,101,1,Ask:,2,342,1,398,1,
3928.571, Bid:,3,100,1,101,1,284,1,Ask:,2,342,1,398,1,
3929.143, Bid:,4,77,1,100,1,101,1,284,1,Ask:,2,342,1,398,1,
3931.571, Bid:,4,77,1,100,1,101,1,284,1,Ask:,3,331,1,342,1,398,1,
3956.714, Bid:,3,77,1,100,1,101,1,Ask:,2,342,1,398,1,
3956.857, Bid:,2,100,2,101,1,Ask:,2,342,1,398,1,
3957.000, Bid:,1,100,2,Ask:,2,342,1,398,1,
3957.143, Bid:,1,100,1,Ask:,2,342,1,398,1,
3957.286, Bid:,0,Ask:,1,398,1,
3957.429, Bid:,0,Ask:,2,251,1,398,1,
3957.571, Bid:,1,230,1,Ask:,2,251,1,398,1,
3958.286, Bid:,2,186,1,230,1,Ask:,2,251,1,398,1,
3959.000, Bid:,1,186,1,Ask:,2,251,1,398,1,
3959.143, Bid:,0,Ask:,1,251,1,
3959.429, Bid:,1,183,1,Ask:,1,251,1,
3959.714, Bid:,1,183,1,Ask:,2,225,1,251,1,
3960.000, Bid:,0,Ask:,2,225,1,251,1,
3960.571, Bid:,1,183,1,Ask:,2,225,1,251,1,
3960.714, Bid:,1,183,1,Ask:,3,225,1,251,1,360,1,
3961.429, Bid:,1,183,1,Ask:,4,225,1,251,1,360,1,434,1,
3964.286, Bid:,2,123,1,183,1,Ask:,4,225,1,251,1,360,1,434,1,
3986.857, Bid:,1,123,1,Ask:,4,225,1,251,1,360,1,434,1,
3987.000, Bid:,2,100,1,123,1,Ask:,4,225,1,251,1,360,1,434,1,
3987.286, Bid:,2,100,2,123,1,Ask:,4,225,1,251,1,360,1,434,1,
3987.429, Bid:,2,100,2,123,1,Ask:,5,225,1,251,1,360,1,375,1,434,1,
3987.571, Bid:,1,100,2,Ask:,4,225,1,251,1,375,1,434,1,
3987.714, Bid:,1,100,2,Ask:,3,251,1,375,1,434,1,
3987.857, Bid:,1,100,2,Ask:,4,251,1,271,1,375,1,434,1,
3988.000, Bid:,1,100,2,Ask:,3,271,1,375,1,434,1,
3988.143, Bid:,1,100,2,Ask:,4,271,1,375,1,434,1,461,1,
3988.286, Bid:,1,100,1,Ask:,4,271,1,375,1,434,1,461,1,
3988.429, Bid:,2,100,1,101,1,Ask:,4,271,1,375,1,434,1,461,1,
3989.571, Bid:,2,100,1,101,1,Ask:,5,271,1,375,1,407,1,434,1,461,1,
3989.714, Bid:,2,100,1,101,1,Ask:,5,255,1,375,1,407,1,434,1,461,1,
3991.143, Bid:,2,100,1,101,1,Ask:,4,375,1,407,1,434,1,461,1,
3991.429, Bid:,2,100,1,101,1,Ask:,5,375,1,386,1,407,1,434,1,461,1,
3994.286, Bid:,2,100,1,101,1,Ask:,4,386,1,407,1,434,1,461,1,
3994.571, Bid:,2,100,1,101,1,Ask:,5,296,1,386,1,407,1,434,1,461,1,
3996.857, Bid:,2,100,1,101,1,Ask:,6,296,1,382,1,386,1,407,1,434,1,461,1,
4017.000, Bid:,1,100,1,Ask:,5,296,1,386,1,407,1,434,1,461,1,
4017.429, Bid:,1,100,2,Ask:,5,296,1,386,1,407,1,434,1,461,1,
4017.571, Bid:,1,100,1,Ask:,4,296,1,386,1,407,1,434,1,
4017.714, Bid:,1,100,1,Ask:,5,296,1,386,1,393,1,407,1,434,1,
4017.857, Bid:,1,100,1,Ask:,6,210,1,296,1,386,1,393,1,407,1,434,1,
4018.000, Bid:,1,100,1,Ask:,6,210,1,296,1,386,1,393,1,434,1,469,1,
4018.286, Bid:,1,100,1,Ask:,5,296,1,386,1,393,1,434,1,469,1,
4018.571, Bid:,0,Ask:,4,386,1,393,1,434,1,469,1,
4018.857, Bid:,0,Ask:,4,36,1,386,1,393,1,469,1,
4019.000, Bid:,0,Ask:,3,386,1,393,1,469,1,
4019.143, Bid:,0,Ask:,4,40,1,386,1,393,1,469,1,
4019.857, Bid:,0,Ask:,5,40,1,325,1,386,1,393,1,469,1,
4020.000, Bid:,0,Ask:,5,40,1,275,1,325,1,393,1,469,1,
4020.571, Bid:,0,Ask:,6,40,1,275,1,325,1,393,1,425,1,469,1,
4047.143, Bid:,0,Ask:,6,40,1,100,1,275,1,393,1,425,1,469,1,
4047.286, Bid:,0,Ask:,5,100,1,275,1,393,1,425,1,469,1,
4047.429, Bid:,0,Ask:,6,100,1,275,1,354,1,393,1,425,1,469,1,
4047.571, Bid:,0,Ask:,5,100,2,275,1,354,1,425,1,469,1,
4048.000, Bid:,0,Ask:,5,100,1,275,1,354,1,425,1,469,1,
4048.143, Bid:,1,82,1,Ask:,5,100,1,275,1,354,1,425,1,469,1,
4048.286, Bid:,1,82,1,Ask:,5,100,1,275,1,354,1,400,1,469,1,
4048.429, Bid:,1,82,1,Ask:,4,275,1,354,1,400,1,469,1,
4048.571, Bid:,0,Ask:,4,275,1,354,1,400,1,469,1,
4048.714, Bid:,1,31,1,Ask:,4,275,1,354,1,400,1,469,1,
4049.000, Bid:,1,31,1,Ask:,5,51,1,275,1,354,1,400,1,469,1,
4049.286, Bid:,1,31,1,Ask:,4,275,1,354,1,400,1,469,1,
4049.714, Bid:,1,31,1,Ask:,3,354,1,400,1,469,1,
4050.286, Bid:,1,31,1,Ask:,2,400,1,469,1,
4050.429, Bid:,1,31,1,Ask:,3,400,1,444,1,469,1,
4050.857, Bid:,2,31,1,91,1,Ask:,3,400,1,444,1,469,1,
4051.143, Bid:,2,31,1,91,1,Ask:,3,400,1,432,1,444,1,
4051.429, Bid:,3,31,1,52,1,91,1,Ask:,3,400,1,432,1,444,1,
4052.429, Bid:,4,31,1,52,1,89,1,91,1,Ask:,3,400,1,432,1,444,1,
4077.286, Bid:,4,31,1,52,1,89,1,91,1,Ask:,3,100,1,400,1,432,1,
4077.714, Bid:,4,31,1,52,1,89,1,91,1,Ask:,2,400,1,432,1,
4077.857, Bid:,4,31,1,52,1,89,1,91,1,Ask:,3,101,1,400,1,432,1,
4078.000, Bid:,4,31,1,52,1,89,1,91,1,Ask:,4,101,1,369,1,400,1,432,1,
4078.143, Bid:,4,31,1,52,1,89,1,91,1,Ask:,5,100,1,101,1,369,1,400,1,432,1,
4078.286, Bid:,4,31,1,52,1,89,1,91,1,Ask:,4,101,1,369,1,400,1,432,1,
4078.429, Bid:,4,31,1,52,1,89,1,91,1,Ask:,3,369,1,400,1,432,1,
4078.571, Bid:,4,31,1,89,1,91,1,102,1,Ask:,3,369,1,400,1,432,1,
4078.714, Bid:,4,31,1,89,1,91,1,102,1,Ask:,4,300,1,369,1,400,1,432,1,
4078.857, Bid:,3,31,1,89,1,91,1,Ask:,4,300,1,369,1,400,1,432,1,
4079.143, Bid:,4,31,1,55,1,89,1,91,1,Ask:,4,300,1,369,1,400,1,432,1,
4079.429, Bid:,4,55,1,89,1,91,1,164,1,Ask:,4,300,1,369,1,400,1,432,1,
4079.857, Bid:,3,55,1,89,1,91,1,Ask:,4,300,1,369,1,400,1,432,1,
4080.143, Bid:,3,55,1,89,1,100,1,Ask:,4,300,1,369,1,400,1,432,1,
4080.571, Bid:,3,55,1,89,1,100,1,Ask:,5,300,1,369,1,388,1,400,1,432,1,
4080.857, Bid:,3,55,1,89,1,100,1,Ask:,5,131,1,300,1,369,1,388,1,432,1,
4107.429, Bid:,2,89,1,100,2,Ask:,5,131,1,300,1,369,1,388,1,432,1,
4107.571, Bid:,2,89,1,100,1,Ask:,4,131,1,300,1,388,1,432,1,
4108.000, Bid:,2,89,1,100,1,Ask:,4,101,1,131,1,388,1,432,1,
4108.143, Bid:,2,89,1,100,1,Ask:,3,131,1,388,1,432,1,
4108.286, Bid:,1,89,1,Ask:,3,131,1,388,1,432,1,
4108.429, Bid:,1,89,1,Ask:,2,388,1,432,1,
4108.571, Bid:,1,89,1,Ask:,2,356,1,388,1,
4108.714, Bid:,1,89,1,Ask:,3,257,1,356,1,388,1,
4108.857, Bid:,0,Ask:,3,257,1,356,1,388,1,
4109.143, Bid:,0,Ask:,4,257,1,356,1,388,1,413,1,
4109.429, Bid:,1,36,1,Ask:,4,257,1,356,1,388,1,413,1,
4110.429, Bid:,0,Ask:,4,257,1,356,1,388,1,413,1,
4110.571, Bid:,0,Ask:,5,193,1,257,1,356,1,388,1,413,1,
4110.714, Bid:,0,Ask:,5,100,1,193,1,257,1,356,1,413,1,
4111.571, Bid:,0,Ask:,6,100,1,193,1,257,1,356,1,413,1,442,1,
4137.714, Bid:,0,Ask:,5,100,2,257,1,356,1,413,1,442,1,
4137.857, Bid:,0,Ask:,5,100,1,257,1,356,1,413,1,442,1,
4138.143, Bid:,0,Ask:,4,257,1,356,1,413,1,442,1,
4138.286, Bid:,0,Ask:,4,101,1,257,1,356,1,413,1,
4138.571, Bid:,1,100,1,Ask:,4,101,1,257,1,356,1,413,1,
4138.857, Bid:,1,100,1,Ask:,3,257,1,356,1,413,1,
4139.000, Bid:,1,100,1,Ask:,2,356,1,413,1,
4139.143, Bid:,1,100,1,Ask:,3,356,1,361,1,413,1,
4139.571, Bid:,1,100,1,Ask:,4,356,1,361,1,413,1,488,1,
4140.286, Bid:,1,100,1,Ask:,4,361,1,413,1,453,1,488,1,
4140.714, Bid:,1,100,1,Ask:,5,262,1,361,1,413,1,453,1,488,1,
4142.286, Bid:,1,100,1,Ask:,4,361,1,413,1,453,1,488,1,
4142.571, Bid:,2,100,1,186,1,Ask:,4,361,1,413,1,453,1,488,1,
4143.286, Bid:,1,100,1,Ask:,4,361,1,413,1,453,1,488,1,
4143.429, Bid:,1,100,1,Ask:,5,257,1,361,1,413,1,453,1,488,1,
4145.571, Bid:,1,100,1,Ask:,6,257,1,361,1,413,1,450,1,453,1,488,1,
4168.000, Bid:,1,100,2,Ask:,6,257,1,361,1,413,1,450,1,453,1,488,1,
4168.429, Bid:,1,100,2,Ask:,6,101,1,257,1,361,1,413,1,453,1,488,1,
4168.857, Bid:,1,100,2,Ask:,5,257,1,361,1,413,1,453,1,488,1,
4169.000, Bid:,1,100,1,Ask:,4,257,1,413,1,453,1,488,1,
4169.143, Bid:,1,100,1,Ask:,4,257,1,351,1,453,1,488,1,
4169.286, Bid:,1,100,1,Ask:,3,351,1,453,1,488,1,
4169.429, Bid:,0,Ask:,3,351,1,453,1,488,1,
4169.571, Bid:,0,Ask:,4,351,1,433,1,453,1,488,1,
4169.714, Bid:,0,Ask:,5,351,1,421,1,433,1,453,1,488,1,
4170.000, Bid:,1,101,1,Ask:,5,351,1,421,1,433,1,453,1,488,1,
4170.429, Bid:,2,40,1,101,1,Ask:,5,351,1,421,1,433,1,453,1,488,1,
4170.714, Bid:,2,40,1,101,1,Ask:,6,115,1,351,1,421,1,433,1,453,1,488,1,
4198.571, Bid:,2,100,1,101,1,Ask:,6,115,1,351,1,421,1,433,1,453,1,488,1,
4198.714, Bid:,1,100,1,Ask:,5,351,1,421,1,433,1,453,1,488,1,
4198.857, Bid:,1,100,1,Ask:,6,351,1,391,1,421,1,433,1,453,1,488,1,
4199.143, Bid:,1,100,1,Ask:,6,101,1,351,1,391,1,433,1,453,1,488,1,
4199.286, Bid:,0,Ask:,5,101,1,351,1,391,1,453,1,488,1,
4199.714, Bid:,0,Ask:,5,101,1,351,1,366,1,391,1,453,1,
4200.000, Bid:,1,100,1,Ask:,5,101,1,351,1,366,1,391,1,453,1,
4200.571, Bid:,1,100,1,Ask:,6,101,1,120,1,351,1,366,1,391,1,453,1,
4201.000, Bid:,2,2,1,100,1,Ask:,6,101,1,120,1,351,1,366,1,391,1,453,1,
4228.571, Bid:,1,100,2,Ask:,6,101,1,120,1,351,1,366,1,391,1,453,1,
4229.143, Bid:,1,100,2,Ask:,5,120,1,351,1,366,1,391,1,453,1,
4229.429, Bid:,1,100,2,Ask:,4,351,1,366,1,391,1,453,1,
4229.714, Bid:,1,100,2,Ask:,3,366,1,391,1,453,1,
4229.857, Bid:,2,100,2,243,1,Ask:,3,366,1,391,1,453,1,
4230.000, Bid:,2,100,2,243,1,Ask:,4,366,1,381,1,391,1,453,1,
4230.286, Bid:,1,100,2,Ask:,3,381,1,391,1,453,1,
4230.429, Bid:,2,100,2,161,1,Ask:,3,381,1,391,1,453,1,
4230.714, Bid:,2,100,2,161,1,Ask:,4,211,1,381,1,391,1,453,1,
4230.857, Bid:,1,100,2,Ask:,3,211,1,381,1,453,1,
4231.286, Bid:,1,100,2,Ask:,4,211,1,256,1,381,1,453,1,
4231.571, Bid:,1,100,2,Ask:,5,131,1,211,1,256,1,381,1,453,1,
4232.000, Bid:,1,100,2,Ask:,6,108,1,131,1,211,1,256,1,381,1,453,1,
4232.286, Bid:,1,100,2,Ask:,5,131,1,211,1,256,1,381,1,453,1,
4232.429, Bid:,1,100,2,Ask:,4,211,1,256,1,381,1,453,1,
4232.714, Bid:,1,100,1,Ask:,4,211,1,256,1,381,1,453,1,
4233.000, Bid:,1,100,1,Ask:,4,108,1,211,1,256,1,453,1,
4236.429, Bid:,1,100,1,Ask:,5,108,1,211,1,219,1,256,1,453,1,
4236.571, Bid:,1,100,1,Ask:,4,211,1,219,1,256,1,453,1,
4237.143, Bid:,1,100,1,Ask:,3,219,1,256,1,453,1,
4237.429, Bid:,0,Ask:,3,219,1,256,1,453,1,
4238.000, Bid:,0,Ask:,4,219,1,256,1,296,1,453,1,
4238.286, Bid:,1,192,1,Ask:,4,219,1,256,1,296,1,453,1,
4238.571, Bid:,1,192,1,Ask:,4,219,1,256,1,296,1,490,1,
4239.286, Bid:,0,Ask:,4,219,1,256,1,296,1,490,1,
4239.571, Bid:,1,16,1,Ask:,4,219,1,256,1,296,1,490,1,
4239.857, Bid:,1,16,1,Ask:,5,219,1,256,1,296,1,490,1,493,1,
4258.857, Bid:,1,16,1,Ask:,5,100,1,219,1,256,1,490,1,493,1,
4259.143, Bid:,1,16,1,Ask:,4,219,1,256,1,490,1,493,1,
4259.286, Bid:,1,16,1,Ask:,5,155,1,219,1,256,1,490,1,493,1,
4259.571, Bid:,2,16,1,100,1,Ask:,5,155,1,219,1,256,1,490,1,493,1,
4259.714, Bid:,1,16,1,Ask:,4,155,1,219,1,490,1,493,1,
4259.857, Bid:,1,16,1,Ask:,4,101,1,155,1,219,1,490,1,
4260.000, Bid:,1,16,1,Ask:,5,101,1,155,1,219,1,386,1,490,1,
4260.571, Bid:,2,16,1,23,1,Ask:,5,101,1,155,1,219,1,386,1,490,1,
4261.857, Bid:,2,23,1,100,1,Ask:,5,101,1,155,1,219,1,386,1,490,1,
4262.857, Bid:,2,23,1,100,1,Ask:,4,155,1,219,1,386,1,490,1,
4263.286, Bid:,2,23,1,100,1,Ask:,3,219,1,386,1,490,1,
4263.571, Bid:,2,23,1,100,1,Ask:,3,278,1,386,1,490,1,
4263.714, Bid:,2,23,1,100,1,Ask:,2,386,1,490,1,
4264.286, Bid:,3,23,1,100,1,127,1,Ask:,2,386,1,490,1,
4265.714, Bid:,2,23,1,100,1,Ask:,2,386,1,490,1,
4265.857, Bid:,2,23,1,100,1,Ask:,3,177,1,386,1,490,1,
4266.429, Bid:,3,23,1,100,1,173,1,Ask:,3,177,1,386,1,490,1,
4267.000, Bid:,4,23,1,100,1,116,1,173,1,Ask:,3,177,1,386,1,490,1,
4289.429, Bid:,3,23,1,100,1,116,1,Ask:,3,177,1,386,1,490,1,
4289.857, Bid:,2,100,2,116,1,Ask:,3,177,1,386,1,490,1,
4290.000, Bid:,3,100,2,116,1,154,1,Ask:,3,177,1,386,1,490,1,
4290.286, Bid:,2,100,2,154,1,Ask:,2,386,1,490,1,
4290.571, Bid:,1,100,2,Ask:,1,490,1,
4290.714, Bid:,1,100,2,Ask:,2,327,1,490,1,
4291.000, Bid:,1,100,2,Ask:,3,310,1,327,1,490,1,
4291.429, Bid:,1,100,2,Ask:,4,310,1,327,1,441,1,490,1,
4292.000, Bid:,1,100,2,Ask:,3,327,1,441,1,490,1,
4292.286, Bid:,1,100,2,Ask:,4,327,1,359,1,441,1,490,1,
4292.429, Bid:,2,100,2,303,1,Ask:,4,327,1,359,1,441,1,490,1,
4319.571, Bid:,1,100,2,Ask:,3,359,1,441,1,490,1,
4320.000, Bid:,1,100,2,Ask:,3,101,1,359,1,490,1,
4320.286, Bid:,1,100,2,Ask:,2,359,1,490,1,
4320.429, Bid:,2,100,2,237,1,Ask:,2,359,1,490,1,
4320.571, Bid:,3,100,2,165,1,237,1,Ask:,2,359,1,490,1,
4320.857, Bid:,4,100,2,101,1,165,1,237,1,Ask:,2,359,1,490,1,
4321.286, Bid:,4,100,2,101,1,165,1,237,1,Ask:,3,359,1,426,1,490,1,
4321.429, Bid:,5,100,2,101,1,102,1,165,1,237,1,Ask:,3,359,1,426,1,490,1,
4350.000, Bid:,4,100,2,101,1,102,1,165,1,Ask:,3,359,1,426,1,490,1,
4350.286, Bid:,3,100,2,101,1,102,1,Ask:,2,359,1,490,1,
4350.429, Bid:,3,100,2,101,1,102,1,Ask:,3,359,1,378,1,490,1,
4351.000, Bid:,3,100,2,101,1,102,1,Ask:,4,142,1,359,1,378,1,490,1,
4352.143, Bid:,3,100,2,101,1,102,1,Ask:,5,142,1,359,1,378,1,432,1,490,1,
4352.429, Bid:,2,100,2,101,1,Ask:,4,359,1,378,1,432,1,490,1,
4352.714, Bid:,2,100,2,101,1,Ask:,5,359,1,378,1,432,1,459,1,490,1,
4380.000, Bid:,1,100,2,Ask:,4,359,1,378,1,459,1,490,1,
4380.286, Bid:,2,100,2,215,1,Ask:,4,359,1,378,1,459,1,490,1,
4380.429, Bid:,1,100,2,Ask:,3,359,1,459,1,490,1,
4380.571, Bid:,1,100,2,Ask:,2,459,1,490,1,
4380.714, Bid:,1,100,2,Ask:,3,149,1,459,1,490,1,
4381.000, Bid:,1,100,1,Ask:,2,149,1,490,1,
4381.286, Bid:,1,100,1,Ask:,1,490,1,
4381.429, Bid:,1,100,1,Ask:,2,313,1,490,1,
4381.571, Bid:,2,100,1,208,1,Ask:,2,313,1,490,1,
4381.714, Bid:,1,100,1,Ask:,2,313,1,490,1,
4382.000, Bid:,1,100,1,Ask:,1,490,1,
4382.286, Bid:,1,100,1,Ask:,0,
4382.429, Bid:,1,100,1,Ask:,1,352,1,
4382.571, Bid:,2,58,1,100,1,Ask:,1,352,1,
4383.143, Bid:,2,58,1,100,1,Ask:,2,231,1,352,1,
4383.286, Bid:,2,58,1,100,1,Ask:,3,231,1,307,1,352,1,
4383.429, Bid:,2,58,1,100,1,Ask:,2,307,1,352,1,
4383.714, Bid:,3,58,1,100,1,232,1,Ask:,2,307,1,352,1,
4383.857, Bid:,2,58,1,100,1,Ask:,2,307,1,352,1,
4384.429, Bid:,2,58,1,100,1,Ask:,1,352,1,
4384.714, Bid:,2,58,1,100,1,Ask:,2,338,1,352,1,
4385.286, Bid:,1,58,1,Ask:,1,352,1,
4386.143, Bid:,1,58,1,Ask:,2,352,1,372,1,
4386.286, Bid:,2,58,1,213,1,Ask:,2,352,1,372,1,
4386.429, Bid:,3,58,1,198,1,213,1,Ask:,2,352,1,372,1,
4387.286, Bid:,4,58,1,176,1,198,1,213,1,Ask:,2,352,1,372,1,
4410.286, Bid:,3,58,1,176,1,198,1,Ask:,2,352,1,372,1,
4410.429, Bid:,4,58,1,101,1,176,1,198,1,Ask:,2,352,1,372,1,
4410.571, Bid:,4,58,1,100,1,101,1,198,1,Ask:,2,352,1,372,1,
4410.714, Bid:,4,58,1,100,2,101,1,198,1,Ask:,2,352,1,372,1,
4411.000, Bid:,4,58,1,100,2,101,1,198,1,Ask:,3,292,1,352,1,372,1,
4411.143, Bid:,4,58,1,100,2,101,1,198,1,Ask:,4,292,1,352,1,372,1,422,1,
4411.429, Bid:,3,58,1,100,2,101,1,Ask:,4,292,1,352,1,372,1,422,1,
4412.000, Bid:,2,58,1,100,2,Ask:,3,292,1,352,1,372,1,
4412.429, Bid:,3,58,1,100,2,193,1,Ask:,3,292,1,352,1,372,1,
4413.143, Bid:,2,58,1,100,2,Ask:,3,292,1,352,1,372,1,
4413.286, Bid:,2,58,1,100,2,Ask:,3,114,1,292,1,372,1,
4413.429, Bid:,2,58,1,100,2,Ask:,4,114,1,131,1,292,1,372,1,
4414.429, Bid:,2,58,1,100,2,Ask:,5,114,1,131,1,292,1,372,1,399,1,
4440.571, Bid:,3,58,1,100,2,101,1,Ask:,5,114,1,131,1,292,1,372,1,399,1,
4440.857, Bid:,2,58,1,100,2,Ask:,4,114,1,292,1,372,1,399,1,
4441.000, Bid:,2,58,1,100,1,Ask:,3,114,1,292,1,372,1,
4441.143, Bid:,2,58,1,100,1,Ask:,2,292,1,372,1,
4441.429, Bid:,2,100,1,152,1,Ask:,2,292,1,372,1,
4441.714, Bid:,3,29,1,100,1,152,1,Ask:,2,292,1,372,1,
4441.857, Bid:,2,29,1,100,1,Ask:,1,372,1,
4442.000, Bid:,3,29,1,100,1,173,1,Ask:,1,372,1,
4442.571, Bid:,3,29,1,100,1,173,1,Ask:,2,219,1,372,1,
4442.714, Bid:,3,29,1,100,1,173,1,Ask:,1,372,1,
4443.000, Bid:,2,29,1,100,1,Ask:,1,372,1,
4443.143, Bid:,3,29,1,100,1,333,1,Ask:,1,372,1,
4443.286, Bid:,2,29,1,100,1,Ask:,1,372,1,
4443.571, Bid:,2,29,1,100,1,Ask:,0,
4443.714, Bid:,2,29,1,243,1,Ask:,0,
4443.857, Bid:,1,29,1,Ask:,0,
4444.000, Bid:,2,29,1,230,1,Ask:,0,
4444.143, Bid:,1,29,1,Ask:,0,
4444.286, Bid:,1,29,1,Ask:,1,293,1,
4444.571, Bid:,1,29,1,Ask:,0,
4444.857, Bid:,1,29,1,Ask:,1,435,1,
4445.143, Bid:,1,29,1,Ask:,2,127,1,435,1,
4445.286, Bid:,1,29,1,Ask:,1,435,1,
4445.571, Bid:,1,29,1,Ask:,2,62,1,435,1,
4445.857, Bid:,1,29,1,Ask:,3,62,1,116,1,435,1,
4446.000, Bid:,1,29,1,Ask:,2,116,1,435,1,
4446.286, Bid:,1,29,1,Ask:,3,116,1,435,1,436,1,
4446.429, Bid:,2,7,1,29,1,Ask:,3,116,1,435,1,436,1,
4446.571, Bid:,2,7,1,29,1,Ask:,4,116,1,251,1,435,1,436,1,
4470.857, Bid:,3,7,1,29,1,100,1,Ask:,4,116,1,251,1,435,1,436,1,
4471.000, Bid:,3,7,1,29,1,100,2,Ask:,4,116,1,251,1,435,1,436,1,
4471.143, Bid:,3,7,1,29,1,100,1,Ask:,3,116,1,251,1,435,1,
4471.286, Bid:,3,7,1,100,1,101,1,Ask:,3,116,1,251,1,435,1,
4471.571, Bid:,3,7,1,100,1,101,1,Ask:,4,116,1,251,1,351,1,435,1,
4471.857, Bid:,2,7,1,100,1,Ask:,3,116,1,251,1,351,1,
4472.000, Bid:,2,7,1,100,1,Ask:,2,251,1,351,1,
4472.143, Bid:,1,7,1,Ask:,2,251,1,351,1,
4472.571, Bid:,2,7,1,201,1,Ask:,2,251,1,351,1,
4472.714, Bid:,2,7,1,201,1,Ask:,1,351,1,
4472.857, Bid:,1,7,1,Ask:,1,351,1,
4473.000, Bid:,1,7,1,Ask:,2,351,1,355,1,
4473.286, Bid:,1,7,1,Ask:,1,355,1,
4473.429, Bid:,2,7,1,176,1,Ask:,1,355,1,
4473.571, Bid:,1,7,1,Ask:,1,355,1,
4473.714, Bid:,1,7,1,Ask:,0,
4473.857, Bid:,1,7,1,Ask:,1,154,1,
4474.000, Bid:,1,7,1,Ask:,0,
4474.143, Bid:,2,7,1,391,1,Ask:,0,
4474.286, Bid:,1,7,1,Ask:,0,
4474.571, Bid:,1,7,1,Ask:,1,22,1,
4474.714, Bid:,1,7,1,Ask:,2,22,1,497,1,
4474.857, Bid:,1,7,1,Ask:,1,497,1,
4475.000, Bid:,2,7,1,307,1,Ask:,1,497,1,
4475.429, Bid:,2,7,1,307,1,Ask:,2,444,1,497,1,
4475.571, Bid:,3,7,1,48,1,307,1,Ask:,2,444,1,497,1,
4476.000, Bid:,4,7,1,23,1,48,1,307,1,Ask:,2,444,1,497,1,
4476.429, Bid:,3,7,1,23,1,48,1,Ask:,2,444,1,497,1,
4476.714, Bid:,3,7,1,23,1,48,1,Ask:,3,284,1,444,1,497,1,
4477.714, Bid:,3,23,1,48,1,96,1,Ask:,3,284,1,444,1,497,1,
4477.857, Bid:,4,23,1,48,1,58,1,96,1,Ask:,3,284,1,444,1,497,1,
4501.143, Bid:,4,23,1,58,1,96,1,100,1,Ask:,3,284,1,444,1,497,1,
4501.571, Bid:,3,23,1,58,1,96,1,Ask:,3,284,1,444,1,497,1,
4501.714, Bid:,4,23,1,58,1,96,1,101,1,Ask:,3,284,1,444,1,497,1,
4502.000, Bid:,4,23,1,58,1,96,1,101,1,Ask:,4,284,1,339,1,444,1,497,1,
4502.714, Bid:,3,23,1,58,1,96,1,Ask:,4,284,1,339,1,444,1,497,1,
4502.857, Bid:,3,23,1,58,1,96,1,Ask:,4,100,1,284,1,339,1,444,1,
4503.000, Bid:,3,23,1,58,1,96,1,Ask:,3,284,1,339,1,444,1,
4503.143, Bid:,3,23,1,58,1,96,1,Ask:,3,339,1,356,1,444,1,
4503.571, Bid:,4,23,1,58,1,64,1,96,1,Ask:,3,339,1,356,1,444,1,
4503.714, Bid:,5,23,1,58,1,64,1,96,1,323,1,Ask:,3,339,1,356,1,444,1,
4504.000, Bid:,6,23,1,58,1,64,1,96,1,100,1,323,1,Ask:,3,339,1,356,1,444,1,
4504.143, Bid:,5,23,1,58,1,64,1,96,1,100,1,Ask:,3,339,1,356,1,444,1,
4504.286, Bid:,5,23,1,58,1,64,1,96,1,100,1,Ask:,4,272,1,339,1,356,1,444,1,
4504.714, Bid:,5,58,1,64,1,96,1,100,1,101,1,Ask:,4,272,1,339,1,356,1,444,1,
4506.143, Bid:,4,58,1,64,1,96,1,100,1,Ask:,4,272,1,339,1,356,1,444,1,
4506.571, Bid:,3,58,1,64,1,96,1,Ask:,4,272,1,339,1,356,1,444,1,
4507.286, Bid:,3,58,1,64,1,96,1,Ask:,3,339,1,356,1,444,1,
4507.714, Bid:,3,58,1,64,1,96,1,Ask:,3,339,1,356,1,431,1,
4508.143, Bid:,2,58,1,64,1,Ask:,3,339,1,356,1,431,1,
4508.286, Bid:,3,58,1,64,1,152,1,Ask:,3,339,1,356,1,431,1,
4508.571, Bid:,2,58,1,64,1,Ask:,3,339,1,356,1,431,1,
4508.714, Bid:,1,64,1,Ask:,2,356,1,431,1,
4508.857, Bid:,0,Ask:,2,356,1,431,1,
4509.000, Bid:,1,181,1,Ask:,2,356,1,431,1,
4509.571, Bid:,0,Ask:,2,356,1,431,1,
4510.000, Bid:,1,35,1,Ask:,2,356,1,431,1,
4510.143, Bid:,2,35,1,348,1,Ask:,2,356,1,431,1,
4510.286, Bid:,3,35,1,217,1,348,1,Ask:,2,356,1,431,1,
4511.429, Bid:,2,35,1,217,1,Ask:,2,356,1,431,1,
4512.857, Bid:,1,35,1,Ask:,2,356,1,431,1,
4513.000, Bid:,0,Ask:,2,356,1,431,1,
4513.143, Bid:,0,Ask:,3,356,1,431,1,496,1,
4513.857, Bid:,1,349,1,Ask:,3,356,1,431,1,496,1,
4514.429, Bid:,2,164,1,349,1,Ask:,3,356,1,431,1,496,1,
4515.000, Bid:,2,164,1,349,1,Ask:,2,431,1,496,1,
4515.286, Bid:,1,164,1,Ask:,2,431,1,496,1,
4515.571, Bid:,1,164,1,Ask:,3,298,1,431,1,496,1,
4515.714, Bid:,1,164,1,Ask:,4,170,1,298,1,431,1,496,1,
4516.143, Bid:,2,100,1,164,1,Ask:,4,170,1,298,1,431,1,496,1,
4518.571, Bid:,2,100,1,164,1,Ask:,3,298,1,431,1,496,1,
4518.714, Bid:,2,100,1,164,1,Ask:,2,431,1,496,1,
4520.000, Bid:,2,100,1,164,1,Ask:,1,496,1,
4520.143, Bid:,3,100,1,164,1,289,1,Ask:,1,496,1,
4520.286, Bid:,4,14,1,100,1,164,1,289,1,Ask:,1,496,1,
4520.571, Bid:,3,14,1,100,1,164,1,Ask:,1,496,1,
4521.143, Bid:,3,14,1,100,1,164,1,Ask:,2,177,1,496,1,
4523.429, Bid:,2,14,1,100,1,Ask:,2,177,1,496,1,
4524.143, Bid:,2,14,1,100,1,Ask:,1,496,1,
4524.571, Bid:,2,14,1,100,1,Ask:,2,193,1,496,1,
4524.857, Bid:,2,14,1,100,1,Ask:,1,496,1,
4525.429, Bid:,3,14,1,100,1,225,1,Ask:,1,496,1,
4525.571, Bid:,4,14,1,100,1,225,1,319,1,Ask:,1,496,1,
4526.429, Bid:,3,14,1,100,1,225,1,Ask:,1,496,1,
4527.000, Bid:,4,14,1,100,1,123,1,225,1,Ask:,1,496,1,
4528.429, Bid:,5,14,1,100,1,117,1,123,1,225,1,Ask:,1,496,1,
4531.429, Bid:,4,14,1,100,1,117,1,123,1,Ask:,1,496,1,
4531.571, Bid:,3,100,2,117,1,123,1,Ask:,1,496,1,
4531.714, Bid:,3,100,2,123,1,469,1,Ask:,1,496,1,
4532.000, Bid:,2,100,2,123,1,Ask:,1,496,1,
4532.143, Bid:,1,100,2,Ask:,0,
4532.286, Bid:,1,100,1,Ask:,0,
4532.429, Bid:,2,100,1,104,1,Ask:,0,
4532.857, Bid:,3,2,1,100,1,104,1,Ask:,0,
4533.000, Bid:,3,2,1,100,1,104,1,Ask:,1,404,1,
4533.143, Bid:,4,2,1,100,1,104,1,110,1,Ask:,1,404,1,
4534.000, Bid:,4,2,1,100,1,104,1,110,1,Ask:,0,
4534.286, Bid:,4,2,1,100,1,104,1,110,1,Ask:,1,240,1,
4535.143, Bid:,4,2,1,100,1,104,1,110,1,Ask:,0,
4535.286, Bid:,4,2,1,100,1,104,1,110,1,Ask:,1,476,1,
4535.571, Bid:,3,2,1,100,1,104,1,Ask:,1,476,1,
4535.714, Bid:,4,2,1,100,1,104,1,241,1,Ask:,1,476,1,
4536.429, Bid:,5,2,1,100,1,104,1,122,1,241,1,Ask:,1,476,1,
4538.286, Bid:,4,2,1,100,1,104,1,122,1,Ask:,1,476,1,
4538.429, Bid:,5,2,1,100,1,104,1,122,1,328,1,Ask:,1,476,1,
4538.714, Bid:,4,2,1,100,1,104,1,122,1,Ask:,1,476,1,
4538.857, Bid:,4,2,1,100,1,104,1,122,1,Ask:,2,373,1,476,1,
4561.714, Bid:,3,2,1,100,1,104,1,Ask:,1,476,1,
4562.000, Bid:,2,2,1,100,1,Ask:,0,
4562.143, Bid:,1,2,1,Ask:,0,
4562.286, Bid:,1,2,1,Ask:,1,35,1,
4562.429, Bid:,1,2,1,Ask:,0,
4562.571, Bid:,2,2,1,375,1,Ask:,0,
4562.714, Bid:,1,2,1,Ask:,0,
4562.857, Bid:,1,2,1,Ask:,1,206,1,
4563.000, Bid:,1,2,1,Ask:,2,206,1,383,1,
4563.143, Bid:,1,2,1,Ask:,3,201,1,206,1,383,1,
4563.286, Bid:,1,100,1,Ask:,3,201,1,206,1,383,1,
4563.429, Bid:,2,36,1,100,1,Ask:,3,201,1,206,1,383,1,
4564.000, Bid:,2,36,1,100,1,Ask:,4,201,1,206,1,320,1,383,1,
4564.857, Bid:,2,36,1,100,1,Ask:,3,206,1,320,1,383,1,
4565.286, Bid:,1,36,1,Ask:,3,206,1,320,1,383,1,
4565.429, Bid:,1,36,1,Ask:,4,206,1,320,1,383,1,412,1,
4565.571, Bid:,1,36,1,Ask:,3,320,1,383,1,412,1,
4565.714, Bid:,2,36,1,294,1,Ask:,3,320,1,383,1,412,1,
4566.143, Bid:,1,36,1,Ask:,3,320,1,383,1,412,1,
4566.429, Bid:,2,36,1,215,1,Ask:,3,320,1,383,1,412,1,
4567.000, Bid:,2,36,1,215,1,Ask:,4,320,1,351,1,383,1,412,1,
4567.143, Bid:,2,36,1,215,1,Ask:,5,320,1,351,1,383,1,412,1,487,1,
4592.000, Bid:,3,36,1,101,1,215,1,Ask:,5,320,1,351,1,383,1,412,1,487,1,
4592.143, Bid:,2,36,1,101,1,Ask:,4,320,1,383,1,412,1,487,1,
4592.286, Bid:,1,36,1,Ask:,3,383,1,412,1,487,1,
4592.429, Bid:,2,36,1,368,1,Ask:,3,383,1,412,1,487,1,
4592.571, Bid:,1,36,1,Ask:,2,383,1,412,1,
4592.714, Bid:,1,36,1,Ask:,2,76,1,412,1,
4592.857, Bid:,1,36,1,Ask:,1,412,1,
4593.000, Bid:,2,36,1,100,1,Ask:,1,412,1,
4593.143, Bid:,2,36,1,100,1,Ask:,2,412,1,467,1,
4593.286, Bid:,3,36,1,100,1,171,1,Ask:,2,412,1,467,1,
4593.571, Bid:,4,36,1,100,1,171,1,240,1,Ask:,2,412,1,467,1,
4593.857, Bid:,4,77,1,100,1,171,1,240,1,Ask:,2,412,1,467,1,
4594.857, Bid:,4,77,1,100,1,171,1,240,1,Ask:,3,341,1,412,1,467,1,
4595.000, Bid:,3,77,1,100,1,171,1,Ask:,3,341,1,412,1,467,1,
4595.286, Bid:,3,77,1,100,1,171,1,Ask:,4,186,1,341,1,412,1,467,1,
4595.571, Bid:,3,77,1,100,1,171,1,Ask:,3,341,1,412,1,467,1,
4595.714, Bid:,4,77,1,100,1,171,1,263,1,Ask:,3,341,1,412,1,467,1,
4595.857, Bid:,4,77,1,100,1,171,1,263,1,Ask:,4,341,1,412,1,466,1,467,1,
4597.143, Bid:,4,100,1,171,1,187,1,263,1,Ask:,4,341,1,412,1,466,1,467,1,
4622.286, Bid:,3,100,1,171,1,187,1,Ask:,4,341,1,412,1,466,1,467,1,
4622.429, Bid:,3,100,1,171,1,187,1,Ask:,5,211,1,341,1,412,1,466,1,467,1,
4622.857, Bid:,3,100,2,171,1,187,1,Ask:,5,211,1,341,1,412,1,466,1,467,1,
4623.000, Bid:,2,100,2,171,1,Ask:,4,341,1,412,1,466,1,467,1,
4623.429, Bid:,1,100,2,Ask:,3,412,1,466,1,467,1,
4623.571, Bid:,1,100,1,Ask:,2,412,1,467,1,
4623.714, Bid:,2,78,1,100,1,Ask:,2,412,1,467,1,
4623.857, Bid:,2,78,1,100,1,Ask:,2,349,1,467,1,
4624.429, Bid:,3,78,1,100,1,324,1,Ask:,2,349,1,467,1,
4624.571, Bid:,2,78,1,100,1,Ask:,2,349,1,467,1,
4624.714, Bid:,3,78,1,100,1,281,1,Ask:,2,349,1,467,1,
4625.000, Bid:,4,78,1,80,1,100,1,281,1,Ask:,2,349,1,467,1,
4625.286, Bid:,4,78,1,80,1,100,1,281,1,Ask:,3,349,1,434,1,467,1,
4652.714, Bid:,4,78,1,80,1,100,2,281,1,Ask:,3,349,1,434,1,467,1,
4652.857, Bid:,3,78,1,80,1,100,2,Ask:,3,349,1,434,1,467,1,
4653.000, Bid:,3,78,1,80,1,100,2,Ask:,4,112,1,349,1,434,1,467,1,
4653.143, Bid:,3,78,1,80,1,100,2,Ask:,3,349,1,434,1,467,1,
4653.286, Bid:,3,78,1,80,1,100,1,Ask:,3,349,1,434,1,467,1,
4653.429, Bid:,2,78,1,100,1,Ask:,2,434,1,467,1,
4653.571, Bid:,2,78,1,100,1,Ask:,2,299,1,434,1,
4653.714, Bid:,2,78,1,100,1,Ask:,3,232,1,299,1,434,1,
4653.857, Bid:,2,78,1,100,1,Ask:,3,101,1,232,1,299,1,
4654.000, Bid:,1,78,1,Ask:,2,232,1,299,1,
4654.286, Bid:,1,78,1,Ask:,1,299,1,
4654.429, Bid:,0,Ask:,0,
4654.571, Bid:,1,290,1,Ask:,0,
4654.714, Bid:,0,Ask:,0,
4654.857, Bid:,0,Ask:,1,287,1,
4655.000, Bid:,0,Ask:,2,287,1,329,1,
4655.143, Bid:,1,117,1,Ask:,2,287,1,329,1,
4655.714, Bid:,0,Ask:,2,287,1,329,1,
4655.857, Bid:,0,Ask:,3,287,1,321,1,329,1,
4656.000, Bid:,0,Ask:,4,276,1,287,1,321,1,329,1,
4656.143, Bid:,0,Ask:,5,276,1,287,1,321,1,329,1,409,1,
4656.286, Bid:,0,Ask:,4,287,1,321,1,329,1,409,1,
4656.429, Bid:,1,154,1,Ask:,4,287,1,321,1,329,1,409,1,
4657.286, Bid:,1,154,1,Ask:,5,200,1,287,1,321,1,329,1,409,1,
4662.429, Bid:,1,154,1,Ask:,4,287,1,321,1,329,1,409,1,
4663.714, Bid:,1,154,1,Ask:,5,198,1,287,1,321,1,329,1,409,1,
4682.857, Bid:,0,Ask:,5,198,1,287,1,321,1,329,1,409,1,
4683.000, Bid:,1,35,1,Ask:,5,198,1,287,1,321,1,329,1,409,1,
4683.143, Bid:,1,35,1,Ask:,5,100,1,198,1,287,1,329,1,409,1,
4683.714, Bid:,1,35,1,Ask:,4,198,1,287,1,329,1,409,1,
4683.857, Bid:,1,35,1,Ask:,4,101,1,287,1,329,1,409,1,
4684.286, Bid:,1,35,1,Ask:,5,101,1,183,1,287,1,329,1,409,1,
4684.714, Bid:,2,35,1,100,1,Ask:,5,101,1,183,1,287,1,329,1,409,1,
4685.857, Bid:,2,35,1,100,1,Ask:,4,183,1,287,1,329,1,409,1,
4686.143, Bid:,2,35,1,100,2,Ask:,4,183,1,287,1,329,1,409,1,
4687.143, Bid:,2,35,1,100,2,Ask:,3,287,1,329,1,409,1,
4687.429, Bid:,2,35,1,100,2,Ask:,4,176,1,287,1,329,1,409,1,
4688.429, Bid:,2,35,1,100,2,Ask:,4,176,1,287,1,409,1,474,1,
4688.857, Bid:,2,35,1,100,2,Ask:,5,176,1,247,1,287,1,409,1,474,1,
4713.286, Bid:,3,35,1,100,2,101,1,Ask:,5,176,1,247,1,287,1,409,1,474,1,
4713.857, Bid:,2,35,1,100,2,Ask:,4,247,1,287,1,409,1,474,1,
4714.000, Bid:,2,35,1,100,1,Ask:,3,287,1,409,1,474,1,
4714.143, Bid:,3,10,1,35,1,100,1,Ask:,3,287,1,409,1,474,1,
4714.571, Bid:,2,10,1,35,1,Ask:,3,287,1,409,1,474,1,
4714.714, Bid:,2,10,1,106,1,Ask:,3,287,1,409,1,474,1,
4715.000, Bid:,3,10,1,66,1,106,1,Ask:,3,287,1,409,1,474,1,
4715.143, Bid:,4,10,1,66,1,106,1,143,1,Ask:,3,287,1,409,1,474,1,
4715.286, Bid:,5,10,1,66,1,106,1,143,1,164,1,Ask:,3,287,1,409,1,474,1,
4716.571, Bid:,4,10,1,66,1,106,1,143,1,Ask:,2,287,1,409,1,
4716.857, Bid:,4,10,1,66,1,106,1,143,1,Ask:,1,409,1,
4717.571, Bid:,5,10,1,59,1,66,1,106,1,143,1,Ask:,1,409,1,
4718.000, Bid:,4,10,1,59,1,66,1,106,1,Ask:,1,409,1,
4718.143, Bid:,5,10,1,59,1,66,1,99,1,106,1,Ask:,1,409,1,
4718.714, Bid:,6,10,1,59,1,66,1,99,1,106,1,265,1,Ask:,1,409,1,
4719.143, Bid:,5,10,1,59,1,66,1,99,1,106,1,Ask:,1,409,1,
4720.000, Bid:,5,10,1,59,1,66,1,99,1,106,1,Ask:,2,409,1,427,1,
4743.429, Bid:,4,10,1,59,1,66,1,99,1,Ask:,2,409,1,427,1,
4743.714, Bid:,4,10,1,66,1,99,1,100,1,Ask:,2,409,1,427,1,
4743.857, Bid:,5,10,1,66,1,99,1,100,1,152,1,Ask:,2,409,1,427,1,
4744.000, Bid:,5,10,1,66,1,99,1,100,1,152,1,Ask:,3,303,1,409,1,427,1,
4744.143, Bid:,4,10,1,66,1,99,1,100,1,Ask:,3,303,1,409,1,427,1,
4744.286, Bid:,3,10,1,66,1,100,2,Ask:,3,303,1,409,1,427,1,
4745.286, Bid:,3,10,1,100,2,213,1,Ask:,3,303,1,409,1,427,1,
4745.571, Bid:,4,10,1,100,2,101,1,213,1,Ask:,3,303,1,409,1,427,1,
4746.571, Bid:,4,10,1,100,2,101,1,213,1,Ask:,2,409,1,427,1,
4746.714, Bid:,5,10,1,15,1,100,2,101,1,213,1,Ask:,2,409,1,427,1,
4749.429, Bid:,5,10,1,15,1,100,2,101,1,213,1,Ask:,3,409,1,418,1,427,1,
4774.000, Bid:,4,10,1,15,1,100,2,101,1,Ask:,2,409,1,427,1,
4774.143, Bid:,4,10,1,15,1,100,2,101,1,Ask:,3,409,1,427,1,437,1,
4774.286, Bid:,3,10,1,15,1,100,2,Ask:,3,409,1,427,1,437,1,
4774.571, Bid:,3,10,1,100,2,383,1,Ask:,3,409,1,427,1,437,1,
4775.429, Bid:,4,10,1,63,1,100,2,383,1,Ask:,3,409,1,427,1,437,1,
4776.286, Bid:,3,10,1,63,1,100,2,Ask:,3,409,1,427,1,437,1,
4777.571, Bid:,4,10,1,63,1,100,2,357,1,Ask:,3,409,1,427,1,437,1,
4778.000, Bid:,5,10,1,63,1,100,2,249,1,357,1,Ask:,3,409,1,427,1,437,1,
4804.143, Bid:,4,10,1,63,1,100,2,249,1,Ask:,3,409,1,427,1,437,1,
4804.286, Bid:,4,10,1,100,2,101,1,249,1,Ask:,3,409,1,427,1,437,1,
4804.714, Bid:,5,10,1,100,2,101,1,244,1,249,1,Ask:,3,409,1,427,1,437,1,
4805.000, Bid:,4,10,1,100,2,101,1,244,1,Ask:,3,409,1,427,1,437,1,
4805.714, Bid:,3,10,1,100,2,101,1,Ask:,3,409,1,427,1,437,1,
4806.429, Bid:,3,10,1,100,2,101,1,Ask:,4,409,1,427,1,437,1,441,1,
4807.143, Bid:,3,10,1,100,2,101,1,Ask:,5,399,1,409,1,427,1,437,1,441,1,
4808.429, Bid:,2,10,1,100,2,Ask:,4,399,1,409,1,427,1,441,1,
4808.571, Bid:,2,100,2,345,1,Ask:,4,399,1,409,1,427,1,441,1,
4808.714, Bid:,3,100,2,249,1,345,1,Ask:,4,399,1,409,1,427,1,441,1,
4834.286, Bid:,2,100,2,249,1,Ask:,4,399,1,409,1,427,1,441,1,
4834.429, Bid:,1,100,2,Ask:,3,399,1,409,1,427,1,
4834.714, Bid:,1,100,2,Ask:,3,358,1,399,1,409,1,
4835.143, Bid:,1,100,1,Ask:,3,358,1,399,1,409,1,
4835.286, Bid:,1,100,1,Ask:,2,399,1,409,1,
4835.429, Bid:,1,100,1,Ask:,3,291,1,399,1,409,1,
4835.571, Bid:,1,100,1,Ask:,3,101,1,291,1,409,1,
4835.714, Bid:,1,100,1,Ask:,4,101,1,184,1,291,1,409,1,
4836.000, Bid:,0,Ask:,4,101,1,184,1,291,1,409,1,
4836.857, Bid:,0,Ask:,5,101,1,184,1,236,1,291,1,409,1,
4837.000, Bid:,0,Ask:,4,184,1,236,1,291,1,409,1,
4837.143, Bid:,1,102,1,Ask:,4,184,1,236,1,291,1,409,1,
4838.286, Bid:,1,102,1,Ask:,4,184,1,213,1,236,1,291,1,
4838.857, Bid:,2,102,1,154,1,Ask:,4,184,1,213,1,236,1,291,1,
4839.000, Bid:,3,72,1,102,1,154,1,Ask:,4,184,1,213,1,236,1,291,1,
4864.571, Bid:,4,72,1,100,1,102,1,154,1,Ask:,4,184,1,213,1,236,1,291,1,
4864.714, Bid:,4,72,1,100,2,102,1,154,1,Ask:,4,184,1,213,1,236,1,291,1,
4864.857, Bid:,5,72,1,100,2,101,1,102,1,154,1,Ask:,4,184,1,213,1,236,1,291,1,
4865.000, Bid:,4,72,1,100,2,101,1,102,1,Ask:,4,184,1,213,1,236,1,291,1,
4865.286, Bid:,3,72,1,100,2,101,1,Ask:,3,184,1,213,1,236,1,
4865.429, Bid:,2,72,1,100,2,Ask:,3,184,1,213,1,236,1,
4865.571, Bid:,2,2,1,100,2,Ask:,3,184,1,213,1,236,1,
4865.857, Bid:,3,2,1,95,1,100,2,Ask:,3,184,1,213,1,236,1,
4866.429, Bid:,3,2,1,95,1,100,1,Ask:,2,184,1,213,1,
4866.571, Bid:,3,2,1,95,2,100,1,Ask:,2,184,1,213,1,
4866.857, Bid:,3,2,1,95,2,100,1,Ask:,3,184,1,213,1,367,1,
4867.714, Bid:,3,2,1,95,2,100,1,Ask:,3,182,1,213,1,367,1,
4894.857, Bid:,3,2,1,95,2,100,2,Ask:,3,182,1,213,1,367,1,
4895.000, Bid:,4,2,1,95,2,100,2,101,1,Ask:,3,182,1,213,1,367,1,
4895.286, Bid:,3,2,1,95,2,100,2,Ask:,3,182,1,213,1,367,1,
4896.143, Bid:,3,2,1,95,2,100,2,Ask:,2,213,1,367,1,
4896.286, Bid:,3,2,1,95,2,100,1,Ask:,2,213,1,367,1,
4896.571, Bid:,3,2,1,95,2,100,1,Ask:,1,367,1,
4896.714, Bid:,3,2,1,95,2,100,1,Ask:,2,150,1,367,1,
4896.857, Bid:,3,2,1,95,2,100,1,Ask:,3,150,1,228,1,367,1,
4897.571, Bid:,3,2,1,95,2,100,1,Ask:,2,228,1,367,1,
4897.857, Bid:,4,2,1,95,1,100,1,144,1,Ask:,2,228,1,367,1,
4898.000, Bid:,3,2,1,95,1,100,1,Ask:,1,228,1,
4898.143, Bid:,3,2,1,95,1,100,1,Ask:,2,109,1,228,1,
4898.429, Bid:,3,2,1,95,1,100,1,Ask:,3,109,1,228,1,345,1,
4898.714, Bid:,3,2,1,95,1,100,1,Ask:,4,109,1,228,1,315,1,345,1,
4899.286, Bid:,3,2,1,95,1,100,1,Ask:,5,109,1,228,1,262,1,315,1,345,1,
4900.857, Bid:,3,2,1,95,1,100,1,Ask:,6,101,1,109,1,228,1,262,1,315,1,345,1,
4901.286, Bid:,2,2,1,95,1,Ask:,5,109,1,228,1,262,1,315,1,345,1,
4901.571, Bid:,1,2,1,Ask:,4,228,1,262,1,315,1,345,1,
4901.714, Bid:,1,2,1,Ask:,5,228,1,262,1,297,1,315,1,345,1,
4903.429, Bid:,1,2,1,Ask:,4,262,1,297,1,315,1,345,1,
4903.857, Bid:,1,2,1,Ask:,5,262,1,297,1,315,1,345,1,449,1,
4904.143, Bid:,1,2,1,Ask:,6,92,1,262,1,297,1,315,1,345,1,449,1,
4905.571, Bid:,1,2,1,Ask:,5,262,1,297,1,315,1,345,1,449,1,
4906.000, Bid:,1,2,1,Ask:,6,262,1,297,1,315,1,345,1,444,1,449,1,
4925.143, Bid:,2,2,1,100,1,Ask:,6,262,1,297,1,315,1,345,1,444,1,449,1,
4925.286, Bid:,1,2,1,Ask:,5,262,1,297,1,315,1,444,1,449,1,
4925.429, Bid:,2,2,1,100,1,Ask:,5,262,1,297,1,315,1,444,1,449,1,
4925.571, Bid:,1,2,1,Ask:,5,262,1,297,1,315,1,444,1,449,1,
4925.714, Bid:,2,2,1,101,1,Ask:,5,262,1,297,1,315,1,444,1,449,1,
4925.857, Bid:,1,2,1,Ask:,4,262,1,297,1,315,1,449,1,
4926.000, Bid:,1,2,1,Ask:,5,262,1,297,1,311,1,315,1,449,1,
4926.143, Bid:,1,2,1,Ask:,4,262,1,297,1,311,1,449,2,
4926.286, Bid:,1,2,1,Ask:,4,100,1,297,1,311,1,449,2,
4926.429, Bid:,1,2,1,Ask:,3,297,1,311,1,449,2,
4926.714, Bid:,1,2,1,Ask:,4,291,1,297,1,311,1,449,2,
4927.000, Bid:,2,2,1,101,1,Ask:,4,291,1,297,1,311,1,449,2,
4927.143, Bid:,2,2,1,101,1,Ask:,3,297,1,311,1,449,2,
4927.286, Bid:,3,2,1,101,1,134,1,Ask:,3,297,1,311,1,449,2,
4927.429, Bid:,3,2,1,101,1,134,1,Ask:,4,297,1,311,1,391,1,449,2,
4927.714, Bid:,4,2,1,101,1,134,1,192,1,Ask:,4,297,1,311,1,391,1,449,2,
4929.143, Bid:,5,2,1,101,1,134,1,192,1,244,1,Ask:,4,297,1,311,1,391,1,449,2,
4955.429, Bid:,4,2,1,101,1,134,1,192,1,Ask:,4,297,1,311,1,391,1,449,2,
4955.571, Bid:,4,2,1,100,1,101,1,192,1,Ask:,4,297,1,311,1,391,1,449,2,
4955.857, Bid:,3,2,1,100,1,101,1,Ask:,3,297,1,311,1,449,2,
4956.000, Bid:,3,2,1,100,1,101,2,Ask:,3,297,1,311,1,449,2,
4956.571, Bid:,4,2,1,100,1,101,2,246,1,Ask:,3,297,1,311,1,449,2,
4957.143, Bid:,4,100,1,101,2,131,1,246,1,Ask:,3,297,1,311,1,449,2,
4957.429, Bid:,4,100,1,101,2,131,1,246,1,Ask:,3,311,1,416,1,449,2,
4957.571, Bid:,3,100,1,101,2,131,1,Ask:,2,416,1,449,2,
4957.714, Bid:,4,85,1,100,1,101,2,131,1,Ask:,2,416,1,449,2,
4958.714, Bid:,4,85,1,100,1,101,2,131,1,Ask:,1,449,2,
4959.000, Bid:,4,85,1,100,1,101,2,131,1,Ask:,2,419,1,449,2,
4959.714, Bid:,4,85,1,100,1,101,2,131,1,Ask:,1,449,2,
4960.143, Bid:,4,85,1,100,1,101,2,131,1,Ask:,2,392,1,449,2,
4961.286, Bid:,4,85,1,100,1,101,2,131,1,Ask:,3,241,1,392,1,449,2,
4961.714, Bid:,4,85,1,100,1,101,1,131,1,Ask:,2,392,1,449,2,
4963.286, Bid:,3,85,1,100,1,101,1,Ask:,2,392,1,449,2,
4963.714, Bid:,4,5,1,85,1,100,1,101,1,Ask:,2,392,1,449,2,
4963.857, Bid:,5,5,1,75,1,85,1,100,1,101,1,Ask:,2,392,1,449,2,
4985.857, Bid:,4,5,1,75,1,85,1,100,1,Ask:,2,392,1,449,2,
4986.000, Bid:,4,5,1,75,1,85,1,100,2,Ask:,2,392,1,449,2,
4986.143, Bid:,4,5,1,75,1,85,1,100,1,Ask:,2,392,1,449,2,
4986.286, Bid:,5,5,1,75,1,85,1,100,1,146,1,Ask:,2,392,1,449,2,
4986.429, Bid:,5,5,1,75,1,85,1,100,1,146,1,Ask:,3,242,1,392,1,449,2,
4987.000, Bid:,4,5,1,75,1,85,1,100,1,Ask:,3,242,1,392,1,449,1,
4987.143, Bid:,4,5,1,75,1,85,1,100,1,Ask:,4,101,1,242,1,392,1,449,1,
4987.429, Bid:,4,5,1,75,1,85,1,100,1,Ask:,5,101,1,242,1,392,1,437,1,449,1,
4987.571, Bid:,4,5,1,75,1,85,1,100,1,Ask:,4,242,1,392,1,437,1,449,1,
4987.714, Bid:,4,5,1,75,1,85,1,100,1,Ask:,3,392,1,437,1,449,1,
4987.857, Bid:,4,5,1,75,1,85,1,100,1,Ask:,2,437,1,449,1,
4988.143, Bid:,4,5,1,75,1,100,1,419,1,Ask:,2,437,1,449,1,
4988.714, Bid:,5,5,1,75,1,100,1,399,1,419,1,Ask:,2,437,1,449,1,
4988.857, Bid:,5,75,1,100,1,159,1,399,1,419,1,Ask:,2,437,1,449,1,
4989.571, Bid:,4,75,1,100,1,159,1,399,1,Ask:,2,437,1,449,1,
4989.857, Bid:,3,75,1,100,1,159,1,Ask:,1,437,1,
4990.000, Bid:,2,75,1,100,1,Ask:,1,437,1,
4990.143, Bid:,2,75,1,353,1,Ask:,1,437,1,
4990.286, Bid:,3,11,1,75,1,353,1,Ask:,1,437,1,
4990.429, Bid:,2,11,1,75,1,Ask:,1,437,1,
4990.571, Bid:,3,11,1,75,1,156,1,Ask:,1,437,1,
4991.429, Bid:,4,11,1,75,1,156,1,302,1,Ask:,1,437,1,
4991.714, Bid:,3,11,1,75,1,156,1,Ask:,1,437,1,
4991.857, Bid:,4,11,1,75,1,156,1,254,1,Ask:,1,437,1,
4993.571, Bid:,4,11,1,75,1,156,1,254,1,Ask:,2,433,1,437,1,
4994.143, Bid:,5,11,1,75,1,156,1,254,1,416,1,Ask:,2,433,1,437,1,
