bse_controlled_0001, 000000, 112, None, PT1, 500, 1, 500.000000, RNDM, 0, 6, 0.000000, 
bse_controlled_0001, 000030, 111, 175, PT1, 500, 1, 500.000000, RNDM, 0, 6, 0.000000, 
bse_controlled_0001, 000030, None, 175, PT1, 500, 1, 500.000000, RNDM, 0, 6, 0.000000, 
bse_controlled_0001, 000030, None, 175, PT1, 500, 1, 500.000000, RNDM, 0, 6, 0.000000, 
bse_controlled_0001, 000031, None, 175, PT1, 500, 1, 500.000000, RNDM, 0, 6, 0.000000, 
bse_controlled_0001, 000031, None, 225, PT1, 500, 1, 500.000000, RNDM, 0, 6, 0.000000, 
bse_controlled_0001, 000032, 37, None, PT1, 500, 1, 500.000000, RNDM, 0, 6, 0.000000, 
bse_controlled_0001, 000032, 37, None, PT1, 500, 1, 500.000000, RNDM, 0, 6, 0.000000, 
bse_controlled_0001, 000035, 37, 125, PT1, 500, 1, 500.000000, RNDM, 0, 6, 0.000000, 
bse_controlled_0001, 000036, 37, 182, PT1, 500, 1, 500.000000, RNDM, 0, 6, 0.000000, 
bse_controlled_0001, 000037, 37, 182, PT1, 500, 1, 500.000000, RNDM, 0, 6, 0.000000, 
bse_controlled_0001, 000060, 35, 147, PT1, 500, 1, 500.000000, RNDM, 0, 6, 0.000000, 
bse_controlled_0001, 000060, 35, 182, PT1, 500, 1, 500.000000, RNDM, 0, 6, 0.000000, 
bse_controlled_0001, 000060, 35, None, PT1, 500, 1, 500.000000, RNDM, 0, 6, 0.000000, 
bse_controlled_0001, 000062, 350, 499, PT1, 500, 1, 500.000000, RNDM, 0, 6, 0.000000, 
bse_controlled_0001, 000090, 182, 401, PT1, 500, 1, 500.000000, RNDM, 0, 6, 0.000000, 
bse_controlled_0001, 000090, 100, None, PT1, 500, 1, 500.000000, RNDM, 0, 6, 0.000000, 
bse_controlled_0001, 000092, 100, 133, PT1, 500, 1, 500.000000, RNDM, 0, 6, 0.000000, 
bse_controlled_0001, 000092, 100, 321, PT1, 500, 1, 500.000000, RNDM, 0, 6, 0.000000, 
bse_controlled_0001, 000093, 100, 393, PT1, 500, 1, 500.000000, RNDM, 0, 6, 0.000000, 
bse_controlled_0001, 000120, 100, 170, PT1, 500, 1, 500.000000, RNDM, 0, 6, 0.000000, 
bse_controlled_0001, 000121, 100, 173, PT1, 500, 1, 500.000000, RNDM, 0, 6, 0.000000, 
bse_controlled_0001, 000121, 100, 393, PT1, 500, 1, 500.000000, RNDM, 0, 6, 0.000000, 
bse_controlled_0001, 000151, None, 101, PT1, 500, 1, 500.000000, RNDM, 0, 6, 0.000000, 
bse_controlled_0001, 000151, None, 144, PT1, 500, 1, 500.000000, RNDM, 0, 6, 0.000000, 
bse_controlled_0001, 000151, 118, 285, PT1, 500, 1, 500.000000, RNDM, 0, 6, 0.000000, 
bse_controlled_0001, 000152, 101, 296, PT1, 500, 1, 500.000000, RNDM, 0, 6, 0.000000, 
bse_controlled_0001, 000153, 100, 310, PT1, 500, 1, 500.000000, RNDM, 0, 6, 0.000000, 
bse_controlled_0001, 000155, 100, 310, PT1, 500, 1, 500.000000, RNDM, 0, 6, 0.000000, 
bse_controlled_0001, 000156, 100, 310, PT1, 500, 1, 500.000000, RNDM, 0, 6, 0.000000, 
bse_controlled_0001, 000157, 100, 310, PT1, 500, 1, 500.000000, RNDM, 0, 6, 0.000000, 
bse_controlled_0001, 000181, 100, 310, PT1, 500, 1, 500.000000, RNDM, 0, 6, 0.000000, 
bse_controlled_0001, 000182, 100, 321, PT1, 500, 1, 500.000000, RNDM, 0, 6, 0.000000, 
bse_controlled_0001, 000182, None, 344, PT1, 500, 1, 500.000000, RNDM, 0, 6, 0.000000, 
bse_controlled_0001, 000184, 255, 344, PT1, 500, 1, 500.000000, RNDM, 0, 6, 0.000000, 
bse_controlled_0001, 000184, 255, 408, PT1, 500, 1, 500.000000, RNDM, 688, 6, 114.666667, 
bse_controlled_0001, 000212, 101, 354, PT1, 500, 1, 500.000000, RNDM, 688, 6, 114.666667, 
bse_controlled_0001, 000212, 100, 408, PT1, 500, 1, 500.000000, RNDM, 688, 6, 114.666667, 
bse_controlled_0001, 000242, 101, 408, PT1, 500, 1, 500.000000, RNDM, 688, 6, 114.666667, 
bse_controlled_0001, 000242, 100, 408, PT1, 500, 1, 500.000000, RNDM, 688, 6, 114.666667, 
bse_controlled_0001, 000272, 190, 408, PT1, 500, 1, 500.000000, RNDM, 1074, 6, 179.000000, 
bse_controlled_0001, 000272, 100, 257, PT1, 500, 1, 500.000000, RNDM, 1074, 6, 179.000000, 
bse_controlled_0001, 000273, 100, 408, PT1, 500, 1, 500.000000, RNDM, 1074, 6, 179.000000, 
bse_controlled_0001, 000274, 100, 269, PT1, 500, 1, 500.000000, RNDM, 1074, 6, 179.000000, 
bse_controlled_0001, 000274, 100, 269, PT1, 500, 1, 500.000000, RNDM, 1074, 6, 179.000000, 
bse_controlled_0001, 000275, 100, 269, PT1, 500, 1, 500.000000, RNDM, 1074, 6, 179.000000, 
bse_controlled_0001, 000275, 100, 408, PT1, 500, 1, 500.000000, RNDM, 1074, 6, 179.000000, 
bse_controlled_0001, 000275, 100, 408, PT1, 500, 1, 500.000000, RNDM, 1074, 6, 179.000000, 
bse_controlled_0001, 000275, 100, 437, PT1, 500, 1, 500.000000, RNDM, 1890, 6, 315.000000, 
bse_controlled_0001, 000275, 73, 437, PT1, 500, 1, 500.000000, RNDM, 1890, 6, 315.000000, 
bse_controlled_0001, 000276, 159, 417, PT1, 500, 1, 500.000000, RNDM, 1890, 6, 315.000000, 
bse_controlled_0001, 000276, 73, 417, PT1, 500, 1, 500.000000, RNDM, 1890, 6, 315.000000, 
bse_controlled_0001, 000302, 339, 417, PT1, 500, 1, 500.000000, RNDM, 2630, 6, 438.333333, 
bse_controlled_0001, 000303, 339, 417, PT1, 500, 1, 500.000000, RNDM, 2630, 6, 438.333333, 
bse_controlled_0001, 000304, 147, 417, PT1, 500, 1, 500.000000, RNDM, 2630, 6, 438.333333, 
bse_controlled_0001, 000304, 147, 417, PT1, 500, 1, 500.000000, RNDM, 2630, 6, 438.333333, 
bse_controlled_0001, 000305, 147, 417, PT1, 500, 1, 500.000000, RNDM, 2630, 6, 438.333333, 
bse_controlled_0001, 000305, 101, 417, PT1, 353, 1, 353.000000, RNDM, 2483, 6, 413.833333, 
bse_controlled_0001, 000307, 101, 417, PT1, 353, 1, 353.000000, RNDM, 2483, 6, 413.833333, 
bse_controlled_0001, 000332, 100, 381, PT1, 353, 1, 353.000000, RNDM, 2483, 6, 413.833333, 
bse_controlled_0001, 000333, 100, 417, PT1, 353, 1, 353.000000, RNDM, 2483, 6, 413.833333, 
bse_controlled_0001, 000333, None, 417, PT1, 353, 1, 353.000000, RNDM, 2483, 6, 413.833333, 
bse_controlled_0001, 000333, None, 433, PT1, 353, 1, 353.000000, RNDM, 2483, 6, 413.833333, 
bse_controlled_0001, 000334, None, 433, PT1, 353, 1, 353.000000, RNDM, 2483, 6, 413.833333, 
bse_controlled_0001, 000334, None, 433, PT1, 353, 1, 353.000000, RNDM, 2483, 6, 413.833333, 
bse_controlled_0001, 000335, None, 101, PT1, 353, 1, 353.000000, RNDM, 2483, 6, 413.833333, 
bse_controlled_0001, 000335, None, 434, PT1, 353, 1, 353.000000, RNDM, 2483, 6, 413.833333, 
bse_controlled_0001, 000336, 42, 432, PT1, 691, 1, 691.000000, RNDM, 2821, 6, 470.166667, 
bse_controlled_0001, 000338, 255, 432, PT1, 691, 1, 691.000000, RNDM, 2821, 6, 470.166667, 
bse_controlled_0001, 000339, 42, 432, PT1, 691, 1, 691.000000, RNDM, 2821, 6, 470.166667, 
bse_controlled_0001, 000339, 42, 432, PT1, 691, 1, 691.000000, RNDM, 2821, 6, 470.166667, 
bse_controlled_0001, 000340, 106, 432, PT1, 691, 1, 691.000000, RNDM, 2821, 6, 470.166667, 
bse_controlled_0001, 000362, 100, 432, PT1, 585, 1, 585.000000, RNDM, 2715, 6, 452.500000, 
bse_controlled_0001, 000363, 100, 101, PT1, 585, 1, 585.000000, RNDM, 2715, 6, 452.500000, 
bse_controlled_0001, 000363, 100, 500, PT1, 585, 1, 585.000000, RNDM, 2715, 6, 452.500000, 
bse_controlled_0001, 000364, 211, 447, PT1, 797, 1, 797.000000, RNDM, 2927, 6, 487.833333, 
bse_controlled_0001, 000393, 101, 270, PT1, 797, 1, 797.000000, RNDM, 3349, 6, 558.166667, 
bse_controlled_0001, 000393, 100, 270, PT1, 797, 1, 797.000000, RNDM, 3349, 6, 558.166667, 
bse_controlled_0001, 000394, 100, 270, PT1, 797, 1, 797.000000, RNDM, 3349, 6, 558.166667, 
bse_controlled_0001, 000395, 100, 270, PT1, 797, 1, 797.000000, RNDM, 3349, 6, 558.166667, 
bse_controlled_0001, 000397, 100, 270, PT1, 797, 1, 797.000000, RNDM, 3349, 6, 558.166667, 
bse_controlled_0001, 000398, 85, 354, PT1, 797, 1, 797.000000, RNDM, 3349, 6, 558.166667, 
bse_controlled_0001, 000399, 85, 388, PT1, 797, 1, 797.000000, RNDM, 3349, 6, 558.166667, 
bse_controlled_0001, 000423, 233, 345, PT1, 797, 1, 797.000000, RNDM, 3349, 6, 558.166667, 
bse_controlled_0001, 000423, 203, 345, PT1, 797, 1, 797.000000, RNDM, 3349, 6, 558.166667, 
bse_controlled_0001, 000424, 199, None, PT1, 797, 1, 797.000000, RNDM, 3349, 6, 558.166667, 
bse_controlled_0001, 000424, 101, None, PT1, 797, 1, 797.000000, RNDM, 3349, 6, 558.166667, 
bse_controlled_0001, 000453, 246, None, PT1, 797, 1, 797.000000, RNDM, 3349, 6, 558.166667, 
bse_controlled_0001, 000453, 101, None, PT1, 797, 1, 797.000000, RNDM, 3349, 6, 558.166667, 
bse_controlled_0001, 000456, 101, 476, PT1, 600, 1, 600.000000, RNDM, 3546, 6, 591.000000, 
bse_controlled_0001, 000459, 101, 476, PT1, 1030, 1, 1030.000000, RNDM, 3976, 6, 662.666667, 
bse_controlled_0001, 000459, 100, 476, PT1, 1030, 1, 1030.000000, RNDM, 3976, 6, 662.666667, 
bse_controlled_0001, 000460, 100, 252, PT1, 1030, 1, 1030.000000, RNDM, 3976, 6, 662.666667, 
bse_controlled_0001, 000460, 100, 476, PT1, 1030, 1, 1030.000000, RNDM, 3976, 6, 662.666667, 
bse_controlled_0001, 000461, 100, 476, PT1, 1030, 1, 1030.000000, RNDM, 3976, 6, 662.666667, 
bse_controlled_0001, 000462, 100, 476, PT1, 777, 1, 777.000000, RNDM, 3723, 6, 620.500000, 
bse_controlled_0001, 000483, 96, 476, PT1, 777, 1, 777.000000, RNDM, 3723, 6, 620.500000, 
bse_controlled_0001, 000483, 96, 101, PT1, 777, 1, 777.000000, RNDM, 3723, 6, 620.500000, 
bse_controlled_0001, 000484, 96, None, PT1, 777, 1, 777.000000, RNDM, 3723, 6, 620.500000, 
bse_controlled_0001, 000485, 289, 495, PT1, 1109, 1, 1109.000000, RNDM, 4055, 6, 675.833333, 
bse_controlled_0001, 000513, 262, None, PT1, 1109, 1, 1109.000000, RNDM, 4055, 6, 675.833333, 
bse_controlled_0001, 000514, 100, None, PT1, 1109, 1, 1109.000000, RNDM, 4055, 6, 675.833333, 
bse_controlled_0001, 000514, 100, None, PT1, 1109, 1, 1109.000000, RNDM, 4055, 6, 675.833333, 
bse_controlled_0001, 000515, 100, 278, PT1, 1109, 1, 1109.000000, RNDM, 4055, 6, 675.833333, 
bse_controlled_0001, 000516, 153, 278, PT1, 930, 1, 930.000000, RNDM, 4234, 6, 705.666667, 
bse_controlled_0001, 000516, 153, None, PT1, 930, 1, 930.000000, RNDM, 4234, 6, 705.666667, 
bse_controlled_0001, 000518, 153, 441, PT1, 1246, 1, 1246.000000, RNDM, 4550, 6, 758.333333, 
bse_controlled_0001, 000543, 142, 306, PT1, 1246, 1, 1246.000000, RNDM, 4856, 6, 809.333333, 
bse_controlled_0001, 000544, 100, 306, PT1, 1246, 1, 1246.000000, RNDM, 4856, 6, 809.333333, 
bse_controlled_0001, 000544, 100, None, PT1, 1246, 1, 1246.000000, RNDM, 4856, 6, 809.333333, 
bse_controlled_0001, 000547, 100, 370, PT1, 1084, 1, 1084.000000, RNDM, 5018, 6, 836.333333, 
bse_controlled_0001, 000574, 100, 441, PT1, 1084, 1, 1084.000000, RNDM, 5018, 6, 836.333333, 
bse_controlled_0001, 000574, 100, 101, PT1, 1084, 1, 1084.000000, RNDM, 5018, 6, 836.333333, 
bse_controlled_0001, 000575, 100, 423, PT1, 1084, 1, 1084.000000, RNDM, 5018, 6, 836.333333, 
bse_controlled_0001, 000575, 100, None, PT1, 1084, 1, 1084.000000, RNDM, 5018, 6, 836.333333, 
bse_controlled_0001, 000576, 92, 397, PT1, 1084, 1, 1084.000000, RNDM, 5018, 6, 836.333333, 
bse_controlled_0001, 000604, 92, 103, PT1, 1084, 1, 1084.000000, RNDM, 5018, 6, 836.333333, 
bse_controlled_0001, 000604, 78, 189, PT1, 1084, 1, 1084.000000, RNDM, 5018, 6, 836.333333, 
bse_controlled_0001, 000604, 78, 189, PT1, 1084, 1, 1084.000000, RNDM, 5018, 6, 836.333333, 
bse_controlled_0001, 000604, None, 189, PT1, 1084, 1, 1084.000000, RNDM, 5018, 6, 836.333333, 
bse_controlled_0001, 000605, None, 197, PT1, 1084, 1, 1084.000000, RNDM, 5018, 6, 836.333333, 
bse_controlled_0001, 000605, None, 197, PT1, 1280, 1, 1280.000000, RNDM, 5214, 6, 869.000000, 
bse_controlled_0001, 000606, None, 177, PT1, 1280, 1, 1280.000000, RNDM, 5214, 6, 869.000000, 
bse_controlled_0001, 000606, None, 197, PT1, 1280, 1, 1280.000000, RNDM, 5214, 6, 869.000000, 
bse_controlled_0001, 000607, None, 246, PT1, 1280, 1, 1280.000000, RNDM, 5214, 6, 869.000000, 
bse_controlled_0001, 000607, None, 393, PT1, 1280, 1, 1280.000000, RNDM, 5214, 6, 869.000000, 
bse_controlled_0001, 000634, 137, 486, PT1, 1280, 1, 1280.000000, RNDM, 5214, 6, 869.000000, 
bse_controlled_0001, 000634, 100, 486, PT1, 1280, 1, 1280.000000, RNDM, 5488, 6, 914.666667, 
bse_controlled_0001, 000635, 91, 486, PT1, 1280, 1, 1280.000000, RNDM, 5488, 6, 914.666667, 
bse_controlled_0001, 000636, 101, 339, PT1, 1280, 1, 1280.000000, RNDM, 5488, 6, 914.666667, 
bse_controlled_0001, 000637, 101, 339, PT1, 1280, 1, 1280.000000, RNDM, 5488, 6, 914.666667, 
bse_controlled_0001, 000639, 158, 339, PT1, 1280, 1, 1280.000000, RNDM, 5488, 6, 914.666667, 
bse_controlled_0001, 000640, 101, 339, PT1, 1280, 1, 1280.000000, RNDM, 5488, 6, 914.666667, 
bse_controlled_0001, 000641, 101, 289, PT1, 1145, 1, 1145.000000, RNDM, 5623, 6, 937.166667, 
bse_controlled_0001, 000665, 100, 289, PT1, 1145, 1, 1145.000000, RNDM, 5623, 6, 937.166667, 
bse_controlled_0001, 000666, 100, 289, PT1, 1145, 1, 1145.000000, RNDM, 5623, 6, 937.166667, 
bse_controlled_0001, 000694, 89, 101, PT1, 1145, 1, 1145.000000, RNDM, 5623, 6, 937.166667, 
bse_controlled_0001, 000695, 100, 212, PT1, 1145, 1, 1145.000000, RNDM, 5623, 6, 937.166667, 
bse_controlled_0001, 000695, 100, 212, PT1, 1145, 1, 1145.000000, RNDM, 5623, 6, 937.166667, 
bse_controlled_0001, 000696, 100, 212, PT1, 1307, 1, 1307.000000, RNDM, 5785, 6, 964.166667, 
bse_controlled_0001, 000696, 100, 289, PT1, 1307, 1, 1307.000000, RNDM, 5785, 6, 964.166667, 
bse_controlled_0001, 000697, 100, 325, PT1, 1307, 1, 1307.000000, RNDM, 5785, 6, 964.166667, 
bse_controlled_0001, 000698, 100, 325, PT1, 1307, 1, 1307.000000, RNDM, 5785, 6, 964.166667, 
bse_controlled_0001, 000699, 100, 325, PT1, 1307, 1, 1307.000000, RNDM, 5785, 6, 964.166667, 
bse_controlled_0001, 000699, 100, 361, PT1, 1307, 1, 1307.000000, RNDM, 5785, 6, 964.166667, 
bse_controlled_0001, 000700, 321, 361, PT1, 1307, 1, 1307.000000, RNDM, 5785, 6, 964.166667, 
bse_controlled_0001, 000701, 198, 361, PT1, 1307, 1, 1307.000000, RNDM, 5785, 6, 964.166667, 
bse_controlled_0001, 000702, 198, 385, PT1, 1307, 1, 1307.000000, RNDM, 5785, 6, 964.166667, 
bse_controlled_0001, 000725, 198, 422, PT1, 1307, 1, 1307.000000, RNDM, 5785, 6, 964.166667, 
bse_controlled_0001, 000725, 176, 422, PT1, 1109, 1, 1109.000000, RNDM, 5587, 6, 931.166667, 
bse_controlled_0001, 000725, 100, 422, PT1, 1109, 1, 1109.000000, RNDM, 5587, 6, 931.166667, 
bse_controlled_0001, 000726, 248, 422, PT1, 1109, 1, 1109.000000, RNDM, 5587, 6, 931.166667, 
bse_controlled_0001, 000726, 101, 422, PT1, 1109, 1, 1109.000000, RNDM, 5587, 6, 931.166667, 
bse_controlled_0001, 000727, 100, 422, PT1, 1109, 1, 1109.000000, RNDM, 5587, 6, 931.166667, 
bse_controlled_0001, 000727, 100, None, PT1, 1109, 1, 1109.000000, RNDM, 5587, 6, 931.166667, 
bse_controlled_0001, 000728, 100, 266, PT1, 1109, 1, 1109.000000, RNDM, 5587, 6, 931.166667, 
bse_controlled_0001, 000728, 100, None, PT1, 1109, 1, 1109.000000, RNDM, 5587, 6, 931.166667, 
bse_controlled_0001, 000729, 100, None, PT1, 1314, 1, 1314.000000, RNDM, 5382, 6, 897.000000, 
bse_controlled_0001, 000730, 170, 446, PT1, 1314, 1, 1314.000000, RNDM, 5382, 6, 897.000000, 
bse_controlled_0001, 000755, 170, 446, PT1, 1314, 1, 1314.000000, RNDM, 5382, 6, 897.000000, 
bse_controlled_0001, 000755, 100, 446, PT1, 1314, 1, 1314.000000, RNDM, 5382, 6, 897.000000, 
bse_controlled_0001, 000755, 53, None, PT1, 1314, 1, 1314.000000, RNDM, 5382, 6, 897.000000, 
bse_controlled_0001, 000785, 268, 346, PT1, 1314, 1, 1314.000000, RNDM, 5382, 6, 897.000000, 
bse_controlled_0001, 000786, 147, 346, PT1, 1314, 1, 1314.000000, RNDM, 5918, 6, 986.333333, 
bse_controlled_0001, 000786, 100, 286, PT1, 1314, 1, 1314.000000, RNDM, 5918, 6, 986.333333, 
bse_controlled_0001, 000788, 100, 199, PT1, 1314, 1, 1314.000000, RNDM, 5918, 6, 986.333333, 
bse_controlled_0001, 000788, 100, 222, PT1, 1314, 1, 1314.000000, RNDM, 5918, 6, 986.333333, 
bse_controlled_0001, 000788, 100, 286, PT1, 1314, 1, 1314.000000, RNDM, 5918, 6, 986.333333, 
bse_controlled_0001, 000816, 102, 286, PT1, 1314, 1, 1314.000000, RNDM, 5918, 6, 986.333333, 
bse_controlled_0001, 000816, 100, 286, PT1, 1212, 1, 1212.000000, RNDM, 5816, 6, 969.333333, 
bse_controlled_0001, 000816, 100, 311, PT1, 1212, 1, 1212.000000, RNDM, 5816, 6, 969.333333, 
bse_controlled_0001, 000816, 100, None, PT1, 1212, 1, 1212.000000, RNDM, 5816, 6, 969.333333, 
bse_controlled_0001, 000817, 136, None, PT1, 1478, 1, 1478.000000, RNDM, 6082, 6, 1013.666667, 
bse_controlled_0001, 000818, 100, None, PT1, 1478, 1, 1478.000000, RNDM, 6082, 6, 1013.666667, 
bse_controlled_0001, 000820, 100, 428, PT1, 1478, 1, 1478.000000, RNDM, 6082, 6, 1013.666667, 
bse_controlled_0001, 000822, 100, 428, PT1, 1478, 1, 1478.000000, RNDM, 6082, 6, 1013.666667, 
bse_controlled_0001, 000846, 264, None, PT1, 1478, 1, 1478.000000, RNDM, 6082, 6, 1013.666667, 
bse_controlled_0001, 000846, 100, None, PT1, 1478, 1, 1478.000000, RNDM, 6082, 6, 1013.666667, 
bse_controlled_0001, 000846, 100, None, PT1, 1344, 1, 1344.000000, RNDM, 6216, 6, 1036.000000, 
bse_controlled_0001, 000849, 101, 283, PT1, 1534, 1, 1534.000000, RNDM, 6406, 6, 1067.666667, 
bse_controlled_0001, 000849, 101, 290, PT1, 1534, 1, 1534.000000, RNDM, 6406, 6, 1067.666667, 
bse_controlled_0001, 000877, 100, 387, PT1, 1534, 1, 1534.000000, RNDM, 6406, 6, 1067.666667, 
bse_controlled_0001, 000877, 100, 401, PT1, 1534, 1, 1534.000000, RNDM, 6406, 6, 1067.666667, 
bse_controlled_0001, 000878, 100, 401, PT1, 1534, 1, 1534.000000, RNDM, 6406, 6, 1067.666667, 
bse_controlled_0001, 000878, 100, 401, PT1, 1534, 1, 1534.000000, RNDM, 6406, 6, 1067.666667, 
bse_controlled_0001, 000879, 100, 253, PT1, 1534, 1, 1534.000000, RNDM, 6406, 6, 1067.666667, 
bse_controlled_0001, 000880, 100, 253, PT1, 1332, 1, 1332.000000, RNDM, 6608, 6, 1101.333333, 
bse_controlled_0001, 000880, 100, 253, PT1, 1332, 1, 1332.000000, RNDM, 6608, 6, 1101.333333, 
bse_controlled_0001, 000906, 28, 186, PT1, 1332, 1, 1332.000000, RNDM, 6608, 6, 1101.333333, 
bse_controlled_0001, 000907, 28, 186, PT1, 1332, 1, 1332.000000, RNDM, 6608, 6, 1101.333333, 
bse_controlled_0001, 000907, 28, 209, PT1, 1332, 1, 1332.000000, RNDM, 6608, 6, 1101.333333, 
bse_controlled_0001, 000937, 100, 118, PT1, 1332, 1, 1332.000000, RNDM, 6608, 6, 1101.333333, 
bse_controlled_0001, 000937, 100, 209, PT1, 1332, 1, 1332.000000, RNDM, 6608, 6, 1101.333333, 
bse_controlled_0001, 000938, 100, 209, PT1, 1332, 1, 1332.000000, RNDM, 6608, 6, 1101.333333, 
bse_controlled_0001, 000939, 191, 227, PT1, 1541, 1, 1541.000000, RNDM, 6399, 6, 1066.500000, 
bse_controlled_0001, 000967, 163, 227, PT1, 1541, 1, 1541.000000, RNDM, 6399, 6, 1066.500000, 
bse_controlled_0001, 000967, 100, 227, PT1, 1541, 1, 1541.000000, RNDM, 6399, 6, 1066.500000, 
bse_controlled_0001, 000968, 100, 227, PT1, 1541, 1, 1541.000000, RNDM, 6399, 6, 1066.500000, 
bse_controlled_0001, 000969, 146, 240, PT1, 1541, 1, 1541.000000, RNDM, 6399, 6, 1066.500000, 
bse_controlled_0001, 000969, 100, 240, PT1, 1541, 1, 1541.000000, RNDM, 6399, 6, 1066.500000, 
bse_controlled_0001, 000970, 101, 312, PT1, 1541, 1, 1541.000000, RNDM, 6399, 6, 1066.500000, 
bse_controlled_0001, 000970, 100, 441, PT1, 1541, 1, 1541.000000, RNDM, 6399, 6, 1066.500000, 
bse_controlled_0001, 000970, 49, 441, PT1, 1541, 1, 1541.000000, RNDM, 6399, 6, 1066.500000, 
bse_controlled_0001, 000971, None, 188, PT1, 1541, 1, 1541.000000, RNDM, 6399, 6, 1066.500000, 
bse_controlled_0001, 000972, None, 292, PT1, 1541, 1, 1541.000000, RNDM, 6399, 6, 1066.500000, 
bse_controlled_0001, 000973, 189, 406, PT1, 1541, 1, 1541.000000, RNDM, 6399, 6, 1066.500000, 
bse_controlled_0001, 000973, None, 406, PT1, 1352, 1, 1352.000000, RNDM, 6210, 6, 1035.000000, 
bse_controlled_0001, 000975, None, 406, PT1, 1677, 1, 1677.000000, RNDM, 6535, 6, 1089.166667, 
bse_controlled_0001, 000998, 101, 258, PT1, 1677, 1, 1677.000000, RNDM, 6535, 6, 1089.166667, 
bse_controlled_0001, 000998, 100, 258, PT1, 1677, 1, 1677.000000, RNDM, 6535, 6, 1089.166667, 
bse_controlled_0001, 000999, 100, 406, PT1, 1677, 1, 1677.000000, RNDM, 6535, 6, 1089.166667, 
bse_controlled_0001, 001028, 100, 288, PT1, 1576, 1, 1576.000000, RNDM, 6636, 6, 1106.000000, 
bse_controlled_0001, 001028, 100, 288, PT1, 1576, 1, 1576.000000, RNDM, 6636, 6, 1106.000000, 
bse_controlled_0001, 001029, 100, 288, PT1, 1814, 1, 1814.000000, RNDM, 6874, 6, 1145.666667, 
bse_controlled_0001, 001029, 100, 288, PT1, 1814, 1, 1814.000000, RNDM, 6874, 6, 1145.666667, 
bse_controlled_0001, 001029, 96, 288, PT1, 1814, 1, 1814.000000, RNDM, 6874, 6, 1145.666667, 
bse_controlled_0001, 001030, 93, 288, PT1, 1814, 1, 1814.000000, RNDM, 6874, 6, 1145.666667, 
bse_controlled_0001, 001033, 93, 303, PT1, 1814, 1, 1814.000000, RNDM, 6874, 6, 1145.666667, 
bse_controlled_0001, 001034, 194, 314, PT1, 1814, 1, 1814.000000, RNDM, 6874, 6, 1145.666667, 
bse_controlled_0001, 001034, 194, None, PT1, 1814, 1, 1814.000000, RNDM, 6874, 6, 1145.666667, 
bse_controlled_0001, 001035, 93, None, PT1, 1814, 1, 1814.000000, RNDM, 6874, 6, 1145.666667, 
bse_controlled_0001, 001035, 93, None, PT1, 1814, 1, 1814.000000, RNDM, 6874, 6, 1145.666667, 
bse_controlled_0001, 001036, 84, None, PT1, 1814, 1, 1814.000000, RNDM, 6874, 6, 1145.666667, 
bse_controlled_0001, 001037, 84, 438, PT1, 1814, 1, 1814.000000, RNDM, 6874, 6, 1145.666667, 
bse_controlled_0001, 001058, 101, 318, PT1, 1814, 1, 1814.000000, RNDM, 6874, 6, 1145.666667, 
bse_controlled_0001, 001058, 26, 318, PT1, 1814, 1, 1814.000000, RNDM, 6874, 6, 1145.666667, 
bse_controlled_0001, 001059, 26, None, PT1, 1814, 1, 1814.000000, RNDM, 6874, 6, 1145.666667, 
bse_controlled_0001, 001059, 100, None, PT1, 1814, 1, 1814.000000, RNDM, 6874, 6, 1145.666667, 
bse_controlled_0001, 001060, 100, None, PT1, 1814, 1, 1814.000000, RNDM, 6874, 6, 1145.666667, 
bse_controlled_0001, 001061, 100, 285, PT1, 1814, 1, 1814.000000, RNDM, 6874, 6, 1145.666667, 
bse_controlled_0001, 001061, 174, None, PT1, 1814, 1, 1814.000000, RNDM, 6874, 6, 1145.666667, 
bse_controlled_0001, 001061, 100, None, PT1, 1814, 1, 1814.000000, RNDM, 6874, 6, 1145.666667, 
bse_controlled_0001, 001062, 100, None, PT1, 1814, 1, 1814.000000, RNDM, 6874, 6, 1145.666667, 
bse_controlled_0001, 001062, 191, None, PT1, 1602, 1, 1602.000000, RNDM, 7086, 6, 1181.000000, 
bse_controlled_0001, 001063, 191, 402, PT1, 1871, 1, 1871.000000, RNDM, 7355, 6, 1225.833333, 
bse_controlled_0001, 001064, 191, None, PT1, 1871, 1, 1871.000000, RNDM, 7355, 6, 1225.833333, 
bse_controlled_0001, 001088, 191, 376, PT1, 1871, 1, 1871.000000, RNDM, 7827, 6, 1304.500000, 
bse_controlled_0001, 001088, 106, 376, PT1, 1871, 1, 1871.000000, RNDM, 7827, 6, 1304.500000, 
bse_controlled_0001, 001089, 318, None, PT1, 1871, 1, 1871.000000, RNDM, 7827, 6, 1304.500000, 
bse_controlled_0001, 001089, 318, None, PT1, 1871, 1, 1871.000000, RNDM, 7827, 6, 1304.500000, 
bse_controlled_0001, 001090, 100, None, PT1, 1871, 1, 1871.000000, RNDM, 7827, 6, 1304.500000, 
bse_controlled_0001, 001091, 100, None, PT1, 1871, 1, 1871.000000, RNDM, 7827, 6, 1304.500000, 
bse_controlled_0001, 001091, 100, None, PT1, 1704, 1, 1704.000000, RNDM, 7994, 6, 1332.333333, 
bse_controlled_0001, 001092, 158, None, PT1, 2055, 1, 2055.000000, RNDM, 8345, 6, 1390.833333, 
bse_controlled_0001, 001093, 158, None, PT1, 2055, 1, 2055.000000, RNDM, 8345, 6, 1390.833333, 
bse_controlled_0001, 001094, 232, None, PT1, 2055, 1, 2055.000000, RNDM, 8345, 6, 1390.833333, 
bse_controlled_0001, 001094, 158, None, PT1, 2055, 1, 2055.000000, RNDM, 8345, 6, 1390.833333, 
bse_controlled_0001, 001094, 100, None, PT1, 2055, 1, 2055.000000, RNDM, 8345, 6, 1390.833333, 
bse_controlled_0001, 001094, 89, 471, PT1, 2055, 1, 2055.000000, RNDM, 8345, 6, 1390.833333, 
bse_controlled_0001, 001095, None, 434, PT1, 2055, 1, 2055.000000, RNDM, 8345, 6, 1390.833333, 
bse_controlled_0001, 001095, 1, 434, PT1, 1998, 1, 1998.000000, RNDM, 8402, 6, 1400.333333, 
bse_controlled_0001, 001098, 1, 360, PT1, 2242, 1, 2242.000000, RNDM, 8646, 6, 1441.000000, 
bse_controlled_0001, 001119, 69, 101, PT1, 2242, 1, 2242.000000, RNDM, 8646, 6, 1441.000000, 
bse_controlled_0001, 001119, 69, 101, PT1, 2242, 1, 2242.000000, RNDM, 8646, 6, 1441.000000, 
bse_controlled_0001, 001119, 69, 360, PT1, 2141, 1, 2141.000000, RNDM, 8747, 6, 1457.833333, 
bse_controlled_0001, 001120, None, 401, PT1, 2390, 1, 2390.000000, RNDM, 8996, 6, 1499.333333, 
bse_controlled_0001, 001149, 176, 372, PT1, 2390, 1, 2390.000000, RNDM, 8996, 6, 1499.333333, 
bse_controlled_0001, 001149, 100, 245, PT1, 2390, 1, 2390.000000, RNDM, 8996, 6, 1499.333333, 
bse_controlled_0001, 001149, 100, 372, PT1, 2390, 1, 2390.000000, RNDM, 8996, 6, 1499.333333, 
bse_controlled_0001, 001150, 100, 372, PT1, 2390, 1, 2390.000000, RNDM, 8996, 6, 1499.333333, 
bse_controlled_0001, 001150, None, 101, PT1, 2390, 1, 2390.000000, RNDM, 8996, 6, 1499.333333, 
bse_controlled_0001, 001151, None, 171, PT1, 2289, 1, 2289.000000, RNDM, 9097, 6, 1516.166667, 
bse_controlled_0001, 001151, None, 274, PT1, 2289, 1, 2289.000000, RNDM, 9097, 6, 1516.166667, 
bse_controlled_0001, 001151, None, 332, PT1, 2289, 1, 2289.000000, RNDM, 9097, 6, 1516.166667, 
bse_controlled_0001, 001154, None, 332, PT1, 2289, 1, 2289.000000, RNDM, 9097, 6, 1516.166667, 
bse_controlled_0001, 001155, None, 256, PT1, 2462, 1, 2462.000000, RNDM, 9270, 6, 1545.000000, 
bse_controlled_0001, 001179, 208, 256, PT1, 2462, 1, 2462.000000, RNDM, 9270, 6, 1545.000000, 
bse_controlled_0001, 001179, 100, 256, PT1, 2462, 1, 2462.000000, RNDM, 9270, 6, 1545.000000, 
bse_controlled_0001, 001180, 100, 256, PT1, 2462, 1, 2462.000000, RNDM, 9270, 6, 1545.000000, 
bse_controlled_0001, 001180, 100, 316, PT1, 2462, 1, 2462.000000, RNDM, 9270, 6, 1545.000000, 
bse_controlled_0001, 001182, 100, 304, PT1, 2344, 1, 2344.000000, RNDM, 9388, 6, 1564.666667, 
bse_controlled_0001, 001210, 81, 101, PT1, 2344, 1, 2344.000000, RNDM, 9388, 6, 1564.666667, 
bse_controlled_0001, 001210, 81, 101, PT1, 2344, 1, 2344.000000, RNDM, 9388, 6, 1564.666667, 
bse_controlled_0001, 001211, 81, 181, PT1, 2344, 1, 2344.000000, RNDM, 9388, 6, 1564.666667, 
bse_controlled_0001, 001211, 81, 181, PT1, 2344, 1, 2344.000000, RNDM, 9388, 6, 1564.666667, 
bse_controlled_0001, 001212, 54, 249, PT1, 2344, 1, 2344.000000, RNDM, 9388, 6, 1564.666667, 
bse_controlled_0001, 001213, 54, 249, PT1, 2344, 1, 2344.000000, RNDM, 9388, 6, 1564.666667, 
bse_controlled_0001, 001214, 85, 339, PT1, 2344, 1, 2344.000000, RNDM, 9388, 6, 1564.666667, 
bse_controlled_0001, 001216, 85, 228, PT1, 2495, 1, 2495.000000, RNDM, 9539, 6, 1589.833333, 
bse_controlled_0001, 001240, 85, 211, PT1, 2495, 1, 2495.000000, RNDM, 9539, 6, 1589.833333, 
bse_controlled_0001, 001240, 100, 101, PT1, 2495, 1, 2495.000000, RNDM, 9539, 6, 1589.833333, 
bse_controlled_0001, 001241, 100, 148, PT1, 2394, 1, 2394.000000, RNDM, 9640, 6, 1606.666667, 
bse_controlled_0001, 001242, 74, 148, PT1, 2394, 1, 2394.000000, RNDM, 9640, 6, 1606.666667, 
bse_controlled_0001, 001270, 100, 328, PT1, 2394, 1, 2394.000000, RNDM, 9640, 6, 1606.666667, 
bse_controlled_0001, 001271, 100, 328, PT1, 2394, 1, 2394.000000, RNDM, 9640, 6, 1606.666667, 
bse_controlled_0001, 001271, 74, 328, PT1, 2394, 1, 2394.000000, RNDM, 9640, 6, 1606.666667, 
bse_controlled_0001, 001272, None, 364, PT1, 2394, 1, 2394.000000, RNDM, 9640, 6, 1606.666667, 
bse_controlled_0001, 001273, None, 342, PT1, 2502, 1, 2502.000000, RNDM, 9532, 6, 1588.666667, 
bse_controlled_0001, 001273, None, 364, PT1, 2502, 1, 2502.000000, RNDM, 9532, 6, 1588.666667, 
bse_controlled_0001, 001274, 101, 364, PT1, 2502, 1, 2502.000000, RNDM, 9532, 6, 1588.666667, 
bse_controlled_0001, 001275, 101, 445, PT1, 2502, 1, 2502.000000, RNDM, 10260, 6, 1710.000000, 
bse_controlled_0001, 001275, 101, 486, PT1, 2502, 1, 2502.000000, RNDM, 10260, 6, 1710.000000, 
bse_controlled_0001, 001276, 101, 486, PT1, 2314, 1, 2314.000000, RNDM, 10448, 6, 1741.333333, 
bse_controlled_0001, 001277, 101, 218, PT1, 2523, 1, 2523.000000, RNDM, 10657, 6, 1776.166667, 
bse_controlled_0001, 001280, 101, 391, PT1, 2305, 1, 2305.000000, RNDM, 10875, 6, 1812.500000, 
bse_controlled_0001, 001281, 93, 391, PT1, 2305, 1, 2305.000000, RNDM, 11077, 6, 1846.166667, 
bse_controlled_0001, 001302, 93, 100, PT1, 2305, 1, 2305.000000, RNDM, 11077, 6, 1846.166667, 
bse_controlled_0001, 001302, 93, 101, PT1, 2305, 1, 2305.000000, RNDM, 11077, 6, 1846.166667, 
bse_controlled_0001, 001302, 93, 254, PT1, 2305, 1, 2305.000000, RNDM, 11077, 6, 1846.166667, 
bse_controlled_0001, 001303, 51, 254, PT1, 2305, 1, 2305.000000, RNDM, 11077, 6, 1846.166667, 
bse_controlled_0001, 001303, 66, 316, PT1, 2305, 1, 2305.000000, RNDM, 11077, 6, 1846.166667, 
bse_controlled_0001, 001330, 66, 195, PT1, 2305, 1, 2305.000000, RNDM, 11077, 6, 1846.166667, 
bse_controlled_0001, 001331, 100, 316, PT1, 2305, 1, 2305.000000, RNDM, 11077, 6, 1846.166667, 
bse_controlled_0001, 001331, 51, 391, PT1, 2305, 1, 2305.000000, RNDM, 11077, 6, 1846.166667, 
bse_controlled_0001, 001332, 51, 415, PT1, 2305, 1, 2305.000000, RNDM, 11859, 6, 1976.500000, 
bse_controlled_0001, 001332, 51, 415, PT1, 2305, 1, 2305.000000, RNDM, 11859, 6, 1976.500000, 
bse_controlled_0001, 001332, 51, 415, PT1, 2305, 1, 2305.000000, RNDM, 11859, 6, 1976.500000, 
bse_controlled_0001, 001333, 204, 344, PT1, 2573, 1, 2573.000000, RNDM, 12127, 6, 2021.166667, 
bse_controlled_0001, 001334, 204, 344, PT1, 2573, 1, 2573.000000, RNDM, 12127, 6, 2021.166667, 
bse_controlled_0001, 001334, 58, 344, PT1, 2573, 1, 2573.000000, RNDM, 12127, 6, 2021.166667, 
bse_controlled_0001, 001334, 256, 413, PT1, 2573, 1, 2573.000000, RNDM, 12127, 6, 2021.166667, 
bse_controlled_0001, 001335, 110, 413, PT1, 2317, 1, 2317.000000, RNDM, 11871, 6, 1978.500000, 
bse_controlled_0001, 001361, 163, None, PT1, 2317, 1, 2317.000000, RNDM, 11871, 6, 1978.500000, 
bse_controlled_0001, 001361, 110, None, PT1, 2317, 1, 2317.000000, RNDM, 12197, 6, 2032.833333, 
bse_controlled_0001, 001362, 100, 383, PT1, 2317, 1, 2317.000000, RNDM, 12197, 6, 2032.833333, 
bse_controlled_0001, 001363, 221, None, PT1, 2317, 1, 2317.000000, RNDM, 12197, 6, 2032.833333, 
bse_controlled_0001, 001364, 215, 465, PT1, 2317, 1, 2317.000000, RNDM, 12197, 6, 2032.833333, 
bse_controlled_0001, 001365, 215, 465, PT1, 2317, 1, 2317.000000, RNDM, 12197, 6, 2032.833333, 
bse_controlled_0001, 001365, 100, 363, PT1, 2317, 1, 2317.000000, RNDM, 12197, 6, 2032.833333, 
bse_controlled_0001, 001368, 100, 263, PT1, 2317, 1, 2317.000000, RNDM, 12197, 6, 2032.833333, 
bse_controlled_0001, 001368, 100, 363, PT1, 2580, 1, 2580.000000, RNDM, 11934, 6, 1989.000000, 
bse_controlled_0001, 001391, 100, 363, PT1, 2580, 1, 2580.000000, RNDM, 11934, 6, 1989.000000, 
bse_controlled_0001, 001392, 100, 146, PT1, 2479, 1, 2479.000000, RNDM, 12035, 6, 2005.833333, 
bse_controlled_0001, 001393, 62, 146, PT1, 2479, 1, 2479.000000, RNDM, 12035, 6, 2005.833333, 
bse_controlled_0001, 001394, 100, 341, PT1, 2479, 1, 2479.000000, RNDM, 12035, 6, 2005.833333, 
bse_controlled_0001, 001394, 62, 244, PT1, 2479, 1, 2479.000000, RNDM, 12035, 6, 2005.833333, 
bse_controlled_0001, 001395, 223, 341, PT1, 2479, 1, 2479.000000, RNDM, 12035, 6, 2005.833333, 
bse_controlled_0001, 001397, 223, 341, PT1, 2479, 1, 2479.000000, RNDM, 12035, 6, 2005.833333, 
bse_controlled_0001, 001397, 223, 411, PT1, 2479, 1, 2479.000000, RNDM, 12035, 6, 2005.833333, 
bse_controlled_0001, 001397, 62, 411, PT1, 2702, 1, 2702.000000, RNDM, 12258, 6, 2043.000000, 
bse_controlled_0001, 001398, 62, 152, PT1, 2702, 1, 2702.000000, RNDM, 12258, 6, 2043.000000, 
bse_controlled_0001, 001398, 62, 411, PT1, 2702, 1, 2702.000000, RNDM, 12258, 6, 2043.000000, 
bse_controlled_0001, 001398, None, 411, PT1, 2702, 1, 2702.000000, RNDM, 12258, 6, 2043.000000, 
bse_controlled_0001, 001399, None, 411, PT1, 2702, 1, 2702.000000, RNDM, 12258, 6, 2043.000000, 
bse_controlled_0001, 001399, 59, 411, PT1, 2610, 1, 2610.000000, RNDM, 12350, 6, 2058.333333, 
bse_controlled_0001, 001422, 59, 161, PT1, 2610, 1, 2610.000000, RNDM, 12350, 6, 2058.333333, 
bse_controlled_0001, 001422, 59, 411, PT1, 2610, 1, 2610.000000, RNDM, 12350, 6, 2058.333333, 
bse_controlled_0001, 001422, 59, 411, PT1, 2610, 1, 2610.000000, RNDM, 12350, 6, 2058.333333, 
bse_controlled_0001, 001423, 59, 99, PT1, 2610, 1, 2610.000000, RNDM, 12350, 6, 2058.333333, 
bse_controlled_0001, 001424, 59, 408, PT1, 2709, 1, 2709.000000, RNDM, 12251, 6, 2041.833333, 
bse_controlled_0001, 001424, 59, 408, PT1, 2709, 1, 2709.000000, RNDM, 12251, 6, 2041.833333, 
bse_controlled_0001, 001426, 286, 431, PT1, 2709, 1, 2709.000000, RNDM, 12251, 6, 2041.833333, 
bse_controlled_0001, 001452, 250, 431, PT1, 2709, 1, 2709.000000, RNDM, 12251, 6, 2041.833333, 
bse_controlled_0001, 001452, 250, 431, PT1, 2709, 1, 2709.000000, RNDM, 12251, 6, 2041.833333, 
bse_controlled_0001, 001455, 250, 431, PT1, 2709, 1, 2709.000000, RNDM, 12251, 6, 2041.833333, 
bse_controlled_0001, 001455, 101, 431, PT1, 2709, 1, 2709.000000, RNDM, 12751, 6, 2125.166667, 
bse_controlled_0001, 001482, 101, 294, PT1, 2709, 1, 2709.000000, RNDM, 13111, 6, 2185.166667, 
bse_controlled_0001, 001482, 101, 431, PT1, 2709, 1, 2709.000000, RNDM, 13111, 6, 2185.166667, 
bse_controlled_0001, 001483, 101, 431, PT1, 2709, 1, 2709.000000, RNDM, 13111, 6, 2185.166667, 
bse_controlled_0001, 001483, 101, 447, PT1, 2709, 1, 2709.000000, RNDM, 13111, 6, 2185.166667, 
bse_controlled_0001, 001483, 101, 447, PT1, 2709, 1, 2709.000000, RNDM, 13111, 6, 2185.166667, 
bse_controlled_0001, 001484, 101, 447, PT1, 2503, 1, 2503.000000, RNDM, 13317, 6, 2219.500000, 
bse_controlled_0001, 001485, 100, 447, PT1, 2503, 1, 2503.000000, RNDM, 13317, 6, 2219.500000, 
bse_controlled_0001, 001486, 62, 196, PT1, 2503, 1, 2503.000000, RNDM, 13317, 6, 2219.500000, 
bse_controlled_0001, 001512, 62, 196, PT1, 2503, 1, 2503.000000, RNDM, 13317, 6, 2219.500000, 
bse_controlled_0001, 001512, 62, 394, PT1, 2503, 1, 2503.000000, RNDM, 13317, 6, 2219.500000, 
bse_controlled_0001, 001513, 62, 349, PT1, 2503, 1, 2503.000000, RNDM, 13317, 6, 2219.500000, 
bse_controlled_0001, 001514, 100, 349, PT1, 2503, 1, 2503.000000, RNDM, 13317, 6, 2219.500000, 
bse_controlled_0001, 001515, 100, 394, PT1, 2503, 1, 2503.000000, RNDM, 13317, 6, 2219.500000, 
bse_controlled_0001, 001517, 283, 394, PT1, 2885, 1, 2885.000000, RNDM, 13699, 6, 2283.166667, 
bse_controlled_0001, 001543, 100, 349, PT1, 2885, 1, 2885.000000, RNDM, 13699, 6, 2283.166667, 
bse_controlled_0001, 001543, 100, 349, PT1, 2784, 1, 2784.000000, RNDM, 13800, 6, 2300.000000, 
bse_controlled_0001, 001573, 100, 349, PT1, 2784, 1, 2784.000000, RNDM, 13800, 6, 2300.000000, 
bse_controlled_0001, 001573, 100, 394, PT1, 2784, 1, 2784.000000, RNDM, 13800, 6, 2300.000000, 
bse_controlled_0001, 001574, 100, 394, PT1, 2784, 1, 2784.000000, RNDM, 13800, 6, 2300.000000, 
bse_controlled_0001, 001574, 76, 228, PT1, 2784, 1, 2784.000000, RNDM, 13800, 6, 2300.000000, 
bse_controlled_0001, 001574, 76, 394, PT1, 2784, 1, 2784.000000, RNDM, 13800, 6, 2300.000000, 
bse_controlled_0001, 001604, 76, 101, PT1, 2784, 1, 2784.000000, RNDM, 13800, 6, 2300.000000, 
bse_controlled_0001, 001604, 76, 101, PT1, 2784, 1, 2784.000000, RNDM, 13800, 6, 2300.000000, 
bse_controlled_0001, 001604, 76, 142, PT1, 2784, 1, 2784.000000, RNDM, 13800, 6, 2300.000000, 
bse_controlled_0001, 001606, 101, 163, PT1, 2784, 1, 2784.000000, RNDM, 13800, 6, 2300.000000, 
bse_controlled_0001, 001633, 100, 128, PT1, 2784, 1, 2784.000000, RNDM, 13800, 6, 2300.000000, 
bse_controlled_0001, 001634, 100, 128, PT1, 2784, 1, 2784.000000, RNDM, 13800, 6, 2300.000000, 
bse_controlled_0001, 001634, 76, 128, PT1, 2784, 1, 2784.000000, RNDM, 13800, 6, 2300.000000, 
bse_controlled_0001, 001635, 35, 155, PT1, 2784, 1, 2784.000000, RNDM, 13952, 6, 2325.333333, 
bse_controlled_0001, 001636, 100, 155, PT1, 2913, 1, 2913.000000, RNDM, 14081, 6, 2346.833333, 
bse_controlled_0001, 001664, 100, 155, PT1, 2913, 1, 2913.000000, RNDM, 14081, 6, 2346.833333, 
bse_controlled_0001, 001664, 100, 163, PT1, 2913, 1, 2913.000000, RNDM, 14081, 6, 2346.833333, 
bse_controlled_0001, 001666, 100, 196, PT1, 2913, 1, 2913.000000, RNDM, 14081, 6, 2346.833333, 
bse_controlled_0001, 001667, 102, 261, PT1, 2913, 1, 2913.000000, RNDM, 14081, 6, 2346.833333, 
bse_controlled_0001, 001668, 102, 261, PT1, 2913, 1, 2913.000000, RNDM, 14081, 6, 2346.833333, 
bse_controlled_0001, 001670, 100, 261, PT1, 2811, 1, 2811.000000, RNDM, 13979, 6, 2329.833333, 
bse_controlled_0001, 001694, 100, 101, PT1, 2811, 1, 2811.000000, RNDM, 13979, 6, 2329.833333, 
bse_controlled_0001, 001694, 100, 261, PT1, 2811, 1, 2811.000000, RNDM, 13979, 6, 2329.833333, 
bse_controlled_0001, 001695, 100, 310, PT1, 2811, 1, 2811.000000, RNDM, 13979, 6, 2329.833333, 
bse_controlled_0001, 001695, 100, 379, PT1, 2811, 1, 2811.000000, RNDM, 13979, 6, 2329.833333, 
bse_controlled_0001, 001696, 100, 379, PT1, 2811, 1, 2811.000000, RNDM, 13979, 6, 2329.833333, 
bse_controlled_0001, 001724, 66, 340, PT1, 2811, 1, 2811.000000, RNDM, 13979, 6, 2329.833333, 
bse_controlled_0001, 001725, 66, 340, PT1, 2811, 1, 2811.000000, RNDM, 13979, 6, 2329.833333, 
bse_controlled_0001, 001725, 66, 384, PT1, 2811, 1, 2811.000000, RNDM, 13979, 6, 2329.833333, 
bse_controlled_0001, 001725, 66, 384, PT1, 2997, 1, 2997.000000, RNDM, 14165, 6, 2360.833333, 
bse_controlled_0001, 001726, 66, 384, PT1, 2997, 1, 2997.000000, RNDM, 14165, 6, 2360.833333, 
bse_controlled_0001, 001726, 66, 393, PT1, 2997, 1, 2997.000000, RNDM, 14165, 6, 2360.833333, 
bse_controlled_0001, 001727, 66, 304, PT1, 2997, 1, 2997.000000, RNDM, 14165, 6, 2360.833333, 
bse_controlled_0001, 001728, 124, 393, PT1, 2997, 1, 2997.000000, RNDM, 14165, 6, 2360.833333, 
bse_controlled_0001, 001754, 101, 393, PT1, 2997, 1, 2997.000000, RNDM, 14165, 6, 2360.833333, 
bse_controlled_0001, 001755, 101, 393, PT1, 2997, 1, 2997.000000, RNDM, 14165, 6, 2360.833333, 
bse_controlled_0001, 001755, 101, 393, PT1, 2997, 1, 2997.000000, RNDM, 14165, 6, 2360.833333, 
bse_controlled_0001, 001758, 186, 393, PT1, 2997, 1, 2997.000000, RNDM, 14165, 6, 2360.833333, 
bse_controlled_0001, 001785, 101, 283, PT1, 2997, 1, 2997.000000, RNDM, 14707, 6, 2451.166667, 
bse_controlled_0001, 001785, 101, 302, PT1, 2896, 1, 2896.000000, RNDM, 14606, 6, 2434.333333, 
bse_controlled_0001, 001786, 101, 302, PT1, 3107, 1, 3107.000000, RNDM, 14817, 6, 2469.500000, 
bse_controlled_0001, 001786, 100, 393, PT1, 3107, 1, 3107.000000, RNDM, 14817, 6, 2469.500000, 
bse_controlled_0001, 001787, 100, 393, PT1, 3107, 1, 3107.000000, RNDM, 14817, 6, 2469.500000, 
bse_controlled_0001, 001788, 100, 393, PT1, 3107, 1, 3107.000000, RNDM, 14817, 6, 2469.500000, 
bse_controlled_0001, 001815, 57, 101, PT1, 3107, 1, 3107.000000, RNDM, 14817, 6, 2469.500000, 
bse_controlled_0001, 001815, 57, 383, PT1, 3107, 1, 3107.000000, RNDM, 14817, 6, 2469.500000, 
bse_controlled_0001, 001816, 44, 383, PT1, 3107, 1, 3107.000000, RNDM, 14817, 6, 2469.500000, 
bse_controlled_0001, 001818, 101, 390, PT1, 3107, 1, 3107.000000, RNDM, 14817, 6, 2469.500000, 
bse_controlled_0001, 001820, 101, 357, PT1, 3107, 1, 3107.000000, RNDM, 14817, 6, 2469.500000, 
bse_controlled_0001, 001845, 101, 357, PT1, 3107, 1, 3107.000000, RNDM, 14817, 6, 2469.500000, 
bse_controlled_0001, 001845, 101, 390, PT1, 3107, 1, 3107.000000, RNDM, 14817, 6, 2469.500000, 
bse_controlled_0001, 001846, 246, 390, PT1, 3107, 1, 3107.000000, RNDM, 14817, 6, 2469.500000, 
bse_controlled_0001, 001847, 101, 390, PT1, 3107, 1, 3107.000000, RNDM, 14817, 6, 2469.500000, 
bse_controlled_0001, 001847, 125, 322, PT1, 2937, 1, 2937.000000, RNDM, 14987, 6, 2497.833333, 
bse_controlled_0001, 001849, 125, 390, PT1, 2937, 1, 2937.000000, RNDM, 14987, 6, 2497.833333, 
bse_controlled_0001, 001851, 117, 390, PT1, 2937, 1, 2937.000000, RNDM, 14987, 6, 2497.833333, 
bse_controlled_0001, 001876, 100, 390, PT1, 2937, 1, 2937.000000, RNDM, 14987, 6, 2497.833333, 
bse_controlled_0001, 001877, 100, 101, PT1, 2937, 1, 2937.000000, RNDM, 14987, 6, 2497.833333, 
bse_controlled_0001, 001906, 100, 349, PT1, 2937, 1, 2937.000000, RNDM, 14987, 6, 2497.833333, 
bse_controlled_0001, 001906, 11, 349, PT1, 2937, 1, 2937.000000, RNDM, 14987, 6, 2497.833333, 
bse_controlled_0001, 001907, 6, 210, PT1, 2937, 1, 2937.000000, RNDM, 14987, 6, 2497.833333, 
bse_controlled_0001, 001937, 100, 210, PT1, 2937, 1, 2937.000000, RNDM, 14987, 6, 2497.833333, 
bse_controlled_0001, 001937, None, 210, PT1, 2937, 1, 2937.000000, RNDM, 14987, 6, 2497.833333, 
bse_controlled_0001, 001937, None, 210, PT1, 2937, 1, 2937.000000, RNDM, 14987, 6, 2497.833333, 
bse_controlled_0001, 001937, None, 220, PT1, 2937, 1, 2937.000000, RNDM, 14987, 6, 2497.833333, 
bse_controlled_0001, 001939, 45, 101, PT1, 2937, 1, 2937.000000, RNDM, 14987, 6, 2497.833333, 
bse_controlled_0001, 001940, 45, 146, PT1, 2937, 1, 2937.000000, RNDM, 14987, 6, 2497.833333, 
bse_controlled_0001, 001940, 45, 220, PT1, 2937, 1, 2937.000000, RNDM, 14987, 6, 2497.833333, 
bse_controlled_0001, 001941, 45, 220, PT1, 2937, 1, 2937.000000, RNDM, 14987, 6, 2497.833333, 
bse_controlled_0001, 001942, 45, 220, PT1, 3117, 1, 3117.000000, RNDM, 15167, 6, 2527.833333, 
bse_controlled_0001, 001942, None, 220, PT1, 3117, 1, 3117.000000, RNDM, 15167, 6, 2527.833333, 
bse_controlled_0001, 001942, None, 440, PT1, 3117, 1, 3117.000000, RNDM, 15167, 6, 2527.833333, 
bse_controlled_0001, 001943, None, 440, PT1, 3117, 1, 3117.000000, RNDM, 15167, 6, 2527.833333, 
bse_controlled_0001, 001967, None, 425, PT1, 3117, 1, 3117.000000, RNDM, 15167, 6, 2527.833333, 
bse_controlled_0001, 001967, 101, 425, PT1, 3117, 1, 3117.000000, RNDM, 15167, 6, 2527.833333, 
bse_controlled_0001, 001968, 100, 240, PT1, 3117, 1, 3117.000000, RNDM, 15167, 6, 2527.833333, 
bse_controlled_0001, 001997, 101, 263, PT1, 3117, 1, 3117.000000, RNDM, 15167, 6, 2527.833333, 
bse_controlled_0001, 001997, 101, 263, PT1, 3117, 1, 3117.000000, RNDM, 15167, 6, 2527.833333, 
bse_controlled_0001, 001997, 101, 263, PT1, 3117, 1, 3117.000000, RNDM, 15167, 6, 2527.833333, 
bse_controlled_0001, 001998, 100, 263, PT1, 3016, 1, 3016.000000, RNDM, 15066, 6, 2511.000000, 
bse_controlled_0001, 001998, 100, 363, PT1, 3016, 1, 3016.000000, RNDM, 15066, 6, 2511.000000, 
bse_controlled_0001, 002000, 100, 327, PT1, 3284, 1, 3284.000000, RNDM, 15334, 6, 2555.666667, 
bse_controlled_0001, 002027, 100, 327, PT1, 3284, 1, 3284.000000, RNDM, 15552, 6, 2592.000000, 
bse_controlled_0001, 002028, 100, 363, PT1, 3284, 1, 3284.000000, RNDM, 15552, 6, 2592.000000, 
bse_controlled_0001, 002028, 100, 363, PT1, 3284, 1, 3284.000000, RNDM, 15552, 6, 2592.000000, 
bse_controlled_0001, 002029, 102, 396, PT1, 3284, 1, 3284.000000, RNDM, 15552, 6, 2592.000000, 
bse_controlled_0001, 002030, 100, 130, PT1, 3182, 1, 3182.000000, RNDM, 15450, 6, 2575.000000, 
bse_controlled_0001, 002058, 100, 130, PT1, 3182, 1, 3182.000000, RNDM, 15450, 6, 2575.000000, 
bse_controlled_0001, 002058, 100, 155, PT1, 3182, 1, 3182.000000, RNDM, 15450, 6, 2575.000000, 
bse_controlled_0001, 002058, 100, 155, PT1, 3182, 1, 3182.000000, RNDM, 15450, 6, 2575.000000, 
bse_controlled_0001, 002059, 171, 425, PT1, 3182, 1, 3182.000000, RNDM, 15450, 6, 2575.000000, 
bse_controlled_0001, 002059, 100, 354, PT1, 3353, 1, 3353.000000, RNDM, 15621, 6, 2603.500000, 
bse_controlled_0001, 002060, 100, 425, PT1, 3353, 1, 3353.000000, RNDM, 15621, 6, 2603.500000, 
bse_controlled_0001, 002060, 100, 425, PT1, 3353, 1, 3353.000000, RNDM, 15621, 6, 2603.500000, 
bse_controlled_0001, 002088, 101, 425, PT1, 3353, 1, 3353.000000, RNDM, 15621, 6, 2603.500000, 
bse_controlled_0001, 002088, 101, 431, PT1, 3353, 1, 3353.000000, RNDM, 15621, 6, 2603.500000, 
bse_controlled_0001, 002089, 101, 194, PT1, 3353, 1, 3353.000000, RNDM, 15621, 6, 2603.500000, 
bse_controlled_0001, 002090, 101, 194, PT1, 3237, 1, 3237.000000, RNDM, 15737, 6, 2622.833333, 
bse_controlled_0001, 002093, 101, 291, PT1, 3237, 1, 3237.000000, RNDM, 15737, 6, 2622.833333, 
bse_controlled_0001, 002118, 100, 219, PT1, 3237, 1, 3237.000000, RNDM, 15737, 6, 2622.833333, 
bse_controlled_0001, 002118, 100, 219, PT1, 3237, 1, 3237.000000, RNDM, 15737, 6, 2622.833333, 
bse_controlled_0001, 002120, 150, 246, PT1, 3237, 1, 3237.000000, RNDM, 15737, 6, 2622.833333, 
bse_controlled_0001, 002120, 100, 246, PT1, 3387, 1, 3387.000000, RNDM, 15887, 6, 2647.833333, 
bse_controlled_0001, 002123, 178, 246, PT1, 3387, 1, 3387.000000, RNDM, 15887, 6, 2647.833333, 
bse_controlled_0001, 002148, 100, 246, PT1, 3387, 1, 3387.000000, RNDM, 15887, 6, 2647.833333, 
bse_controlled_0001, 002149, 100, 291, PT1, 3387, 1, 3387.000000, RNDM, 15887, 6, 2647.833333, 
bse_controlled_0001, 002150, 100, 291, PT1, 3387, 1, 3387.000000, RNDM, 15887, 6, 2647.833333, 
bse_controlled_0001, 002151, 122, 425, PT1, 3387, 1, 3387.000000, RNDM, 15887, 6, 2647.833333, 
bse_controlled_0001, 002152, 100, 425, PT1, 3387, 1, 3387.000000, RNDM, 15887, 6, 2647.833333, 
bse_controlled_0001, 002178, 32, 101, PT1, 3387, 1, 3387.000000, RNDM, 15887, 6, 2647.833333, 
bse_controlled_0001, 002178, 32, 172, PT1, 3387, 1, 3387.000000, RNDM, 15887, 6, 2647.833333, 
bse_controlled_0001, 002178, 32, 425, PT1, 3387, 1, 3387.000000, RNDM, 15887, 6, 2647.833333, 
bse_controlled_0001, 002179, 102, 425, PT1, 3387, 1, 3387.000000, RNDM, 15887, 6, 2647.833333, 
bse_controlled_0001, 002208, 100, 147, PT1, 3285, 1, 3285.000000, RNDM, 15785, 6, 2630.833333, 
bse_controlled_0001, 002208, 100, 164, PT1, 3285, 1, 3285.000000, RNDM, 15785, 6, 2630.833333, 
bse_controlled_0001, 002209, 100, 164, PT1, 3285, 1, 3285.000000, RNDM, 15785, 6, 2630.833333, 
bse_controlled_0001, 002210, 100, 164, PT1, 3285, 1, 3285.000000, RNDM, 15785, 6, 2630.833333, 
bse_controlled_0001, 002211, 158, 211, PT1, 3285, 1, 3285.000000, RNDM, 15785, 6, 2630.833333, 
bse_controlled_0001, 002211, 100, 211, PT1, 3443, 1, 3443.000000, RNDM, 15943, 6, 2657.166667, 
bse_controlled_0001, 002211, None, 211, PT1, 3443, 1, 3443.000000, RNDM, 15943, 6, 2657.166667, 
bse_controlled_0001, 002212, None, 218, PT1, 3443, 1, 3443.000000, RNDM, 15943, 6, 2657.166667, 
bse_controlled_0001, 002212, None, None, PT1, 3443, 1, 3443.000000, RNDM, 15943, 6, 2657.166667, 
bse_controlled_0001, 002238, 336, 411, PT1, 3443, 1, 3443.000000, RNDM, 15943, 6, 2657.166667, 
bse_controlled_0001, 002238, 336, 468, PT1, 3443, 1, 3443.000000, RNDM, 15943, 6, 2657.166667, 
bse_controlled_0001, 002240, 193, None, PT1, 3443, 1, 3443.000000, RNDM, 15943, 6, 2657.166667, 
bse_controlled_0001, 002241, 193, None, PT1, 3443, 1, 3443.000000, RNDM, 15943, 6, 2657.166667, 
bse_controlled_0001, 002243, 193, None, PT1, 3175, 1, 3175.000000, RNDM, 16211, 6, 2701.833333, 
bse_controlled_0001, 002268, 100, 242, PT1, 3175, 1, 3175.000000, RNDM, 16597, 6, 2766.166667, 
bse_controlled_0001, 002269, 100, 242, PT1, 3175, 1, 3175.000000, RNDM, 16597, 6, 2766.166667, 
bse_controlled_0001, 002270, 100, 101, PT1, 3175, 1, 3175.000000, RNDM, 16597, 6, 2766.166667, 
bse_controlled_0001, 002271, 100, 169, PT1, 3175, 1, 3175.000000, RNDM, 16597, 6, 2766.166667, 
bse_controlled_0001, 002272, 86, 169, PT1, 3175, 1, 3175.000000, RNDM, 16597, 6, 2766.166667, 
bse_controlled_0001, 002272, 86, 258, PT1, 3175, 1, 3175.000000, RNDM, 16597, 6, 2766.166667, 
bse_controlled_0001, 002298, 86, 258, PT1, 3175, 1, 3175.000000, RNDM, 16597, 6, 2766.166667, 
bse_controlled_0001, 002299, 86, 258, PT1, 3175, 1, 3175.000000, RNDM, 16597, 6, 2766.166667, 
bse_controlled_0001, 002300, 96, 172, PT1, 3175, 1, 3175.000000, RNDM, 16597, 6, 2766.166667, 
bse_controlled_0001, 002300, 96, 258, PT1, 3175, 1, 3175.000000, RNDM, 16597, 6, 2766.166667, 
bse_controlled_0001, 002329, 86, 101, PT1, 3175, 1, 3175.000000, RNDM, 16597, 6, 2766.166667, 
bse_controlled_0001, 002329, 86, 101, PT1, 3175, 1, 3175.000000, RNDM, 16597, 6, 2766.166667, 
bse_controlled_0001, 002359, 100, 101, PT1, 3175, 1, 3175.000000, RNDM, 16597, 6, 2766.166667, 
bse_controlled_0001, 002359, 100, 102, PT1, 3175, 1, 3175.000000, RNDM, 16597, 6, 2766.166667, 
bse_controlled_0001, 002359, 86, 346, PT1, 3175, 1, 3175.000000, RNDM, 16597, 6, 2766.166667, 
bse_controlled_0001, 002360, 80, 346, PT1, 3495, 1, 3495.000000, RNDM, 16917, 6, 2819.500000, 
bse_controlled_0001, 002361, 80, 285, PT1, 3495, 1, 3495.000000, RNDM, 16917, 6, 2819.500000, 
bse_controlled_0001, 002389, 100, 282, PT1, 3373, 1, 3373.000000, RNDM, 16795, 6, 2799.166667, 
bse_controlled_0001, 002390, 100, 285, PT1, 3373, 1, 3373.000000, RNDM, 16795, 6, 2799.166667, 
bse_controlled_0001, 002390, 235, 346, PT1, 3373, 1, 3373.000000, RNDM, 16795, 6, 2799.166667, 
bse_controlled_0001, 002391, 100, 371, PT1, 3373, 1, 3373.000000, RNDM, 16795, 6, 2799.166667, 
bse_controlled_0001, 002391, 100, 170, PT1, 3502, 1, 3502.000000, RNDM, 16666, 6, 2777.666667, 
bse_controlled_0001, 002392, 100, 170, PT1, 3502, 1, 3502.000000, RNDM, 16666, 6, 2777.666667, 
bse_controlled_0001, 002395, 114, 244, PT1, 3502, 1, 3502.000000, RNDM, 16666, 6, 2777.666667, 
bse_controlled_0001, 002419, 50, 187, PT1, 3502, 1, 3502.000000, RNDM, 16666, 6, 2777.666667, 
bse_controlled_0001, 002420, 50, 187, PT1, 3502, 1, 3502.000000, RNDM, 16666, 6, 2777.666667, 
bse_controlled_0001, 002420, 100, 187, PT1, 3502, 1, 3502.000000, RNDM, 16666, 6, 2777.666667, 
bse_controlled_0001, 002420, 100, 187, PT1, 3502, 1, 3502.000000, RNDM, 16666, 6, 2777.666667, 
bse_controlled_0001, 002421, 100, 321, PT1, 3502, 1, 3502.000000, RNDM, 16666, 6, 2777.666667, 
bse_controlled_0001, 002449, 100, 321, PT1, 3502, 1, 3502.000000, RNDM, 16666, 6, 2777.666667, 
bse_controlled_0001, 002449, None, 321, PT1, 3502, 1, 3502.000000, RNDM, 16666, 6, 2777.666667, 
bse_controlled_0001, 002450, None, 345, PT1, 3502, 1, 3502.000000, RNDM, 16666, 6, 2777.666667, 
bse_controlled_0001, 002450, None, 393, PT1, 3502, 1, 3502.000000, RNDM, 16666, 6, 2777.666667, 
bse_controlled_0001, 002450, None, 393, PT1, 3502, 1, 3502.000000, RNDM, 16666, 6, 2777.666667, 
bse_controlled_0001, 002451, 101, 393, PT1, 3502, 1, 3502.000000, RNDM, 16666, 6, 2777.666667, 
bse_controlled_0001, 002451, 101, 405, PT1, 3502, 1, 3502.000000, RNDM, 16666, 6, 2777.666667, 
bse_controlled_0001, 002451, 101, None, PT1, 3502, 1, 3502.000000, RNDM, 16666, 6, 2777.666667, 
bse_controlled_0001, 002452, 294, 419, PT1, 3502, 1, 3502.000000, RNDM, 16666, 6, 2777.666667, 
bse_controlled_0001, 002454, 294, 419, PT1, 3502, 1, 3502.000000, RNDM, 16666, 6, 2777.666667, 
bse_controlled_0001, 002455, 94, 419, PT1, 3502, 1, 3502.000000, RNDM, 16666, 6, 2777.666667, 
bse_controlled_0001, 002480, 101, 419, PT1, 3502, 1, 3502.000000, RNDM, 16666, 6, 2777.666667, 
bse_controlled_0001, 002480, 101, 439, PT1, 3502, 1, 3502.000000, RNDM, 16666, 6, 2777.666667, 
bse_controlled_0001, 002481, 101, 439, PT1, 3502, 1, 3502.000000, RNDM, 16666, 6, 2777.666667, 
bse_controlled_0001, 002482, 101, 439, PT1, 3502, 1, 3502.000000, RNDM, 16666, 6, 2777.666667, 
bse_controlled_0001, 002485, 160, 439, PT1, 3249, 1, 3249.000000, RNDM, 16919, 6, 2819.833333, 
bse_controlled_0001, 002489, 160, 439, PT1, 3617, 1, 3617.000000, RNDM, 17287, 6, 2881.166667, 
bse_controlled_0001, 002510, 101, 324, PT1, 3617, 1, 3617.000000, RNDM, 17287, 6, 2881.166667, 
bse_controlled_0001, 002510, 100, 165, PT1, 3617, 1, 3617.000000, RNDM, 17287, 6, 2881.166667, 
bse_controlled_0001, 002512, 100, 165, PT1, 3510, 1, 3510.000000, RNDM, 17394, 6, 2899.000000, 
bse_controlled_0001, 002540, 100, 165, PT1, 3510, 1, 3510.000000, RNDM, 17394, 6, 2899.000000, 
bse_controlled_0001, 002541, 100, 324, PT1, 3510, 1, 3510.000000, RNDM, 17394, 6, 2899.000000, 
bse_controlled_0001, 002542, 100, 324, PT1, 3796, 1, 3796.000000, RNDM, 17680, 6, 2946.666667, 
bse_controlled_0001, 002542, 81, 324, PT1, 3796, 1, 3796.000000, RNDM, 17680, 6, 2946.666667, 
bse_controlled_0001, 002570, 81, 181, PT1, 3796, 1, 3796.000000, RNDM, 17680, 6, 2946.666667, 
bse_controlled_0001, 002570, 81, 181, PT1, 3796, 1, 3796.000000, RNDM, 17680, 6, 2946.666667, 
bse_controlled_0001, 002570, 58, 439, PT1, 3796, 1, 3796.000000, RNDM, 17680, 6, 2946.666667, 
bse_controlled_0001, 002572, 100, 159, PT1, 3676, 1, 3676.000000, RNDM, 17800, 6, 2966.666667, 
bse_controlled_0001, 002573, 100, 361, PT1, 3676, 1, 3676.000000, RNDM, 17800, 6, 2966.666667, 
bse_controlled_0001, 002575, 100, 361, PT1, 3676, 1, 3676.000000, RNDM, 17800, 6, 2966.666667, 
bse_controlled_0001, 002600, 100, 374, PT1, 3676, 1, 3676.000000, RNDM, 17800, 6, 2966.666667, 
bse_controlled_0001, 002600, 100, 374, PT1, 3676, 1, 3676.000000, RNDM, 17800, 6, 2966.666667, 
bse_controlled_0001, 002601, 100, 157, PT1, 3803, 1, 3803.000000, RNDM, 17673, 6, 2945.500000, 
bse_controlled_0001, 002601, 100, 374, PT1, 3646, 1, 3646.000000, RNDM, 17830, 6, 2971.666667, 
bse_controlled_0001, 002602, 100, 374, PT1, 3646, 1, 3646.000000, RNDM, 17830, 6, 2971.666667, 
bse_controlled_0001, 002603, 100, 374, PT1, 3646, 1, 3646.000000, RNDM, 17830, 6, 2971.666667, 
bse_controlled_0001, 002603, 100, 439, PT1, 3646, 1, 3646.000000, RNDM, 17830, 6, 2971.666667, 
bse_controlled_0001, 002604, 51, 349, PT1, 3810, 1, 3810.000000, RNDM, 17666, 6, 2944.333333, 
bse_controlled_0001, 002604, 51, 379, PT1, 3810, 1, 3810.000000, RNDM, 17666, 6, 2944.333333, 
bse_controlled_0001, 002605, 51, 379, PT1, 3810, 1, 3810.000000, RNDM, 17666, 6, 2944.333333, 
bse_controlled_0001, 002606, 51, None, PT1, 3810, 1, 3810.000000, RNDM, 17666, 6, 2944.333333, 
bse_controlled_0001, 002606, 51, None, PT1, 3810, 1, 3810.000000, RNDM, 17666, 6, 2944.333333, 
bse_controlled_0001, 002608, 319, None, PT1, 3810, 1, 3810.000000, RNDM, 17666, 6, 2944.333333, 
bse_controlled_0001, 002608, 92, None, PT1, 3810, 1, 3810.000000, RNDM, 17666, 6, 2944.333333, 
bse_controlled_0001, 002630, 213, None, PT1, 3810, 1, 3810.000000, RNDM, 17666, 6, 2944.333333, 
bse_controlled_0001, 002631, 100, None, PT1, 3810, 1, 3810.000000, RNDM, 17666, 6, 2944.333333, 
bse_controlled_0001, 002631, 92, None, PT1, 3810, 1, 3810.000000, RNDM, 17666, 6, 2944.333333, 
bse_controlled_0001, 002635, 100, 177, PT1, 3665, 1, 3665.000000, RNDM, 17811, 6, 2968.500000, 
bse_controlled_0001, 002660, 80, 107, PT1, 3665, 1, 3665.000000, RNDM, 17811, 6, 2968.500000, 
bse_controlled_0001, 002661, 101, 231, PT1, 3665, 1, 3665.000000, RNDM, 17811, 6, 2968.500000, 
bse_controlled_0001, 002662, 101, 413, PT1, 3665, 1, 3665.000000, RNDM, 17811, 6, 2968.500000, 
bse_controlled_0001, 002663, 100, 150, PT1, 3665, 1, 3665.000000, RNDM, 17811, 6, 2968.500000, 
bse_controlled_0001, 002663, 80, 150, PT1, 3665, 1, 3665.000000, RNDM, 17811, 6, 2968.500000, 
bse_controlled_0001, 002691, 80, 150, PT1, 3665, 1, 3665.000000, RNDM, 17811, 6, 2968.500000, 
bse_controlled_0001, 002691, 80, 150, PT1, 3665, 1, 3665.000000, RNDM, 17811, 6, 2968.500000, 
bse_controlled_0001, 002691, 80, 164, PT1, 3665, 1, 3665.000000, RNDM, 17811, 6, 2968.500000, 
bse_controlled_0001, 002692, 25, 267, PT1, 3665, 1, 3665.000000, RNDM, 17811, 6, 2968.500000, 
bse_controlled_0001, 002692, 25, 267, PT1, 3665, 1, 3665.000000, RNDM, 17811, 6, 2968.500000, 
bse_controlled_0001, 002692, 25, None, PT1, 3665, 1, 3665.000000, RNDM, 17811, 6, 2968.500000, 
bse_controlled_0001, 002693, 25, None, PT1, 3817, 1, 3817.000000, RNDM, 17659, 6, 2943.166667, 
bse_controlled_0001, 002694, 117, 231, PT1, 3817, 1, 3817.000000, RNDM, 17659, 6, 2943.166667, 
bse_controlled_0001, 002696, 117, 391, PT1, 3817, 1, 3817.000000, RNDM, 17659, 6, 2943.166667, 
bse_controlled_0001, 002696, 117, None, PT1, 3817, 1, 3817.000000, RNDM, 17659, 6, 2943.166667, 
bse_controlled_0001, 002698, 205, 406, PT1, 3817, 1, 3817.000000, RNDM, 17659, 6, 2943.166667, 
bse_controlled_0001, 002721, 156, 406, PT1, 3817, 1, 3817.000000, RNDM, 17659, 6, 2943.166667, 
bse_controlled_0001, 002721, 117, 406, PT1, 3817, 1, 3817.000000, RNDM, 17659, 6, 2943.166667, 
bse_controlled_0001, 002723, 101, 359, PT1, 3817, 1, 3817.000000, RNDM, 17659, 6, 2943.166667, 
bse_controlled_0001, 002751, 100, 359, PT1, 3817, 1, 3817.000000, RNDM, 17659, 6, 2943.166667, 
bse_controlled_0001, 002751, 100, 389, PT1, 3817, 1, 3817.000000, RNDM, 17659, 6, 2943.166667, 
bse_controlled_0001, 002751, 100, 406, PT1, 3817, 1, 3817.000000, RNDM, 17659, 6, 2943.166667, 
bse_controlled_0001, 002752, 100, 406, PT1, 3817, 1, 3817.000000, RNDM, 17659, 6, 2943.166667, 
bse_controlled_0001, 002753, 100, 406, PT1, 3817, 1, 3817.000000, RNDM, 17659, 6, 2943.166667, 
bse_controlled_0001, 002753, 100, 427, PT1, 3817, 1, 3817.000000, RNDM, 17659, 6, 2943.166667, 
bse_controlled_0001, 002753, 100, 427, PT1, 3817, 1, 3817.000000, RNDM, 17659, 6, 2943.166667, 
bse_controlled_0001, 002753, 100, 446, PT1, 3817, 1, 3817.000000, RNDM, 17659, 6, 2943.166667, 
bse_controlled_0001, 002754, 40, 408, PT1, 3817, 1, 3817.000000, RNDM, 17659, 6, 2943.166667, 
bse_controlled_0001, 002754, 40, 446, PT1, 3817, 1, 3817.000000, RNDM, 17659, 6, 2943.166667, 
bse_controlled_0001, 002755, 50, 477, PT1, 3817, 1, 3817.000000, RNDM, 17659, 6, 2943.166667, 
bse_controlled_0001, 002756, 40, 477, PT1, 3817, 1, 3817.000000, RNDM, 17659, 6, 2943.166667, 
bse_controlled_0001, 002757, 40, 335, PT1, 3583, 1, 3583.000000, RNDM, 17893, 6, 2982.166667, 
bse_controlled_0001, 002757, 40, 477, PT1, 3583, 1, 3583.000000, RNDM, 17893, 6, 2982.166667, 
bse_controlled_0001, 002781, 40, 100, PT1, 3583, 1, 3583.000000, RNDM, 17893, 6, 2982.166667, 
bse_controlled_0001, 002782, 40, 101, PT1, 3583, 1, 3583.000000, RNDM, 17893, 6, 2982.166667, 
bse_controlled_0001, 002783, 40, 101, PT1, 3583, 1, 3583.000000, RNDM, 17893, 6, 2982.166667, 
bse_controlled_0001, 002783, 40, 369, PT1, 3583, 1, 3583.000000, RNDM, 17893, 6, 2982.166667, 
bse_controlled_0001, 002784, 101, 369, PT1, 3583, 1, 3583.000000, RNDM, 17893, 6, 2982.166667, 
bse_controlled_0001, 002785, 9, 369, PT1, 3583, 1, 3583.000000, RNDM, 17893, 6, 2982.166667, 
bse_controlled_0001, 002790, 35, 384, PT1, 3941, 1, 3941.000000, RNDM, 18251, 6, 3041.833333, 
bse_controlled_0001, 002811, 100, 384, PT1, 3941, 1, 3941.000000, RNDM, 18685, 6, 3114.166667, 
bse_controlled_0001, 002811, 35, 484, PT1, 3941, 1, 3941.000000, RNDM, 18685, 6, 3114.166667, 
bse_controlled_0001, 002812, 100, 484, PT1, 3941, 1, 3941.000000, RNDM, 18685, 6, 3114.166667, 
bse_controlled_0001, 002812, 101, 487, PT1, 3941, 1, 3941.000000, RNDM, 18685, 6, 3114.166667, 
bse_controlled_0001, 002813, 100, 487, PT1, 3941, 1, 3941.000000, RNDM, 18685, 6, 3114.166667, 
bse_controlled_0001, 002813, 83, 487, PT1, 3941, 1, 3941.000000, RNDM, 18685, 6, 3114.166667, 
bse_controlled_0001, 002814, 119, 487, PT1, 3941, 1, 3941.000000, RNDM, 18685, 6, 3114.166667, 
bse_controlled_0001, 002841, 119, 300, PT1, 3941, 1, 3941.000000, RNDM, 18685, 6, 3114.166667, 
bse_controlled_0001, 002842, 101, 472, PT1, 3941, 1, 3941.000000, RNDM, 18685, 6, 3114.166667, 
bse_controlled_0001, 002842, 100, 192, PT1, 3941, 1, 3941.000000, RNDM, 18685, 6, 3114.166667, 
bse_controlled_0001, 002843, 100, 192, PT1, 3941, 1, 3941.000000, RNDM, 18685, 6, 3114.166667, 
bse_controlled_0001, 002871, 97, 192, PT1, 3941, 1, 3941.000000, RNDM, 18685, 6, 3114.166667, 
bse_controlled_0001, 002872, 97, 101, PT1, 3941, 1, 3941.000000, RNDM, 18685, 6, 3114.166667, 
bse_controlled_0001, 002872, 97, 179, PT1, 3941, 1, 3941.000000, RNDM, 18685, 6, 3114.166667, 
bse_controlled_0001, 002873, 102, 188, PT1, 3941, 1, 3941.000000, RNDM, 18685, 6, 3114.166667, 
bse_controlled_0001, 002874, 102, 187, PT1, 3941, 1, 3941.000000, RNDM, 18685, 6, 3114.166667, 
bse_controlled_0001, 002875, 102, 188, PT1, 3941, 1, 3941.000000, RNDM, 18685, 6, 3114.166667, 
bse_controlled_0001, 002875, 102, 446, PT1, 3941, 1, 3941.000000, RNDM, 18685, 6, 3114.166667, 
bse_controlled_0001, 002875, 102, None, PT1, 3941, 1, 3941.000000, RNDM, 18685, 6, 3114.166667, 
bse_controlled_0001, 002877, 102, None, PT1, 3941, 1, 3941.000000, RNDM, 18685, 6, 3114.166667, 
bse_controlled_0001, 002901, 97, 419, PT1, 3839, 1, 3839.000000, RNDM, 18583, 6, 3097.166667, 
bse_controlled_0001, 002902, 100, 419, PT1, 3839, 1, 3839.000000, RNDM, 18583, 6, 3097.166667, 
bse_controlled_0001, 002902, 100, 419, PT1, 3839, 1, 3839.000000, RNDM, 18583, 6, 3097.166667, 
bse_controlled_0001, 002903, 97, 419, PT1, 3839, 1, 3839.000000, RNDM, 18583, 6, 3097.166667, 
bse_controlled_0001, 002904, 97, 178, PT1, 3839, 1, 3839.000000, RNDM, 18583, 6, 3097.166667, 
bse_controlled_0001, 002904, 97, 222, PT1, 3839, 1, 3839.000000, RNDM, 18583, 6, 3097.166667, 
bse_controlled_0001, 002932, 100, 142, PT1, 3839, 1, 3839.000000, RNDM, 18583, 6, 3097.166667, 
bse_controlled_0001, 002932, 100, 170, PT1, 3839, 1, 3839.000000, RNDM, 18583, 6, 3097.166667, 
bse_controlled_0001, 002933, 100, 170, PT1, 3839, 1, 3839.000000, RNDM, 18583, 6, 3097.166667, 
bse_controlled_0001, 002934, 100, 170, PT1, 3976, 1, 3976.000000, RNDM, 18720, 6, 3120.000000, 
bse_controlled_0001, 002934, 48, 170, PT1, 3976, 1, 3976.000000, RNDM, 18720, 6, 3120.000000, 
bse_controlled_0001, 002934, 48, 311, PT1, 3976, 1, 3976.000000, RNDM, 18720, 6, 3120.000000, 
bse_controlled_0001, 002935, 48, 311, PT1, 3976, 1, 3976.000000, RNDM, 18720, 6, 3120.000000, 
bse_controlled_0001, 002936, 202, 316, PT1, 3976, 1, 3976.000000, RNDM, 18720, 6, 3120.000000, 
bse_controlled_0001, 002936, 102, 316, PT1, 3976, 1, 3976.000000, RNDM, 18720, 6, 3120.000000, 
bse_controlled_0001, 002937, 102, 316, PT1, 3976, 1, 3976.000000, RNDM, 18720, 6, 3120.000000, 
bse_controlled_0001, 002962, 102, 335, PT1, 3976, 1, 3976.000000, RNDM, 18720, 6, 3120.000000, 
bse_controlled_0001, 002962, 100, 335, PT1, 3874, 1, 3874.000000, RNDM, 18618, 6, 3103.000000, 
bse_controlled_0001, 002963, 100, 335, PT1, 3874, 1, 3874.000000, RNDM, 18618, 6, 3103.000000, 
bse_controlled_0001, 002964, 255, 342, PT1, 3874, 1, 3874.000000, RNDM, 19288, 6, 3214.666667, 
bse_controlled_0001, 002964, 100, 342, PT1, 3874, 1, 3874.000000, RNDM, 19288, 6, 3214.666667, 
bse_controlled_0001, 002968, 169, 342, PT1, 4211, 1, 4211.000000, RNDM, 19625, 6, 3270.833333, 
bse_controlled_0001, 002992, 101, 278, PT1, 4211, 1, 4211.000000, RNDM, 19625, 6, 3270.833333, 
bse_controlled_0001, 002993, 100, 278, PT1, 4211, 1, 4211.000000, RNDM, 19625, 6, 3270.833333, 
bse_controlled_0001, 002994, 100, 342, PT1, 4211, 1, 4211.000000, RNDM, 19625, 6, 3270.833333, 
bse_controlled_0001, 003022, 100, 342, PT1, 4211, 1, 4211.000000, RNDM, 19625, 6, 3270.833333, 
bse_controlled_0001, 003022, 100, 342, PT1, 4211, 1, 4211.000000, RNDM, 19625, 6, 3270.833333, 
bse_controlled_0001, 003025, 212, 342, PT1, 4211, 1, 4211.000000, RNDM, 19625, 6, 3270.833333, 
bse_controlled_0001, 003052, 101, 342, PT1, 4211, 1, 4211.000000, RNDM, 19625, 6, 3270.833333, 
bse_controlled_0001, 003053, 100, 342, PT1, 4211, 1, 4211.000000, RNDM, 19625, 6, 3270.833333, 
bse_controlled_0001, 003053, 100, 431, PT1, 4211, 1, 4211.000000, RNDM, 19625, 6, 3270.833333, 
bse_controlled_0001, 003083, 339, 431, PT1, 4211, 1, 4211.000000, RNDM, 19625, 6, 3270.833333, 
bse_controlled_0001, 003083, 100, 431, PT1, 4211, 1, 4211.000000, RNDM, 19625, 6, 3270.833333, 
bse_controlled_0001, 003083, 100, 431, PT1, 4211, 1, 4211.000000, RNDM, 19625, 6, 3270.833333, 
bse_controlled_0001, 003084, 102, 431, PT1, 4211, 1, 4211.000000, RNDM, 19625, 6, 3270.833333, 
bse_controlled_0001, 003084, 102, 431, PT1, 4211, 1, 4211.000000, RNDM, 19625, 6, 3270.833333, 
bse_controlled_0001, 003084, 100, None, PT1, 4109, 1, 4109.000000, RNDM, 19523, 6, 3253.833333, 
bse_controlled_0001, 003085, 100, None, PT1, 4109, 1, 4109.000000, RNDM, 19523, 6, 3253.833333, 
bse_controlled_0001, 003087, 100, 257, PT1, 4109, 1, 4109.000000, RNDM, 19523, 6, 3253.833333, 
bse_controlled_0001, 003088, 100, 257, PT1, 4230, 1, 4230.000000, RNDM, 19644, 6, 3274.000000, 
bse_controlled_0001, 003113, 101, 257, PT1, 4230, 1, 4230.000000, RNDM, 19644, 6, 3274.000000, 
bse_controlled_0001, 003113, 100, 257, PT1, 4230, 1, 4230.000000, RNDM, 19644, 6, 3274.000000, 
bse_controlled_0001, 003113, 100, 272, PT1, 4230, 1, 4230.000000, RNDM, 19644, 6, 3274.000000, 
bse_controlled_0001, 003113, 100, 272, PT1, 4230, 1, 4230.000000, RNDM, 19644, 6, 3274.000000, 
bse_controlled_0001, 003113, 100, None, PT1, 4230, 1, 4230.000000, RNDM, 20188, 6, 3364.666667, 
bse_controlled_0001, 003114, 105, None, PT1, 4230, 1, 4230.000000, RNDM, 20188, 6, 3364.666667, 
bse_controlled_0001, 003115, 203, None, PT1, 4230, 1, 4230.000000, RNDM, 20188, 6, 3364.666667, 
bse_controlled_0001, 003117, 203, None, PT1, 4230, 1, 4230.000000, RNDM, 20188, 6, 3364.666667, 
bse_controlled_0001, 003117, 203, None, PT1, 4230, 1, 4230.000000, RNDM, 20188, 6, 3364.666667, 
bse_controlled_0001, 003118, 124, None, PT1, 4230, 1, 4230.000000, RNDM, 20188, 6, 3364.666667, 
bse_controlled_0001, 003119, 124, None, PT1, 4230, 1, 4230.000000, RNDM, 20188, 6, 3364.666667, 
bse_controlled_0001, 003143, 126, None, PT1, 4230, 1, 4230.000000, RNDM, 20188, 6, 3364.666667, 
bse_controlled_0001, 003143, 101, None, PT1, 4230, 1, 4230.000000, RNDM, 20436, 6, 3406.000000, 
bse_controlled_0001, 003174, 101, 315, PT1, 4230, 1, 4230.000000, RNDM, 20854, 6, 3475.666667, 
bse_controlled_0001, 003174, 100, 315, PT1, 4230, 1, 4230.000000, RNDM, 20854, 6, 3475.666667, 
bse_controlled_0001, 003175, 100, 436, PT1, 4230, 1, 4230.000000, RNDM, 20854, 6, 3475.666667, 
bse_controlled_0001, 003203, 100, 308, PT1, 4230, 1, 4230.000000, RNDM, 20854, 6, 3475.666667, 
bse_controlled_0001, 003203, 100, None, PT1, 4230, 1, 4230.000000, RNDM, 20854, 6, 3475.666667, 
bse_controlled_0001, 003203, 100, None, PT1, 4230, 1, 4230.000000, RNDM, 20854, 6, 3475.666667, 
bse_controlled_0001, 003233, 279, None, PT1, 4230, 1, 4230.000000, RNDM, 21442, 6, 3573.666667, 
bse_controlled_0001, 003233, 134, None, PT1, 4230, 1, 4230.000000, RNDM, 21442, 6, 3573.666667, 
bse_controlled_0001, 003234, 253, None, PT1, 4230, 1, 4230.000000, RNDM, 21442, 6, 3573.666667, 
bse_controlled_0001, 003234, 253, None, PT1, 4230, 1, 4230.000000, RNDM, 21442, 6, 3573.666667, 
bse_controlled_0001, 003263, 189, 373, PT1, 4230, 1, 4230.000000, RNDM, 21948, 6, 3658.000000, 
bse_controlled_0001, 003264, 189, 453, PT1, 4230, 1, 4230.000000, RNDM, 21948, 6, 3658.000000, 
bse_controlled_0001, 003264, 189, 453, PT1, 4230, 1, 4230.000000, RNDM, 21948, 6, 3658.000000, 
bse_controlled_0001, 003266, 189, 453, PT1, 4024, 1, 4024.000000, RNDM, 22154, 6, 3692.333333, 
bse_controlled_0001, 003293, 140, 262, PT1, 4024, 1, 4024.000000, RNDM, 22154, 6, 3692.333333, 
bse_controlled_0001, 003294, 101, 248, PT1, 4024, 1, 4024.000000, RNDM, 22434, 6, 3739.000000, 
bse_controlled_0001, 003323, 101, 248, PT1, 4024, 1, 4024.000000, RNDM, 22434, 6, 3739.000000, 
bse_controlled_0001, 003324, 100, 453, PT1, 4024, 1, 4024.000000, RNDM, 22434, 6, 3739.000000, 
bse_controlled_0001, 003324, 100, 453, PT1, 4024, 1, 4024.000000, RNDM, 22434, 6, 3739.000000, 
bse_controlled_0001, 003325, 178, 453, PT1, 4471, 1, 4471.000000, RNDM, 22881, 6, 3813.500000, 
bse_controlled_0001, 003325, 178, 453, PT1, 4471, 1, 4471.000000, RNDM, 22881, 6, 3813.500000, 
bse_controlled_0001, 003354, 245, 453, PT1, 4471, 1, 4471.000000, RNDM, 22881, 6, 3813.500000, 
bse_controlled_0001, 003354, 178, 453, PT1, 4471, 1, 4471.000000, RNDM, 22881, 6, 3813.500000, 
bse_controlled_0001, 003355, 100, 134, PT1, 4370, 1, 4370.000000, RNDM, 22982, 6, 3830.333333, 
bse_controlled_0001, 003356, 100, 134, PT1, 4484, 1, 4484.000000, RNDM, 23096, 6, 3849.333333, 
bse_controlled_0001, 003357, 100, 272, PT1, 4350, 1, 4350.000000, RNDM, 23230, 6, 3871.666667, 
bse_controlled_0001, 003358, 100, 272, PT1, 4350, 1, 4350.000000, RNDM, 23230, 6, 3871.666667, 
bse_controlled_0001, 003384, 100, 272, PT1, 4350, 1, 4350.000000, RNDM, 23230, 6, 3871.666667, 
bse_controlled_0001, 003384, 100, 272, PT1, 4513, 1, 4513.000000, RNDM, 23393, 6, 3898.833333, 
bse_controlled_0001, 003385, 100, 432, PT1, 4513, 1, 4513.000000, RNDM, 23393, 6, 3898.833333, 
bse_controlled_0001, 003385, 100, 432, PT1, 4513, 1, 4513.000000, RNDM, 23393, 6, 3898.833333, 
bse_controlled_0001, 003385, 67, 453, PT1, 4513, 1, 4513.000000, RNDM, 23393, 6, 3898.833333, 
bse_controlled_0001, 003386, 67, 196, PT1, 4513, 1, 4513.000000, RNDM, 23393, 6, 3898.833333, 
bse_controlled_0001, 003387, 67, 328, PT1, 4513, 1, 4513.000000, RNDM, 23393, 6, 3898.833333, 
bse_controlled_0001, 003387, 67, 328, PT1, 4513, 1, 4513.000000, RNDM, 23393, 6, 3898.833333, 
bse_controlled_0001, 003414, 67, 224, PT1, 4413, 1, 4413.000000, RNDM, 23493, 6, 3915.500000, 
bse_controlled_0001, 003415, 67, 101, PT1, 4413, 1, 4413.000000, RNDM, 23493, 6, 3915.500000, 
bse_controlled_0001, 003415, 67, 224, PT1, 4413, 1, 4413.000000, RNDM, 23493, 6, 3915.500000, 
bse_controlled_0001, 003415, 67, 414, PT1, 4413, 1, 4413.000000, RNDM, 23493, 6, 3915.500000, 
bse_controlled_0001, 003444, 67, 262, PT1, 4413, 1, 4413.000000, RNDM, 23493, 6, 3915.500000, 
bse_controlled_0001, 003444, 67, 262, PT1, 4413, 1, 4413.000000, RNDM, 23493, 6, 3915.500000, 
bse_controlled_0001, 003445, 67, 262, PT1, 4413, 1, 4413.000000, RNDM, 23493, 6, 3915.500000, 
bse_controlled_0001, 003474, 100, 107, PT1, 4413, 1, 4413.000000, RNDM, 23493, 6, 3915.500000, 
bse_controlled_0001, 003475, 100, 107, PT1, 4413, 1, 4413.000000, RNDM, 23493, 6, 3915.500000, 
bse_controlled_0001, 003475, 67, 107, PT1, 4413, 1, 4413.000000, RNDM, 23493, 6, 3915.500000, 
bse_controlled_0001, 003475, 67, 262, PT1, 4413, 1, 4413.000000, RNDM, 23493, 6, 3915.500000, 
bse_controlled_0001, 003476, 67, 414, PT1, 4650, 1, 4650.000000, RNDM, 23730, 6, 3955.000000, 
bse_controlled_0001, 003479, 344, 414, PT1, 4650, 1, 4650.000000, RNDM, 23730, 6, 3955.000000, 
bse_controlled_0001, 003504, 189, 379, PT1, 4650, 1, 4650.000000, RNDM, 23730, 6, 3955.000000, 
bse_controlled_0001, 003504, 159, 414, PT1, 4650, 1, 4650.000000, RNDM, 23730, 6, 3955.000000, 
bse_controlled_0001, 003505, 159, 444, PT1, 4650, 1, 4650.000000, RNDM, 23730, 6, 3955.000000, 
bse_controlled_0001, 003506, 130, 364, PT1, 4650, 1, 4650.000000, RNDM, 23730, 6, 3955.000000, 
bse_controlled_0001, 003507, 130, 364, PT1, 4650, 1, 4650.000000, RNDM, 23730, 6, 3955.000000, 
bse_controlled_0001, 003535, 122, 364, PT1, 4650, 1, 4650.000000, RNDM, 23730, 6, 3955.000000, 
bse_controlled_0001, 003536, 122, 364, PT1, 4650, 1, 4650.000000, RNDM, 23730, 6, 3955.000000, 
bse_controlled_0001, 003565, 122, 364, PT1, 4650, 1, 4650.000000, RNDM, 23730, 6, 3955.000000, 
bse_controlled_0001, 003565, 101, 364, PT1, 4650, 1, 4650.000000, RNDM, 23974, 6, 3995.666667, 
bse_controlled_0001, 003595, 100, 288, PT1, 4650, 1, 4650.000000, RNDM, 23974, 6, 3995.666667, 
bse_controlled_0001, 003596, 100, 288, PT1, 4650, 1, 4650.000000, RNDM, 23974, 6, 3995.666667, 
bse_controlled_0001, 003597, 102, 364, PT1, 4650, 1, 4650.000000, RNDM, 23974, 6, 3995.666667, 
bse_controlled_0001, 003597, 100, 226, PT1, 4548, 1, 4548.000000, RNDM, 23872, 6, 3978.666667, 
bse_controlled_0001, 003597, 100, 226, PT1, 4548, 1, 4548.000000, RNDM, 23872, 6, 3978.666667, 
bse_controlled_0001, 003597, 100, 364, PT1, 4548, 1, 4548.000000, RNDM, 23872, 6, 3978.666667, 
bse_controlled_0001, 003598, 100, None, PT1, 4548, 1, 4548.000000, RNDM, 23872, 6, 3978.666667, 
bse_controlled_0001, 003598, 100, None, PT1, 4548, 1, 4548.000000, RNDM, 23872, 6, 3978.666667, 
bse_controlled_0001, 003598, 100, None, PT1, 4890, 1, 4890.000000, RNDM, 24214, 6, 4035.666667, 
bse_controlled_0001, 003599, 100, None, PT1, 4890, 1, 4890.000000, RNDM, 24214, 6, 4035.666667, 
bse_controlled_0001, 003600, 105, None, PT1, 4890, 1, 4890.000000, RNDM, 24214, 6, 4035.666667, 
bse_controlled_0001, 003602, 105, None, PT1, 4569, 1, 4569.000000, RNDM, 24535, 6, 4089.166667, 
bse_controlled_0001, 003603, 100, None, PT1, 4569, 1, 4569.000000, RNDM, 24535, 6, 4089.166667, 
bse_controlled_0001, 003603, 5, None, PT1, 4569, 1, 4569.000000, RNDM, 24535, 6, 4089.166667, 
bse_controlled_0001, 003604, 5, None, PT1, 4569, 1, 4569.000000, RNDM, 24535, 6, 4089.166667, 
bse_controlled_0001, 003605, 38, 483, PT1, 4569, 1, 4569.000000, RNDM, 24535, 6, 4089.166667, 
bse_controlled_0001, 003606, 292, 483, PT1, 4936, 1, 4936.000000, RNDM, 24902, 6, 4150.333333, 
bse_controlled_0001, 003625, 38, 298, PT1, 4936, 1, 4936.000000, RNDM, 24902, 6, 4150.333333, 
bse_controlled_0001, 003625, 2, 101, PT1, 4936, 1, 4936.000000, RNDM, 24902, 6, 4150.333333, 
bse_controlled_0001, 003626, 2, 298, PT1, 4936, 1, 4936.000000, RNDM, 24902, 6, 4150.333333, 
bse_controlled_0001, 003628, 221, 432, PT1, 4936, 1, 4936.000000, RNDM, 24902, 6, 4150.333333, 
bse_controlled_0001, 003655, 223, 432, PT1, 4936, 1, 4936.000000, RNDM, 25452, 6, 4242.000000, 
bse_controlled_0001, 003656, 101, 432, PT1, 4834, 1, 4834.000000, RNDM, 25350, 6, 4225.000000, 
bse_controlled_0001, 003656, 100, 432, PT1, 4834, 1, 4834.000000, RNDM, 25350, 6, 4225.000000, 
bse_controlled_0001, 003656, 100, 432, PT1, 4834, 1, 4834.000000, RNDM, 25350, 6, 4225.000000, 
bse_controlled_0001, 003657, 100, 432, PT1, 5245, 1, 5245.000000, RNDM, 25761, 6, 4293.500000, 
bse_controlled_0001, 003657, 100, 432, PT1, 5245, 1, 5245.000000, RNDM, 25761, 6, 4293.500000, 
bse_controlled_0001, 003660, 100, 432, PT1, 5245, 1, 5245.000000, RNDM, 25761, 6, 4293.500000, 
bse_controlled_0001, 003685, 226, 399, PT1, 5245, 1, 5245.000000, RNDM, 25761, 6, 4293.500000, 
bse_controlled_0001, 003686, 166, 399, PT1, 5245, 1, 5245.000000, RNDM, 25761, 6, 4293.500000, 
bse_controlled_0001, 003715, 137, 399, PT1, 5245, 1, 5245.000000, RNDM, 26093, 6, 4348.833333, 
bse_controlled_0001, 003715, 101, 399, PT1, 5245, 1, 5245.000000, RNDM, 26367, 6, 4394.500000, 
bse_controlled_0001, 003716, 101, 424, PT1, 5245, 1, 5245.000000, RNDM, 26367, 6, 4394.500000, 
bse_controlled_0001, 003718, 100, 117, PT1, 5245, 1, 5245.000000, RNDM, 26367, 6, 4394.500000, 
bse_controlled_0001, 003718, 100, 424, PT1, 5128, 1, 5128.000000, RNDM, 26484, 6, 4414.000000, 
bse_controlled_0001, 003719, 100, 424, PT1, 5128, 1, 5128.000000, RNDM, 26484, 6, 4414.000000, 
bse_controlled_0001, 003720, 100, 424, PT1, 5128, 1, 5128.000000, RNDM, 26484, 6, 4414.000000, 
bse_controlled_0001, 003721, 100, 424, PT1, 5128, 1, 5128.000000, RNDM, 26484, 6, 4414.000000, 
bse_controlled_0001, 003721, 67, 424, PT1, 5128, 1, 5128.000000, RNDM, 26484, 6, 4414.000000, 
bse_controlled_0001, 003722, 51, 424, PT1, 5128, 1, 5128.000000, RNDM, 26484, 6, 4414.000000, 
bse_controlled_0001, 003722, 51, 437, PT1, 5128, 1, 5128.000000, RNDM, 26484, 6, 4414.000000, 
bse_controlled_0001, 003722, 51, 437, PT1, 5128, 1, 5128.000000, RNDM, 26484, 6, 4414.000000, 
bse_controlled_0001, 003725, 51, 227, PT1, 5252, 1, 5252.000000, RNDM, 26360, 6, 4393.333333, 
bse_controlled_0001, 003726, 51, 227, PT1, 5252, 1, 5252.000000, RNDM, 26360, 6, 4393.333333, 
bse_controlled_0001, 003727, 51, 227, PT1, 5121, 1, 5121.000000, RNDM, 26229, 6, 4371.500000, 
bse_controlled_0001, 003746, 100, 125, PT1, 5121, 1, 5121.000000, RNDM, 26229, 6, 4371.500000, 
bse_controlled_0001, 003746, 100, 101, PT1, 5121, 1, 5121.000000, RNDM, 26229, 6, 4371.500000, 
bse_controlled_0001, 003747, 51, 101, PT1, 5121, 1, 5121.000000, RNDM, 26229, 6, 4371.500000, 
bse_controlled_0001, 003776, 68, 101, PT1, 5121, 1, 5121.000000, RNDM, 26229, 6, 4371.500000, 
bse_controlled_0001, 003778, 100, 101, PT1, 5121, 1, 5121.000000, RNDM, 26229, 6, 4371.500000, 
bse_controlled_0001, 003779, 100, 125, PT1, 5121, 1, 5121.000000, RNDM, 26229, 6, 4371.500000, 
bse_controlled_0001, 003779, None, 125, PT1, 5121, 1, 5121.000000, RNDM, 26229, 6, 4371.500000, 
bse_controlled_0001, 003780, 59, 136, PT1, 5121, 1, 5121.000000, RNDM, 26229, 6, 4371.500000, 
bse_controlled_0001, 003806, 59, 136, PT1, 5121, 1, 5121.000000, RNDM, 26229, 6, 4371.500000, 
bse_controlled_0001, 003806, 59, 136, PT1, 5121, 1, 5121.000000, RNDM, 26229, 6, 4371.500000, 
bse_controlled_0001, 003807, 59, 136, PT1, 5121, 1, 5121.000000, RNDM, 26229, 6, 4371.500000, 
bse_controlled_0001, 003809, 100, 252, PT1, 5121, 1, 5121.000000, RNDM, 26229, 6, 4371.500000, 
bse_controlled_0001, 003836, 89, 187, PT1, 5121, 1, 5121.000000, RNDM, 26229, 6, 4371.500000, 
bse_controlled_0001, 003836, 90, 252, PT1, 5121, 1, 5121.000000, RNDM, 26229, 6, 4371.500000, 
bse_controlled_0001, 003837, 101, 294, PT1, 5121, 1, 5121.000000, RNDM, 26733, 6, 4455.500000, 
bse_controlled_0001, 003838, 90, 294, PT1, 5121, 1, 5121.000000, RNDM, 26733, 6, 4455.500000, 
bse_controlled_0001, 003866, 90, 303, PT1, 5121, 1, 5121.000000, RNDM, 26733, 6, 4455.500000, 
bse_controlled_0001, 003867, 101, 303, PT1, 5121, 1, 5121.000000, RNDM, 26733, 6, 4455.500000, 
bse_controlled_0001, 003868, 100, 138, PT1, 5121, 1, 5121.000000, RNDM, 26733, 6, 4455.500000, 
bse_controlled_0001, 003868, 100, 303, PT1, 5259, 1, 5259.000000, RNDM, 26595, 6, 4432.500000, 
bse_controlled_0001, 003869, 100, 227, PT1, 5133, 1, 5133.000000, RNDM, 26721, 6, 4453.500000, 
bse_controlled_0001, 003896, 100, 101, PT1, 5133, 1, 5133.000000, RNDM, 26721, 6, 4453.500000, 
bse_controlled_0001, 003897, 100, 398, PT1, 5133, 1, 5133.000000, RNDM, 26721, 6, 4453.500000, 
bse_controlled_0001, 003897, 89, 398, PT1, 5133, 1, 5133.000000, RNDM, 26721, 6, 4453.500000, 
bse_controlled_0001, 003897, None, 363, PT1, 5404, 1, 5404.000000, RNDM, 26992, 6, 4498.666667, 
bse_controlled_0001, 003926, 217, 363, PT1, 5404, 1, 5404.000000, RNDM, 26992, 6, 4498.666667, 
bse_controlled_0001, 003926, 208, 398, PT1, 5404, 1, 5404.000000, RNDM, 26992, 6, 4498.666667, 
bse_controlled_0001, 003927, 101, 398, PT1, 5404, 1, 5404.000000, RNDM, 27408, 6, 4568.000000, 
bse_controlled_0001, 003928, 101, 342, PT1, 5404, 1, 5404.000000, RNDM, 27408, 6, 4568.000000, 
bse_controlled_0001, 003956, 101, 342, PT1, 5404, 1, 5404.000000, RNDM, 27408, 6, 4568.000000, 
bse_controlled_0001, 003957, 100, 342, PT1, 5404, 1, 5404.000000, RNDM, 27408, 6, 4568.000000, 
bse_controlled_0001, 003957, 100, 342, PT1, 5404, 1, 5404.000000, RNDM, 27408, 6, 4568.000000, 
bse_controlled_0001, 003957, None, 398, PT1, 5404, 1, 5404.000000, RNDM, 27408, 6, 4568.000000, 
bse_controlled_0001, 003959, 186, 251, PT1, 5404, 1, 5404.000000, RNDM, 27408, 6, 4568.000000, 
bse_controlled_0001, 003959, None, 251, PT1, 5404, 1, 5404.000000, RNDM, 27408, 6, 4568.000000, 
bse_controlled_0001, 003960, None, 225, PT1, 5404, 1, 5404.000000, RNDM, 27408, 6, 4568.000000, 
bse_controlled_0001, 003986, 123, 225, PT1, 5404, 1, 5404.000000, RNDM, 27408, 6, 4568.000000, 
bse_controlled_0001, 003987, 100, 225, PT1, 5404, 1, 5404.000000, RNDM, 27408, 6, 4568.000000, 
bse_controlled_0001, 003987, 100, 251, PT1, 5404, 1, 5404.000000, RNDM, 27408, 6, 4568.000000, 
bse_controlled_0001, 003988, 100, 271, PT1, 5404, 1, 5404.000000, RNDM, 27408, 6, 4568.000000, 
bse_controlled_0001, 003988, 100, 271, PT1, 5404, 1, 5404.000000, RNDM, 27408, 6, 4568.000000, 
bse_controlled_0001, 003991, 101, 375, PT1, 5404, 1, 5404.000000, RNDM, 27408, 6, 4568.000000, 
bse_controlled_0001, 003994, 101, 386, PT1, 5404, 1, 5404.000000, RNDM, 27408, 6, 4568.000000, 
bse_controlled_0001, 004017, 100, 296, PT1, 5404, 1, 5404.000000, RNDM, 27408, 6, 4568.000000, 
bse_controlled_0001, 004017, 100, 296, PT1, 5404, 1, 5404.000000, RNDM, 27408, 6, 4568.000000, 
bse_controlled_0001, 004018, 100, 296, PT1, 5404, 1, 5404.000000, RNDM, 27408, 6, 4568.000000, 
bse_controlled_0001, 004018, None, 386, PT1, 5404, 1, 5404.000000, RNDM, 27408, 6, 4568.000000, 
bse_controlled_0001, 004019, None, 386, PT1, 5368, 1, 5368.000000, RNDM, 27444, 6, 4574.000000, 
bse_controlled_0001, 004047, None, 100, PT1, 5368, 1, 5368.000000, RNDM, 27444, 6, 4574.000000, 
bse_controlled_0001, 004048, None, 100, PT1, 5368, 1, 5368.000000, RNDM, 27444, 6, 4574.000000, 
bse_controlled_0001, 004048, 82, 275, PT1, 5368, 1, 5368.000000, RNDM, 27444, 6, 4574.000000, 
bse_controlled_0001, 004048, None, 275, PT1, 5450, 1, 5450.000000, RNDM, 27526, 6, 4587.666667, 
bse_controlled_0001, 004049, 31, 275, PT1, 5450, 1, 5450.000000, RNDM, 27526, 6, 4587.666667, 
bse_controlled_0001, 004049, 31, 354, PT1, 5450, 1, 5450.000000, RNDM, 27526, 6, 4587.666667, 
bse_controlled_0001, 004050, 31, 400, PT1, 5450, 1, 5450.000000, RNDM, 27526, 6, 4587.666667, 
bse_controlled_0001, 004077, 91, 400, PT1, 5450, 1, 5450.000000, RNDM, 27526, 6, 4587.666667, 
bse_controlled_0001, 004078, 91, 101, PT1, 5450, 1, 5450.000000, RNDM, 27526, 6, 4587.666667, 
bse_controlled_0001, 004078, 91, 369, PT1, 5450, 1, 5450.000000, RNDM, 27526, 6, 4587.666667, 
bse_controlled_0001, 004078, 91, 300, PT1, 5348, 1, 5348.000000, RNDM, 27424, 6, 4570.666667, 
bse_controlled_0001, 004079, 91, 300, PT1, 5512, 1, 5512.000000, RNDM, 27588, 6, 4598.000000, 
bse_controlled_0001, 004107, 100, 131, PT1, 5512, 1, 5512.000000, RNDM, 27588, 6, 4598.000000, 
bse_controlled_0001, 004108, 100, 131, PT1, 5411, 1, 5411.000000, RNDM, 27689, 6, 4614.833333, 
bse_controlled_0001, 004108, 89, 131, PT1, 5411, 1, 5411.000000, RNDM, 27689, 6, 4614.833333, 
bse_controlled_0001, 004108, 89, 388, PT1, 5411, 1, 5411.000000, RNDM, 27689, 6, 4614.833333, 
bse_controlled_0001, 004108, None, 257, PT1, 5411, 1, 5411.000000, RNDM, 27689, 6, 4614.833333, 
bse_controlled_0001, 004110, None, 257, PT1, 5411, 1, 5411.000000, RNDM, 27689, 6, 4614.833333, 
bse_controlled_0001, 004137, None, 100, PT1, 5411, 1, 5411.000000, RNDM, 27689, 6, 4614.833333, 
bse_controlled_0001, 004138, None, 257, PT1, 5411, 1, 5411.000000, RNDM, 27689, 6, 4614.833333, 
bse_controlled_0001, 004138, 100, 257, PT1, 5411, 1, 5411.000000, RNDM, 27689, 6, 4614.833333, 
bse_controlled_0001, 004139, 100, 356, PT1, 5411, 1, 5411.000000, RNDM, 27689, 6, 4614.833333, 
bse_controlled_0001, 004142, 100, 361, PT1, 5411, 1, 5411.000000, RNDM, 27689, 6, 4614.833333, 
bse_controlled_0001, 004143, 100, 361, PT1, 5597, 1, 5597.000000, RNDM, 27875, 6, 4645.833333, 
bse_controlled_0001, 004168, 100, 257, PT1, 5496, 1, 5496.000000, RNDM, 27976, 6, 4662.666667, 
bse_controlled_0001, 004169, 100, 257, PT1, 5496, 1, 5496.000000, RNDM, 27976, 6, 4662.666667, 
bse_controlled_0001, 004169, 100, 351, PT1, 5496, 1, 5496.000000, RNDM, 27976, 6, 4662.666667, 
bse_controlled_0001, 004169, None, 351, PT1, 5496, 1, 5496.000000, RNDM, 27976, 6, 4662.666667, 
bse_controlled_0001, 004198, 100, 351, PT1, 5496, 1, 5496.000000, RNDM, 27976, 6, 4662.666667, 
bse_controlled_0001, 004199, None, 101, PT1, 5496, 1, 5496.000000, RNDM, 27976, 6, 4662.666667, 
bse_controlled_0001, 004229, 100, 120, PT1, 5496, 1, 5496.000000, RNDM, 27976, 6, 4662.666667, 
bse_controlled_0001, 004229, 100, 351, PT1, 5496, 1, 5496.000000, RNDM, 27976, 6, 4662.666667, 
bse_controlled_0001, 004229, 100, 366, PT1, 5496, 1, 5496.000000, RNDM, 27976, 6, 4662.666667, 
bse_controlled_0001, 004230, 100, 381, PT1, 5496, 1, 5496.000000, RNDM, 27976, 6, 4662.666667, 
bse_controlled_0001, 004230, 100, 211, PT1, 5496, 1, 5496.000000, RNDM, 27976, 6, 4662.666667, 
bse_controlled_0001, 004232, 100, 131, PT1, 5604, 1, 5604.000000, RNDM, 27868, 6, 4644.666667, 
bse_controlled_0001, 004232, 100, 211, PT1, 5473, 1, 5473.000000, RNDM, 27999, 6, 4666.500000, 
bse_controlled_0001, 004232, 100, 211, PT1, 5473, 1, 5473.000000, RNDM, 27999, 6, 4666.500000, 
bse_controlled_0001, 004236, 100, 211, PT1, 5473, 1, 5473.000000, RNDM, 27999, 6, 4666.500000, 
bse_controlled_0001, 004237, 100, 219, PT1, 5473, 1, 5473.000000, RNDM, 27999, 6, 4666.500000, 
bse_controlled_0001, 004237, None, 219, PT1, 5473, 1, 5473.000000, RNDM, 27999, 6, 4666.500000, 
bse_controlled_0001, 004239, None, 219, PT1, 5665, 1, 5665.000000, RNDM, 28191, 6, 4698.500000, 
bse_controlled_0001, 004259, 16, 219, PT1, 5565, 1, 5565.000000, RNDM, 28291, 6, 4715.166667, 
bse_controlled_0001, 004259, 16, 155, PT1, 5565, 1, 5565.000000, RNDM, 28291, 6, 4715.166667, 
bse_controlled_0001, 004262, 100, 155, PT1, 5565, 1, 5565.000000, RNDM, 28291, 6, 4715.166667, 
bse_controlled_0001, 004263, 100, 219, PT1, 5565, 1, 5565.000000, RNDM, 28291, 6, 4715.166667, 
bse_controlled_0001, 004263, 100, 386, PT1, 5565, 1, 5565.000000, RNDM, 28291, 6, 4715.166667, 
bse_controlled_0001, 004265, 100, 386, PT1, 5692, 1, 5692.000000, RNDM, 28418, 6, 4736.333333, 
bse_controlled_0001, 004289, 116, 177, PT1, 5692, 1, 5692.000000, RNDM, 28418, 6, 4736.333333, 
bse_controlled_0001, 004290, 154, 386, PT1, 5692, 1, 5692.000000, RNDM, 28418, 6, 4736.333333, 
bse_controlled_0001, 004290, 100, 490, PT1, 5692, 1, 5692.000000, RNDM, 28418, 6, 4736.333333, 
bse_controlled_0001, 004292, 100, 327, PT1, 5692, 1, 5692.000000, RNDM, 28418, 6, 4736.333333, 
bse_controlled_0001, 004319, 100, 359, PT1, 5692, 1, 5692.000000, RNDM, 28418, 6, 4736.333333, 
bse_controlled_0001, 004320, 100, 359, PT1, 5692, 1, 5692.000000, RNDM, 28418, 6, 4736.333333, 
bse_controlled_0001, 004350, 165, 359, PT1, 5692, 1, 5692.000000, RNDM, 28418, 6, 4736.333333, 
bse_controlled_0001, 004350, 102, 359, PT1, 5692, 1, 5692.000000, RNDM, 28418, 6, 4736.333333, 
bse_controlled_0001, 004352, 101, 359, PT1, 5550, 1, 5550.000000, RNDM, 28560, 6, 4760.000000, 
bse_controlled_0001, 004380, 100, 359, PT1, 5550, 1, 5550.000000, RNDM, 28560, 6, 4760.000000, 
bse_controlled_0001, 004380, 100, 359, PT1, 5550, 1, 5550.000000, RNDM, 28560, 6, 4760.000000, 
bse_controlled_0001, 004380, 100, 459, PT1, 5550, 1, 5550.000000, RNDM, 29278, 6, 4879.666667, 
bse_controlled_0001, 004381, 100, 149, PT1, 5550, 1, 5550.000000, RNDM, 29278, 6, 4879.666667, 
bse_controlled_0001, 004381, 100, 490, PT1, 5699, 1, 5699.000000, RNDM, 29129, 6, 4854.833333, 
bse_controlled_0001, 004381, 100, 313, PT1, 5699, 1, 5699.000000, RNDM, 29129, 6, 4854.833333, 
bse_controlled_0001, 004382, 100, 490, PT1, 5699, 1, 5699.000000, RNDM, 29129, 6, 4854.833333, 
bse_controlled_0001, 004382, 100, None, PT1, 5699, 1, 5699.000000, RNDM, 29129, 6, 4854.833333, 
bse_controlled_0001, 004383, 100, 307, PT1, 5699, 1, 5699.000000, RNDM, 29129, 6, 4854.833333, 
bse_controlled_0001, 004383, 100, 307, PT1, 5467, 1, 5467.000000, RNDM, 28897, 6, 4816.166667, 
bse_controlled_0001, 004384, 100, 352, PT1, 5467, 1, 5467.000000, RNDM, 28897, 6, 4816.166667, 
bse_controlled_0001, 004385, 58, 352, PT1, 5467, 1, 5467.000000, RNDM, 28897, 6, 4816.166667, 
bse_controlled_0001, 004410, 198, 352, PT1, 5467, 1, 5467.000000, RNDM, 28897, 6, 4816.166667, 
bse_controlled_0001, 004411, 101, 292, PT1, 5467, 1, 5467.000000, RNDM, 28897, 6, 4816.166667, 
bse_controlled_0001, 004412, 100, 292, PT1, 5467, 1, 5467.000000, RNDM, 28897, 6, 4816.166667, 
bse_controlled_0001, 004413, 100, 292, PT1, 5467, 1, 5467.000000, RNDM, 28897, 6, 4816.166667, 
bse_controlled_0001, 004440, 100, 114, PT1, 5467, 1, 5467.000000, RNDM, 28897, 6, 4816.166667, 
bse_controlled_0001, 004441, 100, 114, PT1, 5467, 1, 5467.000000, RNDM, 28897, 6, 4816.166667, 
bse_controlled_0001, 004441, 100, 292, PT1, 5467, 1, 5467.000000, RNDM, 29125, 6, 4854.166667, 
bse_controlled_0001, 004441, 100, 372, PT1, 5467, 1, 5467.000000, RNDM, 29125, 6, 4854.166667, 
bse_controlled_0001, 004442, 173, 372, PT1, 5467, 1, 5467.000000, RNDM, 29125, 6, 4854.166667, 
bse_controlled_0001, 004443, 100, 372, PT1, 5467, 1, 5467.000000, RNDM, 29125, 6, 4854.166667, 
bse_controlled_0001, 004443, 100, 372, PT1, 5800, 1, 5800.000000, RNDM, 29458, 6, 4909.666667, 
bse_controlled_0001, 004443, 100, None, PT1, 5800, 1, 5800.000000, RNDM, 29458, 6, 4909.666667, 
bse_controlled_0001, 004443, 29, None, PT1, 5800, 1, 5800.000000, RNDM, 29458, 6, 4909.666667, 
bse_controlled_0001, 004444, 29, None, PT1, 5800, 1, 5800.000000, RNDM, 29458, 6, 4909.666667, 
bse_controlled_0001, 004444, 29, None, PT1, 5800, 1, 5800.000000, RNDM, 29458, 6, 4909.666667, 
bse_controlled_0001, 004445, 29, 435, PT1, 5673, 1, 5673.000000, RNDM, 29585, 6, 4930.833333, 
bse_controlled_0001, 004446, 29, 116, PT1, 5673, 1, 5673.000000, RNDM, 29585, 6, 4930.833333, 
bse_controlled_0001, 004471, 100, 116, PT1, 5673, 1, 5673.000000, RNDM, 29585, 6, 4930.833333, 
bse_controlled_0001, 004471, 100, 116, PT1, 5673, 1, 5673.000000, RNDM, 29585, 6, 4930.833333, 
bse_controlled_0001, 004472, 100, 251, PT1, 5673, 1, 5673.000000, RNDM, 29585, 6, 4930.833333, 
bse_controlled_0001, 004472, 7, 251, PT1, 5673, 1, 5673.000000, RNDM, 29585, 6, 4930.833333, 
bse_controlled_0001, 004472, 201, 351, PT1, 5673, 1, 5673.000000, RNDM, 29585, 6, 4930.833333, 
bse_controlled_0001, 004472, 7, 351, PT1, 5673, 1, 5673.000000, RNDM, 29585, 6, 4930.833333, 
bse_controlled_0001, 004473, 7, 355, PT1, 5673, 1, 5673.000000, RNDM, 29585, 6, 4930.833333, 
bse_controlled_0001, 004473, 7, 355, PT1, 5673, 1, 5673.000000, RNDM, 29585, 6, 4930.833333, 
bse_controlled_0001, 004473, 7, None, PT1, 5673, 1, 5673.000000, RNDM, 29585, 6, 4930.833333, 
bse_controlled_0001, 004474, 7, None, PT1, 5673, 1, 5673.000000, RNDM, 29585, 6, 4930.833333, 
bse_controlled_0001, 004474, 7, None, PT1, 6064, 1, 6064.000000, RNDM, 29976, 6, 4996.000000, 
bse_controlled_0001, 004474, 7, 497, PT1, 6064, 1, 6064.000000, RNDM, 29976, 6, 4996.000000, 
bse_controlled_0001, 004476, 48, 444, PT1, 6064, 1, 6064.000000, RNDM, 29976, 6, 4996.000000, 
bse_controlled_0001, 004501, 96, 284, PT1, 6064, 1, 6064.000000, RNDM, 29976, 6, 4996.000000, 
bse_controlled_0001, 004502, 96, 284, PT1, 6064, 1, 6064.000000, RNDM, 29976, 6, 4996.000000, 
bse_controlled_0001, 004503, 96, 284, PT1, 6064, 1, 6064.000000, RNDM, 29976, 6, 4996.000000, 
bse_controlled_0001, 004504, 100, 339, PT1, 6064, 1, 6064.000000, RNDM, 29976, 6, 4996.000000, 
bse_controlled_0001, 004506, 100, 272, PT1, 5963, 1, 5963.000000, RNDM, 29875, 6, 4979.166667, 
bse_controlled_0001, 004506, 96, 272, PT1, 5963, 1, 5963.000000, RNDM, 29875, 6, 4979.166667, 
bse_controlled_0001, 004507, 96, 339, PT1, 5963, 1, 5963.000000, RNDM, 29875, 6, 4979.166667, 
bse_controlled_0001, 004508, 64, 339, PT1, 5963, 1, 5963.000000, RNDM, 29875, 6, 4979.166667, 
bse_controlled_0001, 004508, 64, 339, PT1, 6115, 1, 6115.000000, RNDM, 30027, 6, 5004.500000, 
bse_controlled_0001, 004508, 64, 356, PT1, 6115, 1, 6115.000000, RNDM, 30027, 6, 5004.500000, 
bse_controlled_0001, 004508, None, 356, PT1, 6115, 1, 6115.000000, RNDM, 30027, 6, 5004.500000, 
bse_controlled_0001, 004509, None, 356, PT1, 6115, 1, 6115.000000, RNDM, 30027, 6, 5004.500000, 
bse_controlled_0001, 004511, 217, 356, PT1, 6115, 1, 6115.000000, RNDM, 30027, 6, 5004.500000, 
bse_controlled_0001, 004512, 35, 356, PT1, 6115, 1, 6115.000000, RNDM, 30027, 6, 5004.500000, 
bse_controlled_0001, 004513, None, 356, PT1, 6115, 1, 6115.000000, RNDM, 30027, 6, 5004.500000, 
bse_controlled_0001, 004515, 349, 431, PT1, 6115, 1, 6115.000000, RNDM, 30027, 6, 5004.500000, 
bse_controlled_0001, 004515, 164, 431, PT1, 6115, 1, 6115.000000, RNDM, 30027, 6, 5004.500000, 
bse_controlled_0001, 004518, 164, 298, PT1, 5945, 1, 5945.000000, RNDM, 30197, 6, 5032.833333, 
bse_controlled_0001, 004518, 164, 431, PT1, 5945, 1, 5945.000000, RNDM, 30197, 6, 5032.833333, 
bse_controlled_0001, 004520, 164, 496, PT1, 5945, 1, 5945.000000, RNDM, 30197, 6, 5032.833333, 
bse_controlled_0001, 004520, 164, 496, PT1, 5945, 1, 5945.000000, RNDM, 30197, 6, 5032.833333, 
bse_controlled_0001, 004523, 100, 177, PT1, 5945, 1, 5945.000000, RNDM, 30197, 6, 5032.833333, 
bse_controlled_0001, 004524, 100, 496, PT1, 6122, 1, 6122.000000, RNDM, 30020, 6, 5003.333333, 
bse_controlled_0001, 004524, 100, 496, PT1, 5929, 1, 5929.000000, RNDM, 30213, 6, 5035.500000, 
bse_controlled_0001, 004526, 225, 496, PT1, 6248, 1, 6248.000000, RNDM, 30532, 6, 5088.666667, 
bse_controlled_0001, 004531, 123, 496, PT1, 6248, 1, 6248.000000, RNDM, 30532, 6, 5088.666667, 
bse_controlled_0001, 004532, 123, 496, PT1, 6248, 1, 6248.000000, RNDM, 30532, 6, 5088.666667, 
bse_controlled_0001, 004532, 100, None, PT1, 6248, 1, 6248.000000, RNDM, 30532, 6, 5088.666667, 
bse_controlled_0001, 004532, 100, None, PT1, 6248, 1, 6248.000000, RNDM, 30732, 6, 5122.000000, 
bse_controlled_0001, 004534, 110, None, PT1, 6248, 1, 6248.000000, RNDM, 30732, 6, 5122.000000, 
bse_controlled_0001, 004535, 110, None, PT1, 6248, 1, 6248.000000, RNDM, 30732, 6, 5122.000000, 
bse_controlled_0001, 004535, 104, 476, PT1, 6248, 1, 6248.000000, RNDM, 30732, 6, 5122.000000, 
bse_controlled_0001, 004538, 122, 476, PT1, 6007, 1, 6007.000000, RNDM, 30491, 6, 5081.833333, 
bse_controlled_0001, 004538, 122, 476, PT1, 6335, 1, 6335.000000, RNDM, 30819, 6, 5136.500000, 
bse_controlled_0001, 004561, 104, 476, PT1, 6335, 1, 6335.000000, RNDM, 30819, 6, 5136.500000, 
bse_controlled_0001, 004562, 100, None, PT1, 6335, 1, 6335.000000, RNDM, 30819, 6, 5136.500000, 
bse_controlled_0001, 004562, 2, None, PT1, 6335, 1, 6335.000000, RNDM, 30819, 6, 5136.500000, 
bse_controlled_0001, 004562, 2, None, PT1, 6335, 1, 6335.000000, RNDM, 30819, 6, 5136.500000, 
bse_controlled_0001, 004562, 2, None, PT1, 6335, 1, 6335.000000, RNDM, 30819, 6, 5136.500000, 
bse_controlled_0001, 004564, 100, 206, PT1, 6335, 1, 6335.000000, RNDM, 30819, 6, 5136.500000, 
bse_controlled_0001, 004565, 36, 206, PT1, 6335, 1, 6335.000000, RNDM, 30819, 6, 5136.500000, 
bse_controlled_0001, 004565, 36, 320, PT1, 6335, 1, 6335.000000, RNDM, 30819, 6, 5136.500000, 
bse_controlled_0001, 004566, 36, 320, PT1, 6335, 1, 6335.000000, RNDM, 30819, 6, 5136.500000, 
bse_controlled_0001, 004592, 101, 320, PT1, 6335, 1, 6335.000000, RNDM, 30819, 6, 5136.500000, 
bse_controlled_0001, 004592, 36, 383, PT1, 6335, 1, 6335.000000, RNDM, 30819, 6, 5136.500000, 
bse_controlled_0001, 004592, 36, 383, PT1, 6335, 1, 6335.000000, RNDM, 30819, 6, 5136.500000, 
bse_controlled_0001, 004592, 36, 412, PT1, 6335, 1, 6335.000000, RNDM, 30819, 6, 5136.500000, 
bse_controlled_0001, 004595, 171, 341, PT1, 6335, 1, 6335.000000, RNDM, 30819, 6, 5136.500000, 
bse_controlled_0001, 004595, 171, 341, PT1, 6335, 1, 6335.000000, RNDM, 30819, 6, 5136.500000, 
bse_controlled_0001, 004622, 187, 341, PT1, 6335, 1, 6335.000000, RNDM, 30819, 6, 5136.500000, 
bse_controlled_0001, 004623, 171, 341, PT1, 6124, 1, 6124.000000, RNDM, 31030, 6, 5171.666667, 
bse_controlled_0001, 004623, 100, 412, PT1, 6124, 1, 6124.000000, RNDM, 31030, 6, 5171.666667, 
bse_controlled_0001, 004623, 100, 412, PT1, 6124, 1, 6124.000000, RNDM, 31030, 6, 5171.666667, 
bse_controlled_0001, 004624, 100, 349, PT1, 6448, 1, 6448.000000, RNDM, 31354, 6, 5225.666667, 
bse_controlled_0001, 004652, 100, 349, PT1, 6448, 1, 6448.000000, RNDM, 31354, 6, 5225.666667, 
bse_controlled_0001, 004653, 100, 349, PT1, 6336, 1, 6336.000000, RNDM, 31466, 6, 5244.333333, 
bse_controlled_0001, 004653, 100, 349, PT1, 6336, 1, 6336.000000, RNDM, 31466, 6, 5244.333333, 
bse_controlled_0001, 004653, 100, 434, PT1, 6336, 1, 6336.000000, RNDM, 31466, 6, 5244.333333, 
bse_controlled_0001, 004654, 78, 232, PT1, 6336, 1, 6336.000000, RNDM, 31466, 6, 5244.333333, 
bse_controlled_0001, 004654, 78, 299, PT1, 6336, 1, 6336.000000, RNDM, 31466, 6, 5244.333333, 
bse_controlled_0001, 004654, None, None, PT1, 6336, 1, 6336.000000, RNDM, 31466, 6, 5244.333333, 
bse_controlled_0001, 004654, None, None, PT1, 6626, 1, 6626.000000, RNDM, 31756, 6, 5292.666667, 
bse_controlled_0001, 004655, None, 287, PT1, 6626, 1, 6626.000000, RNDM, 31756, 6, 5292.666667, 
bse_controlled_0001, 004656, None, 287, PT1, 6626, 1, 6626.000000, RNDM, 31756, 6, 5292.666667, 
bse_controlled_0001, 004662, 154, 287, PT1, 6426, 1, 6426.000000, RNDM, 31956, 6, 5326.000000, 
bse_controlled_0001, 004682, None, 198, PT1, 6426, 1, 6426.000000, RNDM, 32264, 6, 5377.333333, 
bse_controlled_0001, 004683, 35, 198, PT1, 6426, 1, 6426.000000, RNDM, 32264, 6, 5377.333333, 
bse_controlled_0001, 004685, 100, 183, PT1, 6426, 1, 6426.000000, RNDM, 32264, 6, 5377.333333, 
bse_controlled_0001, 004687, 100, 287, PT1, 6426, 1, 6426.000000, RNDM, 32264, 6, 5377.333333, 
bse_controlled_0001, 004713, 100, 247, PT1, 6426, 1, 6426.000000, RNDM, 32264, 6, 5377.333333, 
bse_controlled_0001, 004714, 100, 287, PT1, 6426, 1, 6426.000000, RNDM, 32264, 6, 5377.333333, 
bse_controlled_0001, 004714, 35, 287, PT1, 6426, 1, 6426.000000, RNDM, 32264, 6, 5377.333333, 
bse_controlled_0001, 004716, 143, 287, PT1, 6426, 1, 6426.000000, RNDM, 32264, 6, 5377.333333, 
bse_controlled_0001, 004716, 143, 409, PT1, 6426, 1, 6426.000000, RNDM, 32838, 6, 5473.000000, 
bse_controlled_0001, 004718, 106, 409, PT1, 6426, 1, 6426.000000, RNDM, 32838, 6, 5473.000000, 
bse_controlled_0001, 004719, 106, 409, PT1, 6691, 1, 6691.000000, RNDM, 33103, 6, 5517.166667, 
bse_controlled_0001, 004743, 99, 409, PT1, 6691, 1, 6691.000000, RNDM, 33103, 6, 5517.166667, 
bse_controlled_0001, 004744, 100, 303, PT1, 6691, 1, 6691.000000, RNDM, 33103, 6, 5517.166667, 
bse_controlled_0001, 004746, 213, 409, PT1, 6691, 1, 6691.000000, RNDM, 33103, 6, 5517.166667, 
bse_controlled_0001, 004774, 101, 409, PT1, 6691, 1, 6691.000000, RNDM, 33103, 6, 5517.166667, 
bse_controlled_0001, 004774, 100, 409, PT1, 6691, 1, 6691.000000, RNDM, 33103, 6, 5517.166667, 
bse_controlled_0001, 004776, 100, 409, PT1, 6691, 1, 6691.000000, RNDM, 33103, 6, 5517.166667, 
bse_controlled_0001, 004804, 249, 409, PT1, 6691, 1, 6691.000000, RNDM, 33817, 6, 5636.166667, 
bse_controlled_0001, 004805, 244, 409, PT1, 6691, 1, 6691.000000, RNDM, 34315, 6, 5719.166667, 
bse_controlled_0001, 004805, 101, 409, PT1, 6691, 1, 6691.000000, RNDM, 34315, 6, 5719.166667, 
bse_controlled_0001, 004808, 100, 399, PT1, 6691, 1, 6691.000000, RNDM, 34315, 6, 5719.166667, 
bse_controlled_0001, 004834, 249, 399, PT1, 6691, 1, 6691.000000, RNDM, 35005, 6, 5834.166667, 
bse_controlled_0001, 004834, 100, 399, PT1, 6691, 1, 6691.000000, RNDM, 35005, 6, 5834.166667, 
bse_controlled_0001, 004835, 100, 358, PT1, 6691, 1, 6691.000000, RNDM, 35005, 6, 5834.166667, 
bse_controlled_0001, 004835, 100, 399, PT1, 6691, 1, 6691.000000, RNDM, 35005, 6, 5834.166667, 
bse_controlled_0001, 004836, None, 101, PT1, 6691, 1, 6691.000000, RNDM, 35005, 6, 5834.166667, 
bse_controlled_0001, 004837, None, 184, PT1, 6691, 1, 6691.000000, RNDM, 35005, 6, 5834.166667, 
bse_controlled_0001, 004865, 102, 184, PT1, 6691, 1, 6691.000000, RNDM, 35005, 6, 5834.166667, 
bse_controlled_0001, 004865, 101, 184, PT1, 6589, 1, 6589.000000, RNDM, 34903, 6, 5817.166667, 
bse_controlled_0001, 004865, 100, 184, PT1, 6589, 1, 6589.000000, RNDM, 34903, 6, 5817.166667, 
bse_controlled_0001, 004866, 100, 184, PT1, 6589, 1, 6589.000000, RNDM, 34903, 6, 5817.166667, 
bse_controlled_0001, 004895, 100, 182, PT1, 6589, 1, 6589.000000, RNDM, 34903, 6, 5817.166667, 
bse_controlled_0001, 004896, 100, 213, PT1, 6589, 1, 6589.000000, RNDM, 34903, 6, 5817.166667, 
bse_controlled_0001, 004896, 100, 213, PT1, 6589, 1, 6589.000000, RNDM, 34903, 6, 5817.166667, 
bse_controlled_0001, 004896, 100, 367, PT1, 6589, 1, 6589.000000, RNDM, 34903, 6, 5817.166667, 
bse_controlled_0001, 004897, 100, 228, PT1, 6589, 1, 6589.000000, RNDM, 34903, 6, 5817.166667, 
bse_controlled_0001, 004898, 100, 228, PT1, 6589, 1, 6589.000000, RNDM, 34903, 6, 5817.166667, 
bse_controlled_0001, 004901, 95, 109, PT1, 6589, 1, 6589.000000, RNDM, 34903, 6, 5817.166667, 
bse_controlled_0001, 004901, 2, 228, PT1, 6698, 1, 6698.000000, RNDM, 34794, 6, 5799.000000, 
bse_controlled_0001, 004903, 2, 262, PT1, 6698, 1, 6698.000000, RNDM, 34794, 6, 5799.000000, 
bse_controlled_0001, 004905, 2, 262, PT1, 6606, 1, 6606.000000, RNDM, 34886, 6, 5814.333333, 
bse_controlled_0001, 004925, 2, 262, PT1, 6606, 1, 6606.000000, RNDM, 34886, 6, 5814.333333, 
bse_controlled_0001, 004925, 2, 262, PT1, 6706, 1, 6706.000000, RNDM, 34986, 6, 5831.000000, 
bse_controlled_0001, 004925, 2, 262, PT1, 6706, 1, 6706.000000, RNDM, 34986, 6, 5831.000000, 
bse_controlled_0001, 004926, 2, 297, PT1, 6706, 1, 6706.000000, RNDM, 34986, 6, 5831.000000, 
bse_controlled_0001, 004927, 101, 297, PT1, 6706, 1, 6706.000000, RNDM, 34986, 6, 5831.000000, 
bse_controlled_0001, 004955, 192, 297, PT1, 6706, 1, 6706.000000, RNDM, 35474, 6, 5912.333333, 
bse_controlled_0001, 004955, 101, 297, PT1, 6706, 1, 6706.000000, RNDM, 35474, 6, 5912.333333, 
bse_controlled_0001, 004957, 131, 416, PT1, 6706, 1, 6706.000000, RNDM, 35474, 6, 5912.333333, 
bse_controlled_0001, 004958, 131, 449, PT1, 6706, 1, 6706.000000, RNDM, 35474, 6, 5912.333333, 
bse_controlled_0001, 004959, 131, 449, PT1, 6706, 1, 6706.000000, RNDM, 35474, 6, 5912.333333, 
bse_controlled_0001, 004961, 131, 392, PT1, 6465, 1, 6465.000000, RNDM, 35715, 6, 5952.500000, 
bse_controlled_0001, 004963, 101, 392, PT1, 6465, 1, 6465.000000, RNDM, 35715, 6, 5952.500000, 
bse_controlled_0001, 004985, 100, 392, PT1, 6465, 1, 6465.000000, RNDM, 35715, 6, 5952.500000, 
bse_controlled_0001, 004986, 100, 392, PT1, 6465, 1, 6465.000000, RNDM, 35715, 6, 5952.500000, 
bse_controlled_0001, 004987, 100, 242, PT1, 6465, 1, 6465.000000, RNDM, 35715, 6, 5952.500000, 
bse_controlled_0001, 004987, 100, 242, PT1, 6465, 1, 6465.000000, RNDM, 35715, 6, 5952.500000, 
bse_controlled_0001, 004987, 100, 392, PT1, 6465, 1, 6465.000000, RNDM, 35715, 6, 5952.500000, 
bse_controlled_0001, 004987, 100, 437, PT1, 6465, 1, 6465.000000, RNDM, 35715, 6, 5952.500000, 
bse_controlled_0001, 004989, 399, 437, PT1, 6884, 1, 6884.000000, RNDM, 36134, 6, 6022.333333, 
bse_controlled_0001, 004989, 159, 437, PT1, 6884, 1, 6884.000000, RNDM, 36134, 6, 6022.333333, 
bse_controlled_0001, 004990, 100, 437, PT1, 6884, 1, 6884.000000, RNDM, 36134, 6, 6022.333333, 
bse_controlled_0001, 004990, 75, 437, PT1, 6884, 1, 6884.000000, RNDM, 36134, 6, 6022.333333, 
bse_controlled_0001, 004991, 156, 437, PT1, 6884, 1, 6884.000000, RNDM, 36134, 6, 6022.333333, 
bse_controlled_0001, 005000, 416, 433, PT1, 6884, 1, 6884.000000, RNDM, 36134, 6, 6022.333333, 
