0.000, Bid:,0,Ask:,0,
0.429, Bid:,0,Ask:,1,114,1,
1.571, Bid:,1,105,1,Ask:,1,114,1,
15.286, Bid:,2,94,1,105,1,Ask:,1,114,1,
16.286, Bid:,2,94,1,105,1,Ask:,2,113,1,114,1,
16.429, Bid:,2,94,1,105,1,Ask:,2,112,1,114,1,
16.714, Bid:,2,94,1,105,1,Ask:,2,111,1,114,1,
18.286, Bid:,2,94,1,105,1,Ask:,2,110,1,114,1,
18.571, Bid:,2,94,1,105,1,Ask:,2,109,1,114,1,
19.286, Bid:,2,94,1,105,1,Ask:,2,108,1,114,1,
20.857, Bid:,2,94,1,105,1,Ask:,2,107,1,114,1,
21.286, Bid:,2,94,1,105,1,Ask:,2,106,1,114,1,
21.429, Bid:,1,94,1,Ask:,1,114,1,
30.429, Bid:,2,94,1,95,1,Ask:,1,114,1,
30.571, Bid:,2,94,1,95,1,Ask:,2,113,1,114,1,
31.143, Bid:,2,94,1,96,1,Ask:,2,113,1,114,1,
31.429, Bid:,3,94,1,96,1,97,1,Ask:,2,113,1,114,1,
31.571, Bid:,3,94,1,96,1,97,1,Ask:,3,112,1,113,1,114,1,
32.000, Bid:,3,94,1,96,1,98,1,Ask:,3,112,1,113,1,114,1,
32.143, Bid:,3,94,1,96,1,98,1,Ask:,3,111,1,113,1,114,1,
32.286, Bid:,3,94,1,96,1,98,1,Ask:,3,110,1,111,1,114,1,
32.429, Bid:,3,94,1,96,1,98,1,Ask:,3,109,1,110,1,114,1,
32.714, Bid:,3,94,1,98,1,99,1,Ask:,3,109,1,110,1,114,1,
32.857, Bid:,3,94,1,98,1,100,1,Ask:,3,109,1,110,1,114,1,
33.143, Bid:,3,94,1,100,1,101,1,Ask:,3,109,1,110,1,114,1,
33.429, Bid:,3,94,1,100,1,101,1,Ask:,3,108,1,109,1,114,1,
33.571, Bid:,3,94,1,100,1,101,1,Ask:,3,107,1,109,1,114,1,
33.714, Bid:,2,94,1,101,2,Ask:,3,107,1,109,1,114,1,
33.857, Bid:,2,94,1,101,2,Ask:,3,106,1,109,1,114,1,
35.429, Bid:,3,94,1,101,1,102,1,Ask:,3,106,1,109,1,114,1,
35.714, Bid:,3,94,1,101,1,102,1,Ask:,3,105,1,109,1,114,1,
36.000, Bid:,3,94,1,101,1,103,1,Ask:,3,105,1,109,1,114,1,
36.286, Bid:,3,94,1,101,1,103,1,Ask:,3,104,1,105,1,114,1,
36.571, Bid:,2,94,1,101,1,Ask:,2,104,1,114,1,
37.286, Bid:,2,94,1,101,1,Ask:,2,103,1,114,1,
37.714, Bid:,2,94,1,101,1,Ask:,2,102,1,114,1,
38.000, Bid:,1,94,1,Ask:,1,114,1,
45.286, Bid:,2,94,1,95,1,Ask:,1,114,1,
45.429, Bid:,2,94,1,96,1,Ask:,1,114,1,
46.000, Bid:,2,94,1,97,1,Ask:,1,114,1,
48.429, Bid:,2,94,1,97,1,Ask:,2,113,1,114,1,
49.714, Bid:,2,94,1,97,1,Ask:,2,112,1,114,1,
50.000, Bid:,2,94,1,97,1,Ask:,2,111,1,114,1,
50.857, Bid:,2,94,1,97,1,Ask:,2,110,1,114,1,
51.143, Bid:,2,94,1,97,1,Ask:,2,109,1,114,1,
51.429, Bid:,2,94,1,97,1,Ask:,2,108,1,114,1,
51.857, Bid:,2,94,1,97,1,Ask:,2,107,1,114,1,
52.571, Bid:,2,94,1,97,1,Ask:,2,106,1,114,1,
53.571, Bid:,2,94,1,97,1,Ask:,2,105,1,114,1,
53.857, Bid:,2,94,1,97,1,Ask:,2,104,1,114,1,
54.000, Bid:,2,94,1,97,1,Ask:,2,103,1,114,1,
60.286, Bid:,1,97,1,Ask:,1,103,1,
60.429, Bid:,1,97,1,Ask:,2,103,1,114,1,
60.571, Bid:,1,97,1,Ask:,1,114,1,
60.571, Bid:,1,97,1,Ask:,2,113,1,114,1,
61.143, Bid:,1,97,1,Ask:,2,112,1,114,1,
62.429, Bid:,1,97,1,Ask:,2,111,1,114,1,
63.000, Bid:,2,95,1,97,1,Ask:,2,111,1,114,1,
65.286, Bid:,2,95,1,97,1,Ask:,2,110,1,114,1,
65.714, Bid:,2,95,1,97,1,Ask:,2,109,1,114,1,
66.571, Bid:,2,95,1,97,1,Ask:,2,108,1,114,1,
67.143, Bid:,2,95,1,97,1,Ask:,2,107,1,114,1,
67.286, Bid:,2,95,1,97,1,Ask:,2,106,1,114,1,
69.857, Bid:,2,95,1,97,1,Ask:,2,105,1,114,1,
70.286, Bid:,2,95,1,97,1,Ask:,2,104,1,114,1,
75.571, Bid:,1,95,1,Ask:,2,104,1,114,1,
76.143, Bid:,2,95,1,96,1,Ask:,2,104,1,114,1,
76.286, Bid:,2,95,1,97,1,Ask:,2,104,1,114,1,
76.714, Bid:,2,95,1,98,1,Ask:,2,104,1,114,1,
76.857, Bid:,2,95,1,98,1,Ask:,3,103,1,104,1,114,1,
78.143, Bid:,2,95,1,98,1,Ask:,3,102,1,103,1,114,1,
78.286, Bid:,2,95,1,98,1,Ask:,3,101,1,102,1,114,1,
78.714, Bid:,2,95,1,98,1,Ask:,3,100,1,101,1,114,1,
79.429, Bid:,2,95,1,99,1,Ask:,3,100,1,101,1,114,1,
79.571, Bid:,1,95,1,Ask:,2,101,1,114,1,
80.286, Bid:,1,95,1,Ask:,2,100,1,114,1,
81.000, Bid:,1,95,1,Ask:,2,99,1,114,1,
81.571, Bid:,1,95,1,Ask:,2,98,1,114,1,
82.429, Bid:,1,95,1,Ask:,2,97,1,114,1,
84.143, Bid:,1,95,1,Ask:,2,96,1,114,1,
86.143, Bid:,0,Ask:,1,114,1,
90.571, Bid:,0,Ask:,0,
91.000, Bid:,1,105,1,Ask:,0,
91.714, Bid:,1,105,1,Ask:,1,106,1,
92.429, Bid:,0,Ask:,0,
92.714, Bid:,0,Ask:,1,106,1,
98.143, Bid:,1,100,1,Ask:,1,106,1,
105.857, Bid:,0,Ask:,0,
106.857, Bid:,0,Ask:,1,109,1,
108.000, Bid:,1,100,1,Ask:,1,109,1,
121.000, Bid:,2,87,1,100,1,Ask:,1,109,1,
121.143, Bid:,1,100,1,Ask:,1,109,1,
121.286, Bid:,1,100,1,Ask:,2,101,1,109,1,
122.143, Bid:,2,87,1,100,1,Ask:,2,101,1,109,1,
136.286, Bid:,2,87,1,100,2,Ask:,2,101,1,109,1,
136.571, Bid:,2,87,1,100,2,Ask:,2,101,2,109,1,
151.143, Bid:,2,87,1,100,1,Ask:,1,101,2,
151.429, Bid:,1,100,1,Ask:,1,101,1,
151.429, Bid:,1,100,1,Ask:,2,101,1,102,1,
151.714, Bid:,1,100,2,Ask:,2,101,1,102,1,
152.143, Bid:,2,88,1,100,2,Ask:,2,101,1,102,1,
152.429, Bid:,2,88,1,100,2,Ask:,3,101,1,102,1,114,1,
166.429, Bid:,2,88,1,100,1,Ask:,2,101,1,102,1,
166.714, Bid:,2,88,1,100,1,Ask:,3,101,1,102,1,109,1,
167.143, Bid:,3,88,1,96,1,100,1,Ask:,3,101,1,102,1,109,1,
181.429, Bid:,2,88,1,96,1,Ask:,2,102,1,109,1,
181.714, Bid:,1,88,1,Ask:,2,102,1,109,1,
181.857, Bid:,1,88,1,Ask:,3,100,1,102,1,109,1,
182.143, Bid:,2,88,1,89,1,Ask:,3,100,1,102,1,109,1,
182.714, Bid:,3,88,1,89,1,90,1,Ask:,3,100,1,102,1,109,1,
182.857, Bid:,3,88,1,89,1,91,1,Ask:,3,100,1,102,1,109,1,
183.714, Bid:,3,88,1,89,1,92,1,Ask:,3,100,1,102,1,109,1,
184.000, Bid:,3,88,1,92,1,93,1,Ask:,3,100,1,102,1,109,1,
184.286, Bid:,3,88,1,92,1,94,1,Ask:,3,100,1,102,1,109,1,
184.714, Bid:,3,88,1,92,1,95,1,Ask:,3,100,1,102,1,109,1,
185.429, Bid:,3,88,1,95,1,96,1,Ask:,3,100,1,102,1,109,1,
187.000, Bid:,3,88,1,96,1,97,1,Ask:,3,100,1,102,1,109,1,
187.429, Bid:,3,88,1,96,1,98,1,Ask:,3,100,1,102,1,109,1,
187.857, Bid:,3,88,1,98,1,99,1,Ask:,3,100,1,102,1,109,1,
189.429, Bid:,2,88,1,99,1,Ask:,2,102,1,109,1,
190.571, Bid:,2,88,1,100,1,Ask:,2,102,1,109,1,
196.714, Bid:,1,100,1,Ask:,1,109,1,
196.714, Bid:,2,89,1,100,1,Ask:,1,109,1,
198.143, Bid:,2,89,1,100,1,Ask:,2,108,1,109,1,
198.429, Bid:,2,89,1,100,1,Ask:,2,107,1,109,1,
199.429, Bid:,2,89,1,100,1,Ask:,2,106,1,109,1,
199.857, Bid:,2,89,1,100,1,Ask:,2,105,1,109,1,
200.429, Bid:,2,89,1,100,1,Ask:,2,104,1,109,1,
202.429, Bid:,2,89,1,100,1,Ask:,2,103,1,109,1,
203.143, Bid:,2,89,1,100,1,Ask:,2,102,1,109,1,
205.429, Bid:,2,89,1,100,1,Ask:,2,101,1,109,1,
205.714, Bid:,1,89,1,Ask:,1,109,1,
211.714, Bid:,1,89,1,Ask:,0,
211.714, Bid:,1,89,1,Ask:,1,114,1,
212.000, Bid:,2,89,1,95,1,Ask:,1,114,1,
212.429, Bid:,2,89,1,95,1,Ask:,2,100,1,114,1,
212.571, Bid:,3,89,1,95,1,99,1,Ask:,2,100,1,114,1,
227.000, Bid:,2,95,1,99,1,Ask:,1,100,1,
227.857, Bid:,3,92,1,95,1,99,1,Ask:,1,100,1,
228.000, Bid:,3,92,1,95,1,99,1,Ask:,2,100,1,111,1,
242.000, Bid:,2,92,1,95,1,Ask:,2,100,1,111,1,
242.286, Bid:,1,95,1,Ask:,1,100,1,
242.286, Bid:,1,95,1,Ask:,2,100,1,109,1,
242.857, Bid:,2,95,1,99,1,Ask:,2,100,1,109,1,
243.000, Bid:,2,95,1,99,1,Ask:,2,100,2,109,1,
244.143, Bid:,3,92,1,95,1,99,1,Ask:,2,100,2,109,1,
257.286, Bid:,2,92,1,95,1,Ask:,2,100,1,109,1,
257.571, Bid:,2,92,1,95,1,Ask:,3,99,1,100,1,109,1,
258.429, Bid:,3,92,1,95,1,96,1,Ask:,3,99,1,100,1,109,1,
258.857, Bid:,3,92,1,95,1,97,1,Ask:,3,99,1,100,1,109,1,
259.286, Bid:,3,92,1,95,1,98,1,Ask:,3,99,1,100,1,109,1,
259.429, Bid:,2,92,1,95,1,Ask:,2,100,1,109,1,
260.571, Bid:,2,92,1,95,1,Ask:,2,99,1,109,1,
272.143, Bid:,1,92,1,Ask:,1,109,1,
272.429, Bid:,0,Ask:,0,
272.429, Bid:,0,Ask:,1,86,1,
272.571, Bid:,0,Ask:,2,86,1,111,1,
273.143, Bid:,1,85,1,Ask:,2,86,1,111,1,
273.286, Bid:,1,85,1,Ask:,2,99,1,111,1,
273.429, Bid:,1,86,1,Ask:,2,99,1,111,1,
273.714, Bid:,2,86,1,87,1,Ask:,2,99,1,111,1,
274.714, Bid:,2,87,1,88,1,Ask:,2,99,1,111,1,
275.143, Bid:,2,87,1,89,1,Ask:,2,99,1,111,1,
275.286, Bid:,2,89,1,90,1,Ask:,2,99,1,111,1,
276.000, Bid:,2,90,1,91,1,Ask:,2,99,1,111,1,
276.857, Bid:,2,91,1,92,1,Ask:,2,99,1,111,1,
277.286, Bid:,2,91,1,93,1,Ask:,2,99,1,111,1,
278.286, Bid:,2,91,1,94,1,Ask:,2,99,1,111,1,
279.429, Bid:,2,91,1,95,1,Ask:,2,99,1,111,1,
279.571, Bid:,2,91,1,96,1,Ask:,2,99,1,111,1,
279.857, Bid:,2,91,1,97,1,Ask:,2,99,1,111,1,
280.143, Bid:,2,91,1,98,1,Ask:,2,99,1,111,1,
280.286, Bid:,1,91,1,Ask:,1,111,1,
287.857, Bid:,1,91,1,Ask:,2,104,1,111,1,
289.857, Bid:,2,91,1,95,1,Ask:,2,104,1,111,1,
300.286, Bid:,3,87,1,91,1,95,1,Ask:,2,104,1,111,1,
302.571, Bid:,2,87,1,91,1,Ask:,2,104,1,111,1,
302.571, Bid:,3,87,1,91,1,100,1,Ask:,2,104,1,111,1,
304.714, Bid:,4,87,1,91,1,97,1,100,1,Ask:,2,104,1,111,1,
305.000, Bid:,4,87,1,91,1,97,1,100,1,Ask:,3,101,1,104,1,111,1,
317.429, Bid:,3,87,1,91,1,97,1,Ask:,2,101,1,104,1,
317.571, Bid:,3,87,1,91,1,97,1,Ask:,2,100,1,104,1,
317.857, Bid:,4,87,1,91,1,97,1,98,1,Ask:,2,100,1,104,1,
318.286, Bid:,4,87,1,91,1,97,1,99,1,Ask:,2,100,1,104,1,
318.714, Bid:,4,87,1,91,1,97,1,99,1,Ask:,3,100,1,104,1,107,1,
319.000, Bid:,3,87,1,91,1,97,1,Ask:,2,104,1,107,1,
332.429, Bid:,2,87,1,97,1,Ask:,1,107,1,
332.429, Bid:,3,87,1,89,1,97,1,Ask:,1,107,1,
332.714, Bid:,2,87,1,97,1,Ask:,1,107,1,
332.857, Bid:,3,85,1,87,1,97,1,Ask:,1,107,1,
334.714, Bid:,3,85,1,87,1,97,1,Ask:,2,105,1,107,1,
347.571, Bid:,2,85,1,87,1,Ask:,1,105,1,
347.714, Bid:,3,85,1,87,1,99,1,Ask:,1,105,1,
348.286, Bid:,3,85,1,87,1,99,1,Ask:,2,105,1,107,1,
362.857, Bid:,2,87,1,99,1,Ask:,1,105,1,
363.286, Bid:,2,87,1,99,1,Ask:,2,105,1,110,1,
364.000, Bid:,2,87,1,99,1,Ask:,3,100,1,105,1,110,1,
364.429, Bid:,2,87,2,99,1,Ask:,3,100,1,105,1,110,1,
365.143, Bid:,2,87,2,99,2,Ask:,3,100,1,105,1,110,1,
377.714, Bid:,2,87,2,99,1,Ask:,2,100,1,110,1,
378.000, Bid:,2,87,2,99,2,Ask:,2,100,1,110,1,
378.143, Bid:,2,87,2,99,2,Ask:,3,100,1,103,1,110,1,
392.714, Bid:,2,87,2,99,1,Ask:,2,103,1,110,1,
392.857, Bid:,2,87,2,99,2,Ask:,2,103,1,110,1,
393.000, Bid:,2,87,2,99,1,Ask:,1,110,1,
393.000, Bid:,2,87,2,99,1,Ask:,2,100,1,110,1,
393.143, Bid:,2,87,2,99,1,Ask:,3,100,1,104,1,110,1,
393.571, Bid:,2,87,2,99,2,Ask:,3,100,1,104,1,110,1,
407.857, Bid:,2,87,1,99,2,Ask:,2,100,1,104,1,
409.571, Bid:,2,87,1,99,2,Ask:,3,100,1,104,1,110,1,
411.429, Bid:,3,87,1,90,1,99,2,Ask:,3,100,1,104,1,110,1,
422.857, Bid:,3,87,1,90,1,99,1,Ask:,2,104,1,110,1,
423.143, Bid:,2,87,1,90,1,Ask:,1,104,1,
423.143, Bid:,3,87,1,90,1,99,1,Ask:,1,104,1,
423.286, Bid:,3,87,1,90,1,99,1,Ask:,2,100,1,104,1,
423.429, Bid:,3,87,1,90,1,99,1,Ask:,3,100,1,104,1,106,1,
424.000, Bid:,3,87,1,90,1,99,2,Ask:,3,100,1,104,1,106,1,
438.000, Bid:,2,87,1,99,2,Ask:,2,104,1,106,1,
439.000, Bid:,3,87,1,92,1,99,2,Ask:,2,104,1,106,1,
439.286, Bid:,3,87,1,92,1,99,2,Ask:,3,100,1,104,1,106,1,
453.000, Bid:,3,87,1,92,1,99,1,Ask:,2,100,1,106,1,
453.143, Bid:,4,87,1,92,1,97,1,99,1,Ask:,2,100,1,106,1,
453.286, Bid:,3,87,1,92,1,97,1,Ask:,1,106,1,
453.286, Bid:,4,87,1,92,1,97,1,99,1,Ask:,1,106,1,
454.429, Bid:,4,87,1,92,1,97,1,99,1,Ask:,2,100,1,106,1,
454.571, Bid:,4,87,1,92,1,97,1,99,1,Ask:,3,100,1,104,1,106,1,
468.143, Bid:,3,87,1,97,1,99,1,Ask:,2,100,1,104,1,
468.714, Bid:,3,87,1,97,1,99,1,Ask:,3,100,1,104,1,110,1,
468.857, Bid:,4,87,1,92,1,97,1,99,1,Ask:,3,100,1,104,1,110,1,
483.143, Bid:,3,87,1,92,1,99,1,Ask:,2,100,1,110,1,
483.286, Bid:,3,87,1,92,1,99,1,Ask:,3,100,1,102,1,110,1,
483.429, Bid:,2,87,1,99,1,Ask:,2,100,1,102,1,
483.429, Bid:,2,87,2,99,1,Ask:,2,100,1,102,1,
484.143, Bid:,2,87,2,99,1,Ask:,3,100,1,102,1,105,1,
484.857, Bid:,2,87,2,99,2,Ask:,3,100,1,102,1,105,1,
498.286, Bid:,2,87,2,99,1,Ask:,2,100,1,105,1,
499.000, Bid:,2,87,2,99,1,Ask:,2,100,1,105,2,
499.286, Bid:,2,87,2,99,2,Ask:,2,100,1,105,2,
513.286, Bid:,2,87,2,99,1,Ask:,1,105,2,
513.286, Bid:,2,87,2,99,1,Ask:,2,100,1,105,2,
513.571, Bid:,2,87,1,99,1,Ask:,1,105,2,
513.714, Bid:,2,87,2,99,1,Ask:,1,105,2,
514.571, Bid:,2,87,2,99,1,Ask:,2,100,1,105,2,
515.857, Bid:,2,87,2,99,2,Ask:,2,100,1,105,2,
528.571, Bid:,2,87,2,99,1,Ask:,2,100,1,105,1,
528.714, Bid:,2,87,2,99,1,Ask:,3,100,1,105,1,106,1,
529.286, Bid:,2,87,2,99,2,Ask:,3,100,1,105,1,106,1,
543.571, Bid:,2,87,2,99,1,Ask:,2,100,1,106,1,
543.857, Bid:,1,87,2,Ask:,1,106,1,
544.429, Bid:,2,87,2,99,1,Ask:,1,106,1,
545.143, Bid:,3,87,2,96,1,99,1,Ask:,1,106,1,
545.571, Bid:,3,87,2,96,1,99,1,Ask:,2,100,1,106,1,
546.429, Bid:,3,87,2,96,1,99,1,Ask:,2,100,2,106,1,
558.857, Bid:,2,87,2,99,1,Ask:,2,100,1,106,1,
558.857, Bid:,3,87,2,96,1,99,1,Ask:,2,100,1,106,1,
559.286, Bid:,3,87,2,96,1,99,1,Ask:,2,100,2,106,1,
573.857, Bid:,3,87,1,96,1,99,1,Ask:,1,100,2,
574.429, Bid:,3,87,1,96,1,99,1,Ask:,2,100,2,114,1,
575.714, Bid:,4,87,1,94,1,96,1,99,1,Ask:,2,100,2,114,1,
589.143, Bid:,3,87,1,94,1,99,1,Ask:,2,100,1,114,1,
589.143, Bid:,4,87,1,94,1,97,1,99,1,Ask:,2,100,1,114,1,
589.286, Bid:,4,87,1,94,1,97,1,99,1,Ask:,2,100,2,114,1,
604.143, Bid:,3,87,1,94,1,97,1,Ask:,2,100,1,114,1,
604.143, Bid:,4,87,1,94,1,97,1,99,1,Ask:,2,100,1,114,1,
604.429, Bid:,3,87,1,97,1,99,1,Ask:,1,100,1,
604.429, Bid:,3,87,1,97,1,99,1,Ask:,1,100,2,
605.000, Bid:,3,87,1,97,1,99,1,Ask:,2,100,2,109,1,
605.571, Bid:,4,87,1,88,1,97,1,99,1,Ask:,2,100,2,109,1,
619.429, Bid:,3,87,1,88,1,97,1,Ask:,2,100,1,109,1,
620.286, Bid:,3,87,1,88,1,97,1,Ask:,3,99,1,100,1,109,1,
620.429, Bid:,4,87,1,88,1,97,1,98,1,Ask:,3,99,1,100,1,109,1,
620.571, Bid:,4,87,1,88,1,97,1,98,1,Ask:,2,99,2,109,1,
621.286, Bid:,3,87,1,88,1,97,1,Ask:,2,99,1,109,1,
634.429, Bid:,2,87,1,88,1,Ask:,2,99,1,109,1,
634.714, Bid:,2,87,1,88,1,Ask:,1,109,1,
635.000, Bid:,3,87,1,88,1,99,1,Ask:,1,109,1,
635.286, Bid:,3,87,1,88,1,99,1,Ask:,2,105,1,109,1,
636.143, Bid:,3,87,1,88,1,99,1,Ask:,3,100,1,105,1,109,1,
636.714, Bid:,3,87,1,88,1,99,2,Ask:,3,100,1,105,1,109,1,
649.714, Bid:,3,87,1,88,1,99,1,Ask:,2,100,1,109,1,
650.571, Bid:,3,87,1,88,1,99,1,Ask:,2,100,2,109,1,
650.857, Bid:,4,87,1,88,1,98,1,99,1,Ask:,2,100,2,109,1,
664.714, Bid:,3,87,1,98,1,99,1,Ask:,1,100,2,
664.714, Bid:,4,87,1,90,1,98,1,99,1,Ask:,1,100,2,
665.000, Bid:,3,87,1,90,1,98,1,Ask:,1,100,1,
665.143, Bid:,3,87,1,90,1,98,1,Ask:,1,99,1,
665.286, Bid:,3,87,1,90,1,98,1,Ask:,0,
665.429, Bid:,3,87,1,90,1,98,1,Ask:,1,100,1,
669.000, Bid:,3,87,1,90,1,98,1,Ask:,2,100,1,114,1,
680.000, Bid:,2,87,1,90,1,Ask:,2,100,1,114,1,
680.571, Bid:,2,87,1,90,1,Ask:,3,99,1,100,1,114,1,
681.429, Bid:,3,87,1,90,1,91,1,Ask:,3,99,1,100,1,114,1,
681.571, Bid:,3,87,1,90,1,92,1,Ask:,3,99,1,100,1,114,1,
682.714, Bid:,3,87,1,90,1,93,1,Ask:,3,99,1,100,1,114,1,
683.714, Bid:,3,87,1,90,1,94,1,Ask:,3,99,1,100,1,114,1,
684.286, Bid:,3,87,1,90,1,95,1,Ask:,3,99,1,100,1,114,1,
685.143, Bid:,3,87,1,90,1,96,1,Ask:,3,99,1,100,1,114,1,
685.286, Bid:,3,87,1,90,1,97,1,Ask:,3,99,1,100,1,114,1,
686.714, Bid:,3,87,1,90,1,98,1,Ask:,3,99,1,100,1,114,1,
687.429, Bid:,2,87,1,90,1,Ask:,2,100,1,114,1,
695.000, Bid:,1,87,1,Ask:,1,100,1,
695.286, Bid:,1,87,1,Ask:,0,
695.286, Bid:,2,87,1,88,1,Ask:,0,
695.571, Bid:,2,87,1,89,1,Ask:,0,
695.714, Bid:,2,87,1,89,1,Ask:,1,112,1,
695.857, Bid:,2,87,2,89,1,Ask:,1,112,1,
696.000, Bid:,2,87,2,89,1,Ask:,2,99,1,112,1,
697.429, Bid:,2,87,2,90,1,Ask:,2,99,1,112,1,
697.857, Bid:,2,87,2,91,1,Ask:,2,99,1,112,1,
698.429, Bid:,2,87,2,92,1,Ask:,2,99,1,112,1,
698.571, Bid:,2,87,2,93,1,Ask:,2,99,1,112,1,
700.143, Bid:,2,87,2,94,1,Ask:,2,99,1,112,1,
701.286, Bid:,2,87,2,95,1,Ask:,2,99,1,112,1,
703.000, Bid:,2,87,2,96,1,Ask:,2,99,1,112,1,
710.286, Bid:,2,87,1,96,1,Ask:,1,99,1,
710.571, Bid:,3,87,1,92,1,96,1,Ask:,1,99,1,
711.571, Bid:,3,87,1,92,1,96,1,Ask:,2,99,1,106,1,
725.571, Bid:,2,87,1,96,1,Ask:,1,99,1,
725.714, Bid:,3,87,1,96,1,97,1,Ask:,1,99,1,
725.857, Bid:,3,87,1,96,1,98,1,Ask:,1,99,1,
726.000, Bid:,2,87,1,96,1,Ask:,0,
726.286, Bid:,2,87,1,96,1,Ask:,1,99,1,
726.571, Bid:,2,87,1,96,1,Ask:,2,99,1,110,1,
726.857, Bid:,3,87,1,91,1,96,1,Ask:,2,99,1,110,1,
740.571, Bid:,2,87,1,91,1,Ask:,2,99,1,110,1,
740.714, Bid:,3,87,1,91,1,92,1,Ask:,2,99,1,110,1,
741.000, Bid:,3,87,1,91,1,93,1,Ask:,2,99,1,110,1,
741.571, Bid:,3,87,1,91,1,93,1,Ask:,2,99,2,110,1,
742.714, Bid:,3,87,1,91,1,94,1,Ask:,2,99,2,110,1,
743.000, Bid:,3,87,1,91,1,95,1,Ask:,2,99,2,110,1,
743.571, Bid:,3,87,1,91,1,96,1,Ask:,2,99,2,110,1,
745.714, Bid:,3,87,1,91,1,97,1,Ask:,2,99,2,110,1,
751.000, Bid:,3,87,1,91,1,98,1,Ask:,2,99,2,110,1,
751.143, Bid:,2,87,1,91,1,Ask:,2,99,1,110,1,
755.571, Bid:,3,87,1,91,1,92,1,Ask:,2,99,1,110,1,
755.857, Bid:,3,87,1,91,1,92,1,Ask:,1,110,1,
756.000, Bid:,3,87,1,91,1,99,1,Ask:,1,110,1,
756.429, Bid:,3,87,1,91,1,99,1,Ask:,2,109,1,110,1,
756.714, Bid:,3,87,1,91,1,99,2,Ask:,2,109,1,110,1,
758.286, Bid:,3,87,1,91,1,99,2,Ask:,3,108,1,109,1,110,1,
759.000, Bid:,3,87,1,91,1,99,2,Ask:,3,107,1,108,1,110,1,
759.286, Bid:,3,87,1,91,1,99,2,Ask:,3,106,1,107,1,110,1,
759.714, Bid:,3,87,1,91,1,99,2,Ask:,3,105,1,107,1,110,1,
760.286, Bid:,3,87,1,91,1,99,2,Ask:,3,104,1,105,1,110,1,
760.429, Bid:,3,87,1,91,1,99,2,Ask:,3,103,1,105,1,110,1,
760.571, Bid:,3,87,1,91,1,99,2,Ask:,3,102,1,105,1,110,1,
760.857, Bid:,3,87,1,91,1,99,2,Ask:,3,101,1,102,1,110,1,
761.143, Bid:,3,87,1,91,1,99,2,Ask:,3,100,1,101,1,110,1,
761.714, Bid:,3,87,1,91,1,99,1,Ask:,2,100,1,110,1,
761.857, Bid:,2,87,1,91,1,Ask:,1,110,1,
770.857, Bid:,1,87,1,Ask:,0,
770.857, Bid:,2,87,1,88,1,Ask:,0,
771.000, Bid:,2,87,1,88,1,Ask:,1,112,1,
771.143, Bid:,2,87,1,95,1,Ask:,1,112,1,
785.857, Bid:,3,87,1,95,1,99,1,Ask:,1,112,1,
786.143, Bid:,2,87,1,95,1,Ask:,1,112,1,
786.143, Bid:,2,87,1,95,1,Ask:,2,99,1,112,1,
786.286, Bid:,2,87,1,95,1,Ask:,2,99,2,112,1,
786.857, Bid:,3,87,1,95,1,96,1,Ask:,2,99,2,112,1,
789.571, Bid:,3,87,1,95,1,97,1,Ask:,2,99,2,112,1,
790.143, Bid:,3,87,1,95,1,98,1,Ask:,2,99,2,112,1,
790.286, Bid:,2,87,1,95,1,Ask:,2,99,1,112,1,
801.143, Bid:,1,87,1,Ask:,1,99,1,
801.143, Bid:,1,87,1,Ask:,2,99,1,107,1,
802.000, Bid:,2,87,1,88,1,Ask:,2,99,1,107,1,
816.143, Bid:,2,87,1,88,1,Ask:,1,107,1,
816.286, Bid:,2,87,1,88,1,Ask:,2,99,1,107,1,
816.429, Bid:,2,87,1,88,1,Ask:,1,99,1,
816.429, Bid:,2,87,1,88,1,Ask:,2,99,1,114,1,
817.714, Bid:,3,87,1,88,1,89,1,Ask:,2,99,1,114,1,
819.714, Bid:,3,87,1,88,1,90,1,Ask:,2,99,1,114,1,
820.000, Bid:,3,87,1,88,1,91,1,Ask:,2,99,1,114,1,
821.286, Bid:,3,87,1,88,1,92,1,Ask:,2,99,1,114,1,
821.429, Bid:,3,87,1,88,1,93,1,Ask:,2,99,1,114,1,
822.000, Bid:,3,87,1,88,1,94,1,Ask:,2,99,1,114,1,
822.571, Bid:,3,87,1,88,1,95,1,Ask:,2,99,1,114,1,
825.143, Bid:,3,87,1,88,1,96,1,Ask:,2,99,1,114,1,
827.000, Bid:,3,87,1,88,1,97,1,Ask:,2,99,1,114,1,
827.429, Bid:,3,87,1,88,1,98,1,Ask:,2,99,1,114,1,
827.857, Bid:,2,87,1,88,1,Ask:,1,114,1,
831.429, Bid:,1,87,1,Ask:,1,114,1,
831.571, Bid:,1,87,1,Ask:,2,104,1,114,1,
835.857, Bid:,2,87,1,90,1,Ask:,2,104,1,114,1,
846.714, Bid:,2,87,1,90,1,Ask:,1,114,1,
847.000, Bid:,3,87,1,90,1,98,1,Ask:,1,114,1,
847.143, Bid:,4,87,1,90,1,98,1,99,1,Ask:,1,114,1,
847.286, Bid:,4,87,1,90,1,98,1,99,1,Ask:,2,113,1,114,1,
848.286, Bid:,4,87,1,90,1,98,1,99,1,Ask:,3,112,1,113,1,114,1,
848.571, Bid:,4,87,1,90,1,98,1,99,1,Ask:,3,111,1,112,1,114,1,
848.857, Bid:,4,87,1,90,1,98,1,99,1,Ask:,3,110,1,112,1,114,1,
849.143, Bid:,4,87,1,90,1,98,1,99,1,Ask:,3,109,1,110,1,114,1,
849.714, Bid:,4,87,1,90,1,98,1,99,1,Ask:,3,108,1,110,1,114,1,
850.429, Bid:,4,87,1,90,1,98,1,99,1,Ask:,3,107,1,108,1,114,1,
851.286, Bid:,4,87,1,90,1,98,1,99,1,Ask:,3,106,1,107,1,114,1,
851.857, Bid:,4,87,1,90,1,98,1,99,1,Ask:,3,105,1,107,1,114,1,
852.429, Bid:,4,87,1,90,1,98,1,99,1,Ask:,3,104,1,105,1,114,1,
852.714, Bid:,4,87,1,90,1,98,1,99,1,Ask:,3,103,1,104,1,114,1,
854.857, Bid:,4,87,1,90,1,98,1,99,1,Ask:,3,102,1,103,1,114,1,
855.286, Bid:,4,87,1,90,1,98,1,99,1,Ask:,3,101,1,103,1,114,1,
857.286, Bid:,4,87,1,90,1,98,1,99,1,Ask:,3,100,1,103,1,114,1,
858.571, Bid:,3,87,1,90,1,98,1,Ask:,2,103,1,114,1,
861.714, Bid:,3,87,1,90,1,98,1,Ask:,1,103,1,
862.571, Bid:,4,87,1,90,1,98,1,99,1,Ask:,1,103,1,
862.714, Bid:,4,87,1,90,1,98,1,99,1,Ask:,2,103,1,114,1,
876.714, Bid:,3,87,1,98,1,99,1,Ask:,2,103,1,114,1,
876.857, Bid:,4,87,1,89,1,98,1,99,1,Ask:,2,103,1,114,1,
877.000, Bid:,3,87,1,98,1,99,1,Ask:,2,103,1,114,1,
877.000, Bid:,4,87,1,95,1,98,1,99,1,Ask:,2,103,1,114,1,
877.571, Bid:,4,87,1,95,1,98,1,99,1,Ask:,3,102,1,103,1,114,1,
879.143, Bid:,4,87,1,95,1,98,1,99,1,Ask:,3,101,1,103,1,114,1,
882.286, Bid:,4,87,1,95,1,98,1,99,1,Ask:,3,100,1,103,1,114,1,
884.000, Bid:,3,87,1,95,1,98,1,Ask:,2,103,1,114,1,
892.000, Bid:,2,87,1,95,1,Ask:,1,114,1,
892.000, Bid:,2,87,1,95,1,Ask:,2,103,1,114,1,
892.857, Bid:,3,87,1,95,1,97,1,Ask:,2,103,1,114,1,
907.000, Bid:,3,87,1,95,1,97,1,Ask:,1,103,1,
907.000, Bid:,4,87,1,95,1,97,1,99,1,Ask:,1,103,1,
907.286, Bid:,3,87,1,95,1,99,1,Ask:,0,
907.286, Bid:,3,87,1,95,1,100,1,Ask:,0,
907.714, Bid:,3,87,1,95,1,101,1,Ask:,0,
908.286, Bid:,3,87,1,95,1,101,1,Ask:,1,102,1,
908.571, Bid:,2,87,1,95,1,Ask:,0,
908.714, Bid:,3,87,1,95,1,96,1,Ask:,0,
909.000, Bid:,3,87,1,95,1,97,1,Ask:,0,
909.143, Bid:,3,87,1,95,1,98,1,Ask:,0,
909.571, Bid:,3,87,1,95,1,98,1,Ask:,1,107,1,
909.857, Bid:,3,87,1,95,1,99,1,Ask:,1,107,1,
922.286, Bid:,2,87,1,99,1,Ask:,1,107,1,
922.429, Bid:,3,87,1,95,1,99,1,Ask:,1,107,1,
923.429, Bid:,3,87,1,95,1,99,1,Ask:,2,100,1,107,1,
937.286, Bid:,3,87,1,95,1,99,1,Ask:,1,100,1,
937.571, Bid:,3,87,1,95,1,99,1,Ask:,0,
937.571, Bid:,3,87,1,95,1,99,1,Ask:,1,113,1,
937.714, Bid:,3,87,1,95,1,99,1,Ask:,2,100,1,113,1,
940.286, Bid:,3,87,1,95,1,99,2,Ask:,2,100,1,113,1,
952.571, Bid:,3,87,1,95,1,99,1,Ask:,2,100,1,113,1,
952.714, Bid:,3,87,1,95,1,99,1,Ask:,3,100,1,104,1,113,1,
953.571, Bid:,3,87,1,95,1,99,2,Ask:,3,100,1,104,1,113,1,
967.571, Bid:,2,87,1,99,2,Ask:,2,100,1,104,1,
967.857, Bid:,2,87,1,99,1,Ask:,1,104,1,
968.143, Bid:,2,87,1,99,1,Ask:,2,100,1,104,1,
968.857, Bid:,3,87,1,96,1,99,1,Ask:,2,100,1,104,1,
970.143, Bid:,3,87,2,96,1,99,1,Ask:,2,100,1,104,1,
971.714, Bid:,3,87,2,96,1,99,1,Ask:,3,100,1,104,1,110,1,
982.857, Bid:,2,87,2,96,1,Ask:,2,100,1,110,1,
983.000, Bid:,2,87,2,96,1,Ask:,2,99,1,110,1,
983.143, Bid:,3,87,2,96,1,97,1,Ask:,2,99,1,110,1,
983.286, Bid:,3,87,2,96,1,98,1,Ask:,2,99,1,110,1,
983.429, Bid:,3,87,2,96,1,98,1,Ask:,2,99,2,110,1,
985.000, Bid:,2,87,2,96,1,Ask:,2,99,1,110,1,
997.857, Bid:,2,87,1,96,1,Ask:,1,99,1,
998.143, Bid:,1,87,1,Ask:,1,99,1,
998.571, Bid:,2,86,1,87,1,Ask:,1,99,1,
999.143, Bid:,3,86,1,87,1,88,1,Ask:,1,99,1,
999.429, Bid:,3,86,1,87,1,88,1,Ask:,2,99,1,105,1,
999.857, Bid:,3,86,1,87,1,89,1,Ask:,2,99,1,105,1,
1000.000, Bid:,3,86,1,87,1,90,1,Ask:,2,99,1,105,1,
1000.714, Bid:,3,86,1,87,1,91,1,Ask:,2,99,1,105,1,
1000.857, Bid:,3,86,1,87,1,92,1,Ask:,2,99,1,105,1,
1001.286, Bid:,3,86,1,87,1,93,1,Ask:,2,99,1,105,1,
1003.429, Bid:,3,86,1,87,1,94,1,Ask:,2,99,1,105,1,
1003.857, Bid:,3,86,1,87,1,95,1,Ask:,2,99,1,105,1,
1006.286, Bid:,3,86,1,87,1,96,1,Ask:,2,99,1,105,1,
1007.429, Bid:,3,86,1,87,1,97,1,Ask:,2,99,1,105,1,
1008.571, Bid:,3,86,1,87,1,98,1,Ask:,2,99,1,105,1,
1011.000, Bid:,2,86,1,87,1,Ask:,1,105,1,
1013.143, Bid:,1,87,1,Ask:,1,105,1,
1013.143, Bid:,1,87,1,Ask:,2,99,1,105,1,
1013.857, Bid:,1,87,2,Ask:,2,99,1,105,1,
1028.286, Bid:,2,87,2,88,1,Ask:,2,99,1,105,1,
1028.429, Bid:,1,87,2,Ask:,2,99,1,105,1,
1028.714, Bid:,2,87,2,88,1,Ask:,2,99,1,105,1,
1029.000, Bid:,2,87,2,89,1,Ask:,2,99,1,105,1,
1030.286, Bid:,2,87,2,90,1,Ask:,2,99,1,105,1,
1030.857, Bid:,2,87,2,91,1,Ask:,2,99,1,105,1,
1031.000, Bid:,2,87,2,91,1,Ask:,3,99,1,103,1,105,1,
1033.000, Bid:,2,87,2,92,1,Ask:,3,99,1,103,1,105,1,
1034.286, Bid:,2,87,2,93,1,Ask:,3,99,1,103,1,105,1,
1035.000, Bid:,2,87,2,94,1,Ask:,3,99,1,103,1,105,1,
1036.429, Bid:,2,87,2,95,1,Ask:,3,99,1,103,1,105,1,
1037.143, Bid:,2,87,2,96,1,Ask:,3,99,1,103,1,105,1,
1038.286, Bid:,2,87,2,97,1,Ask:,3,99,1,103,1,105,1,
1038.714, Bid:,2,87,2,98,1,Ask:,3,99,1,103,1,105,1,
1039.571, Bid:,1,87,2,Ask:,2,103,1,105,1,
1043.429, Bid:,1,87,1,Ask:,1,103,1,
1043.714, Bid:,2,87,1,91,1,Ask:,1,103,1,
1044.000, Bid:,2,87,1,91,1,Ask:,2,103,1,106,1,
1058.714, Bid:,2,87,1,91,1,Ask:,1,106,1,
1058.857, Bid:,2,87,1,91,1,Ask:,2,99,1,106,1,
1059.571, Bid:,3,87,1,91,1,92,1,Ask:,2,99,1,106,1,
1059.857, Bid:,3,87,1,91,1,93,1,Ask:,2,99,1,106,1,
1060.000, Bid:,3,87,1,91,1,93,1,Ask:,3,99,1,105,1,106,1,
1060.714, Bid:,3,87,1,91,1,94,1,Ask:,3,99,1,105,1,106,1,
1063.286, Bid:,3,87,1,91,1,95,1,Ask:,3,99,1,105,1,106,1,
1063.714, Bid:,3,87,1,91,1,96,1,Ask:,3,99,1,105,1,106,1,
1066.143, Bid:,3,87,1,91,1,97,1,Ask:,3,99,1,105,1,106,1,
1066.714, Bid:,3,87,1,91,1,98,1,Ask:,3,99,1,105,1,106,1,
1066.857, Bid:,2,87,1,91,1,Ask:,2,105,1,106,1,
1074.000, Bid:,3,87,1,91,1,99,1,Ask:,2,105,1,106,1,
1074.714, Bid:,3,87,1,91,1,99,1,Ask:,3,100,1,105,1,106,1,
1088.714, Bid:,2,87,1,99,1,Ask:,2,100,1,105,1,
1089.000, Bid:,2,87,1,99,2,Ask:,2,100,1,105,1,
1089.286, Bid:,3,87,1,93,1,99,2,Ask:,2,100,1,105,1,
1089.857, Bid:,3,87,1,93,1,99,2,Ask:,3,100,1,105,1,112,1,
1104.000, Bid:,3,87,1,93,1,99,1,Ask:,2,100,1,112,1,
1104.000, Bid:,3,87,1,93,1,99,2,Ask:,2,100,1,112,1,
1106.000, Bid:,3,87,1,93,1,99,2,Ask:,3,100,1,104,1,112,1,
1119.000, Bid:,2,87,1,99,2,Ask:,2,104,1,112,1,
1119.143, Bid:,2,87,1,99,2,Ask:,3,100,1,104,1,112,1,
1119.286, Bid:,2,87,1,99,1,Ask:,2,100,1,112,1,
1119.714, Bid:,2,87,1,99,2,Ask:,2,100,1,112,1,
1121.000, Bid:,3,87,1,90,1,99,2,Ask:,2,100,1,112,1,
1123.286, Bid:,3,87,1,90,1,99,2,Ask:,3,100,1,103,1,112,1,
1134.286, Bid:,3,87,1,90,1,99,1,Ask:,2,100,1,103,1,
1134.571, Bid:,3,87,1,90,1,99,2,Ask:,2,100,1,103,1,
1135.429, Bid:,3,87,1,90,1,99,2,Ask:,3,100,1,103,1,114,1,
1149.286, Bid:,2,87,1,99,2,Ask:,2,103,1,114,1,
1149.429, Bid:,2,87,1,99,2,Ask:,3,100,1,103,1,114,1,
1149.571, Bid:,2,87,1,99,1,Ask:,2,103,1,114,1,
1150.000, Bid:,2,87,1,99,2,Ask:,2,103,1,114,1,
1151.429, Bid:,2,87,1,99,2,Ask:,3,100,1,103,1,114,1,
1152.000, Bid:,3,87,1,88,1,99,2,Ask:,3,100,1,103,1,114,1,
1164.571, Bid:,3,87,1,88,1,99,1,Ask:,2,100,1,114,1,
1164.571, Bid:,4,87,1,88,1,95,1,99,1,Ask:,2,100,1,114,1,
1166.143, Bid:,4,87,1,88,1,95,1,99,1,Ask:,2,100,2,114,1,
1179.571, Bid:,3,87,1,95,1,99,1,Ask:,1,100,2,
1179.857, Bid:,2,87,1,95,1,Ask:,1,100,1,
1179.857, Bid:,2,87,1,95,1,Ask:,1,99,1,
1180.000, Bid:,2,87,1,95,1,Ask:,2,99,1,106,1,
1180.286, Bid:,2,87,1,95,1,Ask:,2,99,2,106,1,
1180.429, Bid:,3,87,1,95,1,96,1,Ask:,2,99,2,106,1,
1180.714, Bid:,3,87,1,95,1,97,1,Ask:,2,99,2,106,1,
1181.286, Bid:,3,87,2,95,1,97,1,Ask:,2,99,2,106,1,
1183.429, Bid:,3,87,2,95,1,98,1,Ask:,2,99,2,106,1,
1184.429, Bid:,2,87,2,95,1,Ask:,2,99,1,106,1,
1194.857, Bid:,2,87,1,95,1,Ask:,1,99,1,
1194.857, Bid:,2,87,1,95,1,Ask:,2,99,1,108,1,
1196.857, Bid:,3,85,1,87,1,95,1,Ask:,2,99,1,108,1,
1209.857, Bid:,2,85,1,87,1,Ask:,2,99,1,108,1,
1209.857, Bid:,3,85,1,87,1,88,1,Ask:,2,99,1,108,1,
1210.000, Bid:,3,85,1,87,1,88,1,Ask:,2,99,2,108,1,
1210.143, Bid:,3,85,1,87,1,88,1,Ask:,2,99,1,108,1,
1211.286, Bid:,3,85,1,87,1,88,1,Ask:,2,99,2,108,1,
1211.429, Bid:,4,85,1,87,1,88,1,89,1,Ask:,2,99,2,108,1,
1212.286, Bid:,4,85,1,87,1,89,1,90,1,Ask:,2,99,2,108,1,
1212.571, Bid:,4,85,1,87,1,89,1,91,1,Ask:,2,99,2,108,1,
1213.571, Bid:,4,85,1,87,1,89,1,92,1,Ask:,2,99,2,108,1,
1213.857, Bid:,4,85,1,87,1,89,1,93,1,Ask:,2,99,2,108,1,
1214.286, Bid:,4,85,1,87,1,93,1,94,1,Ask:,2,99,2,108,1,
1215.000, Bid:,4,85,1,87,1,94,1,95,1,Ask:,2,99,2,108,1,
1215.143, Bid:,4,85,1,87,1,94,1,96,1,Ask:,2,99,2,108,1,
1215.429, Bid:,4,85,1,87,1,96,1,97,1,Ask:,2,99,2,108,1,
1215.571, Bid:,4,85,1,87,1,96,1,98,1,Ask:,2,99,2,108,1,
1216.143, Bid:,3,85,1,87,1,96,1,Ask:,2,99,1,108,1,
1217.714, Bid:,3,85,1,87,1,97,1,Ask:,2,99,1,108,1,
1220.143, Bid:,3,85,1,87,1,98,1,Ask:,2,99,1,108,1,
1225.143, Bid:,2,87,1,98,1,Ask:,1,99,1,
1225.286, Bid:,2,87,1,98,1,Ask:,2,99,1,109,1,
1226.000, Bid:,3,86,1,87,1,98,1,Ask:,2,99,1,109,1,
1240.143, Bid:,2,86,1,87,1,Ask:,2,99,1,109,1,
1240.429, Bid:,1,87,1,Ask:,1,99,1,
1240.429, Bid:,2,87,1,88,1,Ask:,1,99,1,
1240.571, Bid:,3,87,1,88,1,89,1,Ask:,1,99,1,
1240.714, Bid:,3,87,1,88,1,89,1,Ask:,1,99,2,
1240.857, Bid:,3,87,1,89,1,90,1,Ask:,1,99,2,
1241.571, Bid:,3,87,1,90,1,91,1,Ask:,1,99,2,
1242.429, Bid:,3,87,1,91,1,92,1,Ask:,1,99,2,
1242.571, Bid:,3,87,1,91,1,92,1,Ask:,2,99,2,109,1,
1242.714, Bid:,3,87,1,91,1,93,1,Ask:,2,99,2,109,1,
1243.000, Bid:,3,87,1,93,1,94,1,Ask:,2,99,2,109,1,
1243.429, Bid:,3,87,1,93,1,95,1,Ask:,2,99,2,109,1,
1244.143, Bid:,3,87,1,93,1,96,1,Ask:,2,99,2,109,1,
1244.714, Bid:,3,87,1,93,1,97,1,Ask:,2,99,2,109,1,
1245.000, Bid:,3,87,1,93,1,98,1,Ask:,2,99,2,109,1,
1245.571, Bid:,3,87,1,95,1,98,1,Ask:,2,99,2,109,1,
1246.000, Bid:,2,87,1,95,1,Ask:,2,99,1,109,1,
1256.857, Bid:,2,87,1,95,1,Ask:,2,99,2,109,1,
1257.571, Bid:,3,87,1,95,1,96,1,Ask:,2,99,2,109,1,
1258.286, Bid:,3,87,1,95,1,97,1,Ask:,2,99,2,109,1,
1259.000, Bid:,3,87,1,95,1,98,1,Ask:,2,99,2,109,1,
1261.286, Bid:,2,87,1,95,1,Ask:,2,99,1,109,1,
1270.714, Bid:,2,87,1,95,1,Ask:,1,99,1,
1270.857, Bid:,2,87,1,95,1,Ask:,2,99,1,115,1,
1271.000, Bid:,3,87,1,95,1,96,1,Ask:,2,99,1,115,1,
1271.714, Bid:,3,87,1,95,1,96,1,Ask:,2,99,2,115,1,
1272.000, Bid:,3,87,1,95,1,97,1,Ask:,2,99,2,115,1,
1272.714, Bid:,4,87,1,95,1,97,1,98,1,Ask:,2,99,2,115,1,
1273.714, Bid:,3,87,1,95,1,98,1,Ask:,2,99,1,115,1,
1273.857, Bid:,2,87,1,95,1,Ask:,1,115,1,
1285.714, Bid:,3,87,1,95,1,99,1,Ask:,1,115,1,
1285.857, Bid:,3,87,1,95,1,99,1,Ask:,2,114,1,115,1,
1286.429, Bid:,3,87,1,95,1,99,1,Ask:,2,113,1,115,1,
1287.714, Bid:,3,87,1,95,1,99,1,Ask:,2,112,1,115,1,
1288.714, Bid:,3,87,1,95,1,99,1,Ask:,2,111,1,115,1,
1290.571, Bid:,3,87,1,95,1,99,1,Ask:,2,110,1,115,1,
1291.000, Bid:,3,87,1,95,1,99,1,Ask:,2,109,1,115,1,
1293.143, Bid:,3,87,1,95,1,99,1,Ask:,2,108,1,115,1,
1294.571, Bid:,3,87,1,95,1,99,1,Ask:,2,107,1,115,1,
1295.714, Bid:,3,87,1,95,1,99,1,Ask:,2,106,1,115,1,
1296.571, Bid:,3,87,1,95,1,99,1,Ask:,2,105,1,115,1,
1299.571, Bid:,3,87,1,95,1,99,1,Ask:,2,104,1,115,1,
1300.429, Bid:,3,87,1,95,1,99,1,Ask:,2,103,1,115,1,
1300.714, Bid:,2,87,1,99,1,Ask:,2,103,1,115,1,
1300.714, Bid:,2,87,1,99,1,Ask:,3,103,1,104,1,115,1,
1301.000, Bid:,1,87,1,Ask:,2,103,1,104,1,
1301.000, Bid:,1,87,2,Ask:,2,103,1,104,1,
1301.143, Bid:,1,87,2,Ask:,3,103,1,104,1,105,1,
1301.571, Bid:,2,87,2,99,1,Ask:,3,103,1,104,1,105,1,
1301.714, Bid:,2,87,2,99,1,Ask:,3,102,1,104,1,105,1,
1302.429, Bid:,2,87,2,99,1,Ask:,3,101,1,104,1,105,1,
1303.571, Bid:,2,87,2,99,1,Ask:,3,100,1,104,1,105,1,
1303.714, Bid:,1,87,2,Ask:,2,104,1,105,1,
1316.000, Bid:,1,87,1,Ask:,2,104,1,105,1,
1316.429, Bid:,2,87,1,95,1,Ask:,2,104,1,105,1,
1317.286, Bid:,2,87,1,95,1,Ask:,3,99,1,104,1,105,1,
1331.000, Bid:,2,87,1,95,1,Ask:,2,99,1,105,1,
1331.143, Bid:,3,87,1,95,1,96,1,Ask:,2,99,1,105,1,
1331.286, Bid:,3,87,1,95,1,96,1,Ask:,1,99,1,
1331.286, Bid:,3,87,1,95,1,96,1,Ask:,2,99,1,109,1,
1332.000, Bid:,4,87,1,95,1,96,1,97,1,Ask:,2,99,1,109,1,
1332.143, Bid:,4,87,1,95,1,97,1,98,1,Ask:,2,99,1,109,1,
1332.714, Bid:,4,87,1,95,1,97,1,98,1,Ask:,2,99,2,109,1,
1333.714, Bid:,3,87,1,95,1,97,1,Ask:,2,99,1,109,1,
1334.714, Bid:,3,87,1,95,1,98,1,Ask:,2,99,1,109,1,
1336.286, Bid:,2,87,1,95,1,Ask:,1,109,1,
1346.429, Bid:,2,87,1,95,1,Ask:,2,100,1,109,1,
1349.143, Bid:,3,87,1,95,1,96,1,Ask:,2,100,1,109,1,
1361.286, Bid:,2,87,1,96,1,Ask:,2,100,1,109,1,
1361.571, Bid:,2,87,1,96,1,Ask:,1,109,1,
1361.571, Bid:,2,87,1,96,1,Ask:,2,100,1,109,1,
1361.857, Bid:,3,87,1,88,1,96,1,Ask:,2,100,1,109,1,
1362.143, Bid:,4,87,1,88,1,96,1,99,1,Ask:,2,100,1,109,1,
1362.714, Bid:,3,87,1,88,1,96,1,Ask:,2,100,1,109,1,
1376.571, Bid:,2,87,1,96,1,Ask:,1,100,1,
1376.714, Bid:,3,87,1,88,1,96,1,Ask:,1,100,1,
1377.000, Bid:,3,87,1,88,1,96,1,Ask:,2,100,1,107,1,
1391.571, Bid:,2,87,1,88,1,Ask:,2,100,1,107,1,
1391.857, Bid:,2,87,1,88,1,Ask:,1,100,1,
1392.143, Bid:,2,87,1,88,1,Ask:,2,99,1,100,1,
1392.286, Bid:,2,87,1,88,1,Ask:,3,99,1,100,1,107,1,
1393.571, Bid:,3,87,1,88,1,89,1,Ask:,3,99,1,100,1,107,1,
1394.000, Bid:,3,87,1,88,1,90,1,Ask:,3,99,1,100,1,107,1,
1394.714, Bid:,3,87,1,88,1,91,1,Ask:,3,99,1,100,1,107,1,
1397.571, Bid:,3,87,1,88,1,92,1,Ask:,3,99,1,100,1,107,1,
1397.857, Bid:,3,87,1,88,1,93,1,Ask:,3,99,1,100,1,107,1,
1399.000, Bid:,3,87,1,88,1,94,1,Ask:,3,99,1,100,1,107,1,
1399.286, Bid:,3,87,1,88,1,95,1,Ask:,3,99,1,100,1,107,1,
1399.429, Bid:,3,87,1,88,1,96,1,Ask:,3,99,1,100,1,107,1,
1399.714, Bid:,3,87,1,88,1,97,1,Ask:,3,99,1,100,1,107,1,
1400.000, Bid:,3,87,1,88,1,98,1,Ask:,3,99,1,100,1,107,1,
1402.857, Bid:,2,87,1,88,1,Ask:,2,100,1,107,1,
1406.857, Bid:,1,87,1,Ask:,1,107,1,
1407.429, Bid:,1,87,2,Ask:,1,107,1,
1410.000, Bid:,1,87,2,Ask:,2,100,1,107,1,
1422.000, Bid:,1,87,2,Ask:,3,99,1,100,1,107,1,
1422.143, Bid:,1,87,2,Ask:,2,99,1,107,1,
1422.143, Bid:,2,87,2,88,1,Ask:,2,99,1,107,1,
1422.429, Bid:,2,87,2,88,1,Ask:,3,99,1,102,1,107,1,
1422.714, Bid:,2,87,2,89,1,Ask:,3,99,1,102,1,107,1,
1423.286, Bid:,3,87,2,89,1,90,1,Ask:,3,99,1,102,1,107,1,
1423.714, Bid:,3,87,2,90,1,91,1,Ask:,3,99,1,102,1,107,1,
1424.143, Bid:,3,87,2,91,1,92,1,Ask:,3,99,1,102,1,107,1,
1425.143, Bid:,3,87,2,92,1,93,1,Ask:,3,99,1,102,1,107,1,
1425.286, Bid:,3,87,2,93,1,94,1,Ask:,3,99,1,102,1,107,1,
1427.143, Bid:,3,87,2,93,1,95,1,Ask:,3,99,1,102,1,107,1,
1428.143, Bid:,3,87,2,93,1,96,1,Ask:,3,99,1,102,1,107,1,
1428.429, Bid:,3,87,2,96,1,97,1,Ask:,3,99,1,102,1,107,1,
1428.571, Bid:,3,87,2,97,1,98,1,Ask:,3,99,1,102,1,107,1,
1428.714, Bid:,2,87,2,98,1,Ask:,2,102,1,107,1,
1428.857, Bid:,2,87,2,99,1,Ask:,2,102,1,107,1,
1437.143, Bid:,2,87,1,99,1,Ask:,2,102,1,107,1,
1437.286, Bid:,3,87,1,90,1,99,1,Ask:,2,102,1,107,1,
1438.286, Bid:,3,87,1,90,1,99,1,Ask:,3,101,1,102,1,107,1,
1438.571, Bid:,3,87,1,90,1,99,1,Ask:,3,100,1,102,1,107,1,
1439.143, Bid:,2,87,1,90,1,Ask:,2,102,1,107,1,
1452.143, Bid:,2,87,1,90,1,Ask:,1,102,1,
1452.286, Bid:,3,87,1,90,1,99,1,Ask:,1,102,1,
1452.429, Bid:,2,87,1,90,1,Ask:,0,
1452.714, Bid:,2,87,1,90,1,Ask:,1,106,1,
1453.143, Bid:,2,87,1,90,1,Ask:,2,99,1,106,1,
1453.571, Bid:,3,87,1,90,1,91,1,Ask:,2,99,1,106,1,
1454.429, Bid:,3,87,1,90,1,92,1,Ask:,2,99,1,106,1,
1455.000, Bid:,3,87,1,90,1,93,1,Ask:,2,99,1,106,1,
1456.286, Bid:,3,87,1,90,1,94,1,Ask:,2,99,1,106,1,
1457.143, Bid:,3,87,1,90,1,95,1,Ask:,2,99,1,106,1,
1457.571, Bid:,3,87,1,90,1,96,1,Ask:,2,99,1,106,1,
1457.714, Bid:,3,87,1,90,1,97,1,Ask:,2,99,1,106,1,
1459.429, Bid:,3,87,1,90,1,98,1,Ask:,2,99,1,106,1,
1459.571, Bid:,2,87,1,90,1,Ask:,1,106,1,
1467.429, Bid:,1,87,1,Ask:,0,
1467.714, Bid:,1,87,1,Ask:,1,113,1,
1469.857, Bid:,2,87,1,94,1,Ask:,1,113,1,
1483.000, Bid:,3,87,1,94,1,96,1,Ask:,1,113,1,
1483.143, Bid:,3,87,1,94,1,96,1,Ask:,2,99,1,113,1,
1484.714, Bid:,3,87,1,94,1,96,1,Ask:,3,99,1,104,1,113,1,
1497.714, Bid:,2,87,1,96,1,Ask:,2,104,1,113,1,
1497.857, Bid:,3,87,1,92,1,96,1,Ask:,2,104,1,113,1,
1498.143, Bid:,3,87,1,92,1,96,1,Ask:,3,99,1,104,1,113,1,
1512.714, Bid:,3,87,1,92,1,96,1,Ask:,2,99,1,104,1,
1513.000, Bid:,3,87,1,92,1,96,1,Ask:,1,99,1,
1513.000, Bid:,4,87,1,92,1,96,1,97,1,Ask:,1,99,1,
1513.143, Bid:,4,87,1,92,1,96,1,97,1,Ask:,2,99,1,111,1,
1514.429, Bid:,4,87,1,92,1,96,1,98,1,Ask:,2,99,1,111,1,
1514.571, Bid:,3,87,1,92,1,96,1,Ask:,1,111,1,
1514.857, Bid:,3,87,1,92,1,96,1,Ask:,2,104,1,111,1,
1528.000, Bid:,2,87,1,96,1,Ask:,1,104,1,
1528.000, Bid:,2,87,1,96,1,Ask:,2,104,1,108,1,
1529.429, Bid:,3,87,1,89,1,96,1,Ask:,2,104,1,108,1,
1543.000, Bid:,2,87,1,89,1,Ask:,2,104,1,108,1,
1543.000, Bid:,3,87,1,89,1,99,1,Ask:,2,104,1,108,1,
1543.571, Bid:,3,87,1,89,1,99,1,Ask:,3,103,1,104,1,108,1,
1544.429, Bid:,3,87,1,89,1,99,1,Ask:,3,102,1,104,1,108,1,
1544.714, Bid:,3,87,1,89,1,99,1,Ask:,3,101,1,104,1,108,1,
1544.857, Bid:,3,87,1,89,1,99,2,Ask:,3,101,1,104,1,108,1,
1545.857, Bid:,3,87,1,89,1,99,2,Ask:,3,100,1,104,1,108,1,
1546.143, Bid:,3,87,1,89,1,99,1,Ask:,2,104,1,108,1,
1558.286, Bid:,3,87,1,89,1,99,1,Ask:,1,108,1,
1558.571, Bid:,3,87,1,89,1,99,1,Ask:,2,107,1,108,1,
1559.429, Bid:,4,87,1,89,1,96,1,99,1,Ask:,2,107,1,108,1,
1561.000, Bid:,4,87,1,89,1,96,1,99,1,Ask:,2,106,1,108,1,
1561.857, Bid:,4,87,1,89,1,96,1,99,1,Ask:,2,105,1,108,1,
1563.429, Bid:,4,87,1,89,1,96,1,99,1,Ask:,2,104,1,108,1,
1564.286, Bid:,4,87,1,89,1,96,1,99,1,Ask:,2,103,1,108,1,
1566.429, Bid:,4,87,1,89,1,96,1,99,1,Ask:,2,102,1,108,1,
1567.000, Bid:,4,87,1,89,1,96,1,99,1,Ask:,2,101,1,108,1,
1567.286, Bid:,4,87,1,89,1,96,1,99,1,Ask:,2,100,1,108,1,
1571.857, Bid:,3,87,1,89,1,96,1,Ask:,1,108,1,
1573.286, Bid:,2,87,1,96,1,Ask:,0,
1573.286, Bid:,3,85,1,87,1,96,1,Ask:,0,
1573.571, Bid:,4,85,1,87,1,96,1,97,1,Ask:,0,
1574.000, Bid:,4,85,1,87,1,96,1,97,1,Ask:,1,107,1,
1575.143, Bid:,4,85,1,87,1,96,1,97,1,Ask:,2,104,1,107,1,
1575.714, Bid:,4,85,1,87,1,96,1,99,1,Ask:,2,104,1,107,1,
1588.571, Bid:,3,87,1,96,1,99,1,Ask:,1,104,1,
1589.000, Bid:,4,87,1,92,1,96,1,99,1,Ask:,1,104,1,
1589.714, Bid:,4,87,1,92,1,96,1,99,1,Ask:,2,104,1,111,1,
1603.571, Bid:,3,87,1,92,1,99,1,Ask:,2,104,1,111,1,
1603.857, Bid:,2,87,1,99,1,Ask:,1,104,1,
1604.143, Bid:,2,87,1,99,1,Ask:,2,104,1,112,1,
1604.429, Bid:,2,87,2,99,1,Ask:,2,104,1,112,1,
1604.571, Bid:,2,87,2,99,1,Ask:,3,103,1,104,1,112,1,
1604.714, Bid:,2,87,2,99,2,Ask:,3,103,1,104,1,112,1,
1606.143, Bid:,2,87,2,99,2,Ask:,3,102,1,104,1,112,1,
1606.571, Bid:,2,87,2,99,2,Ask:,3,101,1,104,1,112,1,
1606.857, Bid:,2,87,2,99,2,Ask:,3,100,1,104,1,112,1,
1608.857, Bid:,2,87,2,99,1,Ask:,2,104,1,112,1,
1618.857, Bid:,2,87,2,99,1,Ask:,3,103,1,104,1,112,1,
1619.714, Bid:,2,87,2,99,2,Ask:,3,103,1,104,1,112,1,
1621.143, Bid:,2,87,2,99,2,Ask:,3,102,1,104,1,112,1,
1621.857, Bid:,2,87,2,99,2,Ask:,3,101,1,104,1,112,1,
1625.429, Bid:,2,87,2,99,2,Ask:,3,100,1,104,1,112,1,
1627.143, Bid:,2,87,2,99,1,Ask:,2,104,1,112,1,
1633.857, Bid:,2,87,2,99,1,Ask:,1,112,1,
1634.429, Bid:,2,87,2,99,1,Ask:,2,111,1,112,1,
1634.857, Bid:,2,87,2,99,1,Ask:,2,110,1,112,1,
1635.000, Bid:,2,87,2,99,2,Ask:,2,110,1,112,1,
1636.857, Bid:,2,87,2,99,2,Ask:,2,109,1,112,1,
1638.571, Bid:,2,87,2,99,2,Ask:,2,108,1,112,1,
1639.571, Bid:,2,87,2,99,2,Ask:,2,107,1,112,1,
1639.857, Bid:,2,87,2,99,2,Ask:,2,106,1,112,1,
1641.143, Bid:,2,87,2,99,2,Ask:,2,105,1,112,1,
1641.714, Bid:,2,87,2,99,2,Ask:,2,104,1,112,1,
1649.143, Bid:,2,87,1,99,2,Ask:,2,104,1,112,1,
1649.571, Bid:,2,87,1,99,2,Ask:,3,103,1,104,1,112,1,
1649.857, Bid:,3,87,1,92,1,99,2,Ask:,3,103,1,104,1,112,1,
1651.857, Bid:,3,87,1,92,1,99,2,Ask:,3,102,1,104,1,112,1,
1652.714, Bid:,3,87,1,92,1,99,2,Ask:,3,101,1,104,1,112,1,
1653.143, Bid:,3,87,1,92,1,99,2,Ask:,3,100,1,104,1,112,1,
1653.714, Bid:,3,87,1,92,1,99,1,Ask:,2,104,1,112,1,
1664.143, Bid:,3,87,1,92,1,99,1,Ask:,1,104,1,
1666.000, Bid:,3,87,1,92,1,99,2,Ask:,1,104,1,
1666.143, Bid:,3,87,1,92,1,99,2,Ask:,2,104,1,107,1,
1679.429, Bid:,2,87,1,99,2,Ask:,2,104,1,107,1,
1679.714, Bid:,2,87,1,99,2,Ask:,3,103,1,104,1,107,1,
1680.571, Bid:,3,87,1,94,1,99,2,Ask:,3,103,1,104,1,107,1,
1680.857, Bid:,3,87,1,94,1,99,2,Ask:,3,102,1,104,1,107,1,
1681.286, Bid:,3,87,1,94,1,99,2,Ask:,3,101,1,104,1,107,1,
1684.143, Bid:,3,87,1,94,1,99,2,Ask:,3,100,1,104,1,107,1,
1684.714, Bid:,3,87,1,94,1,99,1,Ask:,2,104,1,107,1,
1694.429, Bid:,3,87,1,94,1,99,1,Ask:,1,107,1,
1694.714, Bid:,2,87,1,99,1,Ask:,1,107,1,
1694.714, Bid:,3,87,1,88,1,99,1,Ask:,1,107,1,
1694.857, Bid:,3,87,1,88,1,99,1,Ask:,2,106,1,107,1,
1695.429, Bid:,3,87,1,88,1,99,2,Ask:,2,106,1,107,1,
1695.714, Bid:,3,87,1,88,1,99,2,Ask:,3,105,1,106,1,107,1,
1697.429, Bid:,3,87,1,88,1,99,2,Ask:,3,104,1,106,1,107,1,
1697.571, Bid:,3,87,1,88,1,99,2,Ask:,3,103,1,106,1,107,1,
1698.000, Bid:,3,87,1,88,1,99,2,Ask:,2,103,2,107,1,
1699.143, Bid:,3,87,1,88,1,99,2,Ask:,3,102,1,103,1,107,1,
1701.143, Bid:,3,87,1,88,1,99,2,Ask:,3,101,1,103,1,107,1,
1701.714, Bid:,3,87,1,88,1,99,2,Ask:,3,100,1,103,1,107,1,
1702.571, Bid:,3,87,1,88,1,99,1,Ask:,2,103,1,107,1,
1709.714, Bid:,3,87,1,88,1,99,1,Ask:,1,103,1,
1709.857, Bid:,3,87,1,88,1,99,2,Ask:,1,103,1,
1710.857, Bid:,3,87,1,88,1,99,2,Ask:,2,103,1,108,1,
1724.714, Bid:,3,87,1,88,1,99,1,Ask:,1,108,1,
1724.714, Bid:,4,87,1,88,1,95,1,99,1,Ask:,1,108,1,
1725.000, Bid:,3,87,1,88,1,95,1,Ask:,0,
1725.000, Bid:,3,87,1,88,1,95,1,Ask:,1,101,1,
1725.429, Bid:,4,87,1,88,1,95,1,99,1,Ask:,1,101,1,
1725.857, Bid:,4,87,1,88,1,95,1,99,1,Ask:,2,101,1,110,1,
1740.000, Bid:,3,87,1,88,1,99,1,Ask:,2,101,1,110,1,
1740.571, Bid:,3,87,1,88,1,99,1,Ask:,3,100,1,101,1,110,1,
1740.857, Bid:,2,87,1,88,1,Ask:,2,101,1,110,1,
1741.000, Bid:,3,87,1,88,1,98,1,Ask:,2,101,1,110,1,
1755.000, Bid:,2,87,1,98,1,Ask:,1,110,1,
1755.429, Bid:,2,87,1,98,1,Ask:,2,99,1,110,1,
1756.000, Bid:,2,87,1,98,1,Ask:,2,99,2,110,1,
1758.429, Bid:,2,87,1,98,1,Ask:,2,99,1,110,1,
1758.714, Bid:,3,87,1,91,1,98,1,Ask:,2,99,1,110,1,
1770.286, Bid:,2,87,1,98,1,Ask:,1,99,1,
1770.286, Bid:,3,85,1,87,1,98,1,Ask:,1,99,1,
1771.571, Bid:,3,85,1,87,1,98,1,Ask:,2,99,1,105,1,
1785.286, Bid:,2,85,1,87,1,Ask:,2,99,1,105,1,
1785.429, Bid:,2,85,1,87,1,Ask:,2,99,1,105,2,
1785.571, Bid:,2,85,1,87,1,Ask:,1,105,2,
1785.857, Bid:,3,85,1,87,1,99,1,Ask:,1,105,2,
1786.000, Bid:,3,85,1,87,1,99,1,Ask:,2,104,1,105,2,
1786.143, Bid:,3,85,1,87,1,99,1,Ask:,2,103,1,105,2,
1786.286, Bid:,3,85,1,87,1,99,2,Ask:,2,103,1,105,2,
1787.000, Bid:,3,85,1,87,1,99,2,Ask:,2,102,1,105,2,
1788.000, Bid:,3,85,1,87,1,99,2,Ask:,2,101,1,105,2,
1788.143, Bid:,3,85,1,87,1,99,2,Ask:,2,100,1,105,2,
1788.571, Bid:,3,85,1,87,1,99,1,Ask:,1,105,2,
1800.571, Bid:,2,85,1,87,1,Ask:,1,105,1,
1800.571, Bid:,3,85,1,87,1,96,1,Ask:,1,105,1,
1801.857, Bid:,3,85,1,87,1,96,1,Ask:,2,105,1,106,1,
1815.571, Bid:,2,87,1,96,1,Ask:,1,106,1,
1815.571, Bid:,2,87,1,96,1,Ask:,2,99,1,106,1,
1815.714, Bid:,3,87,1,95,1,96,1,Ask:,2,99,1,106,1,
1815.857, Bid:,2,87,1,95,1,Ask:,1,106,1,
1815.857, Bid:,3,87,1,95,1,99,1,Ask:,1,106,1,
1817.571, Bid:,3,87,1,95,1,99,1,Ask:,2,105,1,106,1,
1819.143, Bid:,3,87,1,95,1,99,1,Ask:,2,104,1,106,1,
1830.857, Bid:,2,87,1,99,1,Ask:,1,104,1,
1831.286, Bid:,2,87,1,99,1,Ask:,2,104,1,106,1,
1832.286, Bid:,3,85,1,87,1,99,1,Ask:,2,104,1,106,1,
1846.143, Bid:,2,85,1,87,1,Ask:,2,104,1,106,1,
1846.143, Bid:,2,85,1,87,1,Ask:,3,99,1,104,1,106,1,
1846.286, Bid:,3,85,1,87,1,88,1,Ask:,3,99,1,104,1,106,1,
1846.714, Bid:,4,85,1,87,1,88,1,89,1,Ask:,3,99,1,104,1,106,1,
1847.000, Bid:,4,85,1,87,1,88,1,90,1,Ask:,3,99,1,104,1,106,1,
1847.857, Bid:,4,85,1,87,1,88,1,91,1,Ask:,3,99,1,104,1,106,1,
1849.571, Bid:,4,85,1,87,1,88,1,92,1,Ask:,3,99,1,104,1,106,1,
1849.857, Bid:,4,85,1,87,1,92,1,93,1,Ask:,3,99,1,104,1,106,1,
1850.000, Bid:,4,85,1,87,1,93,1,94,1,Ask:,3,99,1,104,1,106,1,
1850.286, Bid:,4,85,1,87,1,94,1,95,1,Ask:,3,99,1,104,1,106,1,
1850.857, Bid:,4,85,1,87,1,95,1,96,1,Ask:,3,99,1,104,1,106,1,
1851.143, Bid:,3,85,1,87,1,96,2,Ask:,3,99,1,104,1,106,1,
1852.857, Bid:,4,85,1,87,1,96,1,97,1,Ask:,3,99,1,104,1,106,1,
1853.571, Bid:,4,85,1,87,1,96,1,98,1,Ask:,3,99,1,104,1,106,1,
1856.571, Bid:,3,85,1,87,1,96,1,Ask:,2,104,1,106,1,
1861.143, Bid:,3,85,1,87,1,96,1,Ask:,1,106,1,
1861.143, Bid:,3,85,1,87,1,96,1,Ask:,2,99,1,106,1,
1862.857, Bid:,4,85,1,87,1,96,1,97,1,Ask:,2,99,1,106,1,
1863.429, Bid:,4,85,1,87,1,96,1,98,1,Ask:,2,99,1,106,1,
1863.857, Bid:,3,85,1,87,1,96,1,Ask:,1,106,1,
1876.143, Bid:,2,87,1,96,1,Ask:,0,
1876.286, Bid:,2,87,1,96,1,Ask:,1,113,1,
1876.429, Bid:,1,87,1,Ask:,1,113,1,
1876.571, Bid:,2,87,1,96,1,Ask:,1,113,1,
1877.571, Bid:,3,85,1,87,1,96,1,Ask:,1,113,1,
1877.857, Bid:,3,85,1,87,1,96,1,Ask:,2,99,1,113,1,
1891.429, Bid:,2,87,1,96,1,Ask:,2,99,1,113,1,
1892.857, Bid:,2,87,1,96,1,Ask:,2,99,2,113,1,
1894.143, Bid:,3,87,1,92,1,96,1,Ask:,2,99,2,113,1,
1906.429, Bid:,3,87,1,92,1,96,1,Ask:,1,99,2,
1906.714, Bid:,2,87,1,92,1,Ask:,1,99,2,
1906.714, Bid:,2,87,1,92,1,Ask:,2,99,2,111,1,
1907.000, Bid:,3,87,1,92,1,93,1,Ask:,2,99,2,111,1,
1907.429, Bid:,4,87,1,92,1,93,1,94,1,Ask:,2,99,2,111,1,
1907.714, Bid:,4,87,1,92,1,94,1,95,1,Ask:,2,99,2,111,1,
1908.429, Bid:,4,87,1,92,1,95,1,96,1,Ask:,2,99,2,111,1,
1908.857, Bid:,4,87,1,92,1,96,1,97,1,Ask:,2,99,2,111,1,
1909.429, Bid:,4,87,1,92,1,96,1,98,1,Ask:,2,99,2,111,1,
1910.286, Bid:,3,87,1,92,1,98,1,Ask:,2,99,1,111,1,
1921.714, Bid:,3,87,1,92,1,98,1,Ask:,1,111,1,
1923.286, Bid:,3,87,1,92,1,98,1,Ask:,2,99,1,111,1,
1924.286, Bid:,3,87,1,92,1,98,1,Ask:,1,111,1,
1936.714, Bid:,2,87,1,98,1,Ask:,1,111,1,
1936.857, Bid:,2,87,1,98,1,Ask:,2,99,1,111,1,
1937.000, Bid:,1,87,1,Ask:,2,99,1,111,1,
1937.000, Bid:,2,87,1,88,1,Ask:,2,99,1,111,1,
1937.143, Bid:,2,87,1,88,1,Ask:,3,99,1,100,1,111,1,
1937.286, Bid:,3,87,1,88,1,89,1,Ask:,3,99,1,100,1,111,1,
1939.714, Bid:,3,87,1,88,1,90,1,Ask:,3,99,1,100,1,111,1,
1940.143, Bid:,3,87,1,88,1,91,1,Ask:,3,99,1,100,1,111,1,
1940.857, Bid:,3,87,1,88,1,92,1,Ask:,3,99,1,100,1,111,1,
1941.571, Bid:,3,87,1,88,1,93,1,Ask:,3,99,1,100,1,111,1,
1944.429, Bid:,3,87,1,88,1,94,1,Ask:,3,99,1,100,1,111,1,
1945.000, Bid:,3,87,1,88,1,95,1,Ask:,3,99,1,100,1,111,1,
1946.857, Bid:,3,87,1,88,1,96,1,Ask:,3,99,1,100,1,111,1,
1947.714, Bid:,3,87,1,88,1,97,1,Ask:,3,99,1,100,1,111,1,
1948.000, Bid:,3,87,1,88,1,98,1,Ask:,3,99,1,100,1,111,1,
1948.143, Bid:,2,87,1,88,1,Ask:,2,100,1,111,1,
1952.429, Bid:,3,87,1,88,1,99,1,Ask:,2,100,1,111,1,
1953.143, Bid:,2,87,1,88,1,Ask:,2,100,1,111,1,
1967.000, Bid:,1,87,1,Ask:,1,100,1,
1967.143, Bid:,2,87,1,94,1,Ask:,1,100,1,
1967.286, Bid:,2,87,1,94,1,Ask:,0,
1967.571, Bid:,2,87,1,94,1,Ask:,1,111,1,
1967.714, Bid:,3,87,1,94,1,99,1,Ask:,1,111,1,
1969.000, Bid:,3,87,1,94,1,99,1,Ask:,2,110,1,111,1,
1969.143, Bid:,3,87,1,94,1,99,1,Ask:,2,109,1,111,1,
1971.714, Bid:,3,87,1,94,1,99,1,Ask:,2,108,1,111,1,
1977.000, Bid:,3,87,1,94,1,99,1,Ask:,2,107,1,111,1,
1978.571, Bid:,3,87,1,94,1,99,1,Ask:,2,106,1,111,1,
1980.571, Bid:,3,87,1,94,1,99,1,Ask:,2,105,1,111,1,
1982.000, Bid:,3,87,1,94,1,99,1,Ask:,2,104,1,111,1,
1982.286, Bid:,3,87,1,94,1,99,1,Ask:,1,104,1,
1982.714, Bid:,3,87,1,94,1,99,2,Ask:,1,104,1,
1983.714, Bid:,3,87,1,94,1,99,2,Ask:,1,103,1,
1984.000, Bid:,3,87,1,94,1,99,2,Ask:,2,103,1,110,1,
1984.143, Bid:,3,87,1,94,1,99,2,Ask:,2,102,1,110,1,
1987.143, Bid:,3,87,1,94,1,99,2,Ask:,2,101,1,110,1,
1987.286, Bid:,3,87,1,94,1,99,2,Ask:,2,100,1,110,1,
1987.857, Bid:,3,87,1,94,1,99,1,Ask:,1,110,1,
1997.286, Bid:,2,87,1,99,1,Ask:,1,110,1,
1997.286, Bid:,3,87,1,94,1,99,1,Ask:,1,110,1,
1997.571, Bid:,2,87,1,94,1,Ask:,1,110,1,
1997.571, Bid:,2,87,1,94,1,Ask:,2,99,1,110,1,
2000.429, Bid:,3,87,1,94,1,95,1,Ask:,2,99,1,110,1,
2000.571, Bid:,3,87,1,94,1,96,1,Ask:,2,99,1,110,1,
2002.571, Bid:,3,87,1,94,1,97,1,Ask:,2,99,1,110,1,
2003.286, Bid:,3,87,1,94,1,98,1,Ask:,2,99,1,110,1,
2003.429, Bid:,2,87,1,94,1,Ask:,1,110,1,
2012.571, Bid:,1,87,1,Ask:,1,110,1,
2013.143, Bid:,1,87,1,Ask:,2,99,1,110,1,
2013.286, Bid:,2,87,1,88,1,Ask:,2,99,1,110,1,
2013.714, Bid:,2,87,1,89,1,Ask:,2,99,1,110,1,
2014.286, Bid:,2,87,1,90,1,Ask:,2,99,1,110,1,
2027.571, Bid:,2,87,1,90,1,Ask:,1,99,1,
2027.857, Bid:,3,87,1,90,1,91,1,Ask:,1,99,1,
2028.143, Bid:,3,87,1,90,1,91,1,Ask:,2,99,1,106,1,
2028.857, Bid:,3,87,1,90,1,92,1,Ask:,2,99,1,106,1,
2031.286, Bid:,3,87,1,90,1,93,1,Ask:,2,99,1,106,1,
2031.429, Bid:,3,87,1,90,1,94,1,Ask:,2,99,1,106,1,
2032.000, Bid:,3,87,1,90,1,95,1,Ask:,2,99,1,106,1,
2034.143, Bid:,3,87,1,90,1,96,1,Ask:,2,99,1,106,1,
2034.286, Bid:,3,87,1,90,1,97,1,Ask:,2,99,1,106,1,
2035.143, Bid:,3,87,1,90,1,98,1,Ask:,2,99,1,106,1,
2035.714, Bid:,2,87,1,90,1,Ask:,1,106,1,
2043.000, Bid:,2,87,1,90,1,Ask:,2,99,1,106,1,
2043.714, Bid:,3,87,1,90,1,91,1,Ask:,2,99,1,106,1,
2044.857, Bid:,3,87,1,90,1,92,1,Ask:,2,99,1,106,1,
2045.286, Bid:,3,87,1,90,1,93,1,Ask:,2,99,1,106,1,
2045.429, Bid:,3,87,1,90,1,94,1,Ask:,2,99,1,106,1,
2045.714, Bid:,3,87,1,90,1,95,1,Ask:,2,99,1,106,1,
2046.143, Bid:,3,87,1,90,1,96,1,Ask:,2,99,1,106,1,
2046.286, Bid:,3,87,1,90,1,97,1,Ask:,2,99,1,106,1,
2048.000, Bid:,3,87,1,90,1,98,1,Ask:,2,99,1,106,1,
2050.000, Bid:,2,87,1,90,1,Ask:,1,106,1,
2057.714, Bid:,1,87,1,Ask:,1,106,1,
2057.857, Bid:,1,87,1,Ask:,2,99,1,106,1,
2058.571, Bid:,2,86,1,87,1,Ask:,2,99,1,106,1,
2061.000, Bid:,2,86,1,87,1,Ask:,2,99,2,106,1,
2072.857, Bid:,2,86,1,87,1,Ask:,1,99,2,
2073.286, Bid:,2,86,1,87,1,Ask:,2,99,2,113,1,
2074.571, Bid:,3,86,1,87,1,88,1,Ask:,2,99,2,113,1,
2075.429, Bid:,3,86,1,87,1,89,1,Ask:,2,99,2,113,1,
2077.000, Bid:,3,86,1,87,1,90,1,Ask:,2,99,2,113,1,
2077.286, Bid:,3,86,1,87,1,91,1,Ask:,2,99,2,113,1,
2077.857, Bid:,3,86,1,87,1,92,1,Ask:,2,99,2,113,1,
2078.571, Bid:,3,86,1,87,1,93,1,Ask:,2,99,2,113,1,
2078.857, Bid:,3,86,1,87,1,94,1,Ask:,2,99,2,113,1,
2079.286, Bid:,3,86,1,87,1,95,1,Ask:,2,99,2,113,1,
2087.857, Bid:,3,86,1,87,1,95,1,Ask:,2,99,1,113,1,
2088.000, Bid:,4,86,1,87,1,95,1,96,1,Ask:,2,99,1,113,1,
2088.143, Bid:,3,86,1,87,1,96,1,Ask:,2,99,1,113,1,
2088.429, Bid:,3,86,1,87,1,96,1,Ask:,2,99,2,113,1,
2089.286, Bid:,4,86,1,87,1,96,1,97,1,Ask:,2,99,2,113,1,
2089.429, Bid:,4,86,1,87,1,96,1,98,1,Ask:,2,99,2,113,1,
2090.000, Bid:,3,86,1,87,1,96,1,Ask:,2,99,1,113,1,
2091.429, Bid:,3,86,1,87,1,97,1,Ask:,2,99,1,113,1,
2092.714, Bid:,3,86,1,87,1,98,1,Ask:,2,99,1,113,1,
2093.000, Bid:,2,86,1,87,1,Ask:,1,113,1,
2103.000, Bid:,1,87,1,Ask:,1,113,1,
2103.429, Bid:,2,87,1,93,1,Ask:,1,113,1,
2104.143, Bid:,2,87,1,93,1,Ask:,2,100,1,113,1,
2118.000, Bid:,2,87,1,93,1,Ask:,1,100,1,
2118.571, Bid:,3,87,1,93,1,99,1,Ask:,1,100,1,
2119.000, Bid:,3,87,1,93,1,99,1,Ask:,2,100,1,112,1,
2133.143, Bid:,2,87,1,99,1,Ask:,1,112,1,
2133.143, Bid:,2,87,1,99,1,Ask:,2,111,1,112,1,
2133.286, Bid:,2,87,1,99,1,Ask:,2,110,1,112,1,
2133.571, Bid:,3,87,1,95,1,99,1,Ask:,2,110,1,112,1,
2134.857, Bid:,3,87,1,95,1,99,1,Ask:,2,109,1,112,1,
2137.857, Bid:,3,87,1,95,1,99,1,Ask:,2,108,1,112,1,
2140.857, Bid:,3,87,1,95,1,99,1,Ask:,2,107,1,112,1,
2141.286, Bid:,3,87,1,95,1,99,1,Ask:,2,106,1,112,1,
2141.857, Bid:,3,87,1,95,1,99,1,Ask:,2,105,1,112,1,
2142.286, Bid:,3,87,1,95,1,99,1,Ask:,2,104,1,112,1,
2142.714, Bid:,3,87,1,95,1,99,1,Ask:,2,103,1,112,1,
2143.571, Bid:,3,87,1,95,1,99,1,Ask:,2,102,1,112,1,
2144.857, Bid:,3,87,1,95,1,99,1,Ask:,2,101,1,112,1,
2146.000, Bid:,3,87,1,95,1,99,1,Ask:,2,100,1,112,1,
2146.429, Bid:,2,87,1,95,1,Ask:,1,112,1,
2148.429, Bid:,2,87,1,95,1,Ask:,0,
2148.429, Bid:,2,87,1,95,1,Ask:,1,105,1,
2148.571, Bid:,3,87,1,95,1,99,1,Ask:,1,105,1,
2148.714, Bid:,3,87,1,95,1,99,1,Ask:,2,104,1,105,1,
2149.286, Bid:,3,87,1,95,1,99,2,Ask:,2,104,1,105,1,
2151.286, Bid:,3,87,1,95,1,99,2,Ask:,2,103,1,105,1,
2153.429, Bid:,3,87,1,95,1,99,2,Ask:,2,102,1,105,1,
2154.857, Bid:,3,87,1,95,1,99,2,Ask:,2,101,1,105,1,
2155.571, Bid:,3,87,1,95,1,99,2,Ask:,2,100,1,105,1,
2155.857, Bid:,3,87,1,95,1,99,1,Ask:,1,105,1,
2163.286, Bid:,2,87,1,99,1,Ask:,1,105,1,
2163.286, Bid:,3,85,1,87,1,99,1,Ask:,1,105,1,
2165.000, Bid:,3,85,1,87,1,99,1,Ask:,2,104,1,105,1,
2166.143, Bid:,3,85,1,87,1,99,1,Ask:,2,103,1,105,1,
2166.571, Bid:,3,85,1,87,1,99,1,Ask:,2,102,1,105,1,
2166.714, Bid:,3,85,1,87,1,99,1,Ask:,2,101,1,105,1,
2167.000, Bid:,3,85,1,87,1,99,1,Ask:,2,100,1,105,1,
2168.286, Bid:,2,85,1,87,1,Ask:,1,105,1,
2178.429, Bid:,2,85,1,87,1,Ask:,2,101,1,105,1,
2178.571, Bid:,3,85,1,87,1,99,1,Ask:,2,101,1,105,1,
2179.857, Bid:,3,85,1,87,1,99,1,Ask:,3,100,1,101,1,105,1,
2180.286, Bid:,2,85,1,87,1,Ask:,2,101,1,105,1,
2180.857, Bid:,3,85,1,87,1,99,1,Ask:,2,101,1,105,1,
2193.429, Bid:,2,85,1,87,1,Ask:,1,101,1,
2194.143, Bid:,2,85,1,87,1,Ask:,2,101,1,106,1,
2196.857, Bid:,3,85,1,87,1,99,1,Ask:,2,101,1,106,1,
2208.429, Bid:,2,87,1,99,1,Ask:,1,106,1,
2208.714, Bid:,3,87,1,91,1,99,1,Ask:,1,106,1,
2209.000, Bid:,3,87,1,91,1,99,1,Ask:,2,105,1,106,1,
2209.857, Bid:,3,87,1,91,1,99,1,Ask:,2,104,1,106,1,
2210.429, Bid:,3,87,1,91,1,99,1,Ask:,2,103,1,106,1,
2210.714, Bid:,3,87,1,91,1,99,1,Ask:,3,102,1,103,1,106,1,
2210.857, Bid:,3,87,1,91,1,99,1,Ask:,3,101,1,102,1,106,1,
2211.429, Bid:,3,87,1,91,1,99,1,Ask:,3,100,1,101,1,106,1,
2211.857, Bid:,2,87,1,91,1,Ask:,2,100,1,106,1,
2212.429, Bid:,2,87,1,91,1,Ask:,2,99,1,106,1,
2223.571, Bid:,2,87,1,91,1,Ask:,1,99,1,
2223.571, Bid:,2,87,1,91,1,Ask:,2,99,1,114,1,
2224.000, Bid:,3,87,1,91,1,92,1,Ask:,2,99,1,114,1,
2224.714, Bid:,3,87,1,91,1,93,1,Ask:,2,99,1,114,1,
2225.714, Bid:,3,87,1,91,1,94,1,Ask:,2,99,1,114,1,
2226.143, Bid:,3,87,1,91,1,95,1,Ask:,2,99,1,114,1,
2227.286, Bid:,3,87,1,91,1,96,1,Ask:,2,99,1,114,1,
2229.286, Bid:,3,87,1,91,1,97,1,Ask:,2,99,1,114,1,
2230.857, Bid:,3,87,1,91,1,98,1,Ask:,2,99,1,114,1,
2231.286, Bid:,2,87,1,91,1,Ask:,1,114,1,
2238.571, Bid:,3,87,1,91,1,98,1,Ask:,1,114,1,
2238.857, Bid:,2,87,1,91,1,Ask:,1,114,1,
2238.857, Bid:,2,87,1,91,1,Ask:,2,100,1,114,1,
2239.429, Bid:,3,87,1,91,1,99,1,Ask:,2,100,1,114,1,
2253.714, Bid:,3,87,1,91,1,99,1,Ask:,1,100,1,
2253.714, Bid:,3,87,1,91,1,99,1,Ask:,2,100,1,110,1,
2254.143, Bid:,3,87,1,91,1,99,2,Ask:,2,100,1,110,1,
2268.714, Bid:,2,87,1,99,2,Ask:,2,100,1,110,1,
2268.714, Bid:,2,87,1,99,1,Ask:,2,100,1,110,1,
2268.857, Bid:,3,87,1,95,1,99,1,Ask:,2,100,1,110,1,
2269.000, Bid:,2,87,1,95,1,Ask:,1,110,1,
2269.286, Bid:,2,87,1,95,1,Ask:,2,99,1,110,1,
2271.429, Bid:,3,87,1,95,1,96,1,Ask:,2,99,1,110,1,
2272.714, Bid:,3,87,1,95,1,97,1,Ask:,2,99,1,110,1,
2276.571, Bid:,3,87,1,95,1,98,1,Ask:,2,99,1,110,1,
2276.714, Bid:,2,87,1,95,1,Ask:,1,110,1,
2283.857, Bid:,1,87,1,Ask:,1,110,1,
2284.000, Bid:,1,87,1,Ask:,2,99,1,110,1,
2284.286, Bid:,2,87,1,88,1,Ask:,2,99,1,110,1,
2287.143, Bid:,2,87,1,89,1,Ask:,2,99,1,110,1,
2298.857, Bid:,2,87,1,89,1,Ask:,1,99,1,
2299.000, Bid:,2,87,1,89,1,Ask:,2,99,1,106,1,
2299.143, Bid:,1,87,1,Ask:,2,99,1,106,1,
2299.143, Bid:,2,87,1,88,1,Ask:,2,99,1,106,1,
2299.286, Bid:,3,87,1,88,1,89,1,Ask:,2,99,1,106,1,
2299.714, Bid:,3,87,1,88,1,90,1,Ask:,2,99,1,106,1,
2300.429, Bid:,3,87,1,88,1,90,1,Ask:,2,99,2,106,1,
2301.143, Bid:,3,87,1,88,1,91,1,Ask:,2,99,2,106,1,
2302.143, Bid:,3,87,1,88,1,92,1,Ask:,2,99,2,106,1,
2302.429, Bid:,3,87,1,88,1,93,1,Ask:,2,99,2,106,1,
2303.857, Bid:,3,87,1,88,1,94,1,Ask:,2,99,2,106,1,
2305.429, Bid:,3,87,1,88,1,95,1,Ask:,2,99,2,106,1,
2306.429, Bid:,3,87,1,88,1,96,1,Ask:,2,99,2,106,1,
2307.286, Bid:,3,87,1,88,1,97,1,Ask:,2,99,2,106,1,
2308.857, Bid:,3,87,1,88,1,98,1,Ask:,2,99,2,106,1,
2309.571, Bid:,2,87,1,88,1,Ask:,2,99,1,106,1,
2314.571, Bid:,2,87,1,88,1,Ask:,2,99,2,106,1,
2316.000, Bid:,3,87,1,88,1,89,1,Ask:,2,99,2,106,1,
2317.429, Bid:,3,87,1,88,1,90,1,Ask:,2,99,2,106,1,
2318.714, Bid:,3,87,1,88,1,91,1,Ask:,2,99,2,106,1,
2319.143, Bid:,3,87,1,88,1,92,1,Ask:,2,99,2,106,1,
2324.286, Bid:,3,87,1,88,1,93,1,Ask:,2,99,2,106,1,
2324.429, Bid:,3,87,1,88,1,94,1,Ask:,2,99,2,106,1,
2324.714, Bid:,3,87,1,88,1,95,1,Ask:,2,99,2,106,1,
2328.857, Bid:,3,87,1,88,1,96,1,Ask:,2,99,2,106,1,
2329.000, Bid:,3,87,1,88,1,96,1,Ask:,1,99,2,
2329.143, Bid:,3,87,1,88,1,97,1,Ask:,1,99,2,
2329.286, Bid:,2,87,1,97,1,Ask:,1,99,1,
2329.429, Bid:,2,87,1,97,2,Ask:,1,99,1,
2329.571, Bid:,2,87,1,97,2,Ask:,1,99,2,
2329.714, Bid:,2,87,1,97,2,Ask:,2,99,2,115,1,
2330.143, Bid:,3,87,1,97,1,98,1,Ask:,2,99,2,115,1,
2330.857, Bid:,2,87,1,97,1,Ask:,2,99,1,115,1,
2332.857, Bid:,3,87,1,89,1,97,1,Ask:,2,99,1,115,1,
2344.143, Bid:,3,87,1,89,1,97,1,Ask:,1,99,1,
2344.429, Bid:,4,87,1,89,1,97,1,98,1,Ask:,1,99,1,
2344.571, Bid:,4,87,1,89,1,97,1,98,1,Ask:,2,99,1,106,1,
2347.000, Bid:,3,87,1,89,1,97,1,Ask:,1,106,1,
2359.143, Bid:,2,87,1,89,1,Ask:,1,106,1,
2359.286, Bid:,2,87,1,89,1,Ask:,2,99,1,106,1,
2359.429, Bid:,2,87,1,89,1,Ask:,1,99,1,
2359.429, Bid:,2,87,1,89,1,Ask:,2,99,1,105,1,
2359.571, Bid:,3,87,1,89,1,90,1,Ask:,2,99,1,105,1,
2360.000, Bid:,4,87,1,89,1,90,1,91,1,Ask:,2,99,1,105,1,
2360.143, Bid:,4,87,1,89,1,90,1,92,1,Ask:,2,99,1,105,1,
2361.000, Bid:,4,87,1,89,1,90,1,93,1,Ask:,2,99,1,105,1,
2361.714, Bid:,4,87,1,89,1,93,1,94,1,Ask:,2,99,1,105,1,
2361.857, Bid:,4,87,1,89,1,94,1,95,1,Ask:,2,99,1,105,1,
2363.000, Bid:,4,87,1,89,1,95,1,96,1,Ask:,2,99,1,105,1,
2363.143, Bid:,4,87,1,89,1,95,1,97,1,Ask:,2,99,1,105,1,
2363.286, Bid:,4,87,1,89,1,97,1,98,1,Ask:,2,99,1,105,1,
2363.571, Bid:,3,87,1,89,1,97,1,Ask:,1,105,1,
2374.286, Bid:,2,87,1,97,1,Ask:,1,105,1,
2374.571, Bid:,2,87,1,97,1,Ask:,2,99,1,105,1,
2377.000, Bid:,3,87,1,88,1,97,1,Ask:,2,99,1,105,1,
2389.286, Bid:,2,87,1,88,1,Ask:,2,99,1,105,1,
2389.571, Bid:,1,87,1,Ask:,1,105,1,
2389.571, Bid:,2,87,1,96,1,Ask:,1,105,1,
2390.286, Bid:,2,87,1,96,1,Ask:,2,100,1,105,1,
2390.714, Bid:,3,85,1,87,1,96,1,Ask:,2,100,1,105,1,
2391.857, Bid:,3,85,1,87,1,96,1,Ask:,3,99,1,100,1,105,1,
2404.429, Bid:,3,85,1,87,1,96,1,Ask:,2,99,1,100,1,
2404.857, Bid:,4,85,1,87,1,96,1,97,1,Ask:,2,99,1,100,1,
2405.143, Bid:,4,85,1,87,1,96,1,97,1,Ask:,3,99,1,100,1,112,1,
2406.143, Bid:,4,85,1,87,1,96,1,98,1,Ask:,3,99,1,100,1,112,1,
2406.714, Bid:,3,85,1,87,1,96,1,Ask:,2,100,1,112,1,
2419.429, Bid:,2,85,1,87,1,Ask:,1,112,1,
2420.000, Bid:,3,85,1,87,1,99,1,Ask:,1,112,1,
2420.714, Bid:,3,85,1,87,1,99,1,Ask:,2,111,1,112,1,
2420.857, Bid:,3,85,1,87,1,99,1,Ask:,2,110,1,112,1,
2421.429, Bid:,3,85,1,87,1,99,1,Ask:,2,109,1,112,1,
2421.857, Bid:,3,85,1,87,1,99,1,Ask:,2,108,1,112,1,
2422.714, Bid:,3,85,1,87,1,99,1,Ask:,2,107,1,112,1,
2423.286, Bid:,3,85,1,87,1,99,1,Ask:,2,106,1,112,1,
2423.857, Bid:,3,85,1,87,1,99,1,Ask:,2,105,1,112,1,
2424.000, Bid:,3,85,1,87,1,99,1,Ask:,3,104,1,105,1,112,1,
2424.143, Bid:,3,85,1,87,1,99,1,Ask:,3,103,1,104,1,112,1,
2425.000, Bid:,3,85,1,87,1,99,1,Ask:,3,102,1,103,1,112,1,
2425.571, Bid:,3,85,1,87,1,99,1,Ask:,3,101,1,102,1,112,1,
2425.857, Bid:,3,85,1,87,1,99,1,Ask:,3,100,1,101,1,112,1,
2426.714, Bid:,2,85,1,87,1,Ask:,2,100,1,112,1,
2429.571, Bid:,2,85,1,87,1,Ask:,2,99,1,112,1,
2434.571, Bid:,2,85,1,87,1,Ask:,1,99,1,
2435.143, Bid:,2,85,1,87,1,Ask:,2,99,1,113,1,
2435.429, Bid:,3,85,1,87,1,88,1,Ask:,2,99,1,113,1,
2435.857, Bid:,3,85,1,87,1,89,1,Ask:,2,99,1,113,1,
2436.000, Bid:,3,85,1,87,1,90,1,Ask:,2,99,1,113,1,
2438.714, Bid:,3,85,1,87,1,91,1,Ask:,2,99,1,113,1,
2438.857, Bid:,3,85,1,87,1,92,1,Ask:,2,99,1,113,1,
2440.000, Bid:,3,85,1,87,1,93,1,Ask:,2,99,1,113,1,
2441.571, Bid:,3,85,1,87,1,94,1,Ask:,2,99,1,113,1,
2445.429, Bid:,3,85,1,87,1,95,1,Ask:,2,99,1,113,1,
2445.714, Bid:,3,85,1,87,1,96,1,Ask:,2,99,1,113,1,
2446.429, Bid:,3,85,1,87,1,97,1,Ask:,2,99,1,113,1,
2446.571, Bid:,3,85,1,87,1,98,1,Ask:,2,99,1,113,1,
2447.143, Bid:,2,85,1,87,1,Ask:,1,113,1,
2449.571, Bid:,1,87,1,Ask:,1,113,1,
2450.000, Bid:,2,87,1,99,1,Ask:,1,113,1,
2450.571, Bid:,2,87,1,99,1,Ask:,2,112,1,113,1,
2450.714, Bid:,3,87,1,88,1,99,1,Ask:,2,112,1,113,1,
2452.000, Bid:,3,87,1,88,1,99,1,Ask:,2,111,1,113,1,
2452.714, Bid:,3,87,1,88,1,99,1,Ask:,2,110,1,113,1,
2453.429, Bid:,3,87,1,88,1,99,1,Ask:,2,109,1,113,1,
2453.857, Bid:,3,87,1,88,1,99,1,Ask:,2,108,1,113,1,
2454.286, Bid:,3,87,1,88,1,99,1,Ask:,2,107,1,113,1,
2456.571, Bid:,3,87,1,88,1,99,1,Ask:,2,106,1,113,1,
2456.714, Bid:,3,87,1,88,1,99,1,Ask:,2,105,1,113,1,
2457.857, Bid:,3,87,1,88,1,99,1,Ask:,2,104,1,113,1,
2464.714, Bid:,3,87,1,88,1,99,1,Ask:,3,103,1,104,1,113,1,
2465.000, Bid:,3,87,1,88,1,99,2,Ask:,3,103,1,104,1,113,1,
2465.286, Bid:,3,87,1,88,1,99,2,Ask:,3,102,1,104,1,113,1,
2468.714, Bid:,3,87,1,88,1,99,2,Ask:,3,101,1,104,1,113,1,
2468.857, Bid:,3,87,1,88,1,99,2,Ask:,3,100,1,104,1,113,1,
2470.429, Bid:,3,87,1,88,1,99,1,Ask:,2,104,1,113,1,
2479.714, Bid:,2,87,1,99,1,Ask:,1,104,1,
2480.000, Bid:,3,87,1,94,1,99,1,Ask:,1,104,1,
2480.857, Bid:,3,87,1,94,1,99,1,Ask:,2,103,1,104,1,
2482.143, Bid:,3,87,1,94,1,99,1,Ask:,2,102,1,104,1,
2482.286, Bid:,3,87,1,94,1,99,1,Ask:,2,101,1,104,1,
2482.429, Bid:,3,87,1,94,1,99,1,Ask:,3,101,1,104,1,105,1,
2482.571, Bid:,3,87,1,94,1,99,1,Ask:,3,100,1,104,1,105,1,
2483.714, Bid:,2,87,1,94,1,Ask:,2,104,1,105,1,
2494.857, Bid:,2,87,1,94,1,Ask:,1,104,1,
2495.000, Bid:,2,87,1,94,1,Ask:,2,104,1,108,1,
2497.286, Bid:,3,87,1,94,1,99,1,Ask:,2,104,1,108,1,
2509.857, Bid:,3,87,1,94,1,99,1,Ask:,1,108,1,
2509.857, Bid:,3,87,1,94,1,99,2,Ask:,1,108,1,
2510.143, Bid:,3,87,1,94,1,99,1,Ask:,1,108,1,
2510.143, Bid:,3,87,1,94,1,99,2,Ask:,1,108,1,
2510.286, Bid:,3,87,1,94,1,99,2,Ask:,2,107,1,108,1,
2514.857, Bid:,3,87,1,94,1,99,2,Ask:,2,106,1,108,1,
2517.286, Bid:,3,87,1,94,1,99,2,Ask:,2,105,1,108,1,
2518.000, Bid:,3,87,1,94,1,99,2,Ask:,2,104,1,108,1,
2519.286, Bid:,3,87,1,94,1,99,2,Ask:,2,103,1,108,1,
2519.714, Bid:,3,87,1,94,1,99,2,Ask:,2,102,1,108,1,
2519.857, Bid:,3,87,1,94,1,99,2,Ask:,2,101,1,108,1,
2521.714, Bid:,3,87,1,94,1,99,2,Ask:,2,100,1,108,1,
2521.857, Bid:,3,87,1,94,1,99,1,Ask:,1,108,1,
2525.000, Bid:,3,87,1,94,1,99,1,Ask:,0,
2525.143, Bid:,3,87,1,94,1,100,1,Ask:,0,
2525.286, Bid:,3,87,1,94,1,101,1,Ask:,0,
2525.714, Bid:,3,87,1,94,1,101,1,Ask:,1,106,1,
2526.143, Bid:,3,87,1,94,1,99,1,Ask:,1,106,1,
2527.143, Bid:,4,87,1,94,1,96,1,99,1,Ask:,1,106,1,
2540.000, Bid:,3,87,1,96,1,99,1,Ask:,1,106,1,
2540.000, Bid:,3,87,1,96,1,99,1,Ask:,2,105,1,106,1,
2540.286, Bid:,2,87,1,96,1,Ask:,1,105,1,
2540.286, Bid:,2,87,1,96,1,Ask:,2,105,1,112,1,
2540.429, Bid:,2,87,1,96,1,Ask:,2,99,1,112,1,
2542.000, Bid:,3,87,1,94,1,96,1,Ask:,2,99,1,112,1,
2542.429, Bid:,4,87,1,94,1,96,1,97,1,Ask:,2,99,1,112,1,
2543.143, Bid:,4,87,1,94,1,96,1,98,1,Ask:,2,99,1,112,1,
2543.286, Bid:,3,87,1,94,1,96,1,Ask:,1,112,1,
2555.143, Bid:,2,87,1,96,1,Ask:,1,112,1,
2555.429, Bid:,3,87,1,95,1,96,1,Ask:,1,112,1,
2557.429, Bid:,3,87,1,95,1,96,1,Ask:,2,99,1,112,1,
2570.143, Bid:,2,87,1,95,1,Ask:,2,99,1,112,1,
2570.429, Bid:,1,87,1,Ask:,1,99,1,
2570.429, Bid:,1,87,1,Ask:,2,99,1,107,1,
2570.857, Bid:,2,87,1,88,1,Ask:,2,99,1,107,1,
2571.000, Bid:,2,87,1,88,1,Ask:,2,99,2,107,1,
2571.429, Bid:,2,87,1,89,1,Ask:,2,99,2,107,1,
2572.429, Bid:,2,87,1,90,1,Ask:,2,99,2,107,1,
2572.571, Bid:,3,87,1,90,1,91,1,Ask:,2,99,2,107,1,
2573.429, Bid:,3,87,1,91,1,92,1,Ask:,2,99,2,107,1,
2573.857, Bid:,3,87,1,91,1,93,1,Ask:,2,99,2,107,1,
2574.143, Bid:,3,87,1,93,1,94,1,Ask:,2,99,2,107,1,
2575.429, Bid:,3,87,1,93,1,95,1,Ask:,2,99,2,107,1,
2576.429, Bid:,3,87,1,93,1,96,1,Ask:,2,99,2,107,1,
2577.429, Bid:,3,87,1,93,1,97,1,Ask:,2,99,2,107,1,
2578.429, Bid:,3,87,1,93,1,98,1,Ask:,2,99,2,107,1,
2579.286, Bid:,2,87,1,93,1,Ask:,2,99,1,107,1,
2585.286, Bid:,2,87,1,93,1,Ask:,1,107,1,
2585.429, Bid:,2,87,1,93,1,Ask:,2,99,1,107,1,
2587.143, Bid:,3,87,1,93,1,94,1,Ask:,2,99,1,107,1,
2588.571, Bid:,3,87,1,93,1,95,1,Ask:,2,99,1,107,1,
2589.286, Bid:,3,87,1,93,1,96,1,Ask:,2,99,1,107,1,
2589.429, Bid:,3,87,1,93,1,97,1,Ask:,2,99,1,107,1,
2589.571, Bid:,3,87,1,93,1,98,1,Ask:,2,99,1,107,1,
2589.857, Bid:,2,87,1,93,1,Ask:,1,107,1,
2600.571, Bid:,2,87,1,93,1,Ask:,2,99,1,107,1,
2600.714, Bid:,2,87,1,93,1,Ask:,2,99,2,107,1,
2601.429, Bid:,3,87,1,93,1,94,1,Ask:,2,99,2,107,1,
2602.000, Bid:,3,87,1,93,1,95,1,Ask:,2,99,2,107,1,
2602.143, Bid:,3,87,1,93,1,96,1,Ask:,2,99,2,107,1,
2603.857, Bid:,3,87,1,93,1,97,1,Ask:,2,99,2,107,1,
2604.000, Bid:,3,87,1,93,1,98,1,Ask:,2,99,2,107,1,
2606.286, Bid:,2,87,1,93,1,Ask:,2,99,1,107,1,
2615.429, Bid:,2,87,1,93,1,Ask:,1,107,1,
2615.429, Bid:,2,87,1,93,1,Ask:,2,99,1,107,1,
2616.571, Bid:,3,87,1,93,1,94,1,Ask:,2,99,1,107,1,
2617.714, Bid:,3,87,1,93,1,95,1,Ask:,2,99,1,107,1,
2619.571, Bid:,3,87,1,93,1,96,1,Ask:,2,99,1,107,1,
2620.857, Bid:,3,87,1,93,1,97,1,Ask:,2,99,1,107,1,
2621.286, Bid:,3,87,1,93,1,98,1,Ask:,2,99,1,107,1,
2622.143, Bid:,2,87,1,93,1,Ask:,1,107,1,
2630.429, Bid:,1,87,1,Ask:,0,
2631.000, Bid:,2,87,1,88,1,Ask:,0,
2631.286, Bid:,2,87,1,88,1,Ask:,1,113,1,
2631.429, Bid:,2,87,1,99,1,Ask:,1,113,1,
2634.000, Bid:,3,87,1,91,1,99,1,Ask:,1,113,1,
2645.857, Bid:,3,87,1,91,1,99,2,Ask:,1,113,1,
2647.000, Bid:,3,87,1,91,1,99,2,Ask:,2,112,1,113,1,
2647.143, Bid:,3,87,1,91,1,99,2,Ask:,2,111,1,113,1,
2648.571, Bid:,3,87,1,91,1,99,2,Ask:,2,110,1,113,1,
2648.857, Bid:,3,87,1,91,1,99,2,Ask:,2,109,1,113,1,
2649.143, Bid:,3,87,1,91,1,99,2,Ask:,2,108,1,113,1,
2650.143, Bid:,3,87,1,91,1,99,2,Ask:,2,107,1,113,1,
2650.857, Bid:,3,87,1,91,1,99,2,Ask:,2,106,1,113,1,
2651.429, Bid:,3,87,1,91,1,99,2,Ask:,2,105,1,113,1,
2652.714, Bid:,3,87,1,91,1,99,2,Ask:,2,104,1,113,1,
2653.286, Bid:,3,87,1,91,1,99,2,Ask:,2,103,1,113,1,
2653.714, Bid:,3,87,1,91,1,99,2,Ask:,2,102,1,113,1,
2654.429, Bid:,3,87,1,91,1,99,2,Ask:,2,101,1,113,1,
2656.714, Bid:,3,87,1,91,1,99,2,Ask:,2,100,1,113,1,
2657.286, Bid:,3,87,1,91,1,99,1,Ask:,1,113,1,
2660.571, Bid:,2,87,1,99,1,Ask:,1,113,1,
2660.857, Bid:,1,87,1,Ask:,1,113,1,
2660.857, Bid:,1,87,1,Ask:,2,103,1,113,1,
2661.286, Bid:,2,87,1,99,1,Ask:,2,103,1,113,1,
2661.857, Bid:,2,87,1,99,1,Ask:,3,102,1,103,1,113,1,
2663.286, Bid:,2,87,1,99,1,Ask:,3,101,1,103,1,113,1,
2663.857, Bid:,2,87,1,99,1,Ask:,3,100,1,103,1,113,1,
2664.714, Bid:,1,87,1,Ask:,2,103,1,113,1,
2667.571, Bid:,2,87,1,88,1,Ask:,2,103,1,113,1,
2675.714, Bid:,1,87,1,Ask:,1,103,1,
2676.429, Bid:,2,87,1,89,1,Ask:,1,103,1,
2676.857, Bid:,2,87,1,89,1,Ask:,2,103,1,114,1,
2690.714, Bid:,2,87,1,89,1,Ask:,1,114,1,
2691.000, Bid:,1,87,1,Ask:,1,114,1,
2691.000, Bid:,1,87,1,Ask:,2,99,1,114,1,
2691.286, Bid:,2,87,1,88,1,Ask:,2,99,1,114,1,
2691.571, Bid:,3,86,1,87,1,88,1,Ask:,2,99,1,114,1,
2692.857, Bid:,3,86,1,87,1,89,1,Ask:,2,99,1,114,1,
2693.429, Bid:,3,86,1,87,1,90,1,Ask:,2,99,1,114,1,
2696.429, Bid:,3,86,1,87,1,91,1,Ask:,2,99,1,114,1,
2696.857, Bid:,3,86,1,87,1,92,1,Ask:,2,99,1,114,1,
2697.286, Bid:,3,86,1,87,1,93,1,Ask:,2,99,1,114,1,
2698.571, Bid:,3,86,1,87,1,94,1,Ask:,2,99,1,114,1,
2699.714, Bid:,3,86,1,87,1,95,1,Ask:,2,99,1,114,1,
2699.857, Bid:,3,86,1,87,1,96,1,Ask:,2,99,1,114,1,
2700.143, Bid:,3,86,1,87,1,97,1,Ask:,2,99,1,114,1,
2700.286, Bid:,3,86,1,87,1,98,1,Ask:,2,99,1,114,1,
2700.571, Bid:,2,86,1,87,1,Ask:,1,114,1,
2706.143, Bid:,3,86,1,87,1,99,1,Ask:,1,114,1,
2706.286, Bid:,3,86,1,87,1,99,1,Ask:,2,113,1,114,1,
2706.571, Bid:,3,86,1,87,1,99,1,Ask:,2,112,1,114,1,
2706.714, Bid:,3,86,1,87,1,99,1,Ask:,2,111,1,114,1,
2706.857, Bid:,3,86,1,87,1,99,1,Ask:,2,110,1,114,1,
2707.429, Bid:,3,86,1,87,1,99,1,Ask:,2,109,1,114,1,
2709.571, Bid:,3,86,1,87,1,99,1,Ask:,2,108,1,114,1,
2710.429, Bid:,3,86,1,87,1,99,1,Ask:,2,107,1,114,1,
2711.429, Bid:,3,86,1,87,1,99,1,Ask:,2,106,1,114,1,
2712.000, Bid:,3,86,1,87,1,99,1,Ask:,2,105,1,114,1,
2712.429, Bid:,3,86,1,87,1,99,1,Ask:,2,104,1,114,1,
2712.714, Bid:,3,86,1,87,1,99,1,Ask:,2,103,1,114,1,
2712.857, Bid:,3,86,1,87,1,99,1,Ask:,2,102,1,114,1,
2714.000, Bid:,3,86,1,87,1,99,1,Ask:,2,101,1,114,1,
2715.429, Bid:,3,86,1,87,1,99,1,Ask:,2,100,1,114,1,
2715.571, Bid:,2,86,1,87,1,Ask:,1,114,1,
2720.857, Bid:,2,86,1,87,1,Ask:,0,
2721.143, Bid:,3,86,1,87,1,88,1,Ask:,0,
2721.286, Bid:,3,86,1,87,1,88,1,Ask:,1,105,1,
2721.429, Bid:,3,86,1,87,1,99,1,Ask:,1,105,1,
2722.571, Bid:,3,86,1,87,1,99,1,Ask:,2,105,1,114,1,
2736.000, Bid:,2,87,1,99,1,Ask:,1,105,1,
2736.143, Bid:,3,86,1,87,1,99,1,Ask:,1,105,1,
2736.286, Bid:,3,86,1,87,1,99,1,Ask:,2,105,1,110,1,
2751.143, Bid:,4,86,1,87,1,97,1,99,1,Ask:,2,105,1,110,1,
2751.286, Bid:,3,86,1,87,1,99,1,Ask:,1,105,1,
2751.286, Bid:,3,86,1,87,1,99,1,Ask:,2,105,1,115,1,
2751.857, Bid:,3,86,1,87,1,99,2,Ask:,2,105,1,115,1,
2752.857, Bid:,3,86,1,87,1,99,2,Ask:,3,104,1,105,1,115,1,
2753.571, Bid:,3,86,1,87,1,99,2,Ask:,3,103,1,105,1,115,1,
2753.857, Bid:,3,86,1,87,1,99,2,Ask:,3,102,1,105,1,115,1,
2754.143, Bid:,3,86,1,87,1,99,2,Ask:,3,101,1,105,1,115,1,
2754.286, Bid:,3,86,1,87,1,99,2,Ask:,3,100,1,105,1,115,1,
2754.429, Bid:,3,86,1,87,1,99,1,Ask:,2,105,1,115,1,
2766.143, Bid:,2,87,1,99,1,Ask:,2,105,1,115,1,
2766.429, Bid:,3,87,1,93,1,99,1,Ask:,2,105,1,115,1,
2766.571, Bid:,3,87,1,93,1,99,1,Ask:,3,104,1,105,1,115,1,
2767.286, Bid:,3,87,1,93,1,99,1,Ask:,3,103,1,105,1,115,1,
2767.429, Bid:,3,87,1,93,1,99,1,Ask:,3,102,1,105,1,115,1,
2768.429, Bid:,3,87,1,93,1,99,1,Ask:,3,101,1,105,1,115,1,
2770.714, Bid:,3,87,1,93,1,99,1,Ask:,3,100,1,105,1,115,1,
2771.143, Bid:,2,87,1,93,1,Ask:,2,105,1,115,1,
2781.143, Bid:,2,87,1,93,1,Ask:,1,115,1,
2781.429, Bid:,3,87,1,93,1,99,1,Ask:,1,115,1,
2781.571, Bid:,3,87,1,93,1,99,1,Ask:,2,114,1,115,1,
2782.143, Bid:,3,87,1,93,1,99,2,Ask:,2,114,1,115,1,
2786.286, Bid:,3,87,1,93,1,99,2,Ask:,2,113,1,115,1,
2786.714, Bid:,3,87,1,93,1,99,2,Ask:,2,112,1,115,1,
2789.000, Bid:,3,87,1,93,1,99,2,Ask:,2,111,1,115,1,
2789.143, Bid:,3,87,1,93,1,99,2,Ask:,2,110,1,115,1,
2791.143, Bid:,3,87,1,93,1,99,2,Ask:,2,109,1,115,1,
2794.429, Bid:,3,87,1,93,1,99,2,Ask:,2,108,1,115,1,
2794.714, Bid:,3,87,1,93,1,99,2,Ask:,2,107,1,115,1,
2795.143, Bid:,3,87,1,93,1,99,2,Ask:,2,106,1,115,1,
2795.571, Bid:,3,87,1,93,1,99,2,Ask:,2,105,1,115,1,
2795.714, Bid:,3,87,1,93,1,99,2,Ask:,2,104,1,115,1,
2796.143, Bid:,3,87,1,93,1,99,2,Ask:,2,103,1,115,1,
2796.286, Bid:,2,87,1,99,2,Ask:,2,103,1,115,1,
2796.429, Bid:,3,87,1,95,1,99,2,Ask:,2,103,1,115,1,
2797.143, Bid:,3,87,1,95,1,99,2,Ask:,2,102,1,115,1,
2797.429, Bid:,3,87,1,95,1,99,2,Ask:,3,101,1,102,1,115,1,
2798.286, Bid:,3,87,1,95,1,99,2,Ask:,2,101,2,115,1,
2798.571, Bid:,3,87,1,95,1,99,2,Ask:,3,100,1,101,1,115,1,
2798.857, Bid:,3,87,1,95,1,99,1,Ask:,2,101,1,115,1,
2811.286, Bid:,2,87,1,95,1,Ask:,1,101,1,
2811.571, Bid:,1,87,1,Ask:,0,
2811.571, Bid:,1,87,1,Ask:,1,104,1,
2812.286, Bid:,2,87,1,94,1,Ask:,1,104,1,
2813.143, Bid:,2,87,1,94,1,Ask:,2,104,1,115,1,
2813.429, Bid:,3,87,1,94,1,99,1,Ask:,2,104,1,115,1,
2826.857, Bid:,4,87,1,94,1,98,1,99,1,Ask:,2,104,1,115,1,
2827.143, Bid:,4,87,1,94,1,98,1,99,1,Ask:,3,103,1,104,1,115,1,
2827.429, Bid:,4,87,1,94,1,98,1,99,1,Ask:,3,102,1,104,1,115,1,
2828.000, Bid:,4,87,1,94,1,98,1,99,1,Ask:,3,101,1,104,1,115,1,
2829.143, Bid:,4,87,1,94,1,98,1,99,1,Ask:,3,100,1,104,1,115,1,
2831.857, Bid:,3,87,1,94,1,98,1,Ask:,2,104,1,115,1,
2841.429, Bid:,3,87,1,94,1,98,1,Ask:,1,104,1,
2841.429, Bid:,3,87,1,94,1,98,1,Ask:,2,104,1,105,1,
2841.714, Bid:,2,87,1,94,1,Ask:,1,104,1,
2842.143, Bid:,2,87,1,94,1,Ask:,2,104,1,110,1,
2843.714, Bid:,3,87,1,94,1,99,1,Ask:,2,104,1,110,1,
2845.286, Bid:,3,87,1,94,1,99,2,Ask:,2,104,1,110,1,
2856.571, Bid:,2,87,1,99,2,Ask:,1,110,1,
2857.143, Bid:,2,87,1,99,2,Ask:,2,109,1,110,1,
2857.429, Bid:,2,87,1,99,2,Ask:,2,108,1,110,1,
2857.571, Bid:,3,87,1,88,1,99,2,Ask:,2,108,1,110,1,
2860.857, Bid:,3,87,1,88,1,99,2,Ask:,2,107,1,110,1,
2861.143, Bid:,3,87,1,88,1,99,2,Ask:,2,106,1,110,1,
2861.857, Bid:,3,87,1,88,1,99,2,Ask:,2,105,1,110,1,
2865.143, Bid:,3,87,1,88,1,99,2,Ask:,2,104,1,110,1,
2868.286, Bid:,3,87,1,88,1,99,2,Ask:,2,103,1,110,1,
2869.714, Bid:,3,87,1,88,1,99,2,Ask:,2,102,1,110,1,
2870.286, Bid:,3,87,1,88,1,99,2,Ask:,2,101,1,110,1,
2871.571, Bid:,3,87,1,88,1,99,1,Ask:,2,101,1,110,1,
2871.571, Bid:,3,87,1,88,1,99,1,Ask:,2,100,1,110,1,
2871.857, Bid:,2,87,1,88,1,Ask:,1,110,1,
2872.571, Bid:,3,87,1,88,1,95,1,Ask:,1,110,1,
2872.714, Bid:,3,87,1,88,1,95,1,Ask:,2,99,1,110,1,
2872.857, Bid:,3,87,1,88,1,95,1,Ask:,2,99,2,110,1,
2873.000, Bid:,4,87,1,88,1,95,1,96,1,Ask:,2,99,2,110,1,
2875.143, Bid:,4,87,1,88,1,95,1,97,1,Ask:,2,99,2,110,1,
2875.857, Bid:,4,87,1,88,1,95,1,98,1,Ask:,2,99,2,110,1,
2876.143, Bid:,3,87,1,88,1,95,1,Ask:,2,99,1,110,1,
2886.714, Bid:,3,87,1,88,1,95,1,Ask:,1,99,1,
2887.143, Bid:,3,87,1,88,1,95,1,Ask:,2,99,1,111,1,
2887.429, Bid:,4,87,1,88,1,95,1,96,1,Ask:,2,99,1,111,1,
2888.857, Bid:,4,87,1,88,1,95,1,97,1,Ask:,2,99,1,111,1,
2889.000, Bid:,4,87,1,88,1,95,1,98,1,Ask:,2,99,1,111,1,
2890.000, Bid:,3,87,1,88,1,95,1,Ask:,1,111,1,
2901.714, Bid:,2,87,1,95,1,Ask:,1,111,1,
2901.714, Bid:,2,87,1,95,1,Ask:,2,99,1,111,1,
2902.000, Bid:,2,87,1,95,1,Ask:,1,111,1,
2902.143, Bid:,2,87,1,95,1,Ask:,2,99,1,111,1,
2902.714, Bid:,3,87,1,95,1,96,1,Ask:,2,99,1,111,1,
2904.714, Bid:,3,87,1,95,1,97,1,Ask:,2,99,1,111,1,
2905.857, Bid:,3,87,1,95,1,98,1,Ask:,2,99,1,111,1,
2906.857, Bid:,4,87,1,93,1,95,1,98,1,Ask:,2,99,1,111,1,
2908.429, Bid:,3,87,1,93,1,95,1,Ask:,1,111,1,
2916.857, Bid:,2,87,1,95,1,Ask:,1,111,1,
2916.857, Bid:,3,87,1,90,1,95,1,Ask:,1,111,1,
2917.000, Bid:,3,87,1,90,1,95,1,Ask:,2,102,1,111,1,
2931.857, Bid:,2,87,1,90,1,Ask:,1,102,1,
2932.143, Bid:,2,87,1,90,1,Ask:,2,102,1,105,1,
2932.286, Bid:,3,87,1,90,1,99,1,Ask:,2,102,1,105,1,
2933.143, Bid:,3,87,1,90,1,99,2,Ask:,2,102,1,105,1,
2937.429, Bid:,3,87,1,90,1,99,2,Ask:,3,101,1,102,1,105,1,
2940.286, Bid:,3,87,1,90,1,99,2,Ask:,3,100,1,102,1,105,1,
2941.429, Bid:,3,87,1,90,1,99,1,Ask:,2,102,1,105,1,
2947.000, Bid:,2,87,1,90,1,Ask:,1,102,1,
2947.000, Bid:,3,87,1,90,1,98,1,Ask:,1,102,1,
2948.000, Bid:,3,87,1,90,1,98,1,Ask:,2,102,1,106,1,
2962.000, Bid:,2,87,1,98,1,Ask:,1,106,1,
2962.143, Bid:,3,87,1,93,1,98,1,Ask:,1,106,1,
2962.286, Bid:,2,87,1,98,1,Ask:,1,106,1,
2962.286, Bid:,3,87,1,91,1,98,1,Ask:,1,106,1,
2964.286, Bid:,3,87,1,91,1,98,1,Ask:,2,99,1,106,1,
2977.143, Bid:,3,87,1,91,1,98,1,Ask:,1,99,1,
2978.143, Bid:,3,87,1,91,1,98,1,Ask:,0,
2980.000, Bid:,3,87,1,91,1,98,1,Ask:,1,108,1,
2992.143, Bid:,2,87,1,91,1,Ask:,1,108,1,
2992.429, Bid:,1,87,1,Ask:,1,108,1,
2992.714, Bid:,1,87,1,Ask:,2,99,1,108,1,
2992.857, Bid:,1,87,1,Ask:,2,99,2,108,1,
2993.143, Bid:,2,87,1,88,1,Ask:,2,99,2,108,1,
2994.000, Bid:,2,87,1,88,2,Ask:,2,99,2,108,1,
2994.857, Bid:,3,87,1,88,1,89,1,Ask:,2,99,2,108,1,
2997.429, Bid:,3,87,1,88,1,90,1,Ask:,2,99,2,108,1,
2998.000, Bid:,3,87,1,88,1,91,1,Ask:,2,99,2,108,1,
2998.143, Bid:,3,87,1,88,1,92,1,Ask:,2,99,2,108,1,
2998.571, Bid:,3,87,1,88,1,93,1,Ask:,2,99,2,108,1,
2998.857, Bid:,3,87,1,88,1,94,1,Ask:,2,99,2,108,1,
3001.857, Bid:,3,87,1,88,1,95,1,Ask:,2,99,2,108,1,
3002.571, Bid:,3,87,1,88,1,96,1,Ask:,2,99,2,108,1,
3002.857, Bid:,3,87,1,88,1,97,1,Ask:,2,99,2,108,1,
3003.571, Bid:,3,87,1,88,1,98,1,Ask:,2,99,2,108,1,
3003.714, Bid:,2,87,1,88,1,Ask:,2,99,1,108,1,
3007.286, Bid:,2,87,1,88,1,Ask:,1,99,1,
3007.286, Bid:,2,87,1,88,1,Ask:,2,99,1,106,1,
3008.143, Bid:,3,87,1,88,1,89,1,Ask:,2,99,1,106,1,
3010.714, Bid:,3,87,1,88,1,90,1,Ask:,2,99,1,106,1,
3011.286, Bid:,3,87,1,88,1,91,1,Ask:,2,99,1,106,1,
3013.000, Bid:,3,87,1,88,1,92,1,Ask:,2,99,1,106,1,
3013.143, Bid:,3,87,1,88,1,93,1,Ask:,2,99,1,106,1,
3013.429, Bid:,3,87,1,88,1,94,1,Ask:,2,99,1,106,1,
3014.571, Bid:,3,87,1,88,1,95,1,Ask:,2,99,1,106,1,
3014.714, Bid:,3,87,1,88,1,96,1,Ask:,2,99,1,106,1,
3015.000, Bid:,3,87,1,88,1,97,1,Ask:,2,99,1,106,1,
3015.143, Bid:,3,87,1,88,1,98,1,Ask:,2,99,1,106,1,
3015.714, Bid:,2,87,1,88,1,Ask:,1,106,1,
3022.429, Bid:,2,87,1,88,1,Ask:,2,99,1,106,1,
3022.571, Bid:,2,87,1,88,1,Ask:,1,106,1,
3022.571, Bid:,2,87,1,88,1,Ask:,2,99,1,106,1,
3023.000, Bid:,3,87,1,88,1,89,1,Ask:,2,99,1,106,1,
3023.571, Bid:,4,87,1,88,1,89,1,90,1,Ask:,2,99,1,106,1,
3025.143, Bid:,4,87,1,88,1,90,1,91,1,Ask:,2,99,1,106,1,
3025.429, Bid:,4,87,1,88,1,90,1,92,1,Ask:,2,99,1,106,1,
3026.143, Bid:,4,87,1,88,1,92,1,93,1,Ask:,2,99,1,106,1,
3026.571, Bid:,4,87,1,88,1,93,1,94,1,Ask:,2,99,1,106,1,
3026.714, Bid:,4,87,1,88,1,94,1,95,1,Ask:,2,99,1,106,1,
3027.000, Bid:,4,87,1,88,1,94,1,96,1,Ask:,2,99,1,106,1,
3027.429, Bid:,4,87,1,88,1,96,1,97,1,Ask:,2,99,1,106,1,
3027.714, Bid:,4,87,1,88,1,96,1,98,1,Ask:,2,99,1,106,1,
3028.286, Bid:,3,87,1,88,1,96,1,Ask:,1,106,1,
3029.000, Bid:,3,87,1,88,1,99,1,Ask:,1,106,1,
3037.429, Bid:,2,87,1,99,1,Ask:,1,106,1,
3037.571, Bid:,3,87,1,88,1,99,1,Ask:,1,106,1,
3039.429, Bid:,3,87,1,88,1,99,1,Ask:,2,105,1,106,1,
3040.000, Bid:,3,87,1,88,1,99,1,Ask:,2,104,1,106,1,
3052.429, Bid:,2,87,1,88,1,Ask:,1,104,1,
3053.000, Bid:,2,87,1,88,1,Ask:,2,104,1,110,1,
3054.429, Bid:,3,87,1,88,1,96,1,Ask:,2,104,1,110,1,
3067.571, Bid:,3,87,1,88,1,96,1,Ask:,1,110,1,
3067.857, Bid:,3,87,1,88,1,96,1,Ask:,2,105,1,110,1,
3068.143, Bid:,4,87,1,88,1,96,1,99,1,Ask:,2,105,1,110,1,
3082.571, Bid:,3,87,1,96,1,99,1,Ask:,2,105,1,110,1,
3082.714, Bid:,3,87,1,96,1,99,1,Ask:,3,104,1,105,1,110,1,
3082.857, Bid:,3,87,1,96,1,99,1,Ask:,2,104,1,105,1,
3082.857, Bid:,3,87,1,96,1,99,1,Ask:,2,103,1,105,1,
3083.286, Bid:,3,87,1,96,1,99,1,Ask:,2,103,1,105,2,
3083.429, Bid:,3,87,1,96,1,99,1,Ask:,2,102,1,105,2,
3083.571, Bid:,4,87,1,92,1,96,1,99,1,Ask:,2,102,1,105,2,
3084.714, Bid:,4,87,1,92,1,96,1,99,1,Ask:,2,101,1,105,2,
3084.857, Bid:,4,87,1,92,1,96,1,99,1,Ask:,2,100,1,105,2,
3085.286, Bid:,3,87,1,92,1,96,1,Ask:,1,105,2,
3097.714, Bid:,2,87,1,92,1,Ask:,1,105,2,
3097.714, Bid:,3,87,1,92,1,96,1,Ask:,1,105,2,
3098.714, Bid:,3,87,1,92,1,96,1,Ask:,2,99,1,105,2,
3112.714, Bid:,3,87,1,92,1,96,1,Ask:,2,99,1,105,1,
3112.714, Bid:,3,87,1,92,1,96,1,Ask:,3,99,1,104,1,105,1,
3113.000, Bid:,3,87,1,92,1,96,1,Ask:,2,99,1,105,1,
3113.000, Bid:,4,87,1,92,1,96,1,97,1,Ask:,2,99,1,105,1,
3113.143, Bid:,4,87,1,92,1,96,1,97,1,Ask:,2,99,2,105,1,
3113.571, Bid:,4,87,1,92,1,96,1,98,1,Ask:,2,99,2,105,1,
3113.714, Bid:,3,87,1,92,1,96,1,Ask:,2,99,1,105,1,
3127.857, Bid:,2,87,1,92,1,Ask:,2,99,1,105,1,
3127.857, Bid:,2,87,1,92,1,Ask:,2,99,2,105,1,
3128.571, Bid:,3,87,1,92,1,93,1,Ask:,2,99,2,105,1,
3128.714, Bid:,3,87,1,92,1,94,1,Ask:,2,99,2,105,1,
3130.714, Bid:,3,87,1,92,1,95,1,Ask:,2,99,2,105,1,
3131.571, Bid:,3,87,1,92,1,96,1,Ask:,2,99,2,105,1,
3133.429, Bid:,3,87,1,92,1,97,1,Ask:,2,99,2,105,1,
3133.571, Bid:,3,87,1,92,1,98,1,Ask:,2,99,2,105,1,
3133.714, Bid:,2,87,1,92,1,Ask:,2,99,1,105,1,
3142.857, Bid:,1,87,1,Ask:,1,99,1,
3142.857, Bid:,1,87,1,Ask:,2,99,1,109,1,
3143.143, Bid:,1,87,1,Ask:,1,99,1,
3143.571, Bid:,2,87,1,88,1,Ask:,1,99,1,
3145.143, Bid:,2,87,1,88,1,Ask:,2,99,1,111,1,
3145.286, Bid:,2,87,1,89,1,Ask:,2,99,1,111,1,
3148.429, Bid:,2,87,1,90,1,Ask:,2,99,1,111,1,
3149.286, Bid:,2,87,1,91,1,Ask:,2,99,1,111,1,
3158.000, Bid:,3,87,1,91,1,92,1,Ask:,2,99,1,111,1,
3158.714, Bid:,3,87,1,91,1,93,1,Ask:,2,99,1,111,1,
3159.000, Bid:,3,87,1,91,1,93,1,Ask:,3,99,1,102,1,111,1,
3161.143, Bid:,3,87,1,91,1,94,1,Ask:,3,99,1,102,1,111,1,
3163.286, Bid:,3,87,1,91,1,95,1,Ask:,3,99,1,102,1,111,1,
3164.714, Bid:,3,87,1,91,1,96,1,Ask:,3,99,1,102,1,111,1,
3166.000, Bid:,3,87,1,91,1,97,1,Ask:,3,99,1,102,1,111,1,
3166.571, Bid:,3,87,1,91,1,98,1,Ask:,3,99,1,102,1,111,1,
3169.286, Bid:,2,87,1,91,1,Ask:,2,102,1,111,1,
3173.286, Bid:,1,87,1,Ask:,2,102,1,111,1,
3173.429, Bid:,1,87,1,Ask:,3,99,1,102,1,111,1,
3173.571, Bid:,2,87,1,88,1,Ask:,3,99,1,102,1,111,1,
3173.857, Bid:,3,87,1,88,1,89,1,Ask:,3,99,1,102,1,111,1,
3174.000, Bid:,3,87,1,89,1,90,1,Ask:,3,99,1,102,1,111,1,
3174.143, Bid:,3,87,1,90,1,91,1,Ask:,3,99,1,102,1,111,1,
3174.857, Bid:,3,87,1,90,1,92,1,Ask:,3,99,1,102,1,111,1,
3175.857, Bid:,3,87,1,90,1,93,1,Ask:,3,99,1,102,1,111,1,
3176.286, Bid:,3,87,1,93,1,94,1,Ask:,3,99,1,102,1,111,1,
3176.571, Bid:,3,87,1,94,1,95,1,Ask:,3,99,1,102,1,111,1,
3176.714, Bid:,3,87,1,95,1,96,1,Ask:,3,99,1,102,1,111,1,
3177.429, Bid:,3,87,1,95,1,97,1,Ask:,3,99,1,102,1,111,1,
3178.429, Bid:,3,87,1,95,1,98,1,Ask:,3,99,1,102,1,111,1,
3179.143, Bid:,2,87,1,95,1,Ask:,2,102,1,111,1,
3188.143, Bid:,2,87,1,95,1,Ask:,1,111,1,
3188.571, Bid:,3,87,1,95,1,99,1,Ask:,1,111,1,
3188.857, Bid:,3,87,1,95,1,99,1,Ask:,2,110,1,111,1,
3189.286, Bid:,3,87,1,95,1,99,1,Ask:,2,109,1,111,1,
3190.143, Bid:,3,87,1,95,1,99,1,Ask:,2,108,1,111,1,
3190.286, Bid:,3,87,1,95,1,99,1,Ask:,2,107,1,111,1,
3191.286, Bid:,3,87,1,95,1,99,1,Ask:,2,106,1,111,1,
3191.857, Bid:,3,87,1,95,1,99,1,Ask:,2,105,1,111,1,
3192.286, Bid:,3,87,1,95,1,99,1,Ask:,2,104,1,111,1,
3192.429, Bid:,3,87,1,95,1,99,1,Ask:,2,103,1,111,1,
3195.000, Bid:,3,87,1,95,1,99,1,Ask:,2,102,1,111,1,
3196.714, Bid:,3,87,1,95,1,99,1,Ask:,2,101,1,111,1,
3203.143, Bid:,3,87,1,95,1,99,1,Ask:,1,101,1,
3203.143, Bid:,3,87,1,95,1,99,1,Ask:,2,101,1,107,1,
3203.429, Bid:,3,87,1,95,1,99,1,Ask:,1,101,1,
3203.571, Bid:,3,87,1,95,1,99,1,Ask:,2,101,1,113,1,
3205.000, Bid:,4,87,1,95,1,98,1,99,1,Ask:,2,101,1,113,1,
3218.286, Bid:,3,87,1,95,1,98,1,Ask:,1,113,1,
3218.571, Bid:,4,87,1,95,1,98,1,99,1,Ask:,1,113,1,
3218.857, Bid:,4,87,1,95,1,98,1,99,1,Ask:,2,112,1,113,1,
3220.000, Bid:,4,87,1,95,1,98,1,99,1,Ask:,2,111,1,113,1,
3220.429, Bid:,4,87,1,95,1,98,1,99,1,Ask:,2,110,1,113,1,
3222.000, Bid:,4,87,1,95,1,98,1,99,1,Ask:,2,109,1,113,1,
3222.286, Bid:,4,87,1,95,1,98,1,99,1,Ask:,2,108,1,113,1,
3222.571, Bid:,4,87,1,95,1,98,1,99,1,Ask:,2,107,1,113,1,
3223.000, Bid:,4,87,1,95,1,98,1,99,1,Ask:,2,106,1,113,1,
3223.714, Bid:,4,87,1,95,1,98,1,99,1,Ask:,2,105,1,113,1,
3224.714, Bid:,4,87,1,95,1,98,1,99,1,Ask:,2,104,1,113,1,
3225.143, Bid:,4,87,1,95,1,98,1,99,1,Ask:,2,103,1,113,1,
3227.286, Bid:,4,87,1,95,1,98,1,99,1,Ask:,2,102,1,113,1,
3230.714, Bid:,4,87,1,95,1,98,1,99,1,Ask:,2,101,1,113,1,
3232.714, Bid:,4,87,1,95,1,98,1,99,1,Ask:,2,100,1,113,1,
3233.286, Bid:,3,87,1,98,1,99,1,Ask:,2,100,1,113,1,
3233.286, Bid:,2,87,1,98,1,Ask:,2,100,1,113,1,
3233.429, Bid:,3,87,1,94,1,98,1,Ask:,2,100,1,113,1,
3233.571, Bid:,2,87,1,94,1,Ask:,1,100,1,
3234.571, Bid:,3,87,1,94,1,99,1,Ask:,1,100,1,
3235.143, Bid:,3,87,1,94,1,99,1,Ask:,2,100,1,110,1,
3248.429, Bid:,3,87,1,94,1,99,1,Ask:,1,110,1,
3248.571, Bid:,3,87,1,94,1,99,1,Ask:,2,109,1,110,1,
3249.714, Bid:,3,87,1,94,1,99,1,Ask:,2,108,1,110,1,
3249.857, Bid:,3,87,1,94,1,99,1,Ask:,2,107,1,110,1,
3250.143, Bid:,3,87,1,94,1,99,2,Ask:,2,107,1,110,1,
3250.429, Bid:,3,87,1,94,1,99,2,Ask:,2,106,1,110,1,
3252.000, Bid:,3,87,1,94,1,99,2,Ask:,2,105,1,110,1,
3252.714, Bid:,3,87,1,94,1,99,2,Ask:,2,104,1,110,1,
3254.857, Bid:,3,87,1,94,1,99,2,Ask:,2,103,1,110,1,
3255.143, Bid:,3,87,1,94,1,99,2,Ask:,2,102,1,110,1,
3255.571, Bid:,3,87,1,94,1,99,2,Ask:,2,101,1,110,1,
3256.857, Bid:,3,87,1,94,1,99,2,Ask:,2,100,1,110,1,
3257.429, Bid:,3,87,1,94,1,99,1,Ask:,1,110,1,
3263.429, Bid:,2,87,1,99,1,Ask:,1,110,1,
3263.714, Bid:,3,87,1,88,1,99,1,Ask:,1,110,1,
3264.571, Bid:,3,87,1,88,1,99,2,Ask:,1,110,1,
3265.000, Bid:,3,87,1,88,1,99,2,Ask:,2,109,1,110,1,
3265.429, Bid:,3,87,1,88,1,99,2,Ask:,3,108,1,109,1,110,1,
3266.000, Bid:,3,87,1,88,1,99,2,Ask:,3,107,1,109,1,110,1,
3266.143, Bid:,3,87,1,88,1,99,2,Ask:,3,106,1,107,1,110,1,
3266.286, Bid:,3,87,1,88,1,99,2,Ask:,3,105,1,106,1,110,1,
3266.571, Bid:,3,87,1,88,1,99,2,Ask:,3,104,1,105,1,110,1,
3266.857, Bid:,3,87,1,88,1,99,2,Ask:,3,103,1,104,1,110,1,
3268.143, Bid:,3,87,1,88,1,99,2,Ask:,3,102,1,103,1,110,1,
3268.571, Bid:,3,87,1,88,1,99,2,Ask:,3,101,1,102,1,110,1,
3269.143, Bid:,3,87,1,88,1,99,2,Ask:,3,100,1,102,1,110,1,
3270.571, Bid:,3,87,1,88,1,99,1,Ask:,2,102,1,110,1,
3271.286, Bid:,3,87,1,88,1,99,1,Ask:,2,101,1,110,1,
3272.286, Bid:,3,87,1,88,1,99,1,Ask:,2,100,1,110,1,
3272.714, Bid:,2,87,1,88,1,Ask:,1,110,1,
3278.571, Bid:,3,87,1,88,1,99,1,Ask:,1,110,1,
3279.000, Bid:,3,87,1,88,1,99,1,Ask:,2,109,1,110,1,
3279.857, Bid:,3,87,1,88,1,99,1,Ask:,2,108,1,110,1,
3281.571, Bid:,3,87,1,88,1,99,1,Ask:,2,107,1,110,1,
3281.714, Bid:,3,87,1,88,1,99,1,Ask:,2,106,1,110,1,
3284.286, Bid:,3,87,1,88,1,99,1,Ask:,2,105,1,110,1,
3286.000, Bid:,3,87,1,88,1,99,1,Ask:,2,104,1,110,1,
3286.714, Bid:,3,87,1,88,1,99,1,Ask:,2,103,1,110,1,
3287.429, Bid:,3,87,1,88,1,99,1,Ask:,2,102,1,110,1,
3288.000, Bid:,3,87,1,88,1,99,1,Ask:,2,101,1,110,1,
3293.571, Bid:,2,87,1,99,1,Ask:,1,101,1,
3293.571, Bid:,3,87,1,89,1,99,1,Ask:,1,101,1,
3293.714, Bid:,3,87,1,89,1,99,1,Ask:,2,101,1,105,1,
3293.857, Bid:,2,87,1,99,1,Ask:,1,105,1,
3293.857, Bid:,3,86,1,87,1,99,1,Ask:,1,105,1,
3294.857, Bid:,3,86,1,87,1,99,1,Ask:,2,104,1,105,1,
3295.143, Bid:,3,86,1,87,1,99,1,Ask:,2,103,1,105,1,
3295.571, Bid:,3,86,1,87,1,99,1,Ask:,2,102,1,105,1,
3298.571, Bid:,3,86,1,87,1,99,1,Ask:,2,101,1,105,1,
3300.286, Bid:,3,86,1,87,1,99,1,Ask:,2,100,1,105,1,
3301.857, Bid:,2,86,1,87,1,Ask:,1,105,1,
3308.714, Bid:,2,86,1,87,1,Ask:,0,
3308.714, Bid:,3,86,1,87,1,88,1,Ask:,0,
3308.857, Bid:,3,86,1,87,1,88,1,Ask:,1,109,1,
3309.143, Bid:,3,86,1,87,1,99,1,Ask:,1,109,1,
3324.000, Bid:,2,87,1,99,1,Ask:,0,
3324.000, Bid:,2,87,1,99,1,Ask:,1,100,1,
3324.286, Bid:,2,87,1,99,1,Ask:,2,100,1,111,1,
3324.571, Bid:,3,87,1,92,1,99,1,Ask:,2,100,1,111,1,
3324.714, Bid:,3,87,1,92,1,99,2,Ask:,2,100,1,111,1,
3338.857, Bid:,3,87,1,92,1,99,1,Ask:,2,100,1,111,1,
3339.286, Bid:,2,87,1,92,1,Ask:,2,100,1,111,1,
3341.429, Bid:,3,87,1,92,1,99,1,Ask:,2,100,1,111,1,
3353.857, Bid:,3,87,1,92,1,99,1,Ask:,1,111,1,
3354.143, Bid:,2,87,1,99,1,Ask:,0,
3354.143, Bid:,3,87,1,98,1,99,1,Ask:,0,
3354.286, Bid:,3,87,1,98,1,99,1,Ask:,1,115,1,
3354.429, Bid:,4,87,1,94,1,98,1,99,1,Ask:,1,115,1,
3355.714, Bid:,4,87,1,94,1,98,1,99,1,Ask:,2,114,1,115,1,
3358.714, Bid:,4,87,1,94,1,98,1,99,1,Ask:,2,113,1,115,1,
3359.000, Bid:,4,87,1,94,1,98,1,99,1,Ask:,2,112,1,115,1,
3359.286, Bid:,4,87,1,94,1,98,1,99,1,Ask:,2,111,1,115,1,
3359.429, Bid:,4,87,1,94,1,98,1,99,1,Ask:,2,110,1,115,1,
3359.571, Bid:,4,87,1,94,1,98,1,99,1,Ask:,2,109,1,115,1,
3360.286, Bid:,4,87,1,94,1,98,1,99,1,Ask:,2,108,1,115,1,
3360.429, Bid:,4,87,1,94,1,98,1,99,1,Ask:,2,107,1,115,1,
3360.714, Bid:,4,87,1,94,1,98,1,99,1,Ask:,2,106,1,115,1,
3361.429, Bid:,4,87,1,94,1,98,1,99,1,Ask:,2,105,1,115,1,
3362.429, Bid:,4,87,1,94,1,98,1,99,1,Ask:,2,104,1,115,1,
3364.143, Bid:,4,87,1,94,1,98,1,99,1,Ask:,2,103,1,115,1,
3364.714, Bid:,4,87,1,94,1,98,1,99,1,Ask:,2,102,1,115,1,
3369.000, Bid:,3,87,1,94,1,99,1,Ask:,2,102,1,115,1,
3369.714, Bid:,4,87,1,94,1,97,1,99,1,Ask:,2,102,1,115,1,
3372.000, Bid:,4,87,1,94,1,97,1,99,1,Ask:,3,101,1,102,1,115,1,
3372.143, Bid:,4,87,1,94,1,97,1,99,1,Ask:,3,100,1,102,1,115,1,
3374.143, Bid:,3,87,1,94,1,97,1,Ask:,2,102,1,115,1,
3384.000, Bid:,3,87,1,94,1,97,1,Ask:,1,115,1,
3384.000, Bid:,4,87,1,94,1,97,1,99,1,Ask:,1,115,1,
3384.286, Bid:,3,87,1,94,1,97,1,Ask:,1,115,1,
3384.714, Bid:,4,87,1,94,1,97,1,99,1,Ask:,1,115,1,
3384.857, Bid:,4,87,1,94,1,97,1,99,1,Ask:,2,114,1,115,1,
3385.000, Bid:,4,87,1,94,1,97,1,99,1,Ask:,2,113,1,115,1,
3385.571, Bid:,4,87,1,94,1,97,1,99,1,Ask:,3,112,1,113,1,115,1,
3385.714, Bid:,4,87,1,94,1,97,1,99,1,Ask:,3,111,1,113,1,115,1,
3386.000, Bid:,4,87,1,94,1,97,1,99,1,Ask:,3,110,1,111,1,115,1,
3386.143, Bid:,4,87,1,94,1,97,1,99,1,Ask:,3,109,1,110,1,115,1,
3386.286, Bid:,4,87,1,94,1,97,1,99,1,Ask:,3,108,1,110,1,115,1,
3386.714, Bid:,4,87,1,94,1,97,1,99,1,Ask:,3,107,1,108,1,115,1,
3387.571, Bid:,4,87,1,94,1,97,1,99,1,Ask:,3,106,1,107,1,115,1,
3388.571, Bid:,4,87,1,94,1,97,1,99,1,Ask:,3,105,1,106,1,115,1,
3388.857, Bid:,4,87,1,94,1,97,1,99,1,Ask:,3,104,1,106,1,115,1,
3389.143, Bid:,4,87,1,94,1,97,1,99,1,Ask:,3,103,1,104,1,115,1,
3389.286, Bid:,4,87,1,94,1,97,1,99,1,Ask:,3,102,1,104,1,115,1,
3389.429, Bid:,4,87,1,94,1,97,1,99,1,Ask:,3,101,1,102,1,115,1,
3389.857, Bid:,4,87,1,94,1,97,1,99,1,Ask:,3,100,1,101,1,115,1,
3390.429, Bid:,3,87,1,94,1,97,1,Ask:,2,100,1,115,1,
3392.143, Bid:,3,87,1,94,1,97,1,Ask:,2,99,1,115,1,
3399.143, Bid:,2,87,1,97,1,Ask:,2,99,1,115,1,
3399.714, Bid:,2,87,1,97,1,Ask:,3,99,1,103,1,115,1,
3401.429, Bid:,3,87,1,94,1,97,1,Ask:,3,99,1,103,1,115,1,
3414.143, Bid:,2,87,1,94,1,Ask:,2,99,1,103,1,
3414.429, Bid:,2,87,1,94,1,Ask:,1,99,1,
3414.571, Bid:,2,87,1,94,1,Ask:,2,99,1,106,1,
3416.286, Bid:,3,87,1,94,1,95,1,Ask:,2,99,1,106,1,
3416.429, Bid:,3,87,1,94,1,96,1,Ask:,2,99,1,106,1,
3416.571, Bid:,3,87,1,94,1,97,1,Ask:,2,99,1,106,1,
3416.714, Bid:,3,87,1,94,1,98,1,Ask:,2,99,1,106,1,
3417.286, Bid:,2,87,1,94,1,Ask:,1,106,1,
3417.571, Bid:,2,87,1,94,1,Ask:,2,99,1,106,1,
3429.286, Bid:,1,87,1,Ask:,2,99,1,106,1,
3429.571, Bid:,2,86,1,87,1,Ask:,2,99,1,106,1,
3430.000, Bid:,2,86,1,87,1,Ask:,2,99,2,106,1,
3444.286, Bid:,2,86,1,87,1,Ask:,1,99,2,
3444.286, Bid:,2,86,1,87,1,Ask:,2,99,2,112,1,
3444.571, Bid:,2,86,1,87,1,Ask:,1,99,2,
3445.571, Bid:,2,86,1,87,1,Ask:,2,99,2,111,1,
3446.000, Bid:,3,86,1,87,1,88,1,Ask:,2,99,2,111,1,
3447.000, Bid:,3,86,1,87,1,89,1,Ask:,2,99,2,111,1,
3447.143, Bid:,3,86,1,87,1,90,1,Ask:,2,99,2,111,1,
3447.286, Bid:,3,86,1,87,1,91,1,Ask:,2,99,2,111,1,
3450.571, Bid:,3,86,1,87,1,92,1,Ask:,2,99,2,111,1,
3450.714, Bid:,3,86,1,87,1,93,1,Ask:,2,99,2,111,1,
3451.429, Bid:,3,86,1,87,1,94,1,Ask:,2,99,2,111,1,
3452.571, Bid:,3,86,1,87,1,95,1,Ask:,2,99,2,111,1,
3452.714, Bid:,3,86,1,87,1,96,1,Ask:,2,99,2,111,1,
3454.714, Bid:,3,86,1,87,1,97,1,Ask:,2,99,2,111,1,
3455.714, Bid:,3,86,1,87,1,98,1,Ask:,2,99,2,111,1,
3457.000, Bid:,2,86,1,87,1,Ask:,2,99,1,111,1,
3459.429, Bid:,1,87,1,Ask:,1,111,1,
3459.429, Bid:,1,87,1,Ask:,2,99,1,111,1,
3463.714, Bid:,2,87,1,88,1,Ask:,2,99,1,111,1,
3465.857, Bid:,2,87,1,89,1,Ask:,2,99,1,111,1,
3466.143, Bid:,2,87,1,90,1,Ask:,2,99,1,111,1,
3467.714, Bid:,2,87,1,91,1,Ask:,2,99,1,111,1,
3474.857, Bid:,2,87,1,91,1,Ask:,3,99,1,104,1,111,1,
3475.429, Bid:,3,87,1,91,1,92,1,Ask:,3,99,1,104,1,111,1,
3476.000, Bid:,4,87,1,91,1,92,1,93,1,Ask:,3,99,1,104,1,111,1,
3476.429, Bid:,4,87,1,91,1,93,1,94,1,Ask:,3,99,1,104,1,111,1,
3476.857, Bid:,4,87,1,91,1,94,1,95,1,Ask:,3,99,1,104,1,111,1,
3477.857, Bid:,4,87,1,91,1,94,1,96,1,Ask:,3,99,1,104,1,111,1,
3478.571, Bid:,4,87,1,91,1,95,1,96,1,Ask:,3,99,1,104,1,111,1,
3480.714, Bid:,4,87,1,91,1,95,1,97,1,Ask:,3,99,1,104,1,111,1,
3481.000, Bid:,4,87,1,91,1,95,1,98,1,Ask:,3,99,1,104,1,111,1,
3481.429, Bid:,3,87,1,91,1,95,1,Ask:,2,104,1,111,1,
3489.571, Bid:,2,87,1,95,1,Ask:,1,104,1,
3489.571, Bid:,3,87,1,89,1,95,1,Ask:,1,104,1,
3489.857, Bid:,3,87,1,89,1,95,1,Ask:,2,104,1,111,1,
3504.571, Bid:,2,87,1,89,1,Ask:,2,104,1,111,1,
3504.571, Bid:,3,87,1,89,1,95,1,Ask:,2,104,1,111,1,
3504.857, Bid:,3,87,1,89,1,95,1,Ask:,1,111,1,
3504.857, Bid:,4,87,1,89,1,95,1,99,1,Ask:,1,111,1,
3505.143, Bid:,4,87,1,89,1,95,1,99,1,Ask:,2,110,1,111,1,
3505.286, Bid:,4,87,1,89,1,95,1,99,1,Ask:,2,109,1,111,1,
3505.429, Bid:,4,87,1,89,1,95,1,99,1,Ask:,3,108,1,109,1,111,1,
3505.571, Bid:,4,87,1,89,1,95,1,99,1,Ask:,3,107,1,109,1,111,1,
3505.857, Bid:,4,87,1,89,1,95,1,99,1,Ask:,3,106,1,107,1,111,1,
3506.429, Bid:,4,87,1,89,1,95,1,99,1,Ask:,3,105,1,107,1,111,1,
3506.857, Bid:,4,87,1,89,1,95,1,99,1,Ask:,3,104,1,105,1,111,1,
3507.429, Bid:,4,87,1,89,1,95,1,99,1,Ask:,3,103,1,105,1,111,1,
3508.143, Bid:,4,87,1,89,1,95,1,99,1,Ask:,3,102,1,105,1,111,1,
3508.857, Bid:,4,87,1,89,1,95,1,99,1,Ask:,3,101,1,102,1,111,1,
3509.143, Bid:,4,87,1,89,1,95,1,99,1,Ask:,3,100,1,101,1,111,1,
3509.714, Bid:,3,87,1,89,1,95,1,Ask:,2,100,1,111,1,
3511.571, Bid:,3,87,1,89,1,95,1,Ask:,2,99,1,111,1,
3519.714, Bid:,2,87,1,95,1,Ask:,1,99,1,
3520.000, Bid:,3,87,1,94,1,95,1,Ask:,1,99,1,
3520.857, Bid:,3,87,1,94,1,95,1,Ask:,2,99,1,113,1,
3534.714, Bid:,2,87,1,94,1,Ask:,2,99,1,113,1,
3536.714, Bid:,2,87,1,94,1,Ask:,2,99,2,113,1,
3538.571, Bid:,3,87,1,94,1,95,1,Ask:,2,99,2,113,1,
3538.714, Bid:,3,87,1,94,1,96,1,Ask:,2,99,2,113,1,
3539.571, Bid:,3,87,1,94,1,97,1,Ask:,2,99,2,113,1,
3540.143, Bid:,3,87,1,94,1,98,1,Ask:,2,99,2,113,1,
3543.000, Bid:,2,87,1,94,1,Ask:,2,99,1,113,1,
3550.143, Bid:,2,87,1,94,1,Ask:,2,99,2,113,1,
3551.000, Bid:,3,87,1,94,1,95,1,Ask:,2,99,2,113,1,
3551.714, Bid:,3,87,1,94,1,96,1,Ask:,2,99,2,113,1,
3552.000, Bid:,3,87,1,94,1,97,1,Ask:,2,99,2,113,1,
3552.143, Bid:,3,87,1,94,1,98,1,Ask:,2,99,2,113,1,
3552.286, Bid:,2,87,1,94,1,Ask:,2,99,1,113,1,
3564.857, Bid:,1,87,1,Ask:,1,99,1,
3565.143, Bid:,1,87,1,Ask:,0,
3565.286, Bid:,2,87,1,88,1,Ask:,0,
3565.571, Bid:,2,87,1,88,1,Ask:,1,102,1,
3565.857, Bid:,2,87,1,88,1,Ask:,2,102,1,109,1,
3580.000, Bid:,2,87,1,88,1,Ask:,1,102,1,
3580.286, Bid:,3,87,1,88,1,99,1,Ask:,1,102,1,
3582.714, Bid:,3,87,1,88,1,99,1,Ask:,2,102,1,114,1,
3595.286, Bid:,2,87,1,99,1,Ask:,2,102,1,114,1,
3595.286, Bid:,3,87,1,92,1,99,1,Ask:,2,102,1,114,1,
3595.429, Bid:,4,87,1,92,1,95,1,99,1,Ask:,2,102,1,114,1,
3600.857, Bid:,4,87,1,92,1,95,1,99,1,Ask:,3,101,1,102,1,114,1,
3601.714, Bid:,4,87,1,92,1,95,1,99,1,Ask:,3,100,1,102,1,114,1,
3602.000, Bid:,3,87,1,92,1,95,1,Ask:,2,102,1,114,1,
3610.143, Bid:,2,87,1,92,1,Ask:,1,102,1,
3610.429, Bid:,3,87,1,92,1,98,1,Ask:,1,102,1,
3610.571, Bid:,3,87,1,92,1,98,1,Ask:,2,102,1,107,1,
3625.143, Bid:,3,87,1,92,1,98,1,Ask:,1,107,1,
3625.429, Bid:,2,87,1,92,1,Ask:,1,107,1,
3625.857, Bid:,3,87,1,92,1,99,1,Ask:,1,107,1,
3626.000, Bid:,4,87,1,92,1,97,1,99,1,Ask:,1,107,1,
3626.143, Bid:,4,87,1,92,1,97,1,99,1,Ask:,2,106,1,107,1,
3626.286, Bid:,4,87,1,92,1,97,1,99,1,Ask:,2,105,1,107,1,
3626.429, Bid:,4,87,1,92,1,97,1,99,1,Ask:,2,104,1,107,1,
3629.000, Bid:,4,87,1,92,1,97,1,99,1,Ask:,2,103,1,107,1,
3630.000, Bid:,4,87,1,92,1,97,1,99,1,Ask:,2,102,1,107,1,
3640.286, Bid:,3,87,1,97,1,99,1,Ask:,1,102,1,
3640.286, Bid:,3,87,1,97,1,99,1,Ask:,2,102,1,106,1,
3640.714, Bid:,4,86,1,87,1,97,1,99,1,Ask:,2,102,1,106,1,
3655.286, Bid:,3,86,1,87,1,97,1,Ask:,2,102,1,106,1,
3655.571, Bid:,2,86,1,87,1,Ask:,2,102,1,106,1,
3655.571, Bid:,3,86,1,87,1,99,1,Ask:,2,102,1,106,1,
3655.714, Bid:,3,86,1,87,1,99,2,Ask:,2,102,1,106,1,
3656.286, Bid:,3,86,1,87,1,99,2,Ask:,3,101,1,102,1,106,1,
3658.000, Bid:,3,86,1,87,1,99,2,Ask:,3,100,1,102,1,106,1,
3660.857, Bid:,3,86,1,87,1,99,1,Ask:,2,102,1,106,1,
3670.429, Bid:,3,86,1,87,1,99,1,Ask:,1,106,1,
3670.429, Bid:,3,86,1,87,1,99,2,Ask:,1,106,1,
3673.143, Bid:,3,86,1,87,1,99,2,Ask:,2,105,1,106,1,
3673.714, Bid:,3,86,1,87,1,99,2,Ask:,2,104,1,106,1,
3674.857, Bid:,3,86,1,87,1,99,2,Ask:,2,103,1,106,1,
3675.429, Bid:,3,86,1,87,1,99,2,Ask:,2,102,1,106,1,
3678.714, Bid:,3,86,1,87,1,99,2,Ask:,2,101,1,106,1,
3679.571, Bid:,3,86,1,87,1,99,2,Ask:,2,100,1,106,1,
3680.857, Bid:,3,86,1,87,1,99,1,Ask:,1,106,1,
3685.429, Bid:,2,87,1,99,1,Ask:,0,
3685.571, Bid:,3,86,1,87,1,99,1,Ask:,0,
3685.714, Bid:,2,86,1,87,1,Ask:,0,
3686.000, Bid:,3,86,1,87,1,88,1,Ask:,0,
3686.143, Bid:,3,86,1,87,1,89,1,Ask:,0,
3686.429, Bid:,3,86,1,87,1,90,1,Ask:,0,
3686.714, Bid:,3,86,1,87,1,91,1,Ask:,0,
3687.571, Bid:,3,86,1,87,1,91,1,Ask:,1,106,1,
3688.571, Bid:,3,86,1,87,1,99,1,Ask:,1,106,1,
3700.571, Bid:,2,87,1,99,1,Ask:,1,106,1,
3700.571, Bid:,3,87,1,91,1,99,1,Ask:,1,106,1,
3705.429, Bid:,3,87,1,91,1,99,1,Ask:,2,105,1,106,1,
3705.571, Bid:,3,87,1,91,1,99,1,Ask:,2,104,1,106,1,
3706.143, Bid:,3,87,1,91,1,99,1,Ask:,2,103,1,106,1,
3707.000, Bid:,3,87,1,91,1,99,1,Ask:,2,102,1,106,1,
3707.286, Bid:,3,87,1,91,1,99,1,Ask:,2,101,1,106,1,
3707.857, Bid:,3,87,1,91,1,99,1,Ask:,2,100,1,106,1,
3708.000, Bid:,2,87,1,91,1,Ask:,1,106,1,
3715.857, Bid:,1,87,1,Ask:,0,
3715.857, Bid:,2,86,1,87,1,Ask:,0,
3716.143, Bid:,2,86,1,87,1,Ask:,1,100,1,
3716.571, Bid:,3,86,1,87,1,99,1,Ask:,1,100,1,
3716.857, Bid:,3,86,1,87,1,99,1,Ask:,2,100,1,115,1,
3730.714, Bid:,2,86,1,87,1,Ask:,2,100,1,115,1,
3731.000, Bid:,2,86,1,87,1,Ask:,3,99,1,100,1,115,1,
3732.714, Bid:,3,86,1,87,1,88,1,Ask:,3,99,1,100,1,115,1,
3735.000, Bid:,3,86,1,87,1,89,1,Ask:,3,99,1,100,1,115,1,
3735.143, Bid:,3,86,1,87,1,90,1,Ask:,3,99,1,100,1,115,1,
3736.286, Bid:,3,86,1,87,1,91,1,Ask:,3,99,1,100,1,115,1,
3738.571, Bid:,3,86,1,87,1,92,1,Ask:,3,99,1,100,1,115,1,
3740.571, Bid:,3,86,1,87,1,93,1,Ask:,3,99,1,100,1,115,1,
3742.000, Bid:,3,86,1,87,1,94,1,Ask:,3,99,1,100,1,115,1,
3742.571, Bid:,3,86,1,87,1,95,1,Ask:,3,99,1,100,1,115,1,
3743.286, Bid:,3,86,1,87,1,96,1,Ask:,3,99,1,100,1,115,1,
3745.714, Bid:,3,86,1,87,1,96,1,Ask:,2,99,1,115,1,
3746.286, Bid:,3,86,1,87,1,96,1,Ask:,2,99,2,115,1,
3747.857, Bid:,4,86,1,87,1,96,1,97,1,Ask:,2,99,2,115,1,
3749.143, Bid:,4,86,1,87,1,96,1,98,1,Ask:,2,99,2,115,1,
3751.857, Bid:,3,86,1,87,1,96,1,Ask:,2,99,1,115,1,
3760.857, Bid:,2,86,1,87,1,Ask:,2,99,1,115,1,
3761.143, Bid:,2,86,1,87,1,Ask:,2,99,2,115,1,
3761.714, Bid:,3,86,1,87,1,88,1,Ask:,2,99,2,115,1,
3763.286, Bid:,3,86,1,87,1,89,1,Ask:,2,99,2,115,1,
3763.857, Bid:,3,86,1,87,1,90,1,Ask:,2,99,2,115,1,
3765.571, Bid:,3,86,1,87,1,91,1,Ask:,2,99,2,115,1,
3769.429, Bid:,3,86,1,87,1,92,1,Ask:,2,99,2,115,1,
3770.000, Bid:,3,86,1,87,1,93,1,Ask:,2,99,2,115,1,
3771.000, Bid:,3,86,1,87,1,94,1,Ask:,2,99,2,115,1,
3773.000, Bid:,3,86,1,87,1,95,1,Ask:,2,99,2,115,1,
3774.286, Bid:,3,86,1,87,1,96,1,Ask:,2,99,2,115,1,
3774.714, Bid:,3,86,1,87,1,97,1,Ask:,2,99,2,115,1,
3775.286, Bid:,3,86,1,87,1,98,1,Ask:,2,99,2,115,1,
3775.857, Bid:,2,87,1,98,1,Ask:,1,99,2,
3776.286, Bid:,1,87,1,Ask:,1,99,1,
3776.429, Bid:,2,87,1,88,1,Ask:,1,99,1,
3777.000, Bid:,2,87,1,88,1,Ask:,2,99,1,113,1,
3778.714, Bid:,2,87,1,89,1,Ask:,2,99,1,113,1,
3779.571, Bid:,2,87,1,90,1,Ask:,2,99,1,113,1,
3781.429, Bid:,2,87,1,91,1,Ask:,2,99,1,113,1,
3791.000, Bid:,2,87,1,91,1,Ask:,1,113,1,
3791.143, Bid:,3,87,1,91,1,99,1,Ask:,1,113,1,
3791.571, Bid:,3,87,1,91,1,99,1,Ask:,2,112,1,113,1,
3794.143, Bid:,3,87,1,91,1,99,1,Ask:,2,111,1,113,1,
3795.143, Bid:,3,87,1,91,1,99,1,Ask:,2,110,1,113,1,
3795.571, Bid:,3,87,1,91,1,99,1,Ask:,2,109,1,113,1,
3795.714, Bid:,3,87,1,91,1,99,1,Ask:,2,108,1,113,1,
3796.000, Bid:,3,87,1,91,1,99,1,Ask:,2,107,1,113,1,
3797.429, Bid:,3,87,1,91,1,99,1,Ask:,2,106,1,113,1,
3798.143, Bid:,3,87,1,91,1,99,1,Ask:,2,105,1,113,1,
3798.571, Bid:,3,87,1,91,1,99,1,Ask:,2,104,1,113,1,
3799.571, Bid:,3,87,1,91,1,99,1,Ask:,2,103,1,113,1,
3801.429, Bid:,3,87,1,91,1,99,1,Ask:,2,102,1,113,1,
3801.857, Bid:,3,87,1,91,1,99,1,Ask:,2,101,1,113,1,
3802.571, Bid:,3,87,1,91,1,99,1,Ask:,2,100,1,113,1,
3803.286, Bid:,2,87,1,91,1,Ask:,1,113,1,
3806.286, Bid:,1,87,1,Ask:,1,113,1,
3806.286, Bid:,1,87,1,Ask:,2,99,1,113,1,
3806.714, Bid:,2,87,1,88,1,Ask:,2,99,1,113,1,
3807.000, Bid:,2,87,1,89,1,Ask:,2,99,1,113,1,
3807.286, Bid:,3,85,1,87,1,89,1,Ask:,2,99,1,113,1,
3807.571, Bid:,3,85,1,87,1,90,1,Ask:,2,99,1,113,1,
3807.714, Bid:,3,85,1,87,1,91,1,Ask:,2,99,1,113,1,
3807.857, Bid:,3,85,1,87,1,92,1,Ask:,2,99,1,113,1,
3808.571, Bid:,3,85,1,87,1,92,1,Ask:,2,99,2,113,1,
3810.857, Bid:,3,85,1,87,1,93,1,Ask:,2,99,2,113,1,
3811.000, Bid:,3,85,1,87,1,94,1,Ask:,2,99,2,113,1,
3812.000, Bid:,3,85,1,87,1,95,1,Ask:,2,99,2,113,1,
3812.286, Bid:,3,85,1,87,1,96,1,Ask:,2,99,2,113,1,
3812.571, Bid:,3,85,1,87,1,97,1,Ask:,2,99,2,113,1,
3813.571, Bid:,3,85,1,87,1,98,1,Ask:,2,99,2,113,1,
3815.857, Bid:,2,85,1,87,1,Ask:,2,99,1,113,1,
3821.143, Bid:,2,85,1,87,1,Ask:,1,99,1,
3821.143, Bid:,2,85,1,87,1,Ask:,2,99,1,109,1,
3822.000, Bid:,3,85,1,87,1,88,1,Ask:,2,99,1,109,1,
3822.714, Bid:,3,85,1,87,1,89,1,Ask:,2,99,1,109,1,
3823.000, Bid:,3,85,1,87,1,90,1,Ask:,2,99,1,109,1,
3823.143, Bid:,3,85,1,87,1,91,1,Ask:,2,99,1,109,1,
3823.286, Bid:,3,85,1,87,1,92,1,Ask:,2,99,1,109,1,
3823.571, Bid:,3,85,1,87,1,93,1,Ask:,2,99,1,109,1,
3823.714, Bid:,3,85,1,87,1,94,1,Ask:,2,99,1,109,1,
3823.857, Bid:,3,85,1,87,1,95,1,Ask:,2,99,1,109,1,
3825.000, Bid:,3,85,1,87,1,96,1,Ask:,2,99,1,109,1,
3827.857, Bid:,3,85,1,87,1,97,1,Ask:,2,99,1,109,1,
3829.429, Bid:,3,85,1,87,1,98,1,Ask:,2,99,1,109,1,
3832.143, Bid:,2,85,1,87,1,Ask:,1,109,1,
3836.143, Bid:,3,85,1,87,1,95,1,Ask:,1,109,1,
3836.286, Bid:,3,85,1,87,1,95,1,Ask:,2,100,1,109,1,
3836.429, Bid:,2,85,1,87,1,Ask:,2,100,1,109,1,
3836.714, Bid:,3,85,1,87,1,99,1,Ask:,2,100,1,109,1,
3837.429, Bid:,2,85,1,87,1,Ask:,2,100,1,109,1,
3851.286, Bid:,2,85,1,87,1,Ask:,1,109,1,
3853.143, Bid:,3,85,1,87,1,99,1,Ask:,1,109,1,
3854.000, Bid:,3,85,1,87,1,99,1,Ask:,2,108,1,109,1,
3858.714, Bid:,3,85,1,87,1,99,1,Ask:,2,107,1,109,1,
3859.286, Bid:,3,85,1,87,1,99,1,Ask:,2,106,1,109,1,
3859.571, Bid:,3,85,1,87,1,99,1,Ask:,2,105,1,109,1,
3860.000, Bid:,3,85,1,87,1,99,1,Ask:,2,104,1,109,1,
3860.429, Bid:,3,85,1,87,1,99,1,Ask:,2,103,1,109,1,
3860.571, Bid:,3,85,1,87,1,99,1,Ask:,2,102,1,109,1,
3861.143, Bid:,3,85,1,87,1,99,1,Ask:,2,101,1,109,1,
3861.857, Bid:,3,85,1,87,1,99,1,Ask:,2,100,1,109,1,
3862.286, Bid:,2,85,1,87,1,Ask:,1,109,1,
3866.286, Bid:,1,87,1,Ask:,0,
3866.286, Bid:,1,87,1,Ask:,1,108,1,
3866.571, Bid:,1,87,1,Ask:,2,99,1,108,1,
3866.857, Bid:,2,87,1,88,1,Ask:,2,99,1,108,1,
3867.571, Bid:,2,87,1,89,1,Ask:,2,99,1,108,1,
3867.714, Bid:,2,87,1,90,1,Ask:,2,99,1,108,1,
3882.000, Bid:,2,87,1,90,1,Ask:,3,99,1,102,1,108,1,
3882.143, Bid:,3,87,1,90,1,91,1,Ask:,3,99,1,102,1,108,1,
3882.714, Bid:,3,87,1,90,1,92,1,Ask:,3,99,1,102,1,108,1,
3882.857, Bid:,3,87,1,90,1,93,1,Ask:,3,99,1,102,1,108,1,
3885.000, Bid:,3,87,1,90,1,94,1,Ask:,3,99,1,102,1,108,1,
3886.000, Bid:,3,87,1,90,1,95,1,Ask:,3,99,1,102,1,108,1,
3896.429, Bid:,3,87,1,90,1,95,1,Ask:,2,99,1,102,1,
3896.429, Bid:,4,87,1,90,1,95,1,96,1,Ask:,2,99,1,102,1,
3896.571, Bid:,4,87,1,90,1,95,1,97,1,Ask:,2,99,1,102,1,
3896.714, Bid:,3,87,1,90,1,95,1,Ask:,2,99,1,102,1,
3896.714, Bid:,3,87,1,90,1,95,1,Ask:,3,99,1,102,1,114,1,
3897.286, Bid:,4,87,1,90,1,95,1,96,1,Ask:,3,99,1,102,1,114,1,
3898.429, Bid:,4,87,1,90,1,95,1,97,1,Ask:,3,99,1,102,1,114,1,
3898.857, Bid:,4,87,1,90,1,95,1,98,1,Ask:,3,99,1,102,1,114,1,
3899.143, Bid:,3,87,1,90,1,95,1,Ask:,2,102,1,114,1,
3911.571, Bid:,2,87,1,90,1,Ask:,2,102,1,114,1,
3911.571, Bid:,2,87,1,90,1,Ask:,3,99,1,102,1,114,1,
3911.857, Bid:,3,87,1,90,1,91,1,Ask:,3,99,1,102,1,114,1,
3912.286, Bid:,3,87,1,90,1,92,1,Ask:,3,99,1,102,1,114,1,
3913.143, Bid:,3,87,1,90,1,93,1,Ask:,3,99,1,102,1,114,1,
3913.571, Bid:,3,87,1,90,1,94,1,Ask:,3,99,1,102,1,114,1,
3914.000, Bid:,3,87,1,90,1,95,1,Ask:,3,99,1,102,1,114,1,
3915.000, Bid:,3,87,1,90,1,96,1,Ask:,3,99,1,102,1,114,1,
3918.000, Bid:,3,87,1,90,1,97,1,Ask:,3,99,1,102,1,114,1,
3926.571, Bid:,2,87,1,97,1,Ask:,2,99,1,114,1,
3926.571, Bid:,3,87,1,94,1,97,1,Ask:,2,99,1,114,1,
3926.857, Bid:,2,87,1,94,1,Ask:,1,99,1,
3926.857, Bid:,3,87,1,94,1,95,1,Ask:,1,99,1,
3927.571, Bid:,3,87,1,94,1,95,1,Ask:,2,99,1,105,1,
3928.429, Bid:,3,87,1,94,1,96,1,Ask:,2,99,1,105,1,
3928.857, Bid:,3,87,1,94,1,97,1,Ask:,2,99,1,105,1,
3929.714, Bid:,3,87,1,94,1,97,1,Ask:,3,99,1,101,1,105,1,
3932.000, Bid:,3,87,1,94,1,98,1,Ask:,3,99,1,101,1,105,1,
3932.286, Bid:,2,87,1,94,1,Ask:,2,101,1,105,1,
3941.714, Bid:,1,87,1,Ask:,1,105,1,
3941.857, Bid:,1,87,1,Ask:,2,100,1,105,1,
3942.286, Bid:,2,86,1,87,1,Ask:,2,100,1,105,1,
3957.000, Bid:,2,86,1,87,1,Ask:,1,100,1,
3957.429, Bid:,2,86,1,87,1,Ask:,2,99,1,100,1,
3958.571, Bid:,3,86,1,87,1,88,1,Ask:,2,99,1,100,1,
3958.714, Bid:,3,86,1,87,1,88,1,Ask:,3,99,1,100,1,108,1,
3958.857, Bid:,3,86,1,87,1,89,1,Ask:,3,99,1,100,1,108,1,
3959.143, Bid:,3,86,1,87,1,90,1,Ask:,3,99,1,100,1,108,1,
3960.143, Bid:,3,86,1,87,1,91,1,Ask:,3,99,1,100,1,108,1,
3961.857, Bid:,3,86,1,87,1,92,1,Ask:,3,99,1,100,1,108,1,
3964.143, Bid:,3,86,1,87,1,93,1,Ask:,3,99,1,100,1,108,1,
3964.286, Bid:,3,86,1,87,1,94,1,Ask:,3,99,1,100,1,108,1,
3964.857, Bid:,3,86,1,87,1,95,1,Ask:,3,99,1,100,1,108,1,
3966.571, Bid:,3,86,1,87,1,96,1,Ask:,3,99,1,100,1,108,1,
3969.571, Bid:,3,86,1,87,1,97,1,Ask:,3,99,1,100,1,108,1,
3971.000, Bid:,3,86,1,87,1,98,1,Ask:,3,99,1,100,1,108,1,
3971.857, Bid:,2,87,1,98,1,Ask:,2,100,1,108,1,
3971.857, Bid:,3,87,1,95,1,98,1,Ask:,2,100,1,108,1,
3972.143, Bid:,3,87,1,95,1,98,1,Ask:,3,99,1,100,1,108,1,
3972.571, Bid:,2,87,1,95,1,Ask:,2,100,1,108,1,
3986.857, Bid:,2,87,1,95,1,Ask:,1,108,1,
3987.143, Bid:,2,87,1,95,1,Ask:,0,
3987.429, Bid:,3,87,1,95,1,96,1,Ask:,0,
3987.714, Bid:,3,87,1,95,2,96,1,Ask:,0,
3987.857, Bid:,3,87,1,95,2,96,1,Ask:,1,107,1,
3988.286, Bid:,3,87,1,95,2,99,1,Ask:,1,107,1,
3989.286, Bid:,3,87,1,95,2,99,1,Ask:,2,106,1,107,1,
3991.571, Bid:,3,87,1,95,2,99,1,Ask:,2,105,1,107,1,
3992.714, Bid:,3,87,1,95,2,99,1,Ask:,2,104,1,107,1,
3993.000, Bid:,3,87,1,95,2,99,1,Ask:,2,103,1,107,1,
3993.143, Bid:,3,87,1,95,2,99,1,Ask:,2,102,1,107,1,
3994.429, Bid:,3,87,1,95,2,99,1,Ask:,2,101,1,107,1,
3996.143, Bid:,3,87,1,95,2,99,1,Ask:,2,100,1,107,1,
3996.714, Bid:,2,87,1,95,2,Ask:,1,107,1,
4002.000, Bid:,2,87,1,95,1,Ask:,1,107,1,
4002.571, Bid:,3,85,1,87,1,95,1,Ask:,1,107,1,
4003.571, Bid:,3,85,1,87,1,95,1,Ask:,2,99,1,107,1,
4017.000, Bid:,2,85,1,87,1,Ask:,2,99,1,107,1,
4017.286, Bid:,1,87,1,Ask:,1,99,1,
4017.286, Bid:,2,87,1,88,1,Ask:,1,99,1,
4017.714, Bid:,3,87,1,88,1,89,1,Ask:,1,99,1,
4017.857, Bid:,3,87,1,88,1,90,1,Ask:,1,99,1,
4018.000, Bid:,3,87,1,88,1,91,1,Ask:,1,99,1,
4018.286, Bid:,3,87,1,88,1,92,1,Ask:,1,99,1,
4018.857, Bid:,3,87,1,88,1,92,1,Ask:,2,99,1,110,1,
4019.000, Bid:,3,87,1,88,1,93,1,Ask:,2,99,1,110,1,
4020.286, Bid:,3,87,1,88,1,93,1,Ask:,2,99,2,110,1,
4024.571, Bid:,3,87,1,88,1,94,1,Ask:,2,99,2,110,1,
4024.857, Bid:,3,87,1,88,1,95,1,Ask:,2,99,2,110,1,
4027.286, Bid:,3,87,1,88,1,96,1,Ask:,2,99,2,110,1,
4027.571, Bid:,3,87,1,88,1,97,1,Ask:,2,99,2,110,1,
4027.857, Bid:,3,87,1,88,1,98,1,Ask:,2,99,2,110,1,
4030.286, Bid:,2,87,1,88,1,Ask:,2,99,1,110,1,
4032.143, Bid:,2,87,1,88,1,Ask:,1,110,1,
4032.143, Bid:,2,87,1,88,1,Ask:,2,99,1,110,1,
4033.286, Bid:,3,87,1,88,1,89,1,Ask:,2,99,1,110,1,
4033.714, Bid:,3,87,1,88,1,90,1,Ask:,2,99,1,110,1,
4034.429, Bid:,3,87,1,88,1,91,1,Ask:,2,99,1,110,1,
4035.143, Bid:,3,87,1,88,1,92,1,Ask:,2,99,1,110,1,
4035.571, Bid:,3,87,1,88,1,93,1,Ask:,2,99,1,110,1,
4037.143, Bid:,3,87,1,88,1,94,1,Ask:,2,99,1,110,1,
4037.429, Bid:,3,87,1,88,1,95,1,Ask:,2,99,1,110,1,
4037.571, Bid:,3,87,1,88,1,96,1,Ask:,2,99,1,110,1,
4041.143, Bid:,3,87,1,88,1,97,1,Ask:,2,99,1,110,1,
4041.857, Bid:,3,87,1,88,1,98,1,Ask:,2,99,1,110,1,
4042.714, Bid:,2,87,1,88,1,Ask:,1,110,1,
4047.429, Bid:,1,87,1,Ask:,1,110,1,
4047.571, Bid:,1,87,1,Ask:,2,99,1,110,1,
4047.714, Bid:,2,87,1,88,1,Ask:,2,99,1,110,1,
4047.857, Bid:,2,87,1,89,1,Ask:,2,99,1,110,1,
4048.143, Bid:,2,87,2,89,1,Ask:,2,99,1,110,1,
4049.857, Bid:,2,87,2,90,1,Ask:,2,99,1,110,1,
4050.286, Bid:,2,87,2,90,1,Ask:,2,99,2,110,1,
4051.857, Bid:,2,87,2,91,1,Ask:,2,99,2,110,1,
4052.429, Bid:,2,87,2,92,1,Ask:,2,99,2,110,1,
4052.714, Bid:,2,87,2,93,1,Ask:,2,99,2,110,1,
4053.143, Bid:,2,87,2,94,1,Ask:,2,99,2,110,1,
4053.857, Bid:,2,87,2,95,1,Ask:,2,99,2,110,1,
4054.714, Bid:,2,87,2,96,1,Ask:,2,99,2,110,1,
4055.571, Bid:,2,87,2,97,1,Ask:,2,99,2,110,1,
4056.857, Bid:,2,87,2,98,1,Ask:,2,99,2,110,1,
4057.143, Bid:,1,87,2,Ask:,2,99,1,110,1,
4062.286, Bid:,1,87,2,Ask:,1,99,1,
4062.286, Bid:,2,87,2,88,1,Ask:,1,99,1,
4062.429, Bid:,2,87,2,89,1,Ask:,1,99,1,
4062.571, Bid:,2,87,2,90,1,Ask:,1,99,1,
4062.714, Bid:,2,87,2,91,1,Ask:,1,99,1,
4062.857, Bid:,2,87,2,91,1,Ask:,2,99,1,111,1,
4063.571, Bid:,2,87,2,92,1,Ask:,2,99,1,111,1,
4064.000, Bid:,2,87,2,93,1,Ask:,2,99,1,111,1,
4064.571, Bid:,2,87,2,94,1,Ask:,2,99,1,111,1,
4066.143, Bid:,2,87,2,95,1,Ask:,2,99,1,111,1,
4066.571, Bid:,2,87,2,96,1,Ask:,2,99,1,111,1,
4066.714, Bid:,2,87,2,97,1,Ask:,2,99,1,111,1,
4066.857, Bid:,2,87,2,98,1,Ask:,2,99,1,111,1,
4077.286, Bid:,2,87,2,98,1,Ask:,1,111,1,
4077.429, Bid:,2,87,2,98,1,Ask:,2,101,1,111,1,
4077.571, Bid:,2,87,2,98,1,Ask:,1,111,1,
4078.000, Bid:,2,87,2,98,1,Ask:,2,99,1,111,1,
4079.571, Bid:,2,87,2,98,1,Ask:,1,111,1,
4092.429, Bid:,2,87,1,98,1,Ask:,1,111,1,
4092.429, Bid:,2,87,2,98,1,Ask:,1,111,1,
4092.857, Bid:,2,87,2,98,1,Ask:,2,99,1,111,1,
4107.429, Bid:,1,87,2,Ask:,1,99,1,
4107.571, Bid:,1,87,2,Ask:,2,99,1,110,1,
4107.714, Bid:,1,87,2,Ask:,1,110,1,
4107.857, Bid:,1,87,2,Ask:,2,99,1,110,1,
4108.286, Bid:,2,87,2,88,1,Ask:,2,99,1,110,1,
4109.571, Bid:,2,87,2,89,1,Ask:,2,99,1,110,1,
4109.714, Bid:,2,87,2,90,1,Ask:,2,99,1,110,1,
4110.000, Bid:,2,87,2,91,1,Ask:,2,99,1,110,1,
4110.286, Bid:,2,87,2,92,1,Ask:,2,99,1,110,1,
4113.714, Bid:,2,87,2,93,1,Ask:,2,99,1,110,1,
4116.857, Bid:,2,87,2,94,1,Ask:,2,99,1,110,1,
4118.571, Bid:,2,87,2,95,1,Ask:,2,99,1,110,1,
4119.143, Bid:,2,87,2,96,1,Ask:,2,99,1,110,1,
4119.429, Bid:,2,87,2,97,1,Ask:,2,99,1,110,1,
4120.714, Bid:,2,87,2,98,1,Ask:,2,99,1,110,1,
4122.000, Bid:,1,87,2,Ask:,1,110,1,
4122.714, Bid:,2,87,2,99,1,Ask:,1,110,1,
4123.429, Bid:,2,87,2,99,1,Ask:,2,109,1,110,1,
4124.714, Bid:,2,87,2,99,1,Ask:,2,108,1,110,1,
4126.429, Bid:,2,87,2,99,1,Ask:,2,107,1,110,1,
4126.714, Bid:,2,87,2,99,1,Ask:,2,106,1,110,1,
4126.857, Bid:,2,87,2,99,1,Ask:,2,105,1,110,1,
4127.143, Bid:,2,87,2,99,1,Ask:,2,104,1,110,1,
4137.714, Bid:,2,87,1,99,1,Ask:,1,104,1,
4137.714, Bid:,2,87,1,99,1,Ask:,2,104,1,106,1,
4138.000, Bid:,2,87,1,99,1,Ask:,1,104,1,
4138.286, Bid:,3,87,1,88,1,99,1,Ask:,1,104,1,
4139.571, Bid:,3,87,1,88,1,99,1,Ask:,2,104,1,106,1,
4153.000, Bid:,3,87,1,88,1,99,1,Ask:,1,106,1,
4153.286, Bid:,4,87,1,88,1,97,1,99,1,Ask:,1,106,1,
4156.571, Bid:,4,87,1,88,1,97,1,99,1,Ask:,2,105,1,106,1,
4156.857, Bid:,4,87,1,88,1,97,1,99,1,Ask:,2,104,1,106,1,
4158.143, Bid:,4,87,1,88,1,97,1,99,1,Ask:,2,103,1,106,1,
4158.714, Bid:,4,87,1,88,1,97,1,99,1,Ask:,2,102,1,106,1,
4159.714, Bid:,4,87,1,88,1,97,1,99,1,Ask:,2,101,1,106,1,
4160.429, Bid:,4,87,1,88,1,97,1,99,1,Ask:,2,100,1,106,1,
4163.714, Bid:,3,87,1,88,1,97,1,Ask:,1,106,1,
4168.571, Bid:,4,87,1,88,1,97,1,99,1,Ask:,1,106,1,
4168.714, Bid:,4,87,1,88,1,97,1,99,1,Ask:,2,105,1,106,1,
4168.857, Bid:,4,87,1,88,1,97,1,99,1,Ask:,2,104,1,106,1,
4169.000, Bid:,4,87,1,88,1,97,1,99,1,Ask:,2,103,1,106,1,
4169.857, Bid:,4,87,1,88,1,97,1,99,1,Ask:,2,102,1,106,1,
4170.143, Bid:,4,87,1,88,1,97,1,99,1,Ask:,2,101,1,106,1,
4170.714, Bid:,4,87,1,88,1,97,1,99,1,Ask:,2,100,1,106,1,
4171.000, Bid:,3,87,1,88,1,97,1,Ask:,1,106,1,
4171.571, Bid:,3,87,1,88,1,97,1,Ask:,2,99,1,106,1,
4183.286, Bid:,2,87,1,97,1,Ask:,1,99,1,
4184.143, Bid:,3,85,1,87,1,97,1,Ask:,1,99,1,
4184.571, Bid:,3,85,1,87,1,97,1,Ask:,2,99,1,108,1,
4198.286, Bid:,2,85,1,87,1,Ask:,2,99,1,108,1,
4198.429, Bid:,2,85,1,87,1,Ask:,2,99,2,108,1,
4198.571, Bid:,2,85,1,87,1,Ask:,2,99,1,108,1,
4198.571, Bid:,3,85,1,87,1,88,1,Ask:,2,99,1,108,1,
4198.714, Bid:,3,85,1,87,1,89,1,Ask:,2,99,1,108,1,
4199.000, Bid:,4,85,1,87,1,89,1,90,1,Ask:,2,99,1,108,1,
4199.286, Bid:,4,85,1,87,1,89,1,91,1,Ask:,2,99,1,108,1,
4199.429, Bid:,4,85,1,87,1,91,1,92,1,Ask:,2,99,1,108,1,
4199.571, Bid:,4,85,1,87,1,91,1,93,1,Ask:,2,99,1,108,1,
4199.857, Bid:,4,85,1,87,1,91,1,93,1,Ask:,2,99,2,108,1,
4200.000, Bid:,4,85,1,87,1,91,1,94,1,Ask:,2,99,2,108,1,
4200.429, Bid:,4,85,1,87,1,94,1,95,1,Ask:,2,99,2,108,1,
4200.857, Bid:,4,85,1,87,1,94,1,96,1,Ask:,2,99,2,108,1,
4201.571, Bid:,4,85,1,87,1,96,1,97,1,Ask:,2,99,2,108,1,
4203.000, Bid:,4,85,1,87,1,97,1,98,1,Ask:,2,99,2,108,1,
4203.143, Bid:,3,85,1,87,1,97,1,Ask:,2,99,1,108,1,
4213.571, Bid:,2,85,1,87,1,Ask:,1,99,1,
4213.714, Bid:,3,85,1,87,1,88,1,Ask:,1,99,1,
4214.143, Bid:,3,85,1,87,1,89,1,Ask:,1,99,1,
4214.429, Bid:,3,85,1,87,1,89,1,Ask:,2,99,1,113,1,
4215.000, Bid:,3,85,1,87,1,90,1,Ask:,2,99,1,113,1,
4215.143, Bid:,3,85,1,87,1,91,1,Ask:,2,99,1,113,1,
4216.429, Bid:,3,85,1,87,1,92,1,Ask:,2,99,1,113,1,
4216.714, Bid:,3,85,1,87,1,93,1,Ask:,2,99,1,113,1,
4218.000, Bid:,3,85,1,87,1,94,1,Ask:,2,99,1,113,1,
4218.286, Bid:,3,85,1,87,1,95,1,Ask:,2,99,1,113,1,
4219.000, Bid:,3,85,1,87,1,96,1,Ask:,2,99,1,113,1,
4219.429, Bid:,3,85,1,87,1,97,1,Ask:,2,99,1,113,1,
4228.571, Bid:,2,87,1,97,1,Ask:,2,99,1,113,1,
4228.714, Bid:,2,87,2,97,1,Ask:,2,99,1,113,1,
4228.857, Bid:,2,87,1,97,1,Ask:,1,99,1,
4229.857, Bid:,2,87,1,97,1,Ask:,2,99,1,113,1,
4230.000, Bid:,3,87,1,91,1,97,1,Ask:,2,99,1,113,1,
4230.714, Bid:,3,87,1,91,1,97,1,Ask:,2,99,2,113,1,
4243.857, Bid:,3,87,1,91,1,97,1,Ask:,2,99,1,113,1,
4244.429, Bid:,3,87,1,91,1,97,1,Ask:,2,99,2,113,1,
4246.143, Bid:,4,87,1,91,1,97,1,98,1,Ask:,2,99,2,113,1,
4246.857, Bid:,3,87,1,91,1,97,1,Ask:,2,99,1,113,1,
4258.857, Bid:,2,87,1,91,1,Ask:,2,99,1,113,1,
4258.857, Bid:,2,87,1,91,1,Ask:,3,99,1,103,1,113,1,
4259.143, Bid:,2,87,1,91,1,Ask:,2,99,1,113,1,
4259.286, Bid:,2,87,1,91,1,Ask:,3,99,1,104,1,113,1,
4259.857, Bid:,3,87,1,91,1,92,1,Ask:,3,99,1,104,1,113,1,
4260.143, Bid:,3,87,1,91,1,93,1,Ask:,3,99,1,104,1,113,1,
4264.286, Bid:,3,87,1,91,1,94,1,Ask:,3,99,1,104,1,113,1,
4265.714, Bid:,3,87,1,91,1,95,1,Ask:,3,99,1,104,1,113,1,
4266.286, Bid:,3,87,1,91,1,96,1,Ask:,3,99,1,104,1,113,1,
4268.714, Bid:,3,87,1,91,1,97,1,Ask:,3,99,1,104,1,113,1,
4269.714, Bid:,3,87,1,91,1,98,1,Ask:,3,99,1,104,1,113,1,
4274.143, Bid:,3,87,1,91,1,98,1,Ask:,2,104,1,113,1,
4274.714, Bid:,4,87,1,91,1,98,1,99,1,Ask:,2,104,1,113,1,
4275.571, Bid:,4,87,1,91,1,98,1,99,1,Ask:,3,103,1,104,1,113,1,
4276.286, Bid:,4,87,1,91,1,98,1,99,1,Ask:,3,102,1,104,1,113,1,
4277.429, Bid:,4,87,1,91,1,98,1,99,1,Ask:,3,101,1,104,1,113,1,
4277.857, Bid:,4,87,1,91,1,98,1,99,1,Ask:,3,100,1,104,1,113,1,
4278.429, Bid:,3,87,1,91,1,98,1,Ask:,2,104,1,113,1,
4289.143, Bid:,2,87,1,98,1,Ask:,1,104,1,
4289.429, Bid:,1,87,1,Ask:,1,104,1,
4289.857, Bid:,2,86,1,87,1,Ask:,1,104,1,
4290.429, Bid:,3,86,1,87,1,96,1,Ask:,1,104,1,
4292.857, Bid:,3,86,1,87,1,96,1,Ask:,2,104,1,111,1,
4304.429, Bid:,3,86,1,87,1,96,1,Ask:,1,111,1,
4305.714, Bid:,4,86,1,87,1,96,1,99,1,Ask:,1,111,1,
4307.143, Bid:,4,86,1,87,1,96,1,99,1,Ask:,2,110,1,111,1,
4307.286, Bid:,4,86,1,87,1,96,1,99,1,Ask:,2,109,1,111,1,
4308.429, Bid:,4,86,1,87,1,96,1,99,1,Ask:,2,108,1,111,1,
4310.571, Bid:,4,86,1,87,1,96,1,99,1,Ask:,2,107,1,111,1,
4310.714, Bid:,4,86,1,87,1,96,1,99,1,Ask:,2,106,1,111,1,
4312.571, Bid:,4,86,1,87,1,96,1,99,1,Ask:,2,105,1,111,1,
4315.143, Bid:,4,86,1,87,1,96,1,99,1,Ask:,2,104,1,111,1,
4316.000, Bid:,4,86,1,87,1,96,1,99,1,Ask:,2,103,1,111,1,
4316.286, Bid:,4,86,1,87,1,96,1,99,1,Ask:,2,102,1,111,1,
4317.571, Bid:,4,86,1,87,1,96,1,99,1,Ask:,2,101,1,111,1,
4319.429, Bid:,3,87,1,96,1,99,1,Ask:,2,101,1,111,1,
4319.429, Bid:,3,87,2,96,1,99,1,Ask:,2,101,1,111,1,
4319.714, Bid:,2,87,2,96,1,Ask:,1,111,1,
4320.143, Bid:,2,87,2,96,1,Ask:,2,99,1,111,1,
4320.857, Bid:,3,87,2,96,1,97,1,Ask:,2,99,1,111,1,
4321.000, Bid:,3,87,2,96,1,97,1,Ask:,3,99,1,102,1,111,1,
4321.857, Bid:,3,87,2,96,1,98,1,Ask:,3,99,1,102,1,111,1,
4322.143, Bid:,2,87,2,96,1,Ask:,2,102,1,111,1,
4334.714, Bid:,2,87,1,96,1,Ask:,2,102,1,111,1,
4334.857, Bid:,3,87,1,88,1,96,1,Ask:,2,102,1,111,1,
4335.714, Bid:,3,87,1,88,1,96,1,Ask:,3,99,1,102,1,111,1,
4349.714, Bid:,2,87,1,88,1,Ask:,2,99,1,102,1,
4350.000, Bid:,1,87,1,Ask:,1,99,1,
4350.000, Bid:,1,87,1,Ask:,1,99,2,
4350.429, Bid:,2,87,1,88,1,Ask:,1,99,2,
4350.714, Bid:,3,85,1,87,1,88,1,Ask:,1,99,2,
4351.000, Bid:,3,85,1,87,1,89,1,Ask:,1,99,2,
4351.286, Bid:,3,85,1,87,1,89,1,Ask:,2,99,2,108,1,
4351.714, Bid:,3,85,1,87,1,90,1,Ask:,2,99,2,108,1,
4353.286, Bid:,3,85,1,87,1,91,1,Ask:,2,99,2,108,1,
4356.143, Bid:,3,85,1,87,1,92,1,Ask:,2,99,2,108,1,
4358.000, Bid:,3,85,1,87,1,93,1,Ask:,2,99,2,108,1,
4359.000, Bid:,3,85,1,87,1,94,1,Ask:,2,99,2,108,1,
4359.143, Bid:,3,85,1,87,1,95,1,Ask:,2,99,2,108,1,
4361.429, Bid:,3,85,1,87,1,96,1,Ask:,2,99,2,108,1,
4362.000, Bid:,3,85,1,87,1,97,1,Ask:,2,99,2,108,1,
4364.857, Bid:,3,85,1,87,1,98,1,Ask:,2,99,2,108,1,
4365.000, Bid:,3,85,1,87,1,98,1,Ask:,2,99,1,108,1,
4365.000, Bid:,3,85,1,87,1,98,1,Ask:,2,99,2,108,1,
4365.571, Bid:,2,85,1,87,1,Ask:,2,99,1,108,1,
4367.571, Bid:,3,85,1,87,1,88,1,Ask:,2,99,1,108,1,
4369.714, Bid:,3,85,1,87,1,89,1,Ask:,2,99,1,108,1,
4369.857, Bid:,3,85,1,87,1,90,1,Ask:,2,99,1,108,1,
4373.000, Bid:,3,85,1,87,1,91,1,Ask:,2,99,1,108,1,
4373.143, Bid:,3,85,1,87,1,92,1,Ask:,2,99,1,108,1,
4374.714, Bid:,3,85,1,87,1,93,1,Ask:,2,99,1,108,1,
4375.429, Bid:,3,85,1,87,1,94,1,Ask:,2,99,1,108,1,
4377.429, Bid:,3,85,1,87,1,95,1,Ask:,2,99,1,108,1,
4380.000, Bid:,3,85,1,87,1,95,1,Ask:,1,99,1,
4380.286, Bid:,2,85,1,87,1,Ask:,1,99,1,
4380.286, Bid:,2,85,1,87,1,Ask:,2,99,1,113,1,
4380.429, Bid:,2,85,1,87,1,Ask:,2,99,2,113,1,
4380.571, Bid:,3,85,1,87,1,88,1,Ask:,2,99,2,113,1,
4382.000, Bid:,3,85,1,87,1,89,1,Ask:,2,99,2,113,1,
4382.143, Bid:,3,85,1,87,1,90,1,Ask:,2,99,2,113,1,
4382.429, Bid:,4,85,1,87,1,90,1,91,1,Ask:,2,99,2,113,1,
4382.571, Bid:,4,85,1,87,1,91,1,92,1,Ask:,2,99,2,113,1,
4382.714, Bid:,4,85,1,87,1,92,1,93,1,Ask:,2,99,2,113,1,
4383.143, Bid:,4,85,1,87,1,92,1,94,1,Ask:,2,99,2,113,1,
4383.571, Bid:,4,85,1,87,1,94,1,95,1,Ask:,2,99,2,113,1,
4384.429, Bid:,4,85,1,87,1,95,1,96,1,Ask:,2,99,2,113,1,
4385.000, Bid:,4,85,1,87,1,95,1,97,1,Ask:,2,99,2,113,1,
4385.429, Bid:,4,85,1,87,1,95,1,98,1,Ask:,2,99,2,113,1,
4385.714, Bid:,3,85,1,87,1,98,1,Ask:,2,99,1,113,1,
4386.571, Bid:,2,85,1,87,1,Ask:,1,113,1,
4395.286, Bid:,2,85,1,87,1,Ask:,0,
4395.714, Bid:,2,85,1,87,1,Ask:,1,114,1,
4396.429, Bid:,3,85,1,87,1,99,1,Ask:,1,114,1,
4410.286, Bid:,2,87,1,99,1,Ask:,1,114,1,
4410.571, Bid:,2,87,1,99,1,Ask:,2,113,1,114,1,
4410.714, Bid:,3,87,1,90,1,99,1,Ask:,2,113,1,114,1,
4410.857, Bid:,3,87,1,90,1,99,1,Ask:,2,112,1,114,1,
4411.571, Bid:,3,87,1,90,1,99,1,Ask:,2,111,1,114,1,
4411.857, Bid:,3,87,1,90,1,99,1,Ask:,3,110,1,111,1,114,1,
4412.000, Bid:,3,87,1,90,1,99,1,Ask:,3,109,1,111,1,114,1,
4412.714, Bid:,3,87,1,90,1,99,1,Ask:,3,108,1,109,1,114,1,
4414.571, Bid:,3,87,1,90,1,99,1,Ask:,3,107,1,108,1,114,1,
4414.714, Bid:,3,87,1,90,1,99,1,Ask:,3,106,1,108,1,114,1,
4415.000, Bid:,3,87,1,90,1,99,1,Ask:,3,105,1,108,1,114,1,
4415.286, Bid:,3,87,1,90,1,99,1,Ask:,3,104,1,108,1,114,1,
4415.429, Bid:,3,87,1,90,1,99,1,Ask:,3,103,1,104,1,114,1,
4415.714, Bid:,3,87,1,90,1,99,1,Ask:,3,102,1,103,1,114,1,
4415.857, Bid:,3,87,1,90,1,99,1,Ask:,3,101,1,102,1,114,1,
4416.000, Bid:,3,87,1,90,1,99,1,Ask:,3,100,1,102,1,114,1,
4417.286, Bid:,2,87,1,90,1,Ask:,2,102,1,114,1,
4425.857, Bid:,2,87,1,90,1,Ask:,3,99,1,102,1,114,1,
4427.000, Bid:,3,87,1,90,1,91,1,Ask:,3,99,1,102,1,114,1,
4427.143, Bid:,3,87,1,90,1,92,1,Ask:,3,99,1,102,1,114,1,
4427.714, Bid:,3,87,1,90,1,93,1,Ask:,3,99,1,102,1,114,1,
4429.571, Bid:,3,87,1,90,1,94,1,Ask:,3,99,1,102,1,114,1,
4429.714, Bid:,3,87,1,90,1,95,1,Ask:,3,99,1,102,1,114,1,
4431.286, Bid:,3,87,1,90,1,96,1,Ask:,3,99,1,102,1,114,1,
4432.286, Bid:,3,87,1,90,1,97,1,Ask:,3,99,1,102,1,114,1,
4432.429, Bid:,3,87,1,90,1,98,1,Ask:,3,99,1,102,1,114,1,
4432.571, Bid:,2,87,1,90,1,Ask:,2,102,1,114,1,
4440.571, Bid:,2,87,1,90,1,Ask:,1,102,1,
4440.857, Bid:,2,87,1,90,1,Ask:,0,
4440.857, Bid:,3,87,1,90,1,91,1,Ask:,0,
4441.571, Bid:,4,87,1,90,1,91,1,92,1,Ask:,0,
4441.714, Bid:,4,87,1,90,1,91,1,93,1,Ask:,0,
4441.857, Bid:,4,87,1,90,1,93,1,94,1,Ask:,0,
4442.143, Bid:,4,87,1,90,1,93,1,94,1,Ask:,1,102,1,
4442.857, Bid:,4,87,1,90,1,94,1,99,1,Ask:,1,102,1,
4444.000, Bid:,4,87,1,90,1,94,1,99,1,Ask:,2,102,1,107,1,
4447.571, Bid:,3,87,1,90,1,99,2,Ask:,2,102,1,107,1,
4455.857, Bid:,3,87,1,90,1,99,1,Ask:,1,102,1,
4455.857, Bid:,3,87,1,90,1,99,1,Ask:,2,102,1,112,1,
4458.143, Bid:,3,87,1,90,1,99,2,Ask:,2,102,1,112,1,
4470.857, Bid:,2,87,1,99,2,Ask:,2,102,1,112,1,
4471.143, Bid:,2,87,1,99,1,Ask:,1,102,1,
4471.286, Bid:,2,87,1,99,2,Ask:,1,102,1,
4472.429, Bid:,2,87,1,99,2,Ask:,2,101,1,102,1,
4472.714, Bid:,2,87,1,99,2,Ask:,2,100,1,102,1,
4472.857, Bid:,3,87,1,94,1,99,2,Ask:,2,100,1,102,1,
4473.857, Bid:,3,87,1,94,1,99,1,Ask:,1,102,1,
4474.714, Bid:,3,87,1,94,1,99,1,Ask:,2,102,1,115,1,
4486.143, Bid:,2,87,1,99,1,Ask:,1,115,1,
4486.571, Bid:,2,87,1,99,1,Ask:,2,114,1,115,1,
4486.714, Bid:,3,87,1,91,1,99,1,Ask:,2,114,1,115,1,
4487.143, Bid:,3,87,1,91,1,99,1,Ask:,2,113,1,115,1,
4487.857, Bid:,3,87,1,91,1,99,1,Ask:,2,112,1,115,1,
4488.571, Bid:,3,87,1,91,1,99,1,Ask:,2,111,1,115,1,
4489.857, Bid:,3,87,1,91,1,99,1,Ask:,2,110,1,115,1,
4490.286, Bid:,3,87,1,91,1,99,1,Ask:,2,109,1,115,1,
4490.429, Bid:,3,87,1,91,1,99,1,Ask:,2,108,1,115,1,
4492.429, Bid:,3,87,1,91,1,99,1,Ask:,2,107,1,115,1,
4493.143, Bid:,3,87,1,91,1,99,1,Ask:,2,106,1,115,1,
4493.286, Bid:,3,87,1,91,1,99,1,Ask:,2,105,1,115,1,
4494.143, Bid:,3,87,1,91,1,99,1,Ask:,2,104,1,115,1,
4501.429, Bid:,3,87,1,91,1,99,1,Ask:,1,115,1,
4501.429, Bid:,3,87,1,91,1,99,1,Ask:,2,114,1,115,1,
4501.857, Bid:,3,87,1,91,1,99,1,Ask:,3,113,1,114,1,115,1,
4502.000, Bid:,3,87,1,91,1,99,2,Ask:,3,113,1,114,1,115,1,
4502.143, Bid:,3,87,1,91,1,99,2,Ask:,3,112,1,114,1,115,1,
4502.429, Bid:,3,87,1,91,1,99,2,Ask:,3,111,1,112,1,115,1,
4503.143, Bid:,3,87,1,91,1,99,2,Ask:,3,110,1,112,1,115,1,
4504.000, Bid:,3,87,1,91,1,99,2,Ask:,3,109,1,112,1,115,1,
4504.714, Bid:,3,87,1,91,1,99,2,Ask:,3,108,1,112,1,115,1,
4505.571, Bid:,3,87,1,91,1,99,2,Ask:,3,107,1,108,1,115,1,
4506.000, Bid:,3,87,1,91,1,99,2,Ask:,3,106,1,108,1,115,1,
4506.286, Bid:,3,87,1,91,1,99,2,Ask:,3,105,1,108,1,115,1,
4506.857, Bid:,3,87,1,91,1,99,2,Ask:,3,104,1,108,1,115,1,
4507.286, Bid:,3,87,1,91,1,99,2,Ask:,3,103,1,104,1,115,1,
4508.429, Bid:,3,87,1,91,1,99,2,Ask:,3,102,1,103,1,115,1,
4509.143, Bid:,3,87,1,91,1,99,2,Ask:,3,101,1,102,1,115,1,
4509.714, Bid:,3,87,1,91,1,99,2,Ask:,3,100,1,102,1,115,1,
4509.857, Bid:,3,87,1,91,1,99,1,Ask:,2,100,1,115,1,
4510.571, Bid:,2,87,1,91,1,Ask:,1,115,1,
4516.429, Bid:,1,87,1,Ask:,1,115,1,
4517.286, Bid:,1,87,1,Ask:,2,99,1,115,1,
4517.571, Bid:,2,87,1,88,1,Ask:,2,99,1,115,1,
4519.429, Bid:,2,87,1,89,1,Ask:,2,99,1,115,1,
4519.571, Bid:,2,87,1,90,1,Ask:,2,99,1,115,1,
4519.857, Bid:,2,87,1,91,1,Ask:,2,99,1,115,1,
4520.286, Bid:,2,87,1,92,1,Ask:,2,99,1,115,1,
4522.857, Bid:,2,87,1,93,1,Ask:,2,99,1,115,1,
4531.429, Bid:,2,87,1,93,1,Ask:,1,99,1,
4531.714, Bid:,3,87,1,93,1,94,1,Ask:,1,99,1,
4532.286, Bid:,3,87,1,93,1,94,1,Ask:,2,99,1,105,1,
4533.000, Bid:,3,87,1,93,1,94,1,Ask:,3,99,1,100,1,105,1,
4533.143, Bid:,3,87,1,93,1,95,1,Ask:,3,99,1,100,1,105,1,
4533.429, Bid:,3,87,1,93,1,96,1,Ask:,3,99,1,100,1,105,1,
4535.143, Bid:,3,87,1,93,1,97,1,Ask:,3,99,1,100,1,105,1,
4535.857, Bid:,3,87,1,93,1,98,1,Ask:,3,99,1,100,1,105,1,
4538.571, Bid:,2,87,1,93,1,Ask:,2,100,1,105,1,
4546.714, Bid:,2,87,1,93,1,Ask:,1,100,1,
4546.714, Bid:,3,87,1,93,1,99,1,Ask:,1,100,1,
4547.143, Bid:,3,87,1,93,1,99,1,Ask:,2,100,1,109,1,
4561.714, Bid:,2,87,1,99,1,Ask:,2,100,1,109,1,
4561.714, Bid:,1,87,1,Ask:,2,100,1,109,1,
4562.000, Bid:,1,87,1,Ask:,1,100,1,
4562.429, Bid:,1,87,1,Ask:,2,100,1,115,1,
4562.571, Bid:,2,87,1,93,1,Ask:,2,100,1,115,1,
4562.857, Bid:,3,87,1,93,1,97,1,Ask:,2,100,1,115,1,
4577.000, Bid:,3,87,1,93,1,97,1,Ask:,1,115,1,
4577.857, Bid:,4,87,1,93,1,97,1,99,1,Ask:,1,115,1,
4578.286, Bid:,4,87,1,93,1,97,1,99,1,Ask:,2,114,1,115,1,
4578.857, Bid:,4,87,1,93,1,97,1,99,1,Ask:,2,113,1,115,1,
4582.714, Bid:,4,87,1,93,1,97,1,99,1,Ask:,2,112,1,115,1,
4584.429, Bid:,4,87,1,93,1,97,1,99,1,Ask:,2,111,1,115,1,
4584.571, Bid:,4,87,1,93,1,97,1,99,1,Ask:,2,110,1,115,1,
4585.000, Bid:,4,87,1,93,1,97,1,99,1,Ask:,2,109,1,115,1,
4585.429, Bid:,4,87,1,93,1,97,1,99,1,Ask:,2,108,1,115,1,
4585.857, Bid:,4,87,1,93,1,97,1,99,1,Ask:,2,107,1,115,1,
4587.143, Bid:,4,87,1,93,1,97,1,99,1,Ask:,2,106,1,115,1,
4590.143, Bid:,4,87,1,93,1,97,1,99,1,Ask:,2,105,1,115,1,
4591.714, Bid:,4,87,1,93,1,97,1,99,1,Ask:,2,104,1,115,1,
4592.000, Bid:,3,87,1,97,1,99,1,Ask:,2,104,1,115,1,
4592.286, Bid:,2,87,1,97,1,Ask:,1,104,1,
4592.429, Bid:,2,87,1,97,1,Ask:,2,99,1,104,1,
4592.571, Bid:,2,87,1,97,1,Ask:,2,99,1,103,1,
4593.571, Bid:,3,87,1,93,1,97,1,Ask:,2,99,1,103,1,
4593.714, Bid:,4,87,1,93,1,97,1,98,1,Ask:,2,99,1,103,1,
4594.286, Bid:,3,87,1,93,1,97,1,Ask:,1,103,1,
4594.571, Bid:,3,87,1,93,1,97,1,Ask:,2,103,1,109,1,
4607.286, Bid:,2,87,1,93,1,Ask:,2,103,1,109,1,
4607.286, Bid:,3,87,1,93,1,95,1,Ask:,2,103,1,109,1,
4608.000, Bid:,3,87,1,93,1,95,1,Ask:,3,99,1,103,1,109,1,
4622.286, Bid:,2,87,1,95,1,Ask:,2,99,1,109,1,
4622.571, Bid:,1,87,1,Ask:,2,99,1,109,1,
4622.714, Bid:,2,86,1,87,1,Ask:,2,99,1,109,1,
4623.000, Bid:,3,86,1,87,1,88,1,Ask:,2,99,1,109,1,
4624.429, Bid:,3,86,1,87,1,88,1,Ask:,3,99,1,102,1,109,1,
4625.571, Bid:,3,86,1,87,1,89,1,Ask:,3,99,1,102,1,109,1,
4626.714, Bid:,3,86,1,87,1,90,1,Ask:,3,99,1,102,1,109,1,
4627.429, Bid:,3,86,1,87,1,91,1,Ask:,3,99,1,102,1,109,1,
4627.714, Bid:,3,86,1,87,1,92,1,Ask:,3,99,1,102,1,109,1,
4628.000, Bid:,3,86,1,87,1,93,1,Ask:,3,99,1,102,1,109,1,
4628.714, Bid:,3,86,1,87,1,94,1,Ask:,3,99,1,102,1,109,1,
4629.143, Bid:,3,86,1,87,1,95,1,Ask:,3,99,1,102,1,109,1,
4629.286, Bid:,3,86,1,87,1,96,1,Ask:,3,99,1,102,1,109,1,
4629.714, Bid:,3,86,1,87,1,97,1,Ask:,3,99,1,102,1,109,1,
4629.857, Bid:,3,86,1,87,1,98,1,Ask:,3,99,1,102,1,109,1,
4630.143, Bid:,2,86,1,87,1,Ask:,2,102,1,109,1,
4637.571, Bid:,1,87,1,Ask:,2,102,1,109,1,
4637.571, Bid:,1,87,1,Ask:,3,99,1,102,1,109,1,
4638.143, Bid:,2,87,1,88,1,Ask:,3,99,1,102,1,109,1,
4652.571, Bid:,2,87,1,88,1,Ask:,2,99,1,102,1,
4652.571, Bid:,3,87,1,88,1,89,1,Ask:,2,99,1,102,1,
4652.714, Bid:,3,87,1,88,1,90,1,Ask:,2,99,1,102,1,
4653.000, Bid:,4,87,1,88,1,90,1,91,1,Ask:,2,99,1,102,1,
4653.429, Bid:,4,87,1,88,1,90,1,92,1,Ask:,2,99,1,102,1,
4653.714, Bid:,4,87,1,88,1,90,1,92,1,Ask:,3,99,1,102,1,115,1,
4653.857, Bid:,4,87,1,88,1,92,1,93,1,Ask:,3,99,1,102,1,115,1,
4654.000, Bid:,4,87,1,88,1,92,1,94,1,Ask:,3,99,1,102,1,115,1,
4654.143, Bid:,4,87,1,88,1,94,1,95,1,Ask:,3,99,1,102,1,115,1,
4654.571, Bid:,4,87,1,88,1,95,1,96,1,Ask:,3,99,1,102,1,115,1,
4655.286, Bid:,4,87,1,88,1,95,1,97,1,Ask:,3,99,1,102,1,115,1,
4656.571, Bid:,4,87,1,88,1,95,1,98,1,Ask:,3,99,1,102,1,115,1,
4657.429, Bid:,3,87,1,88,1,95,1,Ask:,2,102,1,115,1,
4658.286, Bid:,3,87,1,88,1,99,1,Ask:,2,102,1,115,1,
4667.857, Bid:,2,87,1,99,1,Ask:,1,115,1,
4668.000, Bid:,2,87,1,99,1,Ask:,2,114,1,115,1,
4668.143, Bid:,2,87,1,99,1,Ask:,2,113,1,115,1,
4668.429, Bid:,2,87,1,99,1,Ask:,2,112,1,115,1,
4668.714, Bid:,2,87,1,99,1,Ask:,2,111,1,115,1,
4669.429, Bid:,2,87,1,99,1,Ask:,2,110,1,115,1,
4671.143, Bid:,2,87,1,99,1,Ask:,2,109,1,115,1,
4671.571, Bid:,3,87,1,94,1,99,1,Ask:,2,109,1,115,1,
4671.857, Bid:,3,87,1,94,1,99,1,Ask:,2,108,1,115,1,
4672.286, Bid:,3,87,1,94,1,99,1,Ask:,2,107,1,115,1,
4672.714, Bid:,3,87,1,94,1,99,1,Ask:,2,106,1,115,1,
4674.429, Bid:,3,87,1,94,1,99,1,Ask:,2,105,1,115,1,
4675.286, Bid:,3,87,1,94,1,99,1,Ask:,2,104,1,115,1,
4675.857, Bid:,3,87,1,94,1,99,1,Ask:,2,103,1,115,1,
4676.000, Bid:,3,87,1,94,1,99,1,Ask:,2,102,1,115,1,
4676.143, Bid:,3,87,1,94,1,99,1,Ask:,2,101,1,115,1,
4682.857, Bid:,3,87,1,94,1,99,1,Ask:,3,100,1,101,1,115,1,
4683.143, Bid:,3,87,1,94,1,99,1,Ask:,2,101,1,115,1,
4683.429, Bid:,3,87,1,94,1,99,1,Ask:,3,100,1,101,1,115,1,
4683.714, Bid:,2,87,1,94,1,Ask:,2,101,1,115,1,
4685.429, Bid:,3,87,1,94,1,99,1,Ask:,2,101,1,115,1,
4698.143, Bid:,3,87,1,94,1,99,1,Ask:,1,115,1,
4698.143, Bid:,3,87,1,94,1,99,1,Ask:,2,114,1,115,1,
4698.286, Bid:,3,87,1,94,1,99,1,Ask:,2,113,1,115,1,
4698.429, Bid:,3,87,1,94,1,99,1,Ask:,2,112,1,115,1,
4699.286, Bid:,3,87,1,94,1,99,1,Ask:,2,111,1,115,1,
4699.571, Bid:,3,87,1,94,1,99,2,Ask:,2,111,1,115,1,
4700.143, Bid:,3,87,1,94,1,99,2,Ask:,2,110,1,115,1,
4701.000, Bid:,3,87,1,94,1,99,2,Ask:,2,109,1,115,1,
4701.429, Bid:,3,87,1,94,1,99,2,Ask:,2,108,1,115,1,
4702.143, Bid:,3,87,1,94,1,99,2,Ask:,2,107,1,115,1,
4702.286, Bid:,3,87,1,94,1,99,2,Ask:,2,106,1,115,1,
4702.857, Bid:,3,87,1,94,1,99,2,Ask:,2,105,1,115,1,
4705.000, Bid:,3,87,1,94,1,99,2,Ask:,2,104,1,115,1,
4705.857, Bid:,3,87,1,94,1,99,2,Ask:,2,103,1,115,1,
4708.000, Bid:,3,87,1,94,1,99,2,Ask:,2,102,1,115,1,
4708.429, Bid:,3,87,1,94,1,99,2,Ask:,2,101,1,115,1,
4709.714, Bid:,3,87,1,94,1,99,2,Ask:,2,100,1,115,1,
4711.571, Bid:,3,87,1,94,1,99,1,Ask:,1,115,1,
4713.143, Bid:,2,87,1,99,1,Ask:,0,
4713.143, Bid:,2,87,1,100,1,Ask:,0,
4713.857, Bid:,2,87,1,100,1,Ask:,1,107,1,
4714.143, Bid:,3,87,1,92,1,100,1,Ask:,1,107,1,
4714.286, Bid:,3,87,1,92,1,99,1,Ask:,1,107,1,
4714.857, Bid:,3,87,1,92,1,99,2,Ask:,1,107,1,
4715.714, Bid:,3,87,1,92,1,99,2,Ask:,2,106,1,107,1,
4717.714, Bid:,3,87,1,92,1,99,2,Ask:,2,105,1,107,1,
4718.571, Bid:,3,87,1,92,1,99,2,Ask:,2,104,1,107,1,
4728.429, Bid:,2,87,1,99,2,Ask:,2,104,1,107,1,
4728.857, Bid:,3,86,1,87,1,99,2,Ask:,2,104,1,107,1,
4729.571, Bid:,3,86,1,87,1,99,2,Ask:,3,103,1,104,1,107,1,
4731.000, Bid:,3,86,1,87,1,99,2,Ask:,3,102,1,104,1,107,1,
4731.857, Bid:,3,86,1,87,1,99,2,Ask:,3,101,1,104,1,107,1,
4733.000, Bid:,3,86,1,87,1,99,2,Ask:,3,100,1,104,1,107,1,
4733.286, Bid:,3,86,1,87,1,99,1,Ask:,2,104,1,107,1,
4743.429, Bid:,3,86,1,87,1,99,1,Ask:,1,104,1,
4743.714, Bid:,2,87,1,99,1,Ask:,1,104,1,
4744.000, Bid:,3,87,1,94,1,99,1,Ask:,1,104,1,
4744.286, Bid:,3,87,1,94,1,99,1,Ask:,2,104,1,115,1,
4744.429, Bid:,3,87,1,94,1,99,1,Ask:,3,103,1,104,1,115,1,
4744.571, Bid:,3,87,1,94,1,99,2,Ask:,3,103,1,104,1,115,1,
4745.000, Bid:,3,87,1,94,1,99,2,Ask:,3,102,1,104,1,115,1,
4747.286, Bid:,3,87,1,94,1,99,2,Ask:,3,101,1,104,1,115,1,
4748.000, Bid:,3,87,1,94,1,99,2,Ask:,3,100,1,104,1,115,1,
4750.143, Bid:,3,87,1,94,1,99,1,Ask:,2,104,1,115,1,
4758.714, Bid:,2,87,1,94,1,Ask:,1,104,1,
4758.714, Bid:,2,87,1,94,1,Ask:,2,104,1,107,1,
4759.429, Bid:,3,87,1,94,1,95,1,Ask:,2,104,1,107,1,
4773.714, Bid:,3,87,1,94,1,95,1,Ask:,1,107,1,
4773.714, Bid:,3,87,1,94,1,95,1,Ask:,2,101,1,107,1,
4774.000, Bid:,2,87,1,95,1,Ask:,1,107,1,
4774.000, Bid:,3,85,1,87,1,95,1,Ask:,1,107,1,
4774.571, Bid:,4,85,1,87,1,95,1,99,1,Ask:,1,107,1,
4775.000, Bid:,4,85,1,87,1,95,1,99,1,Ask:,2,106,1,107,1,
4775.857, Bid:,4,85,1,87,1,95,1,99,1,Ask:,2,105,1,107,1,
4778.429, Bid:,4,85,1,87,1,95,1,99,1,Ask:,2,104,1,107,1,
4779.286, Bid:,4,85,1,87,1,95,1,99,1,Ask:,2,103,1,107,1,
4779.429, Bid:,4,85,1,87,1,95,1,99,1,Ask:,2,102,1,107,1,
4780.000, Bid:,4,85,1,87,1,95,1,99,1,Ask:,2,101,1,107,1,
4780.286, Bid:,4,85,1,87,1,95,1,99,1,Ask:,2,100,1,107,1,
4780.714, Bid:,3,85,1,87,1,95,1,Ask:,1,107,1,
4789.000, Bid:,2,85,1,87,1,Ask:,0,
4789.857, Bid:,3,85,1,87,1,88,1,Ask:,0,
4790.857, Bid:,3,85,1,87,1,89,1,Ask:,0,
4791.714, Bid:,3,85,1,87,1,90,1,Ask:,0,
4792.000, Bid:,3,85,1,87,1,91,1,Ask:,0,
4792.429, Bid:,3,85,1,87,1,91,1,Ask:,1,107,1,
4793.143, Bid:,3,85,1,87,1,99,1,Ask:,1,107,1,
4804.286, Bid:,3,85,1,87,1,99,1,Ask:,0,
4804.429, Bid:,4,85,1,87,1,99,1,100,1,Ask:,0,
4804.857, Bid:,4,85,1,87,1,99,1,100,1,Ask:,1,109,1,
4805.286, Bid:,4,85,1,87,1,99,1,100,1,Ask:,2,108,1,109,1,
4806.143, Bid:,3,85,1,87,1,99,2,Ask:,2,108,1,109,1,
4806.857, Bid:,3,85,1,87,1,99,2,Ask:,2,107,1,109,1,
4807.571, Bid:,3,85,1,87,1,99,2,Ask:,2,106,1,109,1,
4808.000, Bid:,3,85,1,87,1,99,2,Ask:,2,105,1,109,1,
4808.857, Bid:,3,85,1,87,1,99,2,Ask:,2,104,1,109,1,
4809.571, Bid:,3,85,1,87,1,99,2,Ask:,2,103,1,109,1,
4809.714, Bid:,3,85,1,87,1,99,2,Ask:,2,102,1,109,1,
4809.857, Bid:,3,85,1,87,1,99,2,Ask:,2,101,1,109,1,
4811.571, Bid:,3,85,1,87,1,99,2,Ask:,2,100,1,109,1,
4812.429, Bid:,3,85,1,87,1,99,1,Ask:,1,109,1,
4819.286, Bid:,4,85,1,87,1,97,1,99,1,Ask:,1,109,1,
4819.429, Bid:,4,85,1,87,1,97,1,99,1,Ask:,2,108,1,109,1,
4819.714, Bid:,4,85,1,87,1,97,1,99,1,Ask:,2,107,1,109,1,
4820.857, Bid:,4,85,1,87,1,97,1,99,1,Ask:,2,106,1,109,1,
4824.429, Bid:,4,85,1,87,1,97,1,99,1,Ask:,2,105,1,109,1,
4825.000, Bid:,4,85,1,87,1,97,1,99,1,Ask:,2,104,1,109,1,
4827.286, Bid:,4,85,1,87,1,97,1,99,1,Ask:,2,103,1,109,1,
4827.429, Bid:,4,85,1,87,1,97,1,99,1,Ask:,2,102,1,109,1,
4828.286, Bid:,4,85,1,87,1,97,1,99,1,Ask:,2,101,1,109,1,
4828.857, Bid:,4,85,1,87,1,97,1,99,1,Ask:,2,100,1,109,1,
4831.143, Bid:,3,85,1,87,1,97,1,Ask:,1,109,1,
4834.286, Bid:,2,87,1,97,1,Ask:,1,109,1,
4834.429, Bid:,3,87,1,91,1,97,1,Ask:,1,109,1,
4834.571, Bid:,2,87,1,97,1,Ask:,1,109,1,
4834.571, Bid:,2,87,1,97,1,Ask:,2,99,1,109,1,
4834.714, Bid:,2,87,1,97,1,Ask:,3,99,1,101,1,109,1,
4840.286, Bid:,2,87,2,97,1,Ask:,3,99,1,101,1,109,1,
4849.571, Bid:,1,87,2,Ask:,2,101,1,109,1,
4849.857, Bid:,1,87,2,Ask:,3,99,1,101,1,109,1,
4850.143, Bid:,2,87,2,88,1,Ask:,3,99,1,101,1,109,1,
4850.857, Bid:,2,87,2,89,1,Ask:,3,99,1,101,1,109,1,
4852.571, Bid:,2,87,2,90,1,Ask:,3,99,1,101,1,109,1,
4853.286, Bid:,2,87,2,91,1,Ask:,3,99,1,101,1,109,1,
4854.286, Bid:,2,87,2,92,1,Ask:,3,99,1,101,1,109,1,
4854.714, Bid:,2,87,2,93,1,Ask:,3,99,1,101,1,109,1,
4854.857, Bid:,2,87,2,94,1,Ask:,3,99,1,101,1,109,1,
4855.286, Bid:,2,87,2,95,1,Ask:,3,99,1,101,1,109,1,
4857.286, Bid:,2,87,2,96,1,Ask:,3,99,1,101,1,109,1,
4859.000, Bid:,2,87,2,97,1,Ask:,3,99,1,101,1,109,1,
4859.857, Bid:,2,87,2,98,1,Ask:,3,99,1,101,1,109,1,
4861.714, Bid:,1,87,2,Ask:,2,101,1,109,1,
4864.571, Bid:,1,87,2,Ask:,1,101,1,
4864.571, Bid:,2,87,2,99,1,Ask:,1,101,1,
4864.857, Bid:,1,87,2,Ask:,1,101,1,
4864.857, Bid:,1,87,2,Ask:,2,99,1,101,1,
4865.143, Bid:,1,87,2,Ask:,3,99,1,101,1,111,1,
4865.714, Bid:,2,87,2,88,1,Ask:,3,99,1,101,1,111,1,
4867.571, Bid:,2,87,2,89,1,Ask:,3,99,1,101,1,111,1,
4870.143, Bid:,2,87,2,90,1,Ask:,3,99,1,101,1,111,1,
4870.714, Bid:,2,87,2,91,1,Ask:,3,99,1,101,1,111,1,
4871.000, Bid:,2,87,2,92,1,Ask:,3,99,1,101,1,111,1,
4871.143, Bid:,2,87,2,93,1,Ask:,3,99,1,101,1,111,1,
4871.571, Bid:,2,87,2,94,1,Ask:,3,99,1,101,1,111,1,
4872.286, Bid:,2,87,2,95,1,Ask:,3,99,1,101,1,111,1,
4874.000, Bid:,2,87,2,96,1,Ask:,3,99,1,101,1,111,1,
4875.000, Bid:,2,87,2,97,1,Ask:,3,99,1,101,1,111,1,
4877.000, Bid:,2,87,2,98,1,Ask:,3,99,1,101,1,111,1,
4878.429, Bid:,1,87,2,Ask:,2,101,1,111,1,
4879.857, Bid:,1,87,1,Ask:,1,101,1,
4879.857, Bid:,2,87,1,92,1,Ask:,1,101,1,
4881.143, Bid:,2,87,1,92,1,Ask:,2,101,1,112,1,
4894.857, Bid:,2,87,1,92,1,Ask:,1,112,1,
4895.143, Bid:,2,87,1,92,1,Ask:,0,
4895.571, Bid:,2,87,1,92,1,Ask:,1,99,1,
4897.000, Bid:,2,87,1,92,1,Ask:,2,99,1,112,1,
4897.857, Bid:,3,87,1,92,1,93,1,Ask:,2,99,1,112,1,
4900.286, Bid:,3,87,1,92,1,94,1,Ask:,2,99,1,112,1,
4900.714, Bid:,3,87,1,92,1,95,1,Ask:,2,99,1,112,1,
4901.143, Bid:,3,87,1,92,1,96,1,Ask:,2,99,1,112,1,
4903.143, Bid:,3,87,1,92,1,97,1,Ask:,2,99,1,112,1,
4903.571, Bid:,3,87,1,92,1,98,1,Ask:,2,99,1,112,1,
4903.714, Bid:,2,87,1,92,1,Ask:,1,112,1,
4910.143, Bid:,1,87,1,Ask:,1,112,1,
4910.143, Bid:,2,87,1,88,1,Ask:,1,112,1,
4910.429, Bid:,2,87,1,88,1,Ask:,2,99,1,112,1,
4925.429, Bid:,1,87,1,Ask:,1,99,1,
4925.429, Bid:,1,87,1,Ask:,2,99,1,104,1,
4925.714, Bid:,2,87,1,88,1,Ask:,2,99,1,104,1,
4926.286, Bid:,3,87,1,88,1,89,1,Ask:,2,99,1,104,1,
4926.714, Bid:,3,87,1,88,1,90,1,Ask:,2,99,1,104,1,
4926.857, Bid:,3,87,1,88,1,90,1,Ask:,3,99,1,104,1,114,1,
4927.000, Bid:,3,87,1,88,1,91,1,Ask:,3,99,1,104,1,114,1,
4927.143, Bid:,3,87,1,88,1,92,1,Ask:,3,99,1,104,1,114,1,
4927.429, Bid:,3,87,1,88,1,93,1,Ask:,3,99,1,104,1,114,1,
4928.000, Bid:,3,87,1,93,1,94,1,Ask:,3,99,1,104,1,114,1,
4928.143, Bid:,3,87,1,94,1,95,1,Ask:,3,99,1,104,1,114,1,
4928.286, Bid:,3,87,1,94,1,96,1,Ask:,3,99,1,104,1,114,1,
4928.857, Bid:,3,87,1,94,1,97,1,Ask:,3,99,1,104,1,114,1,
4929.143, Bid:,3,87,1,94,1,98,1,Ask:,3,99,1,104,1,114,1,
4929.286, Bid:,2,87,1,94,1,Ask:,2,104,1,114,1,
4940.429, Bid:,3,87,1,94,1,99,1,Ask:,2,104,1,114,1,
4941.143, Bid:,3,87,1,94,1,99,1,Ask:,3,103,1,104,1,114,1,
4942.000, Bid:,3,87,1,94,1,99,1,Ask:,3,102,1,104,1,114,1,
4942.143, Bid:,3,87,1,94,1,99,1,Ask:,3,101,1,104,1,114,1,
4942.714, Bid:,3,87,1,94,1,99,1,Ask:,3,100,1,104,1,114,1,
4943.286, Bid:,2,87,1,94,1,Ask:,2,104,1,114,1,
4955.429, Bid:,2,87,1,94,1,Ask:,1,114,1,
4955.714, Bid:,2,87,1,94,1,Ask:,0,
4955.857, Bid:,3,87,1,94,1,95,1,Ask:,0,
4956.714, Bid:,3,87,1,94,1,95,1,Ask:,1,110,1,
4957.000, Bid:,3,87,1,94,1,95,1,Ask:,2,99,1,110,1,
4970.714, Bid:,2,87,1,95,1,Ask:,2,99,1,110,1,
4970.714, Bid:,3,87,1,88,1,95,1,Ask:,2,99,1,110,1,
4970.857, Bid:,3,87,1,88,1,95,1,Ask:,2,99,2,110,1,
4985.714, Bid:,3,87,1,88,1,95,1,Ask:,2,99,1,110,1,
4985.857, Bid:,4,87,1,88,1,95,1,96,1,Ask:,2,99,1,110,1,
4986.000, Bid:,3,87,1,88,1,96,1,Ask:,1,99,1,
4986.000, Bid:,3,87,1,88,1,96,1,Ask:,2,99,1,104,1,
4986.286, Bid:,3,87,1,88,1,97,1,Ask:,2,99,1,104,1,
4986.429, Bid:,3,87,1,88,1,98,1,Ask:,2,99,1,104,1,
4986.857, Bid:,3,87,1,88,1,98,1,Ask:,3,99,1,104,1,106,1,
4987.143, Bid:,3,87,1,88,1,98,2,Ask:,3,99,1,104,1,106,1,
4989.286, Bid:,3,87,1,88,1,98,1,Ask:,2,104,1,106,1,
