0.000, Bid:,0,Ask:,0,
0.000, Bid:,1,367,1,Ask:,0,
0.143, Bid:,0,Ask:,0,
0.286, Bid:,0,Ask:,1,113,1,
0.429, Bid:,0,Ask:,2,113,1,415,1,
0.714, Bid:,0,Ask:,1,415,1,
1.000, Bid:,1,105,1,Ask:,1,415,1,
1.286, Bid:,1,105,1,Ask:,0,
1.714, Bid:,2,105,1,195,1,Ask:,0,
2.429, Bid:,2,105,1,195,1,Ask:,1,414,1,
2.714, Bid:,2,105,1,195,1,Ask:,2,275,1,414,1,
3.000, Bid:,2,105,1,195,1,Ask:,1,414,1,
3.429, Bid:,2,105,1,195,1,Ask:,2,296,1,414,1,
3.571, Bid:,3,24,1,105,1,195,1,Ask:,2,296,1,414,1,
5.000, Bid:,3,24,1,105,1,195,1,Ask:,3,233,1,296,1,414,1,
15.286, Bid:,3,24,1,94,1,105,1,Ask:,3,233,1,296,1,414,1,
16.429, Bid:,2,24,1,94,1,Ask:,2,296,1,414,1,
16.857, Bid:,2,24,1,94,1,Ask:,3,296,1,306,1,414,1,
17.286, Bid:,2,24,1,94,1,Ask:,2,306,1,414,1,
17.429, Bid:,2,24,1,94,1,Ask:,1,414,1,
17.857, Bid:,1,24,1,Ask:,1,414,1,
18.000, Bid:,1,24,1,Ask:,2,81,1,414,1,
18.143, Bid:,1,24,1,Ask:,1,414,1,
18.286, Bid:,1,24,1,Ask:,2,414,1,498,1,
19.000, Bid:,1,24,1,Ask:,3,414,1,431,1,498,1,
19.857, Bid:,2,24,1,277,1,Ask:,3,414,1,431,1,498,1,
20.714, Bid:,3,24,1,58,1,277,1,Ask:,3,414,1,431,1,498,1,
30.143, Bid:,2,24,1,58,1,Ask:,2,431,1,498,1,
30.714, Bid:,2,24,1,58,1,Ask:,3,92,1,431,1,498,1,
30.857, Bid:,2,24,1,58,1,Ask:,2,431,1,498,1,
31.000, Bid:,2,24,1,58,1,Ask:,3,240,1,431,1,498,1,
32.571, Bid:,3,24,1,58,1,128,1,Ask:,3,240,1,431,1,498,1,
32.714, Bid:,3,58,1,101,1,128,1,Ask:,3,240,1,431,1,498,1,
33.000, Bid:,2,58,1,101,1,Ask:,3,240,1,431,1,498,1,
33.429, Bid:,2,58,1,101,1,Ask:,4,128,1,240,1,431,1,498,1,
34.429, Bid:,3,26,1,58,1,101,1,Ask:,4,128,1,240,1,431,1,498,1,
45.286, Bid:,2,26,1,58,1,Ask:,4,128,1,240,1,431,1,498,1,
45.429, Bid:,2,26,1,58,1,Ask:,5,128,1,240,1,431,1,479,1,498,1,
45.714, Bid:,2,26,1,58,1,Ask:,6,123,1,128,1,240,1,431,1,479,1,498,1,
61.286, Bid:,3,26,1,58,1,88,1,Ask:,6,123,1,128,1,240,1,431,1,479,1,498,1,
61.571, Bid:,3,26,1,58,1,88,1,Ask:,6,108,1,123,1,128,1,240,1,431,1,479,1,
61.714, Bid:,3,26,1,58,1,88,1,Ask:,5,123,1,128,1,240,1,431,1,479,1,
62.286, Bid:,3,26,1,58,1,88,1,Ask:,4,128,1,240,1,431,1,479,1,
62.429, Bid:,3,26,1,58,1,88,1,Ask:,3,240,1,431,1,479,1,
63.143, Bid:,3,26,1,58,1,88,1,Ask:,2,431,1,479,1,
63.286, Bid:,3,26,1,58,1,88,1,Ask:,3,157,1,431,1,479,1,
63.857, Bid:,4,13,1,26,1,58,1,88,1,Ask:,3,157,1,431,1,479,1,
64.000, Bid:,4,13,1,26,1,58,1,88,1,Ask:,2,431,1,479,1,
64.143, Bid:,4,13,1,26,1,58,1,88,1,Ask:,3,431,1,443,1,479,1,
64.857, Bid:,4,13,1,26,1,58,1,88,1,Ask:,4,348,1,431,1,443,1,479,1,
66.714, Bid:,4,13,1,26,1,58,1,88,1,Ask:,5,348,1,374,1,431,1,443,1,479,1,
75.571, Bid:,4,26,1,58,1,88,1,98,1,Ask:,5,348,1,374,1,431,1,443,1,479,1,
76.000, Bid:,3,26,1,58,1,88,1,Ask:,4,348,1,374,1,431,1,443,1,
76.143, Bid:,3,26,1,58,1,88,1,Ask:,5,239,1,348,1,374,1,431,1,443,1,
76.714, Bid:,3,26,1,58,1,88,1,Ask:,6,239,1,348,1,374,1,407,1,431,1,443,1,
90.714, Bid:,3,26,1,58,1,88,1,Ask:,6,94,1,239,1,348,1,407,1,431,1,443,1,
91.429, Bid:,3,26,1,58,1,89,1,Ask:,6,94,1,239,1,348,1,407,1,431,1,443,1,
91.571, Bid:,2,26,1,58,1,Ask:,5,239,1,348,1,407,1,431,1,443,1,
91.714, Bid:,2,26,1,58,1,Ask:,6,239,1,278,1,348,1,407,1,431,1,443,1,
92.143, Bid:,2,26,1,58,1,Ask:,5,278,1,348,1,407,1,431,1,443,1,
92.714, Bid:,1,58,1,Ask:,4,348,1,407,1,431,1,443,1,
93.000, Bid:,1,58,1,Ask:,5,245,1,348,1,407,1,431,1,443,1,
93.143, Bid:,1,58,1,Ask:,5,153,1,245,1,348,1,407,1,443,1,
93.429, Bid:,1,58,1,Ask:,6,153,1,245,1,276,1,348,1,407,1,443,1,
105.857, Bid:,2,58,1,109,1,Ask:,6,153,1,245,1,276,1,348,1,407,1,443,1,
106.429, Bid:,1,58,1,Ask:,5,153,1,245,1,276,1,407,1,443,1,
106.571, Bid:,1,58,1,Ask:,4,245,1,276,1,407,1,443,1,
107.000, Bid:,1,58,1,Ask:,3,276,1,407,1,443,1,
107.143, Bid:,1,58,1,Ask:,4,276,1,295,1,407,1,443,1,
107.286, Bid:,1,58,1,Ask:,5,204,1,276,1,295,1,407,1,443,1,
107.857, Bid:,2,53,1,58,1,Ask:,5,204,1,276,1,295,1,407,1,443,1,
108.286, Bid:,2,53,1,58,1,Ask:,4,276,1,295,1,407,1,443,1,
108.857, Bid:,2,53,1,58,1,Ask:,4,276,1,295,1,339,1,407,1,
109.429, Bid:,1,53,1,Ask:,4,276,1,295,1,339,1,407,1,
109.714, Bid:,1,53,1,Ask:,4,55,1,295,1,339,1,407,1,
110.143, Bid:,1,53,1,Ask:,5,55,1,295,1,339,1,363,1,407,1,
121.143, Bid:,1,53,1,Ask:,4,295,1,339,1,363,1,407,1,
121.286, Bid:,2,53,1,93,1,Ask:,4,295,1,339,1,363,1,407,1,
121.571, Bid:,1,53,1,Ask:,3,295,1,339,1,363,1,
121.857, Bid:,1,53,1,Ask:,4,97,1,295,1,339,1,363,1,
122.286, Bid:,1,53,1,Ask:,3,295,1,339,1,363,1,
122.571, Bid:,1,53,1,Ask:,4,295,1,339,1,363,1,371,1,
122.714, Bid:,0,Ask:,4,295,1,339,1,363,1,371,1,
123.000, Bid:,0,Ask:,5,117,1,295,1,339,1,363,1,371,1,
123.571, Bid:,0,Ask:,4,295,1,339,1,363,1,371,1,
123.714, Bid:,1,284,1,Ask:,4,295,1,339,1,363,1,371,1,
124.143, Bid:,0,Ask:,4,295,1,339,1,363,1,371,1,
124.429, Bid:,0,Ask:,4,241,1,339,1,363,1,371,1,
125.000, Bid:,1,130,1,Ask:,4,241,1,339,1,363,1,371,1,
126.286, Bid:,2,78,1,130,1,Ask:,4,241,1,339,1,363,1,371,1,
136.286, Bid:,2,78,1,103,1,Ask:,4,241,1,339,1,363,1,371,1,
137.000, Bid:,2,78,1,103,1,Ask:,4,109,1,241,1,339,1,371,1,
151.143, Bid:,1,78,1,Ask:,4,109,1,241,1,339,1,371,1,
151.286, Bid:,0,Ask:,3,241,1,339,1,371,1,
151.429, Bid:,1,110,1,Ask:,3,241,1,339,1,371,1,
151.571, Bid:,0,Ask:,2,241,1,339,1,
151.714, Bid:,0,Ask:,3,63,1,241,1,339,1,
151.857, Bid:,0,Ask:,2,241,1,339,1,
152.000, Bid:,0,Ask:,1,339,1,
152.143, Bid:,0,Ask:,2,283,1,339,1,
152.286, Bid:,0,Ask:,3,48,1,283,1,339,1,
152.857, Bid:,0,Ask:,2,283,1,339,1,
153.286, Bid:,0,Ask:,3,261,1,283,1,339,1,
153.429, Bid:,0,Ask:,4,213,1,261,1,283,1,339,1,
154.286, Bid:,1,197,1,Ask:,4,213,1,261,1,283,1,339,1,
155.286, Bid:,1,197,1,Ask:,5,213,1,261,1,283,1,339,1,396,1,
155.857, Bid:,1,197,1,Ask:,5,213,1,261,1,283,1,396,1,421,1,
167.000, Bid:,2,110,1,197,1,Ask:,5,213,1,261,1,283,1,396,1,421,1,
167.571, Bid:,1,110,1,Ask:,5,213,1,261,1,283,1,396,1,421,1,
168.714, Bid:,1,110,1,Ask:,4,261,1,283,1,396,1,421,1,
169.143, Bid:,1,110,1,Ask:,5,117,1,261,1,283,1,396,1,421,1,
172.714, Bid:,1,110,1,Ask:,6,117,1,261,1,283,1,290,1,396,1,421,1,
181.714, Bid:,0,Ask:,5,261,1,283,1,290,1,396,1,421,1,
182.000, Bid:,0,Ask:,4,283,1,290,1,396,1,421,1,
182.286, Bid:,1,159,1,Ask:,4,283,1,290,1,396,1,421,1,
182.571, Bid:,1,159,1,Ask:,3,290,1,396,1,421,1,
182.714, Bid:,2,47,1,159,1,Ask:,3,290,1,396,1,421,1,
183.286, Bid:,3,47,1,103,1,159,1,Ask:,3,290,1,396,1,421,1,
183.429, Bid:,3,47,1,103,1,159,1,Ask:,4,272,1,290,1,396,1,421,1,
183.571, Bid:,2,47,1,103,1,Ask:,3,272,1,396,1,421,1,
184.857, Bid:,2,47,1,103,1,Ask:,4,272,1,396,1,412,1,421,1,
186.857, Bid:,1,47,1,Ask:,4,272,1,396,1,412,1,421,1,
187.143, Bid:,2,47,1,136,1,Ask:,4,272,1,396,1,412,1,421,1,
187.286, Bid:,3,47,1,136,1,233,1,Ask:,4,272,1,396,1,412,1,421,1,
197.286, Bid:,4,47,1,89,1,136,1,233,1,Ask:,4,272,1,396,1,412,1,421,1,
197.429, Bid:,3,47,1,89,1,136,1,Ask:,3,272,1,396,1,421,1,
197.714, Bid:,2,47,1,89,1,Ask:,3,272,1,396,1,421,1,
197.857, Bid:,2,47,1,89,1,Ask:,4,98,1,272,1,396,1,421,1,
198.714, Bid:,2,47,1,89,1,Ask:,3,272,1,396,1,421,1,
198.857, Bid:,3,26,1,47,1,89,1,Ask:,3,272,1,396,1,421,1,
199.714, Bid:,4,26,1,36,1,47,1,89,1,Ask:,3,272,1,396,1,421,1,
205.714, Bid:,4,26,1,36,1,47,1,89,1,Ask:,2,396,1,421,1,
206.000, Bid:,4,26,1,36,1,47,1,89,1,Ask:,3,396,1,399,1,421,1,
207.000, Bid:,5,26,1,36,1,47,1,89,1,373,1,Ask:,3,396,1,399,1,421,1,
211.714, Bid:,4,26,1,36,1,47,1,89,1,Ask:,2,396,1,421,1,
211.857, Bid:,4,26,1,36,1,47,1,89,1,Ask:,3,396,1,421,1,424,1,
212.429, Bid:,4,26,1,36,1,47,1,89,1,Ask:,4,108,1,396,1,421,1,424,1,
212.571, Bid:,4,26,1,36,1,47,1,93,1,Ask:,4,108,1,396,1,421,1,424,1,
212.714, Bid:,3,26,1,36,1,93,1,Ask:,3,396,1,421,1,424,1,
213.000, Bid:,3,26,1,36,1,93,1,Ask:,3,192,1,396,1,424,1,
213.143, Bid:,2,26,1,36,1,Ask:,3,192,1,396,1,424,1,
213.286, Bid:,3,26,1,36,1,48,1,Ask:,3,192,1,396,1,424,1,
213.714, Bid:,3,26,1,36,1,48,1,Ask:,4,192,1,396,1,416,1,424,1,
213.857, Bid:,3,26,1,36,1,48,1,Ask:,3,396,1,416,1,424,1,
214.286, Bid:,4,26,1,36,1,48,1,211,1,Ask:,3,396,1,416,1,424,1,
216.571, Bid:,5,26,1,36,1,48,1,211,1,337,1,Ask:,3,396,1,416,1,424,1,
227.571, Bid:,4,26,1,36,1,48,1,211,1,Ask:,2,396,1,416,1,
227.857, Bid:,4,26,1,36,1,48,1,211,1,Ask:,3,311,1,396,1,416,1,
228.429, Bid:,5,26,1,36,1,48,1,177,1,211,1,Ask:,3,311,1,396,1,416,1,
242.143, Bid:,4,26,1,36,1,48,1,177,1,Ask:,3,311,1,396,1,416,1,
242.286, Bid:,4,26,1,36,1,48,1,105,1,Ask:,3,311,1,396,1,416,1,
242.714, Bid:,4,26,1,36,1,48,1,105,1,Ask:,3,107,1,311,1,396,1,
243.857, Bid:,4,26,1,36,1,48,1,105,1,Ask:,4,107,1,311,1,349,1,396,1,
244.571, Bid:,3,26,1,36,1,48,1,Ask:,4,107,1,311,1,349,1,396,1,
245.429, Bid:,3,26,1,36,1,48,1,Ask:,5,107,1,303,1,311,1,349,1,396,1,
250.000, Bid:,3,26,1,36,1,48,1,Ask:,6,107,1,303,1,310,1,311,1,349,1,396,1,
257.571, Bid:,3,26,1,36,1,90,1,Ask:,6,107,1,303,1,310,1,311,1,349,1,396,1,
258.857, Bid:,2,26,1,36,1,Ask:,5,107,1,303,1,310,1,349,1,396,1,
259.429, Bid:,2,26,1,36,1,Ask:,5,107,1,287,1,303,1,310,1,349,1,
259.571, Bid:,2,26,1,36,1,Ask:,6,107,1,287,1,303,1,310,1,349,1,417,1,
272.143, Bid:,2,26,1,36,1,Ask:,6,98,1,107,1,287,1,303,1,310,1,417,1,
272.571, Bid:,2,26,1,36,1,Ask:,5,107,1,287,1,303,1,310,1,417,1,
273.000, Bid:,3,26,1,36,1,97,1,Ask:,5,107,1,287,1,303,1,310,1,417,1,
273.143, Bid:,3,26,1,36,1,97,1,Ask:,5,107,1,287,1,310,1,417,1,464,1,
273.286, Bid:,2,26,1,97,1,Ask:,4,287,1,310,1,417,1,464,1,
274.857, Bid:,2,26,1,97,1,Ask:,5,121,1,287,1,310,1,417,1,464,1,
276.143, Bid:,2,26,1,97,1,Ask:,6,121,1,287,1,310,1,406,1,417,1,464,1,
287.714, Bid:,3,26,1,97,1,109,1,Ask:,6,121,1,287,1,310,1,406,1,417,1,464,1,
289.714, Bid:,2,26,1,97,1,Ask:,5,287,1,310,1,406,1,417,1,464,1,
290.143, Bid:,3,23,1,26,1,97,1,Ask:,5,287,1,310,1,406,1,417,1,464,1,
290.429, Bid:,3,23,1,26,1,97,1,Ask:,5,287,1,310,1,406,1,417,2,464,1,
300.286, Bid:,4,23,1,26,1,97,1,108,1,Ask:,5,287,1,310,1,406,1,417,2,464,1,
302.286, Bid:,3,23,1,26,1,97,1,Ask:,5,287,1,310,1,406,1,417,1,464,1,
302.714, Bid:,2,23,1,26,1,Ask:,5,287,1,310,1,406,1,417,1,464,1,
302.857, Bid:,2,26,1,110,1,Ask:,5,287,1,310,1,406,1,417,1,464,1,
303.571, Bid:,3,26,1,74,1,110,1,Ask:,5,287,1,310,1,406,1,417,1,464,1,
304.286, Bid:,4,26,1,65,1,74,1,110,1,Ask:,5,287,1,310,1,406,1,417,1,464,1,
304.429, Bid:,5,26,1,65,1,74,1,94,1,110,1,Ask:,5,287,1,310,1,406,1,417,1,464,1,
317.714, Bid:,4,26,1,65,1,74,1,94,1,Ask:,4,287,1,310,1,406,1,464,1,
317.857, Bid:,4,26,1,65,1,94,1,95,1,Ask:,4,287,1,310,1,406,1,464,1,
318.000, Bid:,5,26,1,34,1,65,1,94,1,95,1,Ask:,4,287,1,310,1,406,1,464,1,
318.143, Bid:,5,26,1,34,1,65,1,94,1,95,1,Ask:,4,287,1,310,1,368,1,406,1,
332.429, Bid:,5,26,1,34,1,65,1,94,1,95,1,Ask:,4,106,1,287,1,310,1,368,1,
333.857, Bid:,4,26,1,34,1,65,1,94,1,Ask:,4,106,1,287,1,310,1,368,1,
334.000, Bid:,4,26,1,34,1,65,1,94,1,Ask:,4,106,1,264,1,287,1,368,1,
334.286, Bid:,4,26,1,34,1,65,1,86,1,Ask:,4,106,1,264,1,287,1,368,1,
334.714, Bid:,3,26,1,34,1,86,1,Ask:,3,264,1,287,1,368,1,
334.857, Bid:,4,26,1,34,1,73,1,86,1,Ask:,3,264,1,287,1,368,1,
336.857, Bid:,4,26,1,34,1,73,1,86,1,Ask:,4,98,1,264,1,287,1,368,1,
348.286, Bid:,4,26,1,34,1,73,1,86,1,Ask:,4,110,1,264,1,287,1,368,1,
348.429, Bid:,5,26,1,34,1,73,1,86,1,107,1,Ask:,4,110,1,264,1,287,1,368,1,
362.714, Bid:,6,26,1,34,1,73,1,86,1,95,1,107,1,Ask:,4,110,1,264,1,287,1,368,1,
363.000, Bid:,5,26,1,34,1,73,1,86,1,95,1,Ask:,4,110,1,264,1,287,1,368,1,
363.143, Bid:,5,26,1,34,1,73,1,86,1,95,1,Ask:,3,264,1,287,1,368,1,
363.286, Bid:,5,26,1,34,1,73,1,86,1,95,1,Ask:,3,264,1,287,1,361,1,
363.571, Bid:,5,26,1,34,1,73,1,86,1,95,1,Ask:,4,163,1,264,1,287,1,361,1,
363.714, Bid:,4,26,1,34,1,73,1,86,1,Ask:,4,163,1,264,1,287,1,361,1,
364.000, Bid:,4,26,1,34,1,73,1,86,1,Ask:,5,148,1,163,1,264,1,287,1,361,1,
364.143, Bid:,4,26,1,34,1,73,1,87,1,Ask:,5,148,1,163,1,264,1,287,1,361,1,
364.714, Bid:,4,26,1,34,1,73,1,87,1,Ask:,6,148,1,163,1,264,1,287,1,361,1,420,1,
365.286, Bid:,3,26,1,34,1,73,1,Ask:,5,148,1,163,1,287,1,361,1,420,1,
365.714, Bid:,3,26,1,34,1,73,1,Ask:,5,148,1,163,1,361,1,420,1,474,1,
366.571, Bid:,3,26,1,34,1,73,1,Ask:,4,163,1,361,1,420,1,474,1,
366.714, Bid:,3,26,1,34,1,73,1,Ask:,5,163,1,361,1,420,1,474,1,478,1,
367.286, Bid:,3,26,1,34,1,73,1,Ask:,4,361,1,420,1,474,1,478,1,
367.429, Bid:,3,34,1,73,1,125,1,Ask:,4,361,1,420,1,474,1,478,1,
368.000, Bid:,4,27,1,34,1,73,1,125,1,Ask:,4,361,1,420,1,474,1,478,1,
369.143, Bid:,3,27,1,34,1,73,1,Ask:,4,361,1,420,1,474,1,478,1,
370.000, Bid:,3,27,1,34,1,73,1,Ask:,5,245,1,361,1,420,1,474,1,478,1,
377.714, Bid:,3,34,1,73,1,102,1,Ask:,5,245,1,361,1,420,1,474,1,478,1,
377.857, Bid:,3,34,1,73,1,102,1,Ask:,5,108,1,361,1,420,1,474,1,478,1,
379.143, Bid:,3,34,1,73,1,102,1,Ask:,4,361,1,420,1,474,1,478,1,
379.571, Bid:,4,34,1,73,1,90,1,102,1,Ask:,4,361,1,420,1,474,1,478,1,
392.714, Bid:,3,34,1,73,1,90,1,Ask:,3,361,1,420,1,474,1,
393.286, Bid:,3,34,1,73,1,90,1,Ask:,4,234,1,361,1,420,1,474,1,
393.429, Bid:,2,73,1,90,1,Ask:,3,361,1,420,1,474,1,
393.714, Bid:,2,73,1,90,1,Ask:,4,112,1,361,1,420,1,474,1,
394.000, Bid:,2,73,1,90,1,Ask:,3,361,1,420,1,474,1,
394.143, Bid:,2,73,1,203,1,Ask:,3,361,1,420,1,474,1,
394.286, Bid:,2,73,1,203,1,Ask:,2,420,1,474,1,
394.429, Bid:,3,24,1,73,1,203,1,Ask:,2,420,1,474,1,
394.714, Bid:,4,24,1,73,1,203,1,278,1,Ask:,2,420,1,474,1,
395.857, Bid:,3,24,1,73,1,203,1,Ask:,2,420,1,474,1,
396.857, Bid:,3,24,1,73,1,203,1,Ask:,3,230,1,420,1,474,1,
398.000, Bid:,3,24,1,73,1,203,1,Ask:,2,420,1,474,1,
398.286, Bid:,4,24,1,73,1,92,1,203,1,Ask:,2,420,1,474,1,
398.429, Bid:,4,24,1,73,1,92,1,203,1,Ask:,3,271,1,420,1,474,1,
409.571, Bid:,3,24,1,73,1,92,1,Ask:,2,271,1,474,1,
410.000, Bid:,4,24,1,73,1,90,1,92,1,Ask:,2,271,1,474,1,
410.429, Bid:,4,24,1,73,1,90,1,92,1,Ask:,1,474,1,
410.571, Bid:,4,24,1,73,1,90,1,92,1,Ask:,2,285,1,474,1,
410.714, Bid:,3,24,1,90,1,92,1,Ask:,1,474,1,
411.000, Bid:,3,24,1,90,1,92,1,Ask:,2,403,1,474,1,
411.143, Bid:,3,24,1,90,1,92,1,Ask:,3,357,1,403,1,474,1,
411.286, Bid:,2,24,1,90,1,Ask:,3,357,1,403,1,474,1,
411.429, Bid:,2,24,1,90,1,Ask:,4,95,1,357,1,403,1,474,1,
411.571, Bid:,2,24,1,90,1,Ask:,3,357,1,403,1,474,1,
411.857, Bid:,2,24,1,90,1,Ask:,2,403,1,474,1,
412.143, Bid:,2,24,1,90,1,Ask:,1,474,1,
412.286, Bid:,3,24,1,90,1,288,1,Ask:,1,474,1,
412.714, Bid:,4,24,1,90,1,199,1,288,1,Ask:,1,474,1,
413.000, Bid:,5,24,1,90,1,170,1,199,1,288,1,Ask:,1,474,1,
413.143, Bid:,6,24,1,90,1,170,1,199,1,288,1,473,1,Ask:,1,474,1,
413.429, Bid:,5,24,1,90,1,170,1,199,1,288,1,Ask:,1,474,1,
414.000, Bid:,6,24,1,27,1,90,1,170,1,199,1,288,1,Ask:,1,474,1,
423.000, Bid:,6,27,1,90,1,103,1,170,1,199,1,288,1,Ask:,1,474,1,
423.143, Bid:,5,27,1,90,1,103,1,170,1,199,1,Ask:,1,474,1,
423.286, Bid:,4,27,1,90,1,103,1,170,1,Ask:,1,474,1,
423.714, Bid:,3,27,1,90,1,103,1,Ask:,1,474,1,
424.143, Bid:,3,27,1,90,1,103,1,Ask:,2,236,1,474,1,
424.571, Bid:,3,27,1,90,1,103,1,Ask:,1,474,1,
424.714, Bid:,4,27,1,72,1,90,1,103,1,Ask:,1,474,1,
425.000, Bid:,3,27,1,72,1,90,1,Ask:,1,474,1,
425.143, Bid:,4,27,1,72,1,90,1,269,1,Ask:,1,474,1,
425.429, Bid:,3,27,1,72,1,90,1,Ask:,1,474,1,
426.571, Bid:,4,27,1,72,1,90,1,432,1,Ask:,1,474,1,
426.857, Bid:,5,27,1,72,1,90,1,363,1,432,1,Ask:,1,474,1,
427.429, Bid:,4,27,1,72,1,90,1,363,1,Ask:,1,474,1,
427.714, Bid:,3,27,1,72,1,90,1,Ask:,1,474,1,
427.857, Bid:,4,4,1,27,1,72,1,90,1,Ask:,1,474,1,
428.000, Bid:,3,4,1,27,1,72,1,Ask:,1,474,1,
428.143, Bid:,3,4,1,27,1,72,1,Ask:,1,275,1,
428.571, Bid:,3,4,1,27,1,72,1,Ask:,2,275,1,413,1,
428.714, Bid:,3,4,1,27,1,72,1,Ask:,1,413,1,
428.857, Bid:,4,4,1,27,1,72,1,124,1,Ask:,1,413,1,
429.000, Bid:,4,4,1,27,1,72,1,124,1,Ask:,2,413,1,418,1,
438.143, Bid:,4,4,1,27,1,72,1,85,1,Ask:,2,413,1,418,1,
438.429, Bid:,4,4,1,27,1,72,1,85,1,Ask:,2,98,1,418,1,
438.714, Bid:,4,4,1,27,1,72,1,85,1,Ask:,1,418,1,
439.857, Bid:,5,4,1,27,1,72,1,85,1,291,1,Ask:,1,418,1,
440.000, Bid:,4,4,1,27,1,72,1,85,1,Ask:,1,418,1,
440.571, Bid:,4,4,1,27,1,72,1,85,1,Ask:,2,197,1,418,1,
440.714, Bid:,4,4,1,27,1,72,1,85,1,Ask:,1,418,1,
441.714, Bid:,3,4,1,27,1,72,1,Ask:,1,418,1,
441.857, Bid:,3,4,1,27,1,72,1,Ask:,2,119,1,418,1,
442.429, Bid:,3,4,1,27,1,72,1,Ask:,3,119,1,418,1,497,1,
453.286, Bid:,4,4,1,27,1,72,1,101,1,Ask:,3,119,1,418,1,497,1,
454.857, Bid:,4,4,1,27,1,72,1,101,1,Ask:,4,107,1,119,1,418,1,497,1,
468.143, Bid:,4,4,1,27,1,72,1,101,1,Ask:,4,102,1,107,1,119,1,418,1,
469.571, Bid:,5,4,1,27,1,72,1,95,1,101,1,Ask:,4,102,1,107,1,119,1,418,1,
483.286, Bid:,4,4,1,27,1,72,1,95,1,Ask:,4,102,1,107,1,119,1,418,1,
483.429, Bid:,3,27,1,72,1,95,1,Ask:,3,107,1,119,1,418,1,
483.571, Bid:,3,27,1,72,1,95,1,Ask:,2,119,1,418,1,
483.714, Bid:,3,27,1,72,1,95,1,Ask:,3,119,1,200,1,418,1,
484.000, Bid:,3,72,1,95,1,106,1,Ask:,3,119,1,200,1,418,1,
484.143, Bid:,3,95,1,106,1,107,1,Ask:,3,119,1,200,1,418,1,
485.714, Bid:,4,95,1,101,1,106,1,107,1,Ask:,3,119,1,200,1,418,1,
486.286, Bid:,4,95,1,101,1,106,1,107,1,Ask:,2,200,1,418,1,
486.714, Bid:,4,95,1,101,1,106,1,107,1,Ask:,3,200,1,306,1,418,1,
487.429, Bid:,4,95,1,101,1,106,1,107,1,Ask:,4,181,1,200,1,306,1,418,1,
498.571, Bid:,4,93,1,101,1,106,1,107,1,Ask:,4,181,1,200,1,306,1,418,1,
499.000, Bid:,3,93,1,101,1,106,1,Ask:,3,181,1,306,1,418,1,
499.143, Bid:,3,93,1,101,1,106,1,Ask:,2,306,1,418,1,
499.429, Bid:,3,93,1,101,1,106,1,Ask:,3,282,1,306,1,418,1,
499.714, Bid:,3,101,1,106,1,138,1,Ask:,3,282,1,306,1,418,1,
500.286, Bid:,3,101,1,106,1,138,1,Ask:,2,306,1,418,1,
500.714, Bid:,4,101,1,106,1,138,1,218,1,Ask:,2,306,1,418,1,
501.143, Bid:,3,101,1,106,1,138,1,Ask:,2,306,1,418,1,
501.714, Bid:,4,101,1,106,1,138,1,231,1,Ask:,2,306,1,418,1,
503.857, Bid:,4,101,1,106,1,138,1,231,1,Ask:,3,306,1,418,1,441,1,
513.571, Bid:,4,101,1,106,1,112,1,138,1,Ask:,3,306,1,418,1,441,1,
514.143, Bid:,3,101,1,106,1,112,1,Ask:,2,306,1,418,1,
514.286, Bid:,2,101,1,106,1,Ask:,1,418,1,
514.571, Bid:,3,101,1,106,1,254,1,Ask:,1,418,1,
514.714, Bid:,3,101,1,106,1,254,1,Ask:,2,418,1,425,1,
515.143, Bid:,4,101,1,106,1,254,1,290,1,Ask:,2,418,1,425,1,
516.143, Bid:,5,51,1,101,1,106,1,254,1,290,1,Ask:,2,418,1,425,1,
529.000, Bid:,4,51,1,101,1,106,1,254,1,Ask:,2,418,1,425,1,
529.143, Bid:,4,51,1,102,1,106,1,254,1,Ask:,2,418,1,425,1,
529.571, Bid:,4,51,1,102,1,254,1,322,1,Ask:,2,418,1,425,1,
530.143, Bid:,4,51,1,102,1,254,1,322,1,Ask:,3,418,1,425,1,441,1,
544.714, Bid:,4,90,1,102,1,254,1,322,1,Ask:,3,418,1,425,1,441,1,
545.143, Bid:,3,90,1,102,1,254,1,Ask:,3,418,1,425,1,441,1,
545.286, Bid:,4,30,1,90,1,102,1,254,1,Ask:,3,418,1,425,1,441,1,
545.429, Bid:,4,30,1,90,1,99,1,254,1,Ask:,3,418,1,425,1,441,1,
545.714, Bid:,4,30,1,90,1,99,1,233,1,Ask:,3,418,1,425,1,441,1,
545.857, Bid:,3,30,1,90,1,99,1,Ask:,2,418,1,425,1,
546.000, Bid:,4,30,1,90,1,99,1,159,1,Ask:,2,418,1,425,1,
547.857, Bid:,4,30,1,90,1,99,1,159,1,Ask:,3,268,1,418,1,425,1,
558.857, Bid:,4,30,1,86,1,99,1,159,1,Ask:,3,268,1,418,1,425,1,
560.571, Bid:,3,30,1,86,1,99,1,Ask:,2,418,1,425,1,
560.857, Bid:,3,30,1,86,1,99,1,Ask:,3,397,1,418,1,425,1,
561.571, Bid:,2,30,1,86,1,Ask:,3,397,1,418,1,425,1,
561.857, Bid:,2,30,1,86,1,Ask:,3,289,1,397,1,425,1,
562.429, Bid:,3,30,1,86,1,238,1,Ask:,3,289,1,397,1,425,1,
573.857, Bid:,4,30,1,86,1,106,1,238,1,Ask:,3,289,1,397,1,425,1,
576.143, Bid:,3,30,1,86,1,106,1,Ask:,3,289,1,397,1,425,1,
576.571, Bid:,3,86,1,106,1,111,1,Ask:,3,289,1,397,1,425,1,
578.000, Bid:,3,86,1,106,1,111,1,Ask:,2,397,1,425,1,
578.571, Bid:,3,86,1,106,1,111,1,Ask:,1,425,1,
578.714, Bid:,3,86,1,106,1,111,1,Ask:,2,285,1,425,1,
579.000, Bid:,4,49,1,86,1,106,1,111,1,Ask:,2,285,1,425,1,
579.714, Bid:,5,7,1,49,1,86,1,106,1,111,1,Ask:,2,285,1,425,1,
589.143, Bid:,5,7,1,49,1,87,1,106,1,111,1,Ask:,2,285,1,425,1,
589.429, Bid:,4,7,1,49,1,87,1,106,1,Ask:,1,425,1,
589.714, Bid:,5,7,1,49,1,87,1,106,1,330,1,Ask:,1,425,1,
590.286, Bid:,6,7,1,49,1,87,1,106,1,196,1,330,1,Ask:,1,425,1,
604.286, Bid:,5,7,1,49,1,87,1,106,1,196,1,Ask:,1,425,1,
605.000, Bid:,5,49,1,87,1,104,1,106,1,196,1,Ask:,1,425,1,
605.286, Bid:,4,49,1,87,1,104,1,106,1,Ask:,1,425,1,
605.429, Bid:,4,49,1,87,1,104,1,106,1,Ask:,2,333,1,425,1,
605.857, Bid:,4,49,1,87,1,104,1,106,1,Ask:,3,115,1,333,1,425,1,
606.143, Bid:,3,87,1,104,1,106,1,Ask:,2,333,1,425,1,
606.429, Bid:,2,87,1,104,1,Ask:,2,333,1,425,1,
606.714, Bid:,2,87,1,104,1,Ask:,1,425,1,
606.857, Bid:,2,87,1,104,1,Ask:,2,425,1,436,1,
607.000, Bid:,3,87,1,104,1,116,1,Ask:,2,425,1,436,1,
607.143, Bid:,4,87,1,94,1,104,1,116,1,Ask:,2,425,1,436,1,
607.429, Bid:,5,87,1,94,1,104,1,116,1,328,1,Ask:,2,425,1,436,1,
607.857, Bid:,6,87,1,94,1,104,1,116,1,170,1,328,1,Ask:,2,425,1,436,1,
619.857, Bid:,6,87,1,94,1,104,1,107,1,116,1,170,1,Ask:,2,425,1,436,1,
620.571, Bid:,5,87,1,94,1,104,1,107,1,116,1,Ask:,2,425,1,436,1,
621.000, Bid:,5,87,1,94,1,104,1,107,1,116,1,Ask:,3,339,1,425,1,436,1,
621.857, Bid:,4,87,1,94,1,104,1,107,1,Ask:,3,339,1,425,1,436,1,
622.429, Bid:,5,87,1,94,1,104,1,107,1,151,1,Ask:,3,339,1,425,1,436,1,
622.571, Bid:,4,87,1,94,1,104,1,107,1,Ask:,3,339,1,425,1,436,1,
623.143, Bid:,5,50,1,87,1,94,1,104,1,107,1,Ask:,3,339,1,425,1,436,1,
634.714, Bid:,5,50,1,87,1,94,1,104,1,107,1,Ask:,3,108,1,339,1,425,1,
634.857, Bid:,5,50,1,87,1,94,1,98,1,107,1,Ask:,3,108,1,339,1,425,1,
635.000, Bid:,5,50,1,87,1,94,1,98,1,107,1,Ask:,2,339,1,425,1,
635.571, Bid:,6,45,1,50,1,87,1,94,1,98,1,107,1,Ask:,2,339,1,425,1,
635.714, Bid:,5,45,1,50,1,87,1,94,1,98,1,Ask:,2,339,1,425,1,
636.000, Bid:,5,45,1,50,1,87,1,94,1,98,1,Ask:,3,339,1,425,1,439,1,
636.143, Bid:,5,45,1,50,1,87,1,94,1,98,1,Ask:,3,339,1,439,1,470,1,
650.000, Bid:,5,45,1,50,1,87,1,94,1,98,1,Ask:,3,101,1,439,1,470,1,
650.571, Bid:,5,45,1,50,1,87,1,94,1,98,1,Ask:,2,439,1,470,1,
650.857, Bid:,4,45,1,50,1,87,1,94,1,Ask:,2,439,1,470,1,
651.286, Bid:,4,45,1,50,1,87,1,89,1,Ask:,2,439,1,470,1,
651.429, Bid:,5,45,1,50,1,87,1,89,1,429,1,Ask:,2,439,1,470,1,
652.286, Bid:,6,45,1,50,1,87,1,89,1,141,1,429,1,Ask:,2,439,1,470,1,
652.571, Bid:,5,45,1,50,1,87,1,89,1,141,1,Ask:,2,439,1,470,1,
653.714, Bid:,5,45,1,50,1,87,1,89,1,141,1,Ask:,3,251,1,439,1,470,1,
665.000, Bid:,4,45,1,50,1,87,1,89,1,Ask:,3,251,1,439,1,470,1,
665.143, Bid:,4,45,1,50,1,87,1,89,1,Ask:,4,97,1,251,1,439,1,470,1,
665.571, Bid:,4,45,1,50,1,87,1,89,1,Ask:,3,251,1,439,1,470,1,
665.857, Bid:,4,45,1,50,1,89,1,95,1,Ask:,3,251,1,439,1,470,1,
666.714, Bid:,3,45,1,50,1,89,1,Ask:,2,251,1,470,1,
666.857, Bid:,3,45,1,50,1,89,1,Ask:,3,251,1,349,1,470,1,
667.286, Bid:,3,45,1,50,1,89,1,Ask:,4,152,1,251,1,349,1,470,1,
667.429, Bid:,3,45,1,50,1,89,1,Ask:,4,152,1,208,1,251,1,349,1,
667.571, Bid:,2,45,1,89,1,Ask:,3,208,1,251,1,349,1,
669.429, Bid:,2,45,1,89,1,Ask:,4,208,1,251,1,260,1,349,1,
670.714, Bid:,1,45,1,Ask:,4,208,1,251,1,260,1,349,1,
671.429, Bid:,1,45,1,Ask:,3,251,1,260,1,349,1,
671.714, Bid:,2,45,1,114,1,Ask:,3,251,1,260,1,349,1,
672.286, Bid:,1,45,1,Ask:,3,251,1,260,1,349,1,
672.429, Bid:,1,45,1,Ask:,4,251,1,260,1,349,1,404,1,
673.000, Bid:,1,45,1,Ask:,5,238,1,251,1,260,1,349,1,404,1,
673.286, Bid:,0,Ask:,5,238,1,251,1,260,1,349,1,404,1,
673.571, Bid:,0,Ask:,4,251,1,260,1,349,1,404,1,
673.857, Bid:,0,Ask:,3,260,1,349,1,404,1,
674.000, Bid:,0,Ask:,3,260,1,272,1,404,1,
674.429, Bid:,1,71,1,Ask:,3,260,1,272,1,404,1,
674.571, Bid:,1,71,1,Ask:,4,210,1,260,1,272,1,404,1,
674.714, Bid:,1,71,1,Ask:,5,74,1,210,1,260,1,272,1,404,1,
675.000, Bid:,1,71,1,Ask:,4,210,1,260,1,272,1,404,1,
677.714, Bid:,1,71,1,Ask:,3,260,1,272,1,404,1,
678.429, Bid:,1,71,1,Ask:,4,260,1,272,1,325,1,404,1,
679.571, Bid:,1,71,1,Ask:,3,272,1,325,1,404,1,
680.000, Bid:,2,71,1,112,1,Ask:,3,272,1,325,1,404,1,
680.143, Bid:,1,71,1,Ask:,3,272,1,325,1,404,1,
680.429, Bid:,1,71,1,Ask:,4,100,1,272,1,325,1,404,1,
681.857, Bid:,0,Ask:,3,100,1,272,1,325,1,
682.000, Bid:,0,Ask:,4,100,1,258,1,272,1,325,1,
682.286, Bid:,1,34,1,Ask:,4,100,1,258,1,272,1,325,1,
682.429, Bid:,1,34,1,Ask:,3,258,1,272,1,325,1,
683.000, Bid:,1,34,1,Ask:,4,223,1,258,1,272,1,325,1,
685.714, Bid:,2,34,1,64,1,Ask:,4,223,1,258,1,272,1,325,1,
695.429, Bid:,2,34,1,64,1,Ask:,4,108,1,223,1,258,1,325,1,
696.286, Bid:,2,34,1,64,1,Ask:,4,95,1,108,1,258,1,325,1,
696.429, Bid:,2,34,1,64,1,Ask:,3,108,1,258,1,325,1,
697.857, Bid:,2,34,1,64,1,Ask:,3,108,1,152,1,258,1,
698.143, Bid:,3,34,1,52,1,64,1,Ask:,3,108,1,152,1,258,1,
710.571, Bid:,4,34,1,52,1,64,1,91,1,Ask:,3,108,1,152,1,258,1,
711.143, Bid:,4,34,1,52,1,64,1,91,1,Ask:,4,100,1,108,1,152,1,258,1,
725.571, Bid:,4,34,1,52,1,64,1,91,1,Ask:,4,100,1,110,1,152,1,258,1,
725.857, Bid:,3,52,1,64,1,91,1,Ask:,3,110,1,152,1,258,1,
726.000, Bid:,3,52,1,64,1,91,1,Ask:,4,110,1,152,1,258,1,360,1,
726.143, Bid:,3,52,1,64,1,95,1,Ask:,4,110,1,152,1,258,1,360,1,
726.571, Bid:,2,52,1,64,1,Ask:,4,110,1,152,1,258,1,360,1,
727.429, Bid:,1,64,1,Ask:,3,152,1,258,1,360,1,
728.000, Bid:,1,64,1,Ask:,3,111,1,152,1,360,1,
728.143, Bid:,1,64,1,Ask:,2,152,1,360,1,
728.286, Bid:,1,64,1,Ask:,1,360,1,
728.429, Bid:,1,64,1,Ask:,0,
728.571, Bid:,2,64,1,396,1,Ask:,0,
728.714, Bid:,1,64,1,Ask:,0,
728.857, Bid:,1,494,1,Ask:,0,
729.000, Bid:,2,272,1,494,1,Ask:,0,
729.143, Bid:,3,272,1,284,1,494,1,Ask:,0,
729.429, Bid:,2,272,1,284,1,Ask:,0,
729.571, Bid:,2,272,1,284,1,Ask:,1,474,1,
730.000, Bid:,3,272,1,284,1,375,1,Ask:,1,474,1,
730.429, Bid:,2,272,1,284,1,Ask:,1,474,1,
730.857, Bid:,1,272,1,Ask:,1,474,1,
731.143, Bid:,2,141,1,272,1,Ask:,1,474,1,
731.429, Bid:,1,141,1,Ask:,1,474,1,
731.714, Bid:,2,141,1,212,1,Ask:,1,474,1,
732.429, Bid:,2,141,1,212,1,Ask:,2,365,1,474,1,
735.714, Bid:,2,141,1,212,1,Ask:,3,288,1,365,1,474,1,
735.857, Bid:,2,141,1,212,1,Ask:,4,288,1,346,1,365,1,474,1,
736.143, Bid:,2,141,1,212,1,Ask:,3,346,1,365,1,474,1,
737.000, Bid:,3,13,1,141,1,212,1,Ask:,3,346,1,365,1,474,1,
740.714, Bid:,2,13,1,141,1,Ask:,2,365,1,474,1,
741.857, Bid:,1,13,1,Ask:,2,365,1,474,1,
742.571, Bid:,1,13,1,Ask:,3,355,1,365,1,474,1,
743.000, Bid:,1,13,1,Ask:,4,214,1,355,1,365,1,474,1,
743.429, Bid:,2,13,1,112,1,Ask:,4,214,1,355,1,365,1,474,1,
744.286, Bid:,2,13,1,112,1,Ask:,5,214,1,355,1,365,1,425,1,474,1,
755.714, Bid:,3,13,1,100,1,112,1,Ask:,5,214,1,355,1,365,1,425,1,474,1,
756.000, Bid:,2,13,1,100,1,Ask:,4,214,1,355,1,365,1,425,1,
756.143, Bid:,2,13,1,100,1,Ask:,3,355,1,365,1,425,1,
756.286, Bid:,2,88,1,100,1,Ask:,3,355,1,365,1,425,1,
756.571, Bid:,2,88,1,100,1,Ask:,3,355,1,425,1,469,1,
757.000, Bid:,2,88,1,100,1,Ask:,4,277,1,355,1,425,1,469,1,
757.571, Bid:,2,88,1,100,1,Ask:,5,264,1,277,1,355,1,425,1,469,1,
770.857, Bid:,3,88,1,100,1,113,1,Ask:,5,264,1,277,1,355,1,425,1,469,1,
771.714, Bid:,2,88,1,100,1,Ask:,4,264,1,277,1,425,1,469,1,
772.714, Bid:,2,88,1,100,1,Ask:,5,264,1,277,1,408,1,425,1,469,1,
773.286, Bid:,3,88,1,100,1,153,1,Ask:,5,264,1,277,1,408,1,425,1,469,1,
786.286, Bid:,2,88,1,100,1,Ask:,4,264,1,408,1,425,1,469,1,
786.429, Bid:,2,88,1,100,1,Ask:,5,184,1,264,1,408,1,425,1,469,1,
786.714, Bid:,2,88,1,100,1,Ask:,5,184,1,264,1,283,1,408,1,425,1,
787.000, Bid:,2,88,1,98,1,Ask:,5,184,1,264,1,283,1,408,1,425,1,
801.429, Bid:,1,88,1,Ask:,4,184,1,283,1,408,1,425,1,
801.857, Bid:,2,88,1,108,1,Ask:,4,184,1,283,1,408,1,425,1,
802.429, Bid:,2,88,1,108,1,Ask:,3,283,1,408,1,425,1,
802.714, Bid:,2,88,1,108,1,Ask:,4,283,1,301,1,408,1,425,1,
803.286, Bid:,2,88,1,108,1,Ask:,5,193,1,283,1,301,1,408,1,425,1,
803.429, Bid:,2,88,1,108,1,Ask:,5,181,1,193,1,283,1,301,1,408,1,
816.286, Bid:,2,90,1,108,1,Ask:,5,181,1,193,1,283,1,301,1,408,1,
816.429, Bid:,2,95,1,108,1,Ask:,5,181,1,193,1,283,1,301,1,408,1,
816.714, Bid:,1,95,1,Ask:,4,181,1,283,1,301,1,408,1,
817.000, Bid:,1,95,1,Ask:,5,181,1,283,1,301,1,408,1,424,1,
819.286, Bid:,1,95,1,Ask:,5,115,1,181,1,283,1,301,1,424,1,
821.000, Bid:,1,95,1,Ask:,4,181,1,283,1,301,1,424,1,
822.286, Bid:,1,95,1,Ask:,3,283,1,301,1,424,1,
822.429, Bid:,1,95,1,Ask:,4,245,1,283,1,301,1,424,1,
823.143, Bid:,1,95,1,Ask:,4,132,1,245,1,301,1,424,1,
823.571, Bid:,1,95,1,Ask:,3,245,1,301,1,424,1,
824.429, Bid:,1,95,1,Ask:,2,301,1,424,1,
824.714, Bid:,1,95,1,Ask:,3,186,1,301,1,424,1,
825.000, Bid:,1,95,1,Ask:,4,186,1,301,1,334,1,424,1,
826.571, Bid:,1,95,1,Ask:,5,186,1,301,1,334,1,387,1,424,1,
831.429, Bid:,0,Ask:,4,186,1,334,1,387,1,424,1,
832.714, Bid:,0,Ask:,3,334,1,387,1,424,1,
833.000, Bid:,0,Ask:,2,387,1,424,1,
833.143, Bid:,0,Ask:,3,387,1,424,1,475,1,
833.429, Bid:,1,33,1,Ask:,3,387,1,424,1,475,1,
833.571, Bid:,2,33,1,190,1,Ask:,3,387,1,424,1,475,1,
833.714, Bid:,3,33,1,190,1,371,1,Ask:,3,387,1,424,1,475,1,
835.143, Bid:,2,33,1,190,1,Ask:,3,387,1,424,1,475,1,
836.000, Bid:,2,33,1,190,1,Ask:,2,424,1,475,1,
836.143, Bid:,1,33,1,Ask:,2,424,1,475,1,
836.286, Bid:,2,33,1,315,1,Ask:,2,424,1,475,1,
836.571, Bid:,3,33,1,185,1,315,1,Ask:,2,424,1,475,1,
837.429, Bid:,2,33,1,185,1,Ask:,2,424,1,475,1,
838.429, Bid:,2,33,1,185,1,Ask:,1,475,1,
838.571, Bid:,2,33,1,185,1,Ask:,2,372,1,475,1,
838.857, Bid:,1,33,1,Ask:,2,372,1,475,1,
839.143, Bid:,2,33,1,311,1,Ask:,2,372,1,475,1,
839.714, Bid:,3,33,1,134,1,311,1,Ask:,2,372,1,475,1,
842.429, Bid:,3,33,1,134,1,311,1,Ask:,3,372,1,475,1,495,1,
846.571, Bid:,3,33,1,112,1,134,1,Ask:,3,372,1,475,1,495,1,
846.857, Bid:,4,33,1,99,1,112,1,134,1,Ask:,3,372,1,475,1,495,1,
847.429, Bid:,3,33,1,99,1,112,1,Ask:,2,372,1,475,1,
847.571, Bid:,4,33,1,99,1,112,1,256,1,Ask:,2,372,1,475,1,
849.571, Bid:,3,33,1,99,1,112,1,Ask:,2,372,1,475,1,
850.286, Bid:,3,33,1,99,1,112,1,Ask:,3,315,1,372,1,475,1,
850.857, Bid:,3,33,1,99,1,112,1,Ask:,2,372,1,475,1,
851.000, Bid:,2,33,1,99,1,Ask:,2,372,1,475,1,
851.143, Bid:,2,33,1,99,1,Ask:,3,253,1,372,1,475,1,
851.286, Bid:,2,33,1,99,1,Ask:,4,252,1,253,1,372,1,475,1,
852.000, Bid:,1,99,1,Ask:,3,253,1,372,1,475,1,
852.143, Bid:,2,28,1,99,1,Ask:,3,253,1,372,1,475,1,
852.571, Bid:,2,28,1,99,1,Ask:,4,253,1,372,1,475,1,482,1,
853.571, Bid:,3,28,1,99,1,235,1,Ask:,4,253,1,372,1,475,1,482,1,
862.143, Bid:,2,28,1,99,1,Ask:,4,253,1,372,1,475,1,482,1,
863.571, Bid:,2,28,1,99,1,Ask:,5,253,1,372,1,403,1,475,1,482,1,
863.857, Bid:,3,28,1,99,1,106,1,Ask:,5,253,1,372,1,403,1,475,1,482,1,
877.000, Bid:,4,28,1,87,1,99,1,106,1,Ask:,5,253,1,372,1,403,1,475,1,482,1,
877.571, Bid:,3,28,1,87,1,99,1,Ask:,5,253,1,372,1,403,1,475,1,482,1,
878.286, Bid:,3,54,1,87,1,99,1,Ask:,5,253,1,372,1,403,1,475,1,482,1,
878.429, Bid:,4,44,1,54,1,87,1,99,1,Ask:,5,253,1,372,1,403,1,475,1,482,1,
878.571, Bid:,4,44,1,54,1,87,1,99,1,Ask:,5,107,1,253,1,372,1,475,1,482,1,
880.286, Bid:,4,44,1,54,1,87,1,99,1,Ask:,4,253,1,372,1,475,1,482,1,
880.857, Bid:,4,44,1,54,1,87,1,99,1,Ask:,5,253,1,372,1,441,1,475,1,482,1,
892.000, Bid:,3,44,1,54,1,87,1,Ask:,4,253,1,372,1,441,1,475,1,
892.286, Bid:,4,44,1,54,1,87,1,135,1,Ask:,4,253,1,372,1,441,1,475,1,
892.857, Bid:,4,44,1,54,1,87,1,135,1,Ask:,4,146,1,253,1,372,1,441,1,
893.429, Bid:,3,44,1,54,1,87,1,Ask:,4,146,1,253,1,372,1,441,1,
893.714, Bid:,3,44,1,54,1,87,1,Ask:,3,253,1,372,1,441,1,
894.000, Bid:,4,44,1,54,1,87,1,149,1,Ask:,3,253,1,372,1,441,1,
894.429, Bid:,3,44,1,54,1,87,1,Ask:,3,253,1,372,1,441,1,
894.857, Bid:,4,44,1,54,1,87,1,165,1,Ask:,3,253,1,372,1,441,1,
895.143, Bid:,4,44,1,54,1,87,1,165,1,Ask:,2,372,1,441,1,
895.571, Bid:,5,44,1,54,1,87,1,145,1,165,1,Ask:,2,372,1,441,1,
895.714, Bid:,5,54,1,87,1,145,1,165,1,367,1,Ask:,2,372,1,441,1,
907.429, Bid:,5,54,1,87,1,105,1,165,1,367,1,Ask:,2,372,1,441,1,
907.857, Bid:,4,54,1,87,1,105,1,165,1,Ask:,2,372,1,441,1,
908.571, Bid:,4,87,1,105,1,165,1,191,1,Ask:,2,372,1,441,1,
909.857, Bid:,5,31,1,87,1,105,1,165,1,191,1,Ask:,2,372,1,441,1,
923.286, Bid:,4,31,1,87,1,105,1,165,1,Ask:,1,372,1,
923.571, Bid:,4,31,1,88,1,105,1,165,1,Ask:,1,372,1,
923.857, Bid:,5,23,1,31,1,88,1,105,1,165,1,Ask:,1,372,1,
925.714, Bid:,5,23,1,31,1,88,1,105,1,165,1,Ask:,2,337,1,372,1,
937.857, Bid:,4,23,1,31,1,88,1,105,1,Ask:,2,337,1,372,1,
938.429, Bid:,4,23,1,88,1,105,1,110,1,Ask:,2,337,1,372,1,
938.714, Bid:,4,23,1,88,1,105,1,110,1,Ask:,3,337,1,372,1,492,1,
953.000, Bid:,4,23,1,88,1,103,1,110,1,Ask:,3,337,1,372,1,492,1,
953.429, Bid:,3,23,1,88,1,103,1,Ask:,2,372,1,492,1,
954.000, Bid:,3,23,1,88,1,103,1,Ask:,3,372,1,492,1,498,1,
955.286, Bid:,2,23,1,88,1,Ask:,3,372,1,492,1,498,1,
955.429, Bid:,1,23,1,Ask:,3,372,1,492,1,498,1,
956.000, Bid:,1,23,1,Ask:,3,135,1,492,1,498,1,
957.000, Bid:,1,23,1,Ask:,2,492,1,498,1,
957.286, Bid:,1,23,1,Ask:,3,203,1,492,1,498,1,
958.714, Bid:,1,23,1,Ask:,4,203,1,398,1,492,1,498,1,
959.000, Bid:,2,23,1,58,1,Ask:,4,203,1,398,1,492,1,498,1,
967.571, Bid:,2,23,1,58,1,Ask:,5,104,1,203,1,398,1,492,1,498,1,
967.857, Bid:,2,23,1,58,1,Ask:,4,203,1,398,1,492,1,498,1,
968.143, Bid:,1,23,1,Ask:,4,203,1,398,1,492,1,498,1,
968.571, Bid:,2,23,1,95,1,Ask:,4,203,1,398,1,492,1,498,1,
969.143, Bid:,2,23,1,95,1,Ask:,5,203,1,398,1,443,1,492,1,498,1,
970.429, Bid:,1,95,1,Ask:,4,398,1,443,1,492,1,498,1,
971.000, Bid:,2,95,1,96,1,Ask:,4,398,1,443,1,492,1,498,1,
971.143, Bid:,2,95,1,96,1,Ask:,5,288,1,398,1,443,1,492,1,498,1,
983.429, Bid:,3,95,1,96,1,111,1,Ask:,5,288,1,398,1,443,1,492,1,498,1,
984.429, Bid:,2,95,1,96,1,Ask:,4,288,1,398,1,443,1,498,1,
984.571, Bid:,2,95,1,96,1,Ask:,5,227,1,288,1,398,1,443,1,498,1,
985.286, Bid:,2,95,1,96,1,Ask:,4,288,1,398,1,443,1,498,1,
986.571, Bid:,2,95,1,96,1,Ask:,3,398,1,443,1,498,1,
986.714, Bid:,3,95,1,96,1,352,1,Ask:,3,398,1,443,1,498,1,
987.000, Bid:,4,95,1,96,1,352,1,353,1,Ask:,3,398,1,443,1,498,1,
987.143, Bid:,3,95,1,96,1,352,1,Ask:,3,398,1,443,1,498,1,
987.286, Bid:,4,95,1,96,1,258,1,352,1,Ask:,3,398,1,443,1,498,1,
988.143, Bid:,4,95,1,96,1,258,1,352,1,Ask:,2,443,1,498,1,
989.286, Bid:,4,95,1,96,1,258,1,352,1,Ask:,3,392,1,443,1,498,1,
989.571, Bid:,3,95,1,96,1,258,1,Ask:,2,392,1,498,1,
990.000, Bid:,4,34,1,95,1,96,1,258,1,Ask:,2,392,1,498,1,
991.000, Bid:,4,34,1,95,1,96,1,258,1,Ask:,3,392,1,455,1,498,1,
998.000, Bid:,3,34,1,95,1,96,1,Ask:,2,392,1,455,1,
998.143, Bid:,3,34,1,95,1,96,1,Ask:,3,102,1,392,1,455,1,
998.429, Bid:,2,95,1,96,1,Ask:,2,392,1,455,1,
998.571, Bid:,3,95,1,96,1,103,1,Ask:,2,392,1,455,1,
998.714, Bid:,3,95,1,103,1,202,1,Ask:,2,392,1,455,1,
998.857, Bid:,3,95,1,103,1,202,1,Ask:,3,231,1,392,1,455,1,
999.143, Bid:,3,95,1,103,1,202,1,Ask:,4,231,1,303,1,392,1,455,1,
999.286, Bid:,3,95,1,103,1,202,1,Ask:,3,303,1,392,1,455,1,
999.429, Bid:,4,95,1,103,1,129,1,202,1,Ask:,3,303,1,392,1,455,1,
999.714, Bid:,4,95,1,103,1,129,1,202,1,Ask:,2,392,1,455,1,
999.857, Bid:,5,47,1,95,1,103,1,129,1,202,1,Ask:,2,392,1,455,1,
1001.429, Bid:,5,47,1,95,1,129,1,202,1,232,1,Ask:,2,392,1,455,1,
1001.857, Bid:,5,47,1,95,1,129,1,202,1,232,1,Ask:,3,282,1,392,1,455,1,
1013.143, Bid:,6,47,1,95,1,105,1,129,1,202,1,232,1,Ask:,3,282,1,392,1,455,1,
1013.857, Bid:,5,47,1,95,1,105,1,129,1,202,1,Ask:,3,282,1,392,1,455,1,
1015.857, Bid:,5,47,1,95,1,105,1,129,1,202,1,Ask:,4,282,1,392,1,455,1,477,1,
1028.571, Bid:,5,47,1,89,1,105,1,129,1,202,1,Ask:,4,282,1,392,1,455,1,477,1,
1028.857, Bid:,4,47,1,89,1,105,1,129,1,Ask:,4,282,1,392,1,455,1,477,1,
1029.429, Bid:,3,89,1,105,1,129,1,Ask:,3,392,1,455,1,477,1,
1029.571, Bid:,4,89,1,105,1,129,1,170,1,Ask:,3,392,1,455,1,477,1,
1030.000, Bid:,4,89,1,105,1,129,1,170,1,Ask:,4,392,1,455,1,470,1,477,1,
1031.571, Bid:,4,89,1,105,1,129,1,170,1,Ask:,5,237,1,392,1,455,1,470,1,477,1,
1044.143, Bid:,4,95,1,105,1,129,1,170,1,Ask:,5,237,1,392,1,455,1,470,1,477,1,
1044.571, Bid:,3,95,1,105,1,129,1,Ask:,4,237,1,392,1,455,1,477,1,
1044.714, Bid:,3,95,1,105,1,129,1,Ask:,3,392,1,455,1,477,1,
1045.286, Bid:,4,3,1,95,1,105,1,129,1,Ask:,3,392,1,455,1,477,1,
1046.000, Bid:,5,3,1,95,1,105,1,129,1,171,1,Ask:,3,392,1,455,1,477,1,
1048.000, Bid:,4,3,1,95,1,105,1,129,1,Ask:,3,392,1,455,1,477,1,
1048.143, Bid:,4,3,1,95,1,105,1,129,1,Ask:,4,142,1,392,1,455,1,477,1,
1048.286, Bid:,4,3,1,95,1,105,1,129,1,Ask:,5,142,1,392,1,396,1,455,1,477,1,
1058.857, Bid:,4,3,1,95,1,109,1,129,1,Ask:,5,142,1,392,1,396,1,455,1,477,1,
1059.143, Bid:,3,3,1,95,1,109,1,Ask:,4,142,1,392,1,396,1,455,1,
1060.286, Bid:,2,3,1,95,1,Ask:,4,142,1,392,1,396,1,455,1,
1060.429, Bid:,2,3,1,92,1,Ask:,4,142,1,392,1,396,1,455,1,
1060.571, Bid:,2,3,1,92,1,Ask:,3,392,1,396,1,455,1,
1060.714, Bid:,2,3,1,92,1,Ask:,4,392,1,396,1,434,1,455,1,
1060.857, Bid:,2,3,1,92,1,Ask:,5,392,1,394,1,396,1,434,1,455,1,
1061.000, Bid:,3,3,1,92,1,261,1,Ask:,5,392,1,394,1,396,1,434,1,455,1,
1061.429, Bid:,2,3,1,92,1,Ask:,5,392,1,394,1,396,1,434,1,455,1,
1062.000, Bid:,2,3,1,92,1,Ask:,4,394,1,396,1,434,1,455,1,
1062.143, Bid:,2,3,1,92,1,Ask:,4,206,1,394,1,396,1,434,1,
1063.571, Bid:,2,3,1,92,1,Ask:,5,107,1,206,1,394,1,396,1,434,1,
1063.714, Bid:,2,3,1,92,1,Ask:,4,206,1,394,1,396,1,434,1,
1065.857, Bid:,1,3,1,Ask:,4,206,1,394,1,396,1,434,1,
1066.714, Bid:,1,3,1,Ask:,5,91,1,206,1,394,1,396,1,434,1,
1073.857, Bid:,1,3,1,Ask:,5,91,1,98,1,206,1,394,1,434,1,
1074.714, Bid:,1,3,1,Ask:,4,98,1,206,1,394,1,434,1,
1075.143, Bid:,1,3,1,Ask:,5,98,1,206,1,394,1,434,1,462,1,
1077.000, Bid:,1,3,1,Ask:,5,98,1,206,1,360,1,434,1,462,1,
1088.714, Bid:,1,3,1,Ask:,4,206,1,360,1,434,1,462,1,
1088.857, Bid:,1,3,1,Ask:,5,107,1,206,1,360,1,434,1,462,1,
1089.714, Bid:,1,3,1,Ask:,6,102,1,107,1,206,1,360,1,434,1,462,1,
1090.143, Bid:,1,3,1,Ask:,5,107,1,206,1,360,1,434,1,462,1,
1090.286, Bid:,1,3,1,Ask:,4,206,1,360,1,434,1,462,1,
1090.429, Bid:,1,3,1,Ask:,3,360,1,434,1,462,1,
1090.714, Bid:,1,3,1,Ask:,4,294,1,360,1,434,1,462,1,
1090.857, Bid:,1,3,1,Ask:,5,216,1,294,1,360,1,434,1,462,1,
1091.000, Bid:,1,3,1,Ask:,6,149,1,216,1,294,1,360,1,434,1,462,1,
1104.286, Bid:,2,3,1,103,1,Ask:,6,149,1,216,1,294,1,360,1,434,1,462,1,
1105.143, Bid:,2,3,1,103,1,Ask:,6,115,1,149,1,294,1,360,1,434,1,462,1,
1119.714, Bid:,2,3,1,99,1,Ask:,6,115,1,149,1,294,1,360,1,434,1,462,1,
1120.000, Bid:,3,3,1,87,1,99,1,Ask:,6,115,1,149,1,294,1,360,1,434,1,462,1,
1120.571, Bid:,2,3,1,87,1,Ask:,5,115,1,149,1,294,1,360,1,462,1,
1120.714, Bid:,1,3,1,Ask:,5,115,1,149,1,294,1,360,1,462,1,
1121.286, Bid:,1,3,1,Ask:,5,36,1,115,1,149,1,294,1,462,1,
1121.429, Bid:,1,3,1,Ask:,4,115,1,149,1,294,1,462,1,
1121.571, Bid:,1,3,1,Ask:,3,149,1,294,1,462,1,
1121.714, Bid:,2,3,1,74,1,Ask:,3,149,1,294,1,462,1,
1121.857, Bid:,2,3,1,74,1,Ask:,3,101,1,149,1,462,1,
1122.286, Bid:,2,3,1,74,1,Ask:,2,149,1,462,1,
1122.571, Bid:,1,3,1,Ask:,2,149,1,462,1,
1122.714, Bid:,2,3,1,37,1,Ask:,2,149,1,462,1,
1122.857, Bid:,2,3,1,37,1,Ask:,3,149,1,398,1,462,1,
1123.000, Bid:,2,3,1,37,1,Ask:,2,398,1,462,1,
1123.143, Bid:,3,3,1,37,1,335,1,Ask:,2,398,1,462,1,
1123.286, Bid:,2,37,1,335,1,Ask:,1,462,1,
1123.571, Bid:,1,37,1,Ask:,1,462,1,
1123.714, Bid:,1,37,1,Ask:,2,462,1,464,1,
1123.857, Bid:,2,37,1,264,1,Ask:,2,462,1,464,1,
1124.000, Bid:,1,37,1,Ask:,2,462,1,464,1,
1124.143, Bid:,1,37,1,Ask:,3,433,1,462,1,464,1,
1124.286, Bid:,2,37,1,277,1,Ask:,3,433,1,462,1,464,1,
1125.000, Bid:,1,37,1,Ask:,3,433,1,462,1,464,1,
1125.571, Bid:,1,37,1,Ask:,4,171,1,433,1,462,1,464,1,
1125.714, Bid:,1,37,1,Ask:,5,171,1,206,1,433,1,462,1,464,1,
1126.429, Bid:,1,37,1,Ask:,6,42,1,171,1,206,1,433,1,462,1,464,1,
1126.571, Bid:,1,37,1,Ask:,5,171,1,206,1,433,1,462,1,464,1,
1127.143, Bid:,2,37,1,91,1,Ask:,5,171,1,206,1,433,1,462,1,464,1,
1131.286, Bid:,1,37,1,Ask:,5,171,1,206,1,433,1,462,1,464,1,
1131.714, Bid:,1,37,1,Ask:,6,171,1,206,1,274,1,433,1,462,1,464,1,
1131.857, Bid:,1,37,1,Ask:,5,206,1,274,1,433,1,462,1,464,1,
1134.286, Bid:,1,37,1,Ask:,6,206,1,274,1,433,1,462,1,464,1,482,1,
1134.429, Bid:,1,37,1,Ask:,6,115,1,274,1,433,1,462,1,464,1,482,1,
1135.571, Bid:,1,87,1,Ask:,6,115,1,274,1,433,1,462,1,464,1,482,1,
1149.286, Bid:,2,87,1,109,1,Ask:,6,115,1,274,1,433,1,462,1,464,1,482,1,
1149.571, Bid:,2,88,1,109,1,Ask:,6,115,1,274,1,433,1,462,1,464,1,482,1,
1150.143, Bid:,1,88,1,Ask:,5,115,1,274,1,462,1,464,1,482,1,
1151.000, Bid:,1,88,1,Ask:,5,115,1,215,1,462,1,464,1,482,1,
1153.143, Bid:,1,88,1,Ask:,4,215,1,462,1,464,1,482,1,
1154.000, Bid:,1,88,1,Ask:,5,215,1,255,1,462,1,464,1,482,1,
1155.429, Bid:,1,88,1,Ask:,6,172,1,215,1,255,1,462,1,464,1,482,1,
1164.857, Bid:,1,88,1,Ask:,6,114,1,172,1,215,1,462,1,464,1,482,1,
1165.286, Bid:,1,88,1,Ask:,5,172,1,215,1,462,1,464,1,482,1,
1166.571, Bid:,1,88,1,Ask:,4,215,1,462,1,464,1,482,1,
1166.714, Bid:,1,88,1,Ask:,3,462,1,464,1,482,1,
1167.000, Bid:,2,88,1,296,1,Ask:,3,462,1,464,1,482,1,
1167.286, Bid:,1,88,1,Ask:,3,462,1,464,1,482,1,
1167.714, Bid:,1,88,1,Ask:,4,442,1,462,1,464,1,482,1,
1168.571, Bid:,2,88,1,374,1,Ask:,4,442,1,462,1,464,1,482,1,
1168.857, Bid:,3,88,1,127,1,374,1,Ask:,4,442,1,462,1,464,1,482,1,
1179.714, Bid:,2,88,1,127,1,Ask:,3,442,1,462,1,464,1,
1180.000, Bid:,3,57,1,88,1,127,1,Ask:,3,442,1,462,1,464,1,
1180.571, Bid:,2,57,1,88,1,Ask:,3,442,1,462,1,464,1,
1181.143, Bid:,3,57,1,88,1,99,1,Ask:,3,442,1,462,1,464,1,
1181.286, Bid:,4,57,1,88,1,99,1,288,1,Ask:,3,442,1,462,1,464,1,
1182.286, Bid:,5,57,1,88,1,99,1,288,1,333,1,Ask:,3,442,1,462,1,464,1,
1194.857, Bid:,4,57,1,88,1,99,1,288,1,Ask:,2,462,1,464,1,
1195.000, Bid:,4,57,1,88,1,99,1,288,1,Ask:,3,336,1,462,1,464,1,
1195.429, Bid:,4,88,1,99,1,114,1,288,1,Ask:,3,336,1,462,1,464,1,
1195.571, Bid:,3,88,1,99,1,114,1,Ask:,3,336,1,462,1,464,1,
1197.000, Bid:,3,88,1,99,1,114,1,Ask:,4,336,1,462,1,464,1,498,1,
1198.714, Bid:,2,88,1,99,1,Ask:,4,336,1,462,1,464,1,498,1,
1199.143, Bid:,3,83,1,88,1,99,1,Ask:,4,336,1,462,1,464,1,498,1,
1199.714, Bid:,4,83,1,88,1,99,1,226,1,Ask:,4,336,1,462,1,464,1,498,1,
1210.143, Bid:,3,83,1,88,1,99,1,Ask:,3,462,1,464,1,498,1,
1210.286, Bid:,3,83,1,88,1,99,1,Ask:,2,464,1,498,1,
1210.429, Bid:,3,83,1,88,1,99,1,Ask:,3,105,1,464,1,498,1,
1210.571, Bid:,2,83,1,88,1,Ask:,3,105,1,464,1,498,1,
1210.857, Bid:,2,83,1,88,1,Ask:,2,464,1,498,1,
1211.143, Bid:,2,83,1,88,1,Ask:,3,191,1,464,1,498,1,
1211.286, Bid:,2,83,1,88,1,Ask:,4,177,1,191,1,464,1,498,1,
1212.000, Bid:,3,83,1,88,1,111,1,Ask:,4,177,1,191,1,464,1,498,1,
1212.143, Bid:,3,83,1,88,1,111,1,Ask:,5,177,1,191,1,380,1,464,1,498,1,
1212.857, Bid:,3,83,1,88,1,111,1,Ask:,5,177,1,191,1,374,1,380,1,498,1,
1225.286, Bid:,2,83,1,88,1,Ask:,4,177,1,191,1,374,1,380,1,
1225.857, Bid:,3,83,1,88,1,112,1,Ask:,4,177,1,191,1,374,1,380,1,
1226.000, Bid:,3,83,1,88,1,112,1,Ask:,3,191,1,374,1,380,1,
1226.429, Bid:,4,75,1,83,1,88,1,112,1,Ask:,3,191,1,374,1,380,1,
1226.714, Bid:,5,75,1,83,1,88,1,112,1,183,1,Ask:,3,191,1,374,1,380,1,
1227.000, Bid:,5,75,1,83,1,88,1,112,1,183,1,Ask:,4,185,1,191,1,374,1,380,1,
1228.714, Bid:,4,75,1,83,1,88,1,112,1,Ask:,4,185,1,191,1,374,1,380,1,
1233.571, Bid:,4,75,1,83,1,88,1,112,1,Ask:,5,175,1,185,1,191,1,374,1,380,1,
1240.143, Bid:,3,75,1,83,1,88,1,Ask:,4,175,1,185,1,191,1,374,1,
1240.286, Bid:,3,75,1,83,1,86,1,Ask:,4,175,1,185,1,191,1,374,1,
1241.857, Bid:,3,75,1,83,1,86,1,Ask:,5,106,1,175,1,185,1,191,1,374,1,
1242.714, Bid:,3,75,1,83,1,86,1,Ask:,4,175,1,185,1,191,1,374,1,
1243.143, Bid:,3,75,1,83,1,86,1,Ask:,3,185,1,191,1,374,1,
1243.429, Bid:,4,75,1,83,1,86,1,107,1,Ask:,3,185,1,191,1,374,1,
1244.429, Bid:,3,75,1,83,1,86,1,Ask:,3,185,1,191,1,374,1,
1245.000, Bid:,3,75,1,83,1,86,1,Ask:,4,185,1,191,1,374,1,486,1,
1245.286, Bid:,2,75,1,83,1,Ask:,3,185,1,374,1,486,1,
1246.571, Bid:,2,75,1,83,1,Ask:,2,374,1,486,1,
1247.000, Bid:,3,75,1,83,1,367,1,Ask:,2,374,1,486,1,
1247.286, Bid:,3,75,1,83,1,367,1,Ask:,1,486,1,
1247.429, Bid:,2,75,1,83,1,Ask:,1,486,1,
1247.714, Bid:,3,75,1,83,1,474,1,Ask:,1,486,1,
1247.857, Bid:,2,75,1,83,1,Ask:,1,486,1,
1248.286, Bid:,2,75,1,83,1,Ask:,2,345,1,486,1,
1248.429, Bid:,2,75,1,83,1,Ask:,1,486,1,
1248.571, Bid:,2,75,1,83,1,Ask:,2,218,1,486,1,
1248.714, Bid:,3,75,1,83,1,209,1,Ask:,2,218,1,486,1,
1248.857, Bid:,2,75,1,83,1,Ask:,2,218,1,486,1,
1249.000, Bid:,2,75,1,83,1,Ask:,1,486,1,
1249.143, Bid:,2,75,1,83,1,Ask:,2,391,1,486,1,
1249.286, Bid:,2,75,1,83,1,Ask:,3,286,1,391,1,486,1,
1249.571, Bid:,3,75,1,83,1,168,1,Ask:,3,286,1,391,1,486,1,
1249.714, Bid:,4,75,1,83,1,168,1,198,1,Ask:,3,286,1,391,1,486,1,
1250.714, Bid:,4,75,1,83,1,168,1,198,1,Ask:,2,391,1,486,1,
1251.429, Bid:,3,75,1,83,1,168,1,Ask:,2,391,1,486,1,
1252.143, Bid:,2,75,1,83,1,Ask:,2,391,1,486,1,
1252.286, Bid:,2,75,1,83,1,Ask:,3,345,1,391,1,486,1,
1252.571, Bid:,2,75,1,83,1,Ask:,4,268,1,345,1,391,1,486,1,
1254.571, Bid:,3,75,1,83,1,174,1,Ask:,4,268,1,345,1,391,1,486,1,
1255.714, Bid:,2,75,1,83,1,Ask:,3,345,1,391,1,486,1,
1256.000, Bid:,2,75,1,83,1,Ask:,4,345,1,391,1,392,1,486,1,
1256.714, Bid:,2,75,1,83,1,Ask:,5,183,1,345,1,391,1,392,1,486,1,
1258.286, Bid:,3,75,1,83,1,87,1,Ask:,5,183,1,345,1,391,1,392,1,486,1,
1270.571, Bid:,3,75,1,83,1,87,1,Ask:,6,101,1,183,1,345,1,391,1,392,1,486,1,
1270.714, Bid:,3,75,1,83,1,87,1,Ask:,6,101,1,111,1,183,1,345,1,391,1,392,1,
1271.429, Bid:,3,75,1,83,1,93,1,Ask:,6,101,1,111,1,183,1,345,1,391,1,392,1,
1272.000, Bid:,4,75,1,83,1,93,1,98,1,Ask:,6,101,1,111,1,183,1,345,1,391,1,392,1,
1286.143, Bid:,4,75,1,83,1,93,1,98,1,Ask:,6,104,1,111,1,183,1,345,1,391,1,392,1,
1287.714, Bid:,4,75,1,83,1,93,1,97,1,Ask:,6,104,1,111,1,183,1,345,1,391,1,392,1,
1300.714, Bid:,3,75,1,83,1,93,1,Ask:,5,104,1,111,1,183,1,345,1,391,1,
1301.143, Bid:,3,75,1,83,1,93,1,Ask:,4,111,1,183,1,345,1,391,1,
1301.286, Bid:,3,75,1,83,1,93,1,Ask:,4,109,1,183,1,345,1,391,1,
1301.429, Bid:,4,29,1,75,1,83,1,93,1,Ask:,4,109,1,183,1,345,1,391,1,
1301.714, Bid:,4,29,1,75,1,83,1,95,1,Ask:,4,109,1,183,1,345,1,391,1,
1301.857, Bid:,4,29,1,75,1,83,1,95,1,Ask:,3,183,1,345,1,391,1,
1302.000, Bid:,4,29,1,75,1,83,1,95,1,Ask:,4,183,1,345,1,391,1,444,1,
1302.429, Bid:,4,29,1,75,1,83,1,95,1,Ask:,3,345,1,391,1,444,1,
1302.714, Bid:,4,29,1,75,1,95,1,121,1,Ask:,3,345,1,391,1,444,1,
1304.429, Bid:,4,29,1,75,1,95,1,121,1,Ask:,4,345,1,391,1,444,1,453,1,
1304.714, Bid:,4,29,1,75,1,95,1,121,1,Ask:,3,391,1,444,1,453,1,
1306.286, Bid:,3,29,1,75,1,95,1,Ask:,2,444,1,453,1,
1306.429, Bid:,4,29,1,75,1,90,1,95,1,Ask:,2,444,1,453,1,
1307.571, Bid:,4,29,1,75,1,90,1,95,1,Ask:,3,274,1,444,1,453,1,
1307.857, Bid:,5,29,1,75,1,90,1,95,1,163,1,Ask:,3,274,1,444,1,453,1,
1316.143, Bid:,6,29,1,75,1,90,1,95,1,108,1,163,1,Ask:,3,274,1,444,1,453,1,
1319.857, Bid:,5,29,1,75,1,90,1,95,1,108,1,Ask:,2,274,1,453,1,
1320.429, Bid:,5,29,1,75,1,90,1,95,1,108,1,Ask:,3,233,1,274,1,453,1,
1320.571, Bid:,5,29,1,75,1,90,1,95,1,108,1,Ask:,2,274,1,453,1,
1320.857, Bid:,5,29,1,75,1,90,1,95,1,108,1,Ask:,1,453,1,
1321.286, Bid:,6,2,1,29,1,75,1,90,1,95,1,108,1,Ask:,1,453,1,
1322.143, Bid:,6,2,1,29,1,57,1,90,1,95,1,108,1,Ask:,1,453,1,
1326.429, Bid:,6,2,1,29,1,57,1,90,1,95,1,108,1,Ask:,2,189,1,453,1,
1331.143, Bid:,5,2,1,29,1,57,1,90,1,95,1,Ask:,2,189,1,453,1,
1331.286, Bid:,4,2,1,29,1,57,1,95,2,Ask:,2,189,1,453,1,
1331.429, Bid:,3,2,1,57,1,95,2,Ask:,1,453,1,
1331.857, Bid:,4,2,1,57,1,95,2,106,1,Ask:,1,453,1,
1332.000, Bid:,4,2,1,57,1,95,2,106,1,Ask:,2,112,1,453,1,
1332.429, Bid:,4,2,1,57,1,95,2,106,1,Ask:,1,453,1,
1332.857, Bid:,4,2,1,57,1,95,2,106,1,Ask:,2,453,1,500,1,
1333.429, Bid:,5,2,1,57,1,95,2,106,1,190,1,Ask:,2,453,1,500,1,
1333.714, Bid:,4,2,1,57,1,95,2,106,1,Ask:,2,453,1,500,1,
1334.000, Bid:,5,2,1,57,1,95,2,106,1,447,1,Ask:,2,453,1,500,1,
1334.286, Bid:,4,2,1,57,1,95,2,106,1,Ask:,2,453,1,500,1,
1334.571, Bid:,4,2,1,57,1,95,2,106,1,Ask:,3,363,1,453,1,500,1,
1334.714, Bid:,3,2,1,57,1,95,2,Ask:,3,363,1,453,1,500,1,
1335.429, Bid:,4,2,1,57,1,95,2,242,1,Ask:,3,363,1,453,1,500,1,
1336.000, Bid:,4,2,1,57,1,95,2,242,1,Ask:,4,293,1,363,1,453,1,500,1,
1337.429, Bid:,3,2,1,57,1,95,2,Ask:,4,293,1,363,1,453,1,500,1,
1337.714, Bid:,3,2,1,57,1,95,2,Ask:,3,363,1,453,1,500,1,
1338.429, Bid:,4,2,1,57,1,95,2,258,1,Ask:,3,363,1,453,1,500,1,
1338.571, Bid:,4,2,1,57,1,95,2,258,1,Ask:,4,363,1,450,1,453,1,500,1,
1346.286, Bid:,3,2,1,57,1,95,2,Ask:,3,363,1,453,1,500,1,
1346.571, Bid:,4,2,1,57,1,95,2,227,1,Ask:,3,363,1,453,1,500,1,
1346.714, Bid:,4,2,1,57,1,95,2,227,1,Ask:,3,235,1,363,1,500,1,
1347.143, Bid:,4,2,1,57,1,95,2,227,1,Ask:,2,363,1,500,1,
1347.571, Bid:,5,2,1,57,1,95,1,102,1,227,1,Ask:,2,363,1,500,1,
1347.857, Bid:,6,2,1,57,1,95,1,102,1,105,1,227,1,Ask:,2,363,1,500,1,
1361.714, Bid:,5,2,1,57,1,95,1,102,1,105,1,Ask:,2,363,1,500,1,
1362.000, Bid:,5,2,1,57,1,95,1,102,1,105,1,Ask:,3,363,1,454,1,500,1,
1362.571, Bid:,4,2,1,57,1,95,1,102,1,Ask:,3,363,1,454,1,500,1,
1363.143, Bid:,5,2,1,57,1,95,1,102,1,223,1,Ask:,3,363,1,454,1,500,1,
1363.857, Bid:,5,2,1,57,1,95,1,102,1,223,1,Ask:,4,363,1,454,1,499,1,500,1,
1376.714, Bid:,5,2,1,57,1,89,1,102,1,223,1,Ask:,4,363,1,454,1,499,1,500,1,
1377.000, Bid:,4,2,1,57,1,89,1,102,1,Ask:,3,363,1,454,1,500,1,
1379.143, Bid:,4,2,1,57,1,89,1,102,1,Ask:,4,156,1,363,1,454,1,500,1,
1379.714, Bid:,4,2,1,57,1,89,1,102,1,Ask:,5,156,1,363,1,412,1,454,1,500,1,
1392.000, Bid:,3,2,1,57,1,89,1,Ask:,4,363,1,412,1,454,1,500,1,
1392.143, Bid:,3,2,1,57,1,89,1,Ask:,4,106,1,412,1,454,1,500,1,
1392.286, Bid:,3,2,1,57,1,89,1,Ask:,3,412,1,454,1,500,1,
1392.571, Bid:,2,2,1,57,1,Ask:,3,412,1,454,1,500,1,
1392.714, Bid:,2,2,1,57,1,Ask:,4,372,1,412,1,454,1,500,1,
1393.143, Bid:,2,2,1,57,1,Ask:,4,119,1,372,1,454,1,500,1,
1393.286, Bid:,1,2,1,Ask:,3,372,1,454,1,500,1,
1393.429, Bid:,1,2,1,Ask:,4,372,1,454,1,472,1,500,1,
1393.571, Bid:,1,2,1,Ask:,5,68,1,372,1,454,1,472,1,500,1,
1393.714, Bid:,1,2,1,Ask:,6,68,1,372,1,454,1,472,1,492,1,500,1,
1396.143, Bid:,1,2,1,Ask:,6,67,1,68,1,372,1,454,1,472,1,492,1,
1407.000, Bid:,1,2,1,Ask:,5,68,1,372,1,454,1,472,1,492,1,
1408.143, Bid:,1,2,1,Ask:,5,68,1,95,1,372,1,472,1,492,1,
1409.000, Bid:,1,2,1,Ask:,4,95,1,372,1,472,1,492,1,
1409.714, Bid:,1,2,1,Ask:,3,372,1,472,1,492,1,
1409.857, Bid:,2,2,1,126,1,Ask:,3,372,1,472,1,492,1,
1410.714, Bid:,3,2,1,44,1,126,1,Ask:,3,372,1,472,1,492,1,
1414.714, Bid:,2,2,1,44,1,Ask:,3,372,1,472,1,492,1,
1415.000, Bid:,2,2,1,44,2,Ask:,3,372,1,472,1,492,1,
1415.429, Bid:,3,2,1,44,2,223,1,Ask:,3,372,1,472,1,492,1,
1421.857, Bid:,4,2,1,44,2,110,1,223,1,Ask:,3,372,1,472,1,492,1,
1422.286, Bid:,5,2,1,44,1,89,1,110,1,223,1,Ask:,3,372,1,472,1,492,1,
1423.286, Bid:,4,2,1,44,1,89,1,110,1,Ask:,2,372,1,492,1,
1425.000, Bid:,4,2,1,44,1,89,1,110,1,Ask:,3,259,1,372,1,492,1,
1427.143, Bid:,4,2,1,44,1,89,1,110,1,Ask:,4,259,1,294,1,372,1,492,1,
1438.143, Bid:,5,2,1,44,1,89,1,96,1,110,1,Ask:,4,259,1,294,1,372,1,492,1,
1438.429, Bid:,4,2,1,44,1,89,1,96,1,Ask:,4,259,1,294,1,372,1,492,1,
1439.429, Bid:,3,2,1,89,1,96,1,Ask:,3,294,1,372,1,492,1,
1440.143, Bid:,2,89,1,96,1,Ask:,2,372,1,492,1,
1440.286, Bid:,2,89,1,96,1,Ask:,3,372,1,472,1,492,1,
1440.857, Bid:,3,62,1,89,1,96,1,Ask:,3,372,1,472,1,492,1,
1441.000, Bid:,2,62,1,89,1,Ask:,2,372,1,472,1,
1441.286, Bid:,3,62,1,89,1,191,1,Ask:,2,372,1,472,1,
1441.429, Bid:,2,62,1,89,1,Ask:,2,372,1,472,1,
1441.571, Bid:,1,62,1,Ask:,2,372,1,472,1,
1441.857, Bid:,1,62,1,Ask:,1,472,1,
1442.286, Bid:,1,62,1,Ask:,2,456,1,472,1,
1442.429, Bid:,2,62,1,94,1,Ask:,2,456,1,472,1,
1442.714, Bid:,1,62,1,Ask:,2,456,1,472,1,
1443.143, Bid:,2,62,1,446,1,Ask:,2,456,1,472,1,
1444.429, Bid:,1,62,1,Ask:,2,456,1,472,1,
1445.000, Bid:,2,62,1,391,1,Ask:,2,456,1,472,1,
1445.143, Bid:,1,62,1,Ask:,2,456,1,472,1,
1445.429, Bid:,1,62,1,Ask:,3,77,1,456,1,472,1,
1445.571, Bid:,1,62,1,Ask:,2,456,1,472,1,
1445.714, Bid:,0,Ask:,2,456,1,472,1,
1446.143, Bid:,0,Ask:,3,199,1,456,1,472,1,
1446.286, Bid:,0,Ask:,4,174,1,199,1,456,1,472,1,
1446.857, Bid:,0,Ask:,5,174,1,199,1,331,1,456,1,472,1,
1448.429, Bid:,0,Ask:,4,199,1,331,1,456,1,472,1,
1448.857, Bid:,0,Ask:,3,331,1,456,1,472,1,
1449.286, Bid:,0,Ask:,4,258,1,331,1,456,1,472,1,
1449.714, Bid:,0,Ask:,3,331,1,456,1,472,1,
1450.000, Bid:,1,126,1,Ask:,3,331,1,456,1,472,1,
1450.143, Bid:,0,Ask:,3,331,1,456,1,472,1,
1450.286, Bid:,0,Ask:,4,44,1,331,1,456,1,472,1,
1450.429, Bid:,0,Ask:,3,331,1,456,1,472,1,
1450.857, Bid:,0,Ask:,4,302,1,331,1,456,1,472,1,
1451.857, Bid:,0,Ask:,5,13,1,302,1,331,1,456,1,472,1,
1452.429, Bid:,0,Ask:,4,302,1,331,1,456,1,472,1,
1452.571, Bid:,0,Ask:,5,302,1,331,1,456,1,472,1,488,1,
1452.857, Bid:,0,Ask:,6,113,1,302,1,331,1,456,1,472,1,488,1,
1453.143, Bid:,0,Ask:,6,93,1,113,1,302,1,331,1,472,1,488,1,
1453.714, Bid:,0,Ask:,5,113,1,302,1,331,1,472,1,488,1,
1454.000, Bid:,0,Ask:,6,73,1,113,1,302,1,331,1,472,1,488,1,
1454.286, Bid:,0,Ask:,6,73,1,113,1,193,1,331,1,472,1,488,1,
1455.286, Bid:,0,Ask:,6,73,1,97,1,113,1,193,1,331,1,488,1,
1467.429, Bid:,0,Ask:,5,97,1,113,1,193,1,331,1,488,1,
1467.571, Bid:,0,Ask:,6,97,1,113,1,193,1,331,1,358,1,488,1,
1468.429, Bid:,0,Ask:,6,97,1,108,1,113,1,331,1,358,1,488,1,
1470.000, Bid:,0,Ask:,6,87,1,97,1,108,1,113,1,358,1,488,1,
1482.429, Bid:,0,Ask:,5,97,1,108,1,113,1,358,1,488,1,
1482.571, Bid:,0,Ask:,5,97,1,108,1,109,1,358,1,488,1,
1483.429, Bid:,0,Ask:,4,108,1,109,1,358,1,488,1,
1483.571, Bid:,1,66,1,Ask:,4,108,1,109,1,358,1,488,1,
1483.714, Bid:,1,66,1,Ask:,3,109,1,358,1,488,1,
1483.857, Bid:,1,66,1,Ask:,2,358,1,488,1,
1484.000, Bid:,1,66,1,Ask:,3,99,1,358,1,488,1,
1484.143, Bid:,0,Ask:,3,99,1,358,1,488,1,
1484.286, Bid:,0,Ask:,2,358,1,488,1,
1484.429, Bid:,0,Ask:,3,349,1,358,1,488,1,
1484.571, Bid:,0,Ask:,4,2,1,349,1,358,1,488,1,
1484.714, Bid:,0,Ask:,5,2,1,93,1,349,1,358,1,488,1,
1485.429, Bid:,0,Ask:,4,93,1,349,1,358,1,488,1,
1485.571, Bid:,0,Ask:,5,93,1,349,1,358,1,433,1,488,1,
1486.286, Bid:,0,Ask:,6,93,1,254,1,349,1,358,1,433,1,488,1,
1487.143, Bid:,0,Ask:,5,254,1,349,1,358,1,433,1,488,1,
1487.286, Bid:,0,Ask:,6,162,1,254,1,349,1,358,1,433,1,488,1,
1487.714, Bid:,0,Ask:,6,42,1,162,1,254,1,349,1,358,1,433,1,
1497.714, Bid:,0,Ask:,5,162,1,254,1,349,1,358,1,433,1,
1497.857, Bid:,0,Ask:,4,254,1,349,1,358,1,433,1,
1498.000, Bid:,0,Ask:,4,254,1,349,1,433,1,436,1,
1498.143, Bid:,0,Ask:,5,50,1,254,1,349,1,433,1,436,1,
1498.286, Bid:,0,Ask:,5,50,1,98,1,349,1,433,1,436,1,
1498.714, Bid:,0,Ask:,4,98,1,349,1,433,1,436,1,
1498.857, Bid:,0,Ask:,5,98,1,349,1,408,1,433,1,436,1,
1500.857, Bid:,1,53,1,Ask:,5,98,1,349,1,408,1,433,1,436,1,
1501.714, Bid:,0,Ask:,5,98,1,349,1,408,1,433,1,436,1,
1502.000, Bid:,0,Ask:,4,349,1,408,1,433,1,436,1,
1502.143, Bid:,0,Ask:,5,182,1,349,1,408,1,433,1,436,1,
1503.000, Bid:,1,71,1,Ask:,5,182,1,349,1,408,1,433,1,436,1,
1512.857, Bid:,1,99,1,Ask:,5,182,1,349,1,408,1,433,1,436,1,
1513.143, Bid:,1,98,1,Ask:,5,182,1,349,1,408,1,433,1,436,1,
1514.286, Bid:,1,98,1,Ask:,5,100,1,349,1,408,1,433,1,436,1,
1515.143, Bid:,1,98,1,Ask:,5,100,1,115,1,408,1,433,1,436,1,
1528.286, Bid:,1,98,1,Ask:,5,100,1,111,1,408,1,433,1,436,1,
1529.714, Bid:,1,98,1,Ask:,4,111,1,408,1,433,1,436,1,
1530.000, Bid:,0,Ask:,4,111,1,408,1,433,1,436,1,
1530.143, Bid:,0,Ask:,4,111,1,270,1,408,1,436,1,
1531.143, Bid:,0,Ask:,5,111,1,270,1,327,1,408,1,436,1,
1531.857, Bid:,0,Ask:,4,270,1,327,1,408,1,436,1,
1532.000, Bid:,0,Ask:,5,270,1,327,1,408,1,436,1,442,1,
1538.286, Bid:,1,184,1,Ask:,5,270,1,327,1,408,1,436,1,442,1,
1543.571, Bid:,0,Ask:,4,270,1,327,1,436,1,442,1,
1544.000, Bid:,1,243,1,Ask:,4,270,1,327,1,436,1,442,1,
1545.000, Bid:,0,Ask:,4,270,1,327,1,436,1,442,1,
1545.286, Bid:,1,95,1,Ask:,4,270,1,327,1,436,1,442,1,
1545.429, Bid:,2,95,1,110,1,Ask:,4,270,1,327,1,436,1,442,1,
1545.857, Bid:,1,95,1,Ask:,4,270,1,327,1,436,1,442,1,
1546.000, Bid:,1,95,1,Ask:,5,270,1,327,1,436,1,437,1,442,1,
1546.429, Bid:,1,95,1,Ask:,4,327,1,436,1,437,1,442,1,
1546.857, Bid:,2,95,1,256,1,Ask:,4,327,1,436,1,437,1,442,1,
1547.143, Bid:,1,95,1,Ask:,4,327,1,436,1,437,1,442,1,
1547.714, Bid:,1,95,1,Ask:,5,327,1,391,1,436,1,437,1,442,1,
1548.286, Bid:,1,95,1,Ask:,6,301,1,327,1,391,1,436,1,437,1,442,1,
1558.714, Bid:,2,95,1,99,1,Ask:,6,301,1,327,1,391,1,436,1,437,1,442,1,
1559.714, Bid:,2,95,1,99,1,Ask:,6,113,1,301,1,327,1,436,1,437,1,442,1,
1562.429, Bid:,2,95,1,99,1,Ask:,5,301,1,327,1,436,1,437,1,442,1,
1564.286, Bid:,3,95,1,99,1,148,1,Ask:,5,301,1,327,1,436,1,437,1,442,1,
1565.000, Bid:,2,95,1,99,1,Ask:,5,301,1,327,1,436,1,437,1,442,1,
1565.143, Bid:,2,95,1,99,1,Ask:,6,201,1,301,1,327,1,436,1,437,1,442,1,
1573.286, Bid:,2,89,1,99,1,Ask:,6,201,1,301,1,327,1,436,1,437,1,442,1,
1574.286, Bid:,2,90,1,99,1,Ask:,6,201,1,301,1,327,1,436,1,437,1,442,1,
1574.571, Bid:,1,90,1,Ask:,5,201,1,301,1,436,1,437,1,442,1,
1574.857, Bid:,0,Ask:,4,201,1,301,1,436,1,437,1,
1575.571, Bid:,0,Ask:,3,301,1,436,1,437,1,
1575.714, Bid:,1,91,1,Ask:,3,301,1,436,1,437,1,
1576.143, Bid:,0,Ask:,3,301,1,436,1,437,1,
1576.286, Bid:,0,Ask:,2,436,1,437,1,
1576.429, Bid:,1,226,1,Ask:,2,436,1,437,1,
1576.714, Bid:,2,226,1,366,1,Ask:,2,436,1,437,1,
1576.857, Bid:,3,226,1,227,1,366,1,Ask:,2,436,1,437,1,
1577.000, Bid:,4,226,1,227,1,366,1,429,1,Ask:,2,436,1,437,1,
1577.429, Bid:,5,200,1,226,1,227,1,366,1,429,1,Ask:,2,436,1,437,1,
1589.286, Bid:,4,200,1,226,1,227,1,366,1,Ask:,2,436,1,437,1,
1590.000, Bid:,4,101,1,200,1,226,1,227,1,Ask:,2,436,1,437,1,
1590.714, Bid:,4,101,1,200,1,226,1,227,1,Ask:,3,348,1,436,1,437,1,
1604.143, Bid:,4,92,1,101,1,200,1,226,1,Ask:,3,348,1,436,1,437,1,
1605.571, Bid:,3,92,1,101,1,200,1,Ask:,2,348,1,436,1,
1605.714, Bid:,2,92,1,101,1,Ask:,1,436,1,
1605.857, Bid:,1,92,1,Ask:,1,436,1,
1606.000, Bid:,2,92,1,126,1,Ask:,1,436,1,
1606.143, Bid:,3,92,1,126,1,311,1,Ask:,1,436,1,
1606.286, Bid:,2,92,1,126,1,Ask:,1,436,1,
1606.429, Bid:,2,92,1,126,1,Ask:,2,436,1,496,1,
1606.714, Bid:,2,92,1,126,1,Ask:,3,436,1,442,1,496,1,
1607.000, Bid:,2,92,1,126,1,Ask:,2,442,1,496,1,
1607.143, Bid:,2,92,1,126,1,Ask:,3,194,1,442,1,496,1,
1607.429, Bid:,2,92,1,126,1,Ask:,4,194,1,217,1,442,1,496,1,
1608.143, Bid:,2,92,1,126,1,Ask:,3,217,1,442,1,496,1,
1608.857, Bid:,2,92,1,126,1,Ask:,4,217,1,219,1,442,1,496,1,
1609.429, Bid:,2,92,1,126,1,Ask:,3,219,1,442,1,496,1,
1609.857, Bid:,2,92,1,126,1,Ask:,4,219,1,238,1,442,1,496,1,
1610.143, Bid:,2,92,1,126,1,Ask:,5,193,1,219,1,238,1,442,1,496,1,
1619.000, Bid:,3,92,1,105,1,126,1,Ask:,5,193,1,219,1,238,1,442,1,496,1,
1620.429, Bid:,2,92,1,105,1,Ask:,4,193,1,219,1,238,1,442,1,
1620.714, Bid:,3,92,1,105,1,131,1,Ask:,4,193,1,219,1,238,1,442,1,
1621.000, Bid:,4,7,1,92,1,105,1,131,1,Ask:,4,193,1,219,1,238,1,442,1,
1634.143, Bid:,5,7,1,92,1,99,1,105,1,131,1,Ask:,4,193,1,219,1,238,1,442,1,
1634.286, Bid:,4,7,1,92,1,99,1,105,1,Ask:,3,219,1,238,1,442,1,
1634.429, Bid:,5,5,1,7,1,92,1,99,1,105,1,Ask:,3,219,1,238,1,442,1,
1635.143, Bid:,6,5,1,7,1,50,1,92,1,99,1,105,1,Ask:,3,219,1,238,1,442,1,
1635.429, Bid:,5,5,1,7,1,50,1,92,1,99,1,Ask:,3,219,1,238,1,442,1,
1636.000, Bid:,5,5,1,7,1,50,1,92,1,99,1,Ask:,4,219,1,238,1,442,1,478,1,
1636.571, Bid:,5,5,1,7,1,50,1,92,1,99,1,Ask:,4,173,1,219,1,442,1,478,1,
1649.143, Bid:,5,5,1,7,1,50,1,92,1,99,1,Ask:,5,105,1,173,1,219,1,442,1,478,1,
1649.429, Bid:,5,5,1,7,1,50,1,86,1,99,1,Ask:,5,105,1,173,1,219,1,442,1,478,1,
1664.143, Bid:,5,5,1,7,1,50,1,86,1,99,1,Ask:,4,173,1,219,1,442,1,478,1,
1664.286, Bid:,4,5,1,7,1,50,1,86,1,Ask:,4,173,1,219,1,442,1,478,1,
1664.429, Bid:,3,5,1,7,1,50,1,Ask:,4,173,1,219,1,442,1,478,1,
1664.714, Bid:,3,5,1,7,1,50,1,Ask:,3,219,1,442,1,478,1,
1664.857, Bid:,2,5,1,7,1,Ask:,2,442,1,478,1,
1665.000, Bid:,2,5,1,7,1,Ask:,3,258,1,442,1,478,1,
1665.143, Bid:,3,5,1,7,1,141,1,Ask:,3,258,1,442,1,478,1,
1665.714, Bid:,2,5,1,7,1,Ask:,3,258,1,442,1,478,1,
1665.857, Bid:,3,5,1,7,1,254,1,Ask:,3,258,1,442,1,478,1,
1666.286, Bid:,2,7,1,254,1,Ask:,2,442,1,478,1,
1666.429, Bid:,3,7,1,254,1,424,1,Ask:,2,442,1,478,1,
1666.714, Bid:,4,7,1,101,1,254,1,424,1,Ask:,2,442,1,478,1,
1666.857, Bid:,3,7,1,101,1,254,1,Ask:,2,442,1,478,1,
1667.714, Bid:,4,7,1,101,1,254,1,439,1,Ask:,2,442,1,478,1,
1667.857, Bid:,3,7,1,101,1,254,1,Ask:,2,442,1,478,1,
1668.571, Bid:,2,7,1,101,1,Ask:,2,442,1,478,1,
1668.714, Bid:,2,7,1,101,1,Ask:,3,179,1,442,1,478,1,
1668.857, Bid:,2,7,1,101,1,Ask:,2,442,1,478,1,
1669.000, Bid:,1,7,1,Ask:,2,442,1,478,1,
1669.286, Bid:,1,7,1,Ask:,3,145,1,442,1,478,1,
1669.571, Bid:,1,7,1,Ask:,3,50,1,145,1,478,1,
1669.857, Bid:,1,7,1,Ask:,2,145,1,478,1,
1670.143, Bid:,1,7,1,Ask:,3,145,1,336,1,478,1,
1670.286, Bid:,1,7,1,Ask:,2,336,1,478,1,
1670.429, Bid:,1,7,1,Ask:,3,150,1,336,1,478,1,
1670.571, Bid:,2,7,1,112,1,Ask:,3,150,1,336,1,478,1,
1671.429, Bid:,2,7,1,112,1,Ask:,4,150,1,336,1,372,1,478,1,
1672.571, Bid:,2,7,1,112,1,Ask:,5,150,1,336,1,348,1,372,1,478,1,
1679.429, Bid:,3,7,1,105,1,112,1,Ask:,5,150,1,336,1,348,1,372,1,478,1,
1680.714, Bid:,2,7,1,105,1,Ask:,4,150,1,336,1,348,1,372,1,
1680.857, Bid:,2,7,1,105,1,Ask:,3,336,1,348,1,372,1,
1681.000, Bid:,2,7,1,105,1,Ask:,4,141,1,336,1,348,1,372,1,
1681.143, Bid:,2,7,1,105,1,Ask:,3,336,1,348,1,372,1,
1681.286, Bid:,2,105,1,197,1,Ask:,3,336,1,348,1,372,1,
1681.571, Bid:,1,105,1,Ask:,3,336,1,348,1,372,1,
1681.714, Bid:,2,51,1,105,1,Ask:,3,336,1,348,1,372,1,
1682.143, Bid:,3,51,1,105,1,208,1,Ask:,3,336,1,348,1,372,1,
1682.286, Bid:,2,51,1,105,1,Ask:,3,336,1,348,1,372,1,
1682.429, Bid:,3,51,1,105,1,202,1,Ask:,3,336,1,348,1,372,1,
1685.286, Bid:,4,51,1,93,1,105,1,202,1,Ask:,3,336,1,348,1,372,1,
1694.714, Bid:,3,51,1,93,1,105,1,Ask:,3,336,1,348,1,372,1,
1695.286, Bid:,4,51,1,86,1,93,1,105,1,Ask:,3,336,1,348,1,372,1,
1695.429, Bid:,4,51,1,86,1,93,1,109,1,Ask:,3,336,1,348,1,372,1,
1695.571, Bid:,4,51,1,86,1,93,1,109,1,Ask:,4,336,1,348,1,372,1,482,1,
1709.857, Bid:,4,51,1,93,1,94,1,109,1,Ask:,4,336,1,348,1,372,1,482,1,
1710.143, Bid:,3,51,1,93,1,94,1,Ask:,4,336,1,348,1,372,1,482,1,
1711.143, Bid:,2,51,1,93,1,Ask:,4,336,1,348,1,372,1,482,1,
1711.571, Bid:,2,51,1,93,1,Ask:,3,348,1,372,1,482,1,
1711.714, Bid:,2,51,1,93,1,Ask:,4,348,1,362,1,372,1,482,1,
1712.286, Bid:,2,51,1,93,1,Ask:,5,258,1,348,1,362,1,372,1,482,1,
1713.857, Bid:,2,51,1,93,1,Ask:,5,209,1,258,1,348,1,362,1,482,1,
1724.857, Bid:,1,51,1,Ask:,4,209,1,258,1,362,1,482,1,
1725.000, Bid:,2,51,1,99,1,Ask:,4,209,1,258,1,362,1,482,1,
1725.857, Bid:,1,51,1,Ask:,4,209,1,258,1,362,1,482,1,
1726.286, Bid:,2,51,1,183,1,Ask:,4,209,1,258,1,362,1,482,1,
1727.857, Bid:,1,51,1,Ask:,4,209,1,258,1,362,1,482,1,
1728.286, Bid:,1,51,1,Ask:,5,102,1,209,1,258,1,362,1,482,1,
1728.857, Bid:,1,51,1,Ask:,6,64,1,102,1,209,1,258,1,362,1,482,1,
1729.429, Bid:,1,51,1,Ask:,5,102,1,209,1,258,1,362,1,482,1,
1729.857, Bid:,1,51,1,Ask:,6,102,1,203,1,209,1,258,1,362,1,482,1,
1740.000, Bid:,1,51,1,Ask:,6,102,1,114,1,203,1,209,1,258,1,362,1,
1740.714, Bid:,1,51,1,Ask:,5,114,1,203,1,209,1,258,1,362,1,
1740.857, Bid:,1,51,1,Ask:,4,203,1,209,1,258,1,362,1,
1741.000, Bid:,1,51,1,Ask:,5,145,1,203,1,209,1,258,1,362,1,
1742.143, Bid:,2,51,1,128,1,Ask:,5,145,1,203,1,209,1,258,1,362,1,
1742.286, Bid:,2,51,1,128,1,Ask:,4,203,1,209,1,258,1,362,1,
1742.429, Bid:,2,51,1,128,1,Ask:,3,209,1,258,1,362,1,
1742.571, Bid:,1,51,1,Ask:,3,209,1,258,1,362,1,
1742.714, Bid:,1,51,1,Ask:,2,258,1,362,1,
1742.857, Bid:,1,51,1,Ask:,1,362,1,
1743.000, Bid:,2,51,1,97,1,Ask:,1,362,1,
1743.714, Bid:,3,51,1,62,1,97,1,Ask:,1,362,1,
1744.000, Bid:,4,51,1,62,1,97,1,141,1,Ask:,1,362,1,
1744.571, Bid:,5,47,1,51,1,62,1,97,1,141,1,Ask:,1,362,1,
1745.429, Bid:,6,47,1,51,1,62,1,97,1,114,1,141,1,Ask:,1,362,1,
1755.000, Bid:,6,51,1,62,1,89,1,97,1,114,1,141,1,Ask:,1,362,1,
1755.286, Bid:,6,51,1,62,1,89,1,97,1,108,1,141,1,Ask:,1,362,1,
1755.429, Bid:,5,51,1,62,1,89,1,97,1,108,1,Ask:,1,362,1,
1755.571, Bid:,6,51,1,62,1,89,1,97,1,108,1,274,1,Ask:,1,362,1,
1755.714, Bid:,6,23,1,51,1,62,1,89,1,108,1,274,1,Ask:,1,362,1,
1756.286, Bid:,5,23,1,51,1,62,1,89,1,108,1,Ask:,0,
1757.143, Bid:,5,23,1,51,1,62,1,89,1,108,1,Ask:,1,459,1,
1757.429, Bid:,5,23,1,51,1,62,1,89,1,108,1,Ask:,0,
1757.571, Bid:,6,23,1,51,1,62,1,89,1,108,1,248,1,Ask:,0,
1757.857, Bid:,6,23,1,62,1,86,1,89,1,108,1,248,1,Ask:,0,
1770.286, Bid:,5,23,1,62,1,86,1,89,1,108,1,Ask:,0,
1770.857, Bid:,5,23,1,62,1,86,1,89,1,108,1,Ask:,1,167,1,
1771.000, Bid:,5,23,1,62,1,86,1,94,1,108,1,Ask:,1,167,1,
1771.286, Bid:,5,23,1,62,1,86,1,94,1,108,1,Ask:,0,
1772.714, Bid:,5,23,1,62,1,94,1,108,1,370,1,Ask:,0,
1773.143, Bid:,5,23,1,62,1,94,1,108,1,370,1,Ask:,1,446,1,
1774.000, Bid:,4,23,1,62,1,94,1,108,1,Ask:,1,446,1,
1774.857, Bid:,3,23,1,62,1,94,1,Ask:,1,446,1,
1775.714, Bid:,3,23,1,62,1,94,1,Ask:,0,
1775.857, Bid:,4,23,1,62,1,94,1,254,1,Ask:,0,
1777.000, Bid:,4,23,1,62,1,94,1,254,1,Ask:,1,483,1,
1777.571, Bid:,5,23,1,62,1,94,1,159,1,254,1,Ask:,1,483,1,
1785.714, Bid:,4,23,1,62,1,94,1,159,1,Ask:,1,483,1,
1785.857, Bid:,4,23,1,62,1,94,1,112,1,Ask:,1,483,1,
1786.000, Bid:,4,11,1,62,1,94,1,112,1,Ask:,1,483,1,
1787.286, Bid:,5,1,1,11,1,62,1,94,1,112,1,Ask:,1,483,1,
1787.429, Bid:,5,1,1,11,1,94,1,105,1,112,1,Ask:,1,483,1,
1800.857, Bid:,4,1,1,11,1,94,1,105,1,Ask:,0,
1801.286, Bid:,5,1,1,11,1,94,1,105,1,411,1,Ask:,0,
1802.000, Bid:,4,1,1,11,1,94,1,105,1,Ask:,0,
1802.143, Bid:,4,1,1,11,1,94,1,105,1,Ask:,1,273,1,
1802.857, Bid:,4,1,1,11,1,92,1,105,1,Ask:,1,273,1,
1804.857, Bid:,4,1,1,11,1,92,1,105,2,Ask:,1,273,1,
1815.571, Bid:,4,1,1,11,1,92,1,105,1,Ask:,1,273,1,
1815.857, Bid:,5,1,1,6,1,11,1,92,1,105,1,Ask:,1,273,1,
1816.000, Bid:,5,1,1,6,1,11,1,92,1,105,1,Ask:,2,273,1,349,1,
1816.429, Bid:,5,1,1,6,1,11,1,92,1,105,1,Ask:,3,114,1,273,1,349,1,
1816.571, Bid:,5,1,1,6,1,11,1,92,1,105,1,Ask:,2,273,1,349,1,
1817.286, Bid:,5,1,1,6,1,92,1,105,1,217,1,Ask:,2,273,1,349,1,
1817.714, Bid:,5,1,1,6,1,95,1,105,1,217,1,Ask:,2,273,1,349,1,
1819.429, Bid:,4,1,1,6,1,95,1,105,1,Ask:,2,273,1,349,1,
1819.571, Bid:,4,1,1,6,1,95,1,105,1,Ask:,1,349,1,
1819.714, Bid:,4,1,1,6,1,95,1,105,1,Ask:,2,245,1,349,1,
1822.429, Bid:,3,1,1,6,1,95,1,Ask:,2,245,1,349,1,
1822.714, Bid:,3,1,1,6,1,95,1,Ask:,1,349,1,
1823.286, Bid:,3,1,1,6,1,95,1,Ask:,0,
1823.429, Bid:,4,1,1,6,1,95,1,283,1,Ask:,0,
1823.714, Bid:,5,1,1,6,1,95,1,124,1,283,1,Ask:,0,
1824.143, Bid:,6,1,1,6,1,95,1,124,1,283,1,289,1,Ask:,0,
1824.429, Bid:,6,6,1,25,1,95,1,124,1,283,1,289,1,Ask:,0,
1831.143, Bid:,5,25,1,95,2,124,1,283,1,289,1,Ask:,0,
1833.571, Bid:,4,25,1,95,2,124,1,283,1,Ask:,0,
1834.429, Bid:,3,25,1,95,2,124,1,Ask:,0,
1835.000, Bid:,3,95,2,107,1,124,1,Ask:,0,
1835.143, Bid:,4,95,2,107,1,124,1,491,1,Ask:,0,
1836.714, Bid:,5,95,2,107,1,124,1,256,1,491,1,Ask:,0,
1846.000, Bid:,5,95,2,107,1,109,1,124,1,491,1,Ask:,0,
1846.429, Bid:,4,95,2,107,1,109,1,124,1,Ask:,0,
1846.571, Bid:,3,95,2,107,1,109,1,Ask:,0,
1847.000, Bid:,4,95,2,107,1,109,1,470,1,Ask:,0,
1847.857, Bid:,4,95,2,107,1,111,1,470,1,Ask:,0,
1848.429, Bid:,3,95,2,107,1,111,1,Ask:,0,
1848.571, Bid:,2,95,2,107,1,Ask:,0,
1848.714, Bid:,1,95,2,Ask:,0,
1848.857, Bid:,2,95,2,486,1,Ask:,0,
1849.000, Bid:,3,95,2,328,1,486,1,Ask:,0,
1849.286, Bid:,4,95,2,308,1,328,1,486,1,Ask:,0,
1851.429, Bid:,3,95,2,308,1,328,1,Ask:,0,
1851.714, Bid:,4,43,1,95,2,308,1,328,1,Ask:,0,
1853.429, Bid:,5,43,1,95,2,308,1,328,1,343,1,Ask:,0,
1861.571, Bid:,4,43,1,95,2,308,1,328,1,Ask:,0,
1861.857, Bid:,5,43,1,95,2,231,1,308,1,328,1,Ask:,0,
1862.286, Bid:,6,43,1,95,1,104,1,231,1,308,1,328,1,Ask:,0,
1862.571, Bid:,6,19,1,43,1,95,1,104,1,231,1,308,1,Ask:,0,
1876.714, Bid:,5,19,1,43,1,95,1,104,1,231,1,Ask:,0,
1876.857, Bid:,5,19,1,43,1,95,1,104,1,231,1,Ask:,1,451,1,
1877.714, Bid:,4,19,1,43,1,95,1,104,1,Ask:,1,451,1,
1878.143, Bid:,4,19,1,43,1,88,1,104,1,Ask:,1,451,1,
1878.286, Bid:,4,8,1,43,1,88,1,104,1,Ask:,1,451,1,
1879.286, Bid:,4,8,1,43,1,88,1,104,1,Ask:,2,172,1,451,1,
1880.857, Bid:,4,8,1,43,1,88,1,104,1,Ask:,1,451,1,
1881.286, Bid:,3,8,1,43,1,88,1,Ask:,1,451,1,
1881.857, Bid:,3,8,1,43,1,88,1,Ask:,2,451,1,463,1,
1882.143, Bid:,4,8,1,43,1,88,1,224,1,Ask:,2,451,1,463,1,
1882.714, Bid:,3,8,1,43,1,88,1,Ask:,2,451,1,463,1,
1883.000, Bid:,4,8,1,43,1,88,1,324,1,Ask:,2,451,1,463,1,
1891.429, Bid:,3,8,1,43,1,88,1,Ask:,2,451,1,463,1,
1891.714, Bid:,3,8,1,57,1,88,1,Ask:,2,451,1,463,1,
1892.000, Bid:,4,8,1,55,1,57,1,88,1,Ask:,2,451,1,463,1,
1892.143, Bid:,5,8,1,55,1,57,1,88,1,102,1,Ask:,2,451,1,463,1,
1906.571, Bid:,4,8,1,55,1,57,1,88,1,Ask:,2,451,1,463,1,
1906.714, Bid:,4,8,1,55,1,57,1,88,1,Ask:,3,90,1,451,1,463,1,
1907.000, Bid:,4,8,1,55,1,57,1,88,1,Ask:,3,90,1,192,1,451,1,
1907.286, Bid:,4,8,1,55,1,57,1,88,1,Ask:,2,192,1,451,1,
1907.571, Bid:,3,55,1,57,1,88,1,Ask:,1,451,1,
1907.857, Bid:,3,55,1,57,1,88,1,Ask:,2,301,1,451,1,
1908.000, Bid:,3,55,1,57,1,88,1,Ask:,3,301,1,310,1,451,1,
1908.571, Bid:,4,55,1,57,1,88,1,111,1,Ask:,3,301,1,310,1,451,1,
1909.143, Bid:,4,55,1,57,1,88,1,111,1,Ask:,4,220,1,301,1,310,1,451,1,
1909.286, Bid:,3,55,1,57,1,88,1,Ask:,4,220,1,301,1,310,1,451,1,
1909.571, Bid:,4,38,1,55,1,57,1,88,1,Ask:,4,220,1,301,1,310,1,451,1,
1922.714, Bid:,4,38,1,55,1,57,1,88,1,Ask:,5,106,1,220,1,301,1,310,1,451,1,
1923.286, Bid:,4,38,1,55,1,57,1,88,1,Ask:,4,220,1,301,1,310,1,451,1,
1925.000, Bid:,4,38,1,55,1,57,1,88,1,Ask:,5,220,1,253,1,301,1,310,1,451,1,
1926.286, Bid:,5,38,1,55,1,57,1,88,1,102,1,Ask:,5,220,1,253,1,301,1,310,1,451,1,
1937.286, Bid:,5,38,1,55,1,57,1,88,1,98,1,Ask:,5,220,1,253,1,301,1,310,1,451,1,
1938.714, Bid:,5,38,1,55,1,57,1,88,1,98,1,Ask:,5,102,1,220,1,253,1,310,1,451,1,
1952.000, Bid:,5,38,1,55,1,57,1,93,1,98,1,Ask:,5,102,1,220,1,253,1,310,1,451,1,
1954.286, Bid:,4,38,1,55,1,57,1,93,1,Ask:,4,102,1,220,1,253,1,451,1,
1954.429, Bid:,3,38,1,55,1,57,1,Ask:,4,102,1,220,1,253,1,451,1,
1954.571, Bid:,3,38,1,55,1,57,1,Ask:,4,102,1,253,1,254,1,451,1,
1956.286, Bid:,4,38,1,55,1,57,1,95,1,Ask:,4,102,1,253,1,254,1,451,1,
1956.857, Bid:,4,38,1,55,1,57,1,95,1,Ask:,5,102,1,253,1,254,1,437,1,451,1,
1967.000, Bid:,4,38,1,55,1,57,1,95,1,Ask:,5,102,1,105,1,254,1,437,1,451,1,
1967.286, Bid:,3,55,1,57,1,95,1,Ask:,4,105,1,254,1,437,1,451,1,
1967.571, Bid:,3,55,1,57,1,89,1,Ask:,4,105,1,254,1,437,1,451,1,
1967.857, Bid:,3,55,1,57,1,89,1,Ask:,5,105,1,185,1,254,1,437,1,451,1,
1969.000, Bid:,3,55,1,57,1,89,1,Ask:,5,105,1,185,1,254,1,437,1,491,1,
1982.714, Bid:,3,55,1,57,1,89,1,Ask:,5,91,1,105,1,185,1,254,1,491,1,
1983.286, Bid:,3,55,1,57,1,89,1,Ask:,4,105,1,185,1,254,1,491,1,
1983.429, Bid:,2,55,1,57,1,Ask:,3,105,1,185,1,254,1,
1983.714, Bid:,2,55,1,57,1,Ask:,4,105,1,185,1,254,1,412,1,
1984.571, Bid:,2,55,1,57,1,Ask:,3,185,1,254,1,412,1,
1985.000, Bid:,1,55,1,Ask:,3,185,1,254,1,412,1,
1985.143, Bid:,1,55,1,Ask:,4,185,1,254,1,280,1,412,1,
1986.000, Bid:,1,55,1,Ask:,3,254,1,280,1,412,1,
1986.286, Bid:,1,55,1,Ask:,4,254,1,258,1,280,1,412,1,
1987.857, Bid:,1,55,1,Ask:,3,258,1,280,1,412,1,
1988.286, Bid:,1,55,1,Ask:,2,280,1,412,1,
1988.714, Bid:,1,55,1,Ask:,3,66,1,280,1,412,1,
1988.857, Bid:,0,Ask:,3,66,1,280,1,412,1,
1989.714, Bid:,0,Ask:,2,280,1,412,1,
1990.286, Bid:,0,Ask:,3,280,1,412,1,430,1,
1990.429, Bid:,1,29,1,Ask:,3,280,1,412,1,430,1,
1990.857, Bid:,2,29,1,171,1,Ask:,3,280,1,412,1,430,1,
1991.286, Bid:,1,29,1,Ask:,3,280,1,412,1,430,1,
1991.857, Bid:,1,29,1,Ask:,4,280,1,412,1,430,1,443,1,
1993.429, Bid:,1,29,1,Ask:,3,412,1,430,1,443,1,
1993.857, Bid:,1,29,1,Ask:,2,430,1,443,1,
1994.429, Bid:,1,29,1,Ask:,3,322,1,430,1,443,1,
1994.571, Bid:,1,29,1,Ask:,2,430,1,443,1,
1994.714, Bid:,2,29,1,59,1,Ask:,2,430,1,443,1,
1995.143, Bid:,3,29,1,59,1,267,1,Ask:,2,430,1,443,1,
1997.000, Bid:,2,29,1,59,1,Ask:,2,430,1,443,1,
1997.143, Bid:,2,29,1,59,1,Ask:,1,443,1,
1997.429, Bid:,3,29,1,59,1,105,1,Ask:,1,443,1,
1997.714, Bid:,2,29,1,59,1,Ask:,1,443,1,
1997.857, Bid:,2,29,1,59,1,Ask:,1,115,1,
1998.143, Bid:,2,29,1,59,1,Ask:,0,
1998.429, Bid:,2,29,1,59,1,Ask:,1,342,1,
1998.571, Bid:,2,59,1,95,1,Ask:,1,342,1,
1998.714, Bid:,2,59,1,95,1,Ask:,2,189,1,342,1,
1998.857, Bid:,2,59,1,95,1,Ask:,3,189,1,201,1,342,1,
1999.286, Bid:,2,59,1,95,1,Ask:,2,201,1,342,1,
2000.143, Bid:,3,59,1,95,1,146,1,Ask:,2,201,1,342,1,
2000.571, Bid:,2,59,1,95,1,Ask:,2,201,1,342,1,
2000.714, Bid:,1,59,1,Ask:,2,201,1,342,1,
2001.286, Bid:,0,Ask:,2,201,1,342,1,
2001.571, Bid:,0,Ask:,3,201,1,342,1,452,1,
2001.857, Bid:,0,Ask:,4,5,1,201,1,342,1,452,1,
2002.286, Bid:,0,Ask:,3,201,1,342,1,452,1,
2002.571, Bid:,0,Ask:,4,201,1,263,1,342,1,452,1,
2002.714, Bid:,0,Ask:,3,263,1,342,1,452,1,
2003.143, Bid:,0,Ask:,4,236,1,263,1,342,1,452,1,
2004.571, Bid:,0,Ask:,3,263,1,342,1,452,1,
2004.857, Bid:,0,Ask:,4,193,1,263,1,342,1,452,1,
2005.000, Bid:,0,Ask:,3,263,1,342,1,452,1,
2005.143, Bid:,0,Ask:,4,67,1,263,1,342,1,452,1,
2006.429, Bid:,1,24,1,Ask:,4,67,1,263,1,342,1,452,1,
2006.571, Bid:,1,24,1,Ask:,3,263,1,342,1,452,1,
2006.714, Bid:,2,24,1,256,1,Ask:,3,263,1,342,1,452,1,
2006.857, Bid:,1,24,1,Ask:,3,263,1,342,1,452,1,
2007.000, Bid:,1,24,1,Ask:,4,196,1,263,1,342,1,452,1,
2007.571, Bid:,2,24,1,54,1,Ask:,4,196,1,263,1,342,1,452,1,
2008.429, Bid:,2,24,1,54,1,Ask:,3,263,1,342,1,452,1,
2008.714, Bid:,2,24,1,54,1,Ask:,2,342,1,452,1,
2009.000, Bid:,2,24,1,54,1,Ask:,3,342,1,391,1,452,1,
2009.286, Bid:,2,24,1,54,1,Ask:,2,391,1,452,1,
2009.571, Bid:,3,24,1,54,1,358,1,Ask:,2,391,1,452,1,
2010.286, Bid:,4,24,1,54,1,101,1,358,1,Ask:,2,391,1,452,1,
2013.000, Bid:,3,24,1,54,1,101,1,Ask:,2,391,1,452,1,
2013.143, Bid:,3,24,1,101,1,105,1,Ask:,2,391,1,452,1,
2013.571, Bid:,4,24,1,101,1,104,1,105,1,Ask:,2,391,1,452,1,
2013.857, Bid:,4,24,1,101,1,104,1,105,1,Ask:,3,291,1,391,1,452,1,
2027.857, Bid:,3,24,1,101,1,104,1,Ask:,3,291,1,391,1,452,1,
2028.143, Bid:,3,24,1,101,1,104,1,Ask:,4,291,1,391,1,452,1,485,1,
2028.429, Bid:,4,24,1,101,1,104,1,114,1,Ask:,4,291,1,391,1,452,1,485,1,
2028.571, Bid:,5,24,1,54,1,101,1,104,1,114,1,Ask:,4,291,1,391,1,452,1,485,1,
2028.857, Bid:,4,24,1,54,1,101,1,104,1,Ask:,4,291,1,391,1,452,1,485,1,
2029.429, Bid:,4,24,1,54,1,101,1,104,1,Ask:,4,245,1,391,1,452,1,485,1,
2031.571, Bid:,3,54,1,101,1,104,1,Ask:,3,391,1,452,1,485,1,
2031.714, Bid:,4,54,1,101,1,104,1,199,1,Ask:,3,391,1,452,1,485,1,
2033.714, Bid:,3,54,1,101,1,104,1,Ask:,3,391,1,452,1,485,1,
2033.857, Bid:,3,54,1,101,1,104,1,Ask:,4,391,1,452,1,471,1,485,1,
2035.000, Bid:,3,54,1,101,1,104,1,Ask:,3,452,1,471,1,485,1,
2035.143, Bid:,4,54,1,101,1,104,1,417,1,Ask:,3,452,1,471,1,485,1,
2035.857, Bid:,5,54,1,101,1,104,1,145,1,417,1,Ask:,3,452,1,471,1,485,1,
2042.857, Bid:,4,54,1,101,1,104,1,145,1,Ask:,3,452,1,471,1,485,1,
2043.143, Bid:,4,54,1,101,1,104,1,145,1,Ask:,2,471,1,485,1,
2043.286, Bid:,4,54,1,101,1,145,1,157,1,Ask:,2,471,1,485,1,
2043.857, Bid:,4,54,1,101,1,145,1,157,1,Ask:,3,372,1,471,1,485,1,
2044.857, Bid:,4,54,1,101,1,145,1,157,1,Ask:,4,372,1,471,1,485,1,488,1,
2058.000, Bid:,3,54,1,101,1,145,1,Ask:,4,372,1,471,1,485,1,488,1,
2058.857, Bid:,4,54,1,101,1,111,1,145,1,Ask:,4,372,1,471,1,485,1,488,1,
2059.143, Bid:,4,54,1,101,1,111,1,145,1,Ask:,5,372,1,429,1,471,1,485,1,488,1,
2059.571, Bid:,4,54,1,101,1,111,1,145,1,Ask:,6,237,1,372,1,429,1,471,1,485,1,488,1,
2060.857, Bid:,4,54,1,101,1,111,1,145,1,Ask:,5,372,1,429,1,471,1,485,1,488,1,
2061.143, Bid:,3,54,1,101,1,111,1,Ask:,5,372,1,429,1,471,1,485,1,488,1,
2062.286, Bid:,4,54,1,101,1,111,1,133,1,Ask:,5,372,1,429,1,471,1,485,1,488,1,
2063.286, Bid:,5,54,1,101,1,111,1,133,1,323,1,Ask:,5,372,1,429,1,471,1,485,1,488,1,
2063.714, Bid:,4,54,1,101,1,111,1,133,1,Ask:,5,372,1,429,1,471,1,485,1,488,1,
2064.286, Bid:,5,54,1,101,1,111,1,133,1,336,1,Ask:,5,372,1,429,1,471,1,485,1,488,1,
2073.000, Bid:,4,54,1,101,1,111,1,133,1,Ask:,4,372,1,429,1,471,1,488,1,
2073.143, Bid:,5,54,1,90,1,101,1,111,1,133,1,Ask:,4,372,1,429,1,471,1,488,1,
2073.286, Bid:,4,54,1,90,1,101,1,111,1,Ask:,4,372,1,429,1,471,1,488,1,
2073.571, Bid:,5,54,1,55,1,90,1,101,1,111,1,Ask:,4,372,1,429,1,471,1,488,1,
2073.714, Bid:,4,54,1,55,1,90,1,111,1,Ask:,3,429,1,471,1,488,1,
2074.000, Bid:,4,54,1,55,1,90,1,111,1,Ask:,4,429,1,471,1,482,1,488,1,
2074.286, Bid:,5,54,1,55,1,90,1,111,1,337,1,Ask:,4,429,1,471,1,482,1,488,1,
2075.143, Bid:,4,54,1,55,1,111,1,337,1,Ask:,3,471,1,482,1,488,1,
2075.857, Bid:,3,54,1,55,1,111,1,Ask:,3,471,1,482,1,488,1,
2076.000, Bid:,3,55,1,111,1,434,1,Ask:,3,471,1,482,1,488,1,
2076.429, Bid:,2,55,1,111,1,Ask:,3,471,1,482,1,488,1,
2076.857, Bid:,2,55,1,111,1,Ask:,3,138,1,471,1,482,1,
2077.143, Bid:,2,55,1,111,1,Ask:,2,471,1,482,1,
2078.571, Bid:,2,55,1,111,1,Ask:,3,384,1,471,1,482,1,
2078.714, Bid:,3,55,1,111,1,228,1,Ask:,3,384,1,471,1,482,1,
2078.857, Bid:,2,55,1,111,1,Ask:,3,384,1,471,1,482,1,
2079.000, Bid:,2,55,1,111,1,Ask:,4,287,1,384,1,471,1,482,1,
2079.571, Bid:,2,55,1,111,1,Ask:,5,287,1,310,1,384,1,471,1,482,1,
2080.000, Bid:,2,55,1,111,1,Ask:,6,145,1,287,1,310,1,384,1,471,1,482,1,
2088.143, Bid:,1,55,1,Ask:,5,145,1,287,1,310,1,384,1,471,1,
2088.286, Bid:,1,55,1,Ask:,4,287,1,310,1,384,1,471,1,
2088.429, Bid:,2,55,1,90,1,Ask:,4,287,1,310,1,384,1,471,1,
2088.857, Bid:,2,55,1,90,1,Ask:,4,287,1,310,1,384,1,467,1,
2089.000, Bid:,1,55,1,Ask:,3,287,1,310,1,467,1,
2089.286, Bid:,1,55,1,Ask:,4,149,1,287,1,310,1,467,1,
2089.857, Bid:,1,104,1,Ask:,4,149,1,287,1,310,1,467,1,
2090.571, Bid:,2,78,1,104,1,Ask:,4,149,1,287,1,310,1,467,1,
2090.714, Bid:,2,78,1,104,1,Ask:,4,149,1,310,1,346,1,467,1,
2103.000, Bid:,1,78,1,Ask:,3,310,1,346,1,467,1,
2103.286, Bid:,1,78,1,Ask:,2,346,1,467,1,
2103.429, Bid:,1,78,1,Ask:,3,346,1,467,1,471,1,
2103.714, Bid:,2,78,1,228,1,Ask:,3,346,1,467,1,471,1,
2104.571, Bid:,2,78,1,228,1,Ask:,4,346,1,375,1,467,1,471,1,
2118.571, Bid:,3,78,1,111,1,228,1,Ask:,4,346,1,375,1,467,1,471,1,
2118.714, Bid:,2,78,1,111,1,Ask:,3,346,1,375,1,467,1,
2118.857, Bid:,2,78,1,111,1,Ask:,4,127,1,346,1,375,1,467,1,
2119.000, Bid:,1,78,1,Ask:,4,127,1,346,1,375,1,467,1,
2119.429, Bid:,1,78,1,Ask:,3,346,1,375,1,467,1,
2119.571, Bid:,1,78,1,Ask:,4,346,1,361,1,375,1,467,1,
2119.857, Bid:,2,78,1,128,1,Ask:,4,346,1,361,1,375,1,467,1,
2120.000, Bid:,2,78,1,128,1,Ask:,5,308,1,346,1,361,1,375,1,467,1,
2120.714, Bid:,2,78,1,128,1,Ask:,5,260,1,308,1,346,1,361,1,375,1,
2133.286, Bid:,1,78,1,Ask:,5,260,1,308,1,346,1,361,1,375,1,
2133.571, Bid:,1,78,1,Ask:,6,260,1,308,1,346,1,361,1,375,1,406,1,
2134.000, Bid:,2,78,1,105,1,Ask:,6,260,1,308,1,346,1,361,1,375,1,406,1,
2148.143, Bid:,3,78,1,92,1,105,1,Ask:,6,260,1,308,1,346,1,361,1,375,1,406,1,
2149.286, Bid:,3,78,1,92,1,105,1,Ask:,6,108,1,260,1,308,1,346,1,375,1,406,1,
2150.000, Bid:,3,78,1,87,1,105,1,Ask:,6,108,1,260,1,308,1,346,1,375,1,406,1,
2164.000, Bid:,2,78,1,87,1,Ask:,5,108,1,260,1,346,1,375,1,406,1,
2164.143, Bid:,2,78,1,87,1,Ask:,4,260,1,346,1,375,1,406,1,
2164.429, Bid:,3,78,1,85,1,87,1,Ask:,4,260,1,346,1,375,1,406,1,
2165.000, Bid:,4,78,1,85,1,87,1,163,1,Ask:,4,260,1,346,1,375,1,406,1,
2165.286, Bid:,5,78,1,85,1,87,1,163,1,241,1,Ask:,4,260,1,346,1,375,1,406,1,
2169.429, Bid:,4,78,1,85,1,87,1,163,1,Ask:,4,260,1,346,1,375,1,406,1,
2171.571, Bid:,4,78,1,85,1,87,1,163,1,Ask:,3,346,1,375,1,406,1,
2171.714, Bid:,4,78,1,85,1,87,1,163,1,Ask:,2,375,1,406,1,
2171.857, Bid:,3,78,1,85,1,87,1,Ask:,1,406,1,
2172.000, Bid:,4,65,1,78,1,85,1,87,1,Ask:,1,406,1,
2172.857, Bid:,4,65,1,78,1,85,1,87,1,Ask:,2,295,1,406,1,
2174.571, Bid:,5,2,1,65,1,78,1,85,1,87,1,Ask:,2,295,1,406,1,
2175.143, Bid:,5,2,1,65,1,74,1,78,1,85,1,Ask:,2,295,1,406,1,
2179.000, Bid:,5,2,1,65,1,74,1,78,1,85,1,Ask:,2,105,1,295,1,
2179.571, Bid:,5,2,1,65,1,74,1,78,1,85,1,Ask:,1,295,1,
2179.714, Bid:,5,2,1,74,1,78,1,85,1,106,1,Ask:,1,295,1,
2180.000, Bid:,5,2,1,78,1,85,1,90,1,106,1,Ask:,1,295,1,
2180.143, Bid:,5,2,1,78,1,85,1,90,1,106,1,Ask:,2,295,1,334,1,
2193.857, Bid:,5,2,1,78,1,85,1,90,1,113,1,Ask:,2,295,1,334,1,
2194.000, Bid:,4,2,1,78,1,85,1,90,1,Ask:,2,295,1,334,1,
2194.286, Bid:,4,2,1,78,1,85,1,90,1,Ask:,3,109,1,295,1,334,1,
2194.857, Bid:,4,2,1,78,1,85,1,90,1,Ask:,4,109,1,295,1,334,1,460,1,
2196.429, Bid:,4,2,1,78,1,85,1,90,1,Ask:,3,295,1,334,1,460,1,
2196.571, Bid:,4,2,1,34,1,78,1,90,1,Ask:,3,295,1,334,1,460,1,
2208.714, Bid:,4,2,1,34,1,78,1,90,1,Ask:,4,110,1,295,1,334,1,460,1,
2209.000, Bid:,3,2,1,34,1,78,1,Ask:,3,110,1,334,1,460,1,
2209.714, Bid:,3,34,1,78,1,99,1,Ask:,3,110,1,334,1,460,1,
2209.857, Bid:,2,34,1,78,1,Ask:,3,110,1,334,1,460,1,
2210.286, Bid:,2,34,1,78,1,Ask:,4,110,1,178,1,334,1,460,1,
2211.000, Bid:,3,34,1,78,1,109,1,Ask:,4,110,1,178,1,334,1,460,1,
2212.429, Bid:,3,34,1,78,1,109,1,Ask:,3,178,1,334,1,460,1,
2212.714, Bid:,2,34,1,78,1,Ask:,3,178,1,334,1,460,1,
2212.857, Bid:,2,34,1,78,1,Ask:,2,334,1,460,1,
2213.000, Bid:,2,34,1,78,1,Ask:,3,301,1,334,1,460,1,
2213.143, Bid:,2,34,1,78,1,Ask:,3,289,1,301,1,334,1,
2213.286, Bid:,3,34,1,78,1,166,1,Ask:,3,289,1,301,1,334,1,
2213.429, Bid:,2,78,1,166,1,Ask:,2,301,1,334,1,
2213.571, Bid:,3,78,1,82,1,166,1,Ask:,2,301,1,334,1,
2214.286, Bid:,4,78,1,82,1,96,1,166,1,Ask:,2,301,1,334,1,
2215.286, Bid:,3,78,1,82,1,96,1,Ask:,2,301,1,334,1,
2215.429, Bid:,3,78,1,82,1,96,1,Ask:,3,301,1,334,1,415,1,
2215.714, Bid:,3,78,1,82,1,96,1,Ask:,4,301,1,334,1,375,1,415,1,
2224.429, Bid:,4,78,1,82,1,89,1,96,1,Ask:,4,301,1,334,1,375,1,415,1,
2226.000, Bid:,4,78,1,82,1,89,1,96,1,Ask:,4,100,1,301,1,375,1,415,1,
2226.143, Bid:,4,78,1,82,1,89,1,96,1,Ask:,3,301,1,375,1,415,1,
2227.429, Bid:,4,78,1,82,1,89,1,96,1,Ask:,4,301,1,358,1,375,1,415,1,
2238.571, Bid:,3,78,1,82,1,89,1,Ask:,3,301,1,358,1,415,1,
2238.714, Bid:,4,78,1,82,1,89,1,102,1,Ask:,3,301,1,358,1,415,1,
2238.857, Bid:,3,78,1,82,1,89,1,Ask:,2,301,1,415,1,
2239.000, Bid:,3,78,1,82,1,89,1,Ask:,3,301,1,352,1,415,1,
2239.143, Bid:,4,78,1,82,1,89,1,249,1,Ask:,3,301,1,352,1,415,1,
2239.286, Bid:,3,78,1,82,1,89,1,Ask:,3,301,1,352,1,415,1,
2239.429, Bid:,3,78,1,82,1,89,1,Ask:,4,107,1,301,1,352,1,415,1,
2239.857, Bid:,3,78,1,82,1,89,1,Ask:,5,107,1,301,1,352,1,380,1,415,1,
2240.000, Bid:,3,78,1,82,1,89,1,Ask:,4,301,1,352,1,380,1,415,1,
2241.143, Bid:,3,78,1,82,1,89,1,Ask:,5,301,1,352,1,380,1,415,1,433,1,
2241.857, Bid:,3,78,1,82,1,89,1,Ask:,5,273,1,352,1,380,1,415,1,433,1,
2253.857, Bid:,2,78,1,82,1,Ask:,4,273,1,352,1,415,1,433,1,
2254.000, Bid:,3,78,1,82,1,168,1,Ask:,4,273,1,352,1,415,1,433,1,
2255.286, Bid:,4,78,1,82,1,168,1,173,1,Ask:,4,273,1,352,1,415,1,433,1,
2268.714, Bid:,4,78,1,115,1,168,1,173,1,Ask:,4,273,1,352,1,415,1,433,1,
2268.857, Bid:,3,78,1,115,1,168,1,Ask:,3,273,1,352,1,415,1,
2269.143, Bid:,2,78,1,115,1,Ask:,2,273,1,415,1,
2269.286, Bid:,2,78,1,115,1,Ask:,2,273,1,288,1,
2269.857, Bid:,2,78,1,115,1,Ask:,3,156,1,273,1,288,1,
2270.429, Bid:,1,78,1,Ask:,3,156,1,273,1,288,1,
2270.714, Bid:,0,Ask:,2,273,1,288,1,
2270.857, Bid:,0,Ask:,3,213,1,273,1,288,1,
2271.571, Bid:,0,Ask:,4,121,1,213,1,273,1,288,1,
2271.714, Bid:,0,Ask:,3,213,1,273,1,288,1,
2271.857, Bid:,1,50,1,Ask:,3,213,1,273,1,288,1,
2272.000, Bid:,2,50,1,109,1,Ask:,3,213,1,273,1,288,1,
2272.714, Bid:,3,50,1,109,1,122,1,Ask:,3,213,1,273,1,288,1,
2273.286, Bid:,3,50,1,109,1,122,1,Ask:,4,213,1,273,1,282,1,288,1,
2283.857, Bid:,2,50,1,109,1,Ask:,4,213,1,273,1,282,1,288,1,
2284.286, Bid:,3,50,1,108,1,109,1,Ask:,4,213,1,273,1,282,1,288,1,
2285.143, Bid:,2,50,1,108,1,Ask:,3,273,1,282,1,288,1,
2285.429, Bid:,2,50,1,108,1,Ask:,4,273,1,282,1,288,1,371,1,
2286.429, Bid:,2,50,1,151,1,Ask:,4,273,1,282,1,288,1,371,1,
2288.143, Bid:,1,50,1,Ask:,4,273,1,282,1,288,1,371,1,
2289.429, Bid:,2,50,1,126,1,Ask:,4,273,1,282,1,288,1,371,1,
2298.857, Bid:,1,50,1,Ask:,3,273,1,288,1,371,1,
2299.143, Bid:,1,50,1,Ask:,4,152,1,273,1,288,1,371,1,
2299.286, Bid:,1,50,1,Ask:,5,108,1,152,1,273,1,288,1,371,1,
2299.714, Bid:,1,50,1,Ask:,4,152,1,273,1,288,1,371,1,
2300.000, Bid:,1,50,1,Ask:,5,152,1,273,1,288,1,291,1,371,1,
2300.714, Bid:,2,50,1,98,1,Ask:,5,152,1,273,1,288,1,291,1,371,1,
2314.143, Bid:,2,50,1,98,1,Ask:,6,102,1,152,1,273,1,288,1,291,1,371,1,
2316.000, Bid:,2,50,1,98,1,Ask:,5,152,1,273,1,288,1,291,1,371,1,
2316.857, Bid:,3,50,1,98,1,139,1,Ask:,5,152,1,273,1,288,1,291,1,371,1,
2317.000, Bid:,2,98,1,139,1,Ask:,4,273,1,288,1,291,1,371,1,
2317.143, Bid:,1,98,1,Ask:,4,273,1,288,1,291,1,371,1,
2317.571, Bid:,2,98,1,126,1,Ask:,4,273,1,288,1,291,1,371,1,
2317.714, Bid:,2,98,1,126,1,Ask:,3,288,1,291,1,371,1,
2318.143, Bid:,1,126,1,Ask:,2,291,1,371,1,
2318.571, Bid:,1,126,1,Ask:,1,371,1,
2318.714, Bid:,0,Ask:,1,371,1,
2318.857, Bid:,0,Ask:,0,
2319.143, Bid:,1,268,1,Ask:,0,
2319.286, Bid:,2,107,1,268,1,Ask:,0,
2319.429, Bid:,3,107,1,268,1,300,1,Ask:,0,
2319.714, Bid:,2,107,1,268,1,Ask:,0,
2320.000, Bid:,3,107,1,164,1,268,1,Ask:,0,
2320.286, Bid:,4,101,1,107,1,164,1,268,1,Ask:,0,
2320.429, Bid:,5,101,1,107,1,164,1,227,1,268,1,Ask:,0,
2320.857, Bid:,6,101,1,107,1,164,1,227,1,268,1,278,1,Ask:,0,
2330.000, Bid:,6,87,1,101,1,107,1,164,1,227,1,278,1,Ask:,0,
2331.429, Bid:,5,87,1,101,1,107,1,164,1,227,1,Ask:,0,
2332.143, Bid:,6,87,1,101,1,107,1,164,1,166,1,227,1,Ask:,0,
2332.714, Bid:,6,87,1,101,1,107,1,164,1,166,1,437,1,Ask:,0,
2344.286, Bid:,6,87,1,101,1,111,1,164,1,166,1,437,1,Ask:,0,
2344.857, Bid:,5,87,1,101,1,111,1,164,1,166,1,Ask:,0,
2345.000, Bid:,6,87,1,101,1,111,1,164,1,166,1,400,1,Ask:,0,
2346.143, Bid:,5,87,1,101,1,111,1,164,1,166,1,Ask:,0,
2347.000, Bid:,5,87,1,101,1,111,1,164,1,166,1,Ask:,1,225,1,
2347.429, Bid:,5,87,1,101,1,111,1,164,1,166,1,Ask:,0,
2348.000, Bid:,6,87,1,101,1,111,1,164,1,166,1,226,1,Ask:,0,
2348.286, Bid:,7,87,1,101,1,111,1,164,1,166,1,226,1,448,1,Ask:,0,
2348.571, Bid:,6,87,1,101,1,111,1,164,1,166,1,226,1,Ask:,0,
2348.857, Bid:,6,87,1,101,1,111,1,166,1,225,1,226,1,Ask:,0,
2352.714, Bid:,7,87,1,95,1,101,1,111,1,166,1,225,1,226,1,Ask:,0,
2359.714, Bid:,6,87,1,95,1,101,1,111,1,166,1,225,1,Ask:,0,
2360.571, Bid:,6,87,1,95,1,111,1,166,1,225,1,334,1,Ask:,0,
2361.000, Bid:,6,87,1,95,1,96,1,111,1,225,1,334,1,Ask:,0,
2361.857, Bid:,5,87,1,95,1,96,1,111,1,225,1,Ask:,0,
2362.000, Bid:,5,87,1,95,1,96,1,111,1,225,1,Ask:,1,456,1,
2374.571, Bid:,4,87,1,95,1,96,1,111,1,Ask:,1,456,1,
2374.714, Bid:,5,48,1,87,1,95,1,96,1,111,1,Ask:,1,456,1,
2375.571, Bid:,5,48,1,93,1,95,1,96,1,111,1,Ask:,1,456,1,
2376.286, Bid:,5,48,1,93,1,95,1,96,1,111,1,Ask:,2,384,1,456,1,
2389.429, Bid:,4,48,1,93,1,95,1,96,1,Ask:,2,384,1,456,1,
2389.857, Bid:,4,81,1,93,1,95,1,96,1,Ask:,2,384,1,456,1,
2390.000, Bid:,4,81,1,85,1,95,1,96,1,Ask:,2,384,1,456,1,
2390.286, Bid:,5,48,1,81,1,85,1,95,1,96,1,Ask:,2,384,1,456,1,
2392.286, Bid:,5,48,1,81,1,85,1,95,1,96,1,Ask:,2,105,1,384,1,
2394.857, Bid:,5,48,1,81,1,85,1,95,1,96,1,Ask:,1,384,1,
2396.429, Bid:,6,48,1,81,1,85,1,95,1,96,1,381,1,Ask:,1,384,1,
2399.714, Bid:,5,48,1,81,1,85,1,95,1,96,1,Ask:,1,384,1,
2400.429, Bid:,6,48,1,81,1,85,1,95,1,96,1,297,1,Ask:,1,384,1,
2405.000, Bid:,5,48,1,81,1,85,1,95,1,96,1,Ask:,1,384,1,
2405.714, Bid:,5,48,1,81,1,85,1,95,1,96,1,Ask:,2,280,1,384,1,
2406.143, Bid:,5,48,1,81,1,85,1,95,1,96,1,Ask:,3,280,1,336,1,384,1,
2406.571, Bid:,5,81,1,85,1,95,1,96,1,110,1,Ask:,3,280,1,336,1,384,1,
2419.571, Bid:,4,81,1,85,1,95,2,110,1,Ask:,3,280,1,336,1,384,1,
2419.857, Bid:,4,81,1,85,1,95,2,111,1,Ask:,3,280,1,336,1,384,1,
2422.000, Bid:,3,81,1,85,1,95,2,Ask:,2,280,1,336,1,
2422.429, Bid:,3,81,1,85,1,95,1,Ask:,1,336,1,
2422.857, Bid:,4,81,1,85,1,95,1,331,1,Ask:,1,336,1,
2423.286, Bid:,4,85,1,95,1,128,1,331,1,Ask:,1,336,1,
2423.571, Bid:,5,85,1,95,1,116,1,128,1,331,1,Ask:,1,336,1,
2435.000, Bid:,4,85,1,95,1,116,1,128,1,Ask:,0,
2435.857, Bid:,4,85,1,95,1,116,1,128,1,Ask:,1,464,1,
2436.571, Bid:,4,85,1,95,1,116,1,128,1,Ask:,2,183,1,464,1,
2437.286, Bid:,4,85,1,95,1,116,1,128,1,Ask:,1,464,1,
2437.429, Bid:,5,85,1,95,1,116,1,128,1,300,1,Ask:,1,464,1,
2438.571, Bid:,4,85,1,95,1,116,1,128,1,Ask:,1,464,1,
2439.000, Bid:,4,85,1,95,1,116,1,128,1,Ask:,2,311,1,464,1,
2449.857, Bid:,4,88,1,95,1,116,1,128,1,Ask:,2,311,1,464,1,
2450.286, Bid:,3,88,1,95,1,116,1,Ask:,2,311,1,464,1,
2450.429, Bid:,4,88,1,95,1,116,1,163,1,Ask:,2,311,1,464,1,
2451.429, Bid:,3,88,1,95,1,116,1,Ask:,1,464,1,
2451.714, Bid:,3,88,1,95,1,116,1,Ask:,2,328,1,464,1,
2452.143, Bid:,4,88,1,95,1,116,1,136,1,Ask:,2,328,1,464,1,
2465.000, Bid:,3,88,1,95,1,116,1,Ask:,1,464,1,
2465.143, Bid:,4,88,1,95,1,116,1,212,1,Ask:,1,464,1,
2465.286, Bid:,4,88,1,103,1,116,1,212,1,Ask:,1,464,1,
2465.857, Bid:,4,88,1,103,1,116,1,212,1,Ask:,2,383,1,464,1,
2479.714, Bid:,4,88,1,103,1,113,1,212,1,Ask:,2,383,1,464,1,
2480.143, Bid:,3,88,1,103,1,113,1,Ask:,2,383,1,464,1,
2480.429, Bid:,3,88,1,103,1,113,1,Ask:,3,374,1,383,1,464,1,
2480.714, Bid:,2,88,1,103,1,Ask:,2,374,1,383,1,
2482.143, Bid:,2,88,1,103,1,Ask:,2,374,2,383,1,
2482.429, Bid:,3,49,1,88,1,103,1,Ask:,2,374,2,383,1,
2496.714, Bid:,3,49,1,88,1,103,1,Ask:,3,106,1,374,1,383,1,
2496.857, Bid:,3,49,1,88,1,105,1,Ask:,3,106,1,374,1,383,1,
2498.857, Bid:,3,49,1,88,1,105,1,Ask:,2,374,1,383,1,
2499.571, Bid:,4,49,1,88,1,105,1,174,1,Ask:,2,374,1,383,1,
2500.286, Bid:,3,49,1,88,1,105,1,Ask:,2,374,1,383,1,
2501.857, Bid:,3,49,1,88,1,105,1,Ask:,1,383,1,
2502.000, Bid:,4,49,1,88,1,105,1,340,1,Ask:,1,383,1,
2502.143, Bid:,4,49,1,88,1,105,1,340,1,Ask:,2,383,1,467,1,
2510.286, Bid:,4,49,1,88,1,99,1,340,1,Ask:,2,383,1,467,1,
2510.714, Bid:,3,49,1,88,1,99,1,Ask:,1,383,1,
2510.857, Bid:,3,49,1,88,1,99,1,Ask:,0,
2511.143, Bid:,3,49,1,93,1,99,1,Ask:,0,
2511.286, Bid:,4,49,1,93,1,99,1,457,1,Ask:,0,
2511.571, Bid:,3,49,1,93,1,99,1,Ask:,0,
2511.714, Bid:,4,49,1,93,1,99,1,254,1,Ask:,0,
2512.000, Bid:,5,24,1,49,1,93,1,99,1,254,1,Ask:,0,
2512.143, Bid:,6,24,1,49,1,93,1,99,1,254,1,461,1,Ask:,0,
2525.714, Bid:,5,24,1,49,1,93,1,99,1,254,1,Ask:,0,
2526.000, Bid:,6,24,1,49,1,66,1,93,1,99,1,254,1,Ask:,0,
2526.143, Bid:,6,49,1,66,1,93,1,99,1,241,1,254,1,Ask:,0,
2528.571, Bid:,6,66,1,93,1,99,1,111,1,241,1,254,1,Ask:,0,
2540.000, Bid:,6,66,1,85,1,99,1,111,1,241,1,254,1,Ask:,0,
2540.286, Bid:,5,66,1,85,1,99,1,111,1,241,1,Ask:,0,
2540.571, Bid:,4,66,1,85,1,99,1,111,1,Ask:,0,
2540.714, Bid:,5,66,1,85,1,99,1,111,1,350,1,Ask:,0,
2540.857, Bid:,4,66,1,85,1,99,1,111,1,Ask:,0,
2541.000, Bid:,4,66,1,85,1,99,1,111,1,Ask:,1,246,1,
2541.143, Bid:,4,66,1,85,1,95,1,111,1,Ask:,1,246,1,
2541.286, Bid:,4,66,1,85,1,95,1,111,1,Ask:,2,115,1,246,1,
2543.143, Bid:,4,66,1,85,1,95,1,111,1,Ask:,1,246,1,
2543.714, Bid:,4,66,1,85,1,95,1,111,1,Ask:,2,246,1,364,1,
2543.857, Bid:,5,66,1,85,1,95,1,111,1,206,1,Ask:,2,246,1,364,1,
2544.143, Bid:,4,66,1,85,1,95,1,111,1,Ask:,2,246,1,364,1,
2547.000, Bid:,5,66,1,85,1,95,1,111,1,126,1,Ask:,2,246,1,364,1,
2555.714, Bid:,4,66,1,85,1,95,1,111,1,Ask:,1,246,1,
2555.857, Bid:,5,66,1,78,1,85,1,95,1,111,1,Ask:,1,246,1,
2556.000, Bid:,5,66,1,78,1,85,1,95,1,111,1,Ask:,2,240,1,246,1,
2557.000, Bid:,5,66,1,78,1,85,1,95,1,114,1,Ask:,2,240,1,246,1,
2570.286, Bid:,4,66,1,78,1,85,1,95,1,Ask:,1,240,1,
2570.429, Bid:,5,66,1,78,1,85,1,95,1,114,1,Ask:,1,240,1,
2570.714, Bid:,6,66,1,78,1,85,1,95,1,114,1,182,1,Ask:,1,240,1,
2571.143, Bid:,5,66,1,78,1,85,1,95,1,114,1,Ask:,0,
2571.286, Bid:,4,66,1,78,1,95,2,114,1,Ask:,0,
2571.714, Bid:,4,78,1,95,2,114,1,187,1,Ask:,0,
2573.429, Bid:,5,78,1,95,2,114,1,187,1,359,1,Ask:,0,
2585.571, Bid:,4,78,1,95,2,114,1,187,1,Ask:,0,
2585.857, Bid:,4,78,1,95,2,114,1,187,1,Ask:,1,446,1,
2586.286, Bid:,5,78,1,95,1,97,1,114,1,187,1,Ask:,1,446,1,
2600.429, Bid:,5,78,1,87,1,97,1,114,1,187,1,Ask:,1,446,1,
2601.143, Bid:,4,78,1,87,1,97,1,114,1,Ask:,1,446,1,
2601.857, Bid:,4,87,1,97,1,114,1,292,1,Ask:,1,446,1,
2602.571, Bid:,4,87,1,97,1,114,1,292,1,Ask:,2,381,1,446,1,
2604.143, Bid:,4,87,1,96,1,114,1,292,1,Ask:,2,381,1,446,1,
2615.429, Bid:,3,87,1,96,1,114,1,Ask:,1,381,1,
2615.714, Bid:,2,87,1,96,1,Ask:,1,381,1,
2616.000, Bid:,2,87,1,96,1,Ask:,2,381,1,412,1,
2616.714, Bid:,3,87,1,96,1,174,1,Ask:,2,381,1,412,1,
2616.857, Bid:,3,87,1,96,1,174,1,Ask:,3,351,1,381,1,412,1,
2630.857, Bid:,3,89,1,96,1,174,1,Ask:,3,351,1,381,1,412,1,
2631.286, Bid:,2,89,1,96,1,Ask:,2,351,1,381,1,
2631.571, Bid:,2,89,1,96,1,Ask:,3,128,1,351,1,381,1,
2631.714, Bid:,2,89,1,96,1,Ask:,2,351,1,381,1,
2631.857, Bid:,1,89,1,Ask:,1,351,1,
2632.000, Bid:,2,89,1,153,1,Ask:,1,351,1,
2632.143, Bid:,3,74,1,89,1,153,1,Ask:,1,351,1,
2633.000, Bid:,2,74,1,89,1,Ask:,1,351,1,
2633.143, Bid:,3,74,1,89,1,189,1,Ask:,1,351,1,
2633.571, Bid:,3,74,1,89,1,189,1,Ask:,2,321,1,351,1,
2633.857, Bid:,4,74,1,89,1,189,1,305,1,Ask:,2,321,1,351,1,
2645.571, Bid:,3,74,1,89,1,189,1,Ask:,1,321,1,
2646.000, Bid:,4,74,1,89,1,189,1,281,1,Ask:,1,321,1,
2646.571, Bid:,5,74,1,89,1,100,1,189,1,281,1,Ask:,1,321,1,
2648.286, Bid:,6,27,1,74,1,89,1,100,1,189,1,281,1,Ask:,1,321,1,
2661.143, Bid:,6,27,1,89,1,100,1,112,1,189,1,281,1,Ask:,1,321,1,
2661.429, Bid:,5,27,1,89,1,100,1,112,1,189,1,Ask:,1,321,1,
2661.714, Bid:,6,27,1,89,1,100,1,112,1,189,1,291,1,Ask:,1,321,1,
2662.143, Bid:,6,27,1,89,1,95,1,112,1,189,1,291,1,Ask:,1,321,1,
2663.714, Bid:,6,27,1,89,1,95,1,112,1,189,1,291,1,Ask:,2,321,1,369,1,
2676.286, Bid:,5,27,1,89,1,95,1,112,1,189,1,Ask:,1,321,1,
2676.429, Bid:,4,27,1,89,1,95,1,112,1,Ask:,1,321,1,
2676.714, Bid:,4,27,1,89,1,95,1,112,1,Ask:,2,321,1,426,1,
2677.714, Bid:,4,27,1,89,1,95,1,112,1,Ask:,1,426,1,
2678.000, Bid:,4,27,1,89,1,95,1,111,1,Ask:,1,426,1,
2678.143, Bid:,4,27,1,89,1,95,1,111,1,Ask:,2,369,1,426,1,
2678.429, Bid:,3,27,1,89,1,95,1,Ask:,2,369,1,426,1,
2678.714, Bid:,4,27,1,89,1,95,1,121,1,Ask:,2,369,1,426,1,
2681.000, Bid:,4,27,1,89,1,121,1,147,1,Ask:,2,369,1,426,1,
2690.857, Bid:,3,27,1,89,1,121,1,Ask:,2,369,1,426,1,
2691.000, Bid:,2,27,1,89,1,Ask:,1,426,1,
2691.143, Bid:,3,27,1,89,1,96,1,Ask:,1,426,1,
2691.286, Bid:,4,27,1,89,1,96,1,351,1,Ask:,1,426,1,
2691.714, Bid:,3,27,1,89,1,96,1,Ask:,1,426,1,
2691.857, Bid:,3,27,1,89,1,96,1,Ask:,2,281,1,426,1,
2692.143, Bid:,3,27,1,89,1,96,1,Ask:,3,113,1,281,1,426,1,
2692.571, Bid:,3,27,1,89,1,96,1,Ask:,4,113,1,281,1,353,1,426,1,
2692.714, Bid:,3,27,1,89,1,96,1,Ask:,3,281,1,353,1,426,1,
2692.857, Bid:,3,27,1,86,1,96,1,Ask:,3,281,1,353,1,426,1,
2694.714, Bid:,3,86,1,96,1,254,1,Ask:,3,281,1,353,1,426,1,
2695.571, Bid:,2,86,1,96,1,Ask:,3,281,1,353,1,426,1,
2696.286, Bid:,2,86,1,96,1,Ask:,2,353,1,426,1,
2697.143, Bid:,3,86,1,96,1,107,1,Ask:,2,353,1,426,1,
2699.429, Bid:,3,86,1,96,1,107,1,Ask:,3,176,1,353,1,426,1,
2702.714, Bid:,3,86,1,96,1,107,1,Ask:,2,353,1,426,1,
2703.286, Bid:,4,86,1,96,1,107,1,217,1,Ask:,2,353,1,426,1,
2704.857, Bid:,3,86,1,96,1,107,1,Ask:,2,353,1,426,1,
2705.429, Bid:,4,43,1,86,1,96,1,107,1,Ask:,2,353,1,426,1,
2706.286, Bid:,4,43,1,91,1,96,1,107,1,Ask:,2,353,1,426,1,
2706.429, Bid:,3,43,1,91,1,96,1,Ask:,1,353,1,
2706.571, Bid:,3,43,1,91,1,96,1,Ask:,2,124,1,353,1,
2707.143, Bid:,3,43,1,91,1,96,1,Ask:,3,124,1,283,1,353,1,
2707.286, Bid:,3,43,1,91,1,96,1,Ask:,2,283,1,353,1,
2707.714, Bid:,3,43,1,91,1,96,1,Ask:,1,353,1,
2707.857, Bid:,4,6,1,43,1,91,1,96,1,Ask:,1,353,1,
2709.857, Bid:,4,6,1,43,1,91,1,96,1,Ask:,2,353,1,411,1,
2721.286, Bid:,3,6,1,43,1,91,1,Ask:,2,353,1,411,1,
2721.429, Bid:,4,6,1,43,1,62,1,91,1,Ask:,2,353,1,411,1,
2722.000, Bid:,4,6,1,62,1,91,1,341,1,Ask:,2,353,1,411,1,
2722.429, Bid:,3,6,1,62,1,91,1,Ask:,1,411,1,
2722.571, Bid:,3,6,1,62,1,91,1,Ask:,2,286,1,411,1,
2722.714, Bid:,4,6,1,62,1,91,1,111,1,Ask:,2,286,1,411,1,
2723.143, Bid:,4,6,1,62,1,91,1,111,1,Ask:,3,131,1,286,1,411,1,
2723.286, Bid:,4,6,1,62,1,91,1,111,1,Ask:,2,286,1,411,1,
2724.714, Bid:,3,6,1,62,1,91,1,Ask:,2,286,1,411,1,
2724.857, Bid:,4,6,1,62,1,91,1,262,1,Ask:,2,286,1,411,1,
2725.571, Bid:,4,6,1,62,1,91,1,262,1,Ask:,3,286,1,300,1,411,1,
2736.143, Bid:,3,6,1,62,1,91,1,Ask:,3,286,1,300,1,411,1,
2736.714, Bid:,3,62,1,91,1,124,1,Ask:,3,286,1,300,1,411,1,
2737.143, Bid:,3,62,1,91,1,124,1,Ask:,3,286,1,300,1,396,1,
2751.286, Bid:,2,62,1,91,1,Ask:,2,300,1,396,1,
2752.429, Bid:,2,62,1,91,1,Ask:,3,126,1,300,1,396,1,
2753.143, Bid:,2,62,1,91,1,Ask:,4,126,1,276,1,300,1,396,1,
2753.857, Bid:,2,62,1,88,1,Ask:,4,126,1,276,1,300,1,396,1,
2754.429, Bid:,2,62,1,88,1,Ask:,3,276,1,300,1,396,1,
2754.714, Bid:,3,35,1,62,1,88,1,Ask:,3,276,1,300,1,396,1,
2766.429, Bid:,3,35,1,62,1,88,1,Ask:,4,89,1,276,1,300,1,396,1,
2766.571, Bid:,2,35,1,88,1,Ask:,3,276,1,300,1,396,1,
2767.143, Bid:,2,35,1,88,1,Ask:,2,300,1,396,1,
2767.429, Bid:,2,35,1,88,1,Ask:,3,300,1,396,1,415,1,
2767.571, Bid:,2,49,1,88,1,Ask:,3,300,1,396,1,415,1,
2767.714, Bid:,2,49,1,88,1,Ask:,4,114,1,300,1,396,1,415,1,
2781.286, Bid:,2,49,1,88,1,Ask:,3,300,1,396,1,415,1,
2781.429, Bid:,2,49,1,88,1,Ask:,4,188,1,300,1,396,1,415,1,
2781.571, Bid:,1,49,1,Ask:,3,188,1,300,1,415,1,
2782.286, Bid:,1,49,1,Ask:,3,108,1,188,1,415,1,
2783.286, Bid:,1,49,1,Ask:,4,108,1,187,1,188,1,415,1,
2785.000, Bid:,1,49,1,Ask:,3,187,1,188,1,415,1,
2785.143, Bid:,1,49,1,Ask:,4,77,1,187,1,188,1,415,1,
2785.714, Bid:,1,49,1,Ask:,5,77,1,86,1,187,1,188,1,415,1,
2788.000, Bid:,1,49,1,Ask:,4,86,1,187,1,188,1,415,1,
2789.429, Bid:,2,35,1,49,1,Ask:,4,86,1,187,1,188,1,415,1,
2789.857, Bid:,2,35,1,49,1,Ask:,3,187,1,188,1,415,1,
2790.286, Bid:,2,35,1,49,1,Ask:,4,187,1,188,1,371,1,415,1,
2791.429, Bid:,2,35,1,49,1,Ask:,3,188,1,371,1,415,1,
2791.571, Bid:,2,35,1,49,1,Ask:,2,371,1,415,1,
2791.857, Bid:,2,35,1,49,1,Ask:,3,70,1,371,1,415,1,
2792.000, Bid:,2,35,1,49,1,Ask:,2,371,1,415,1,
2792.143, Bid:,3,35,1,49,1,124,1,Ask:,2,371,1,415,1,
2792.714, Bid:,3,35,1,49,1,124,1,Ask:,3,237,1,371,1,415,1,
2793.429, Bid:,4,35,1,49,1,83,1,124,1,Ask:,3,237,1,371,1,415,1,
2796.429, Bid:,3,35,1,49,1,83,1,Ask:,2,237,1,371,1,
2796.857, Bid:,3,35,1,49,1,83,1,Ask:,3,237,1,371,1,403,1,
2798.000, Bid:,4,35,1,49,1,83,1,111,1,Ask:,3,237,1,371,1,403,1,
2798.429, Bid:,3,35,1,49,1,83,1,Ask:,3,237,1,371,1,403,1,
2798.857, Bid:,3,35,1,49,1,83,1,Ask:,2,371,1,403,1,
2799.000, Bid:,2,35,1,49,1,Ask:,2,371,1,403,1,
2799.714, Bid:,1,35,1,Ask:,2,371,1,403,1,
2799.857, Bid:,1,35,1,Ask:,3,102,1,371,1,403,1,
2800.143, Bid:,1,35,1,Ask:,2,371,1,403,1,
2800.714, Bid:,1,35,1,Ask:,3,371,1,403,1,443,1,
2801.857, Bid:,1,35,1,Ask:,4,126,1,371,1,403,1,443,1,
2802.143, Bid:,1,35,1,Ask:,3,371,1,403,1,443,1,
2802.286, Bid:,1,35,1,Ask:,3,250,1,403,1,443,1,
2803.000, Bid:,2,35,1,238,1,Ask:,3,250,1,403,1,443,1,
2803.429, Bid:,2,35,1,238,1,Ask:,2,403,1,443,1,
2803.857, Bid:,1,35,1,Ask:,2,403,1,443,1,
2804.000, Bid:,1,35,1,Ask:,3,239,1,403,1,443,1,
2804.143, Bid:,1,35,1,Ask:,4,40,1,239,1,403,1,443,1,
2804.429, Bid:,1,35,1,Ask:,5,40,1,239,1,403,1,421,1,443,1,
2805.143, Bid:,1,35,1,Ask:,6,40,1,133,1,239,1,403,1,421,1,443,1,
2811.714, Bid:,1,35,1,Ask:,6,87,1,133,1,239,1,403,1,421,1,443,1,
2812.143, Bid:,1,35,1,Ask:,5,133,1,239,1,403,1,421,1,443,1,
2812.857, Bid:,1,35,1,Ask:,4,239,1,403,1,421,1,443,1,
2813.143, Bid:,1,35,1,Ask:,4,239,1,403,1,410,1,421,1,
2813.571, Bid:,1,35,1,Ask:,5,239,1,403,1,410,1,421,1,470,1,
2814.714, Bid:,1,35,1,Ask:,6,109,1,239,1,403,1,410,1,421,1,470,1,
2815.000, Bid:,1,35,1,Ask:,5,239,1,403,1,410,1,421,1,470,1,
2815.714, Bid:,1,35,1,Ask:,6,59,1,239,1,403,1,410,1,421,1,470,1,
2826.429, Bid:,1,35,1,Ask:,5,239,1,403,1,410,1,421,1,470,1,
2827.000, Bid:,1,35,1,Ask:,5,97,1,239,1,410,1,421,1,470,1,
2827.286, Bid:,0,Ask:,4,239,1,410,1,421,1,470,1,
2827.429, Bid:,1,224,1,Ask:,4,239,1,410,1,421,1,470,1,
2827.714, Bid:,0,Ask:,4,239,1,410,1,421,1,470,1,
2828.571, Bid:,0,Ask:,4,61,1,239,1,410,1,470,1,
2829.429, Bid:,0,Ask:,3,239,1,410,1,470,1,
2829.714, Bid:,1,62,1,Ask:,3,239,1,410,1,470,1,
2830.000, Bid:,1,62,1,Ask:,2,410,1,470,1,
2830.429, Bid:,2,62,1,307,1,Ask:,2,410,1,470,1,
2830.714, Bid:,2,62,1,307,1,Ask:,3,410,1,437,1,470,1,
2830.857, Bid:,3,43,1,62,1,307,1,Ask:,3,410,1,437,1,470,1,
2831.286, Bid:,4,43,1,62,1,77,1,307,1,Ask:,3,410,1,437,1,470,1,
2841.429, Bid:,3,43,1,62,1,77,1,Ask:,3,410,1,437,1,470,1,
2841.571, Bid:,3,43,1,62,1,77,1,Ask:,4,215,1,410,1,437,1,470,1,
2841.857, Bid:,4,43,1,62,1,77,1,105,1,Ask:,4,215,1,410,1,437,1,470,1,
2842.429, Bid:,4,43,1,62,1,77,1,105,1,Ask:,5,108,1,215,1,410,1,437,1,470,1,
2842.714, Bid:,3,43,1,62,1,77,1,Ask:,4,108,1,215,1,410,1,437,1,
2842.857, Bid:,4,19,1,43,1,62,1,77,1,Ask:,4,108,1,215,1,410,1,437,1,
2843.000, Bid:,4,19,1,62,1,77,1,87,1,Ask:,4,108,1,215,1,410,1,437,1,
2843.857, Bid:,4,19,1,62,1,77,2,87,1,Ask:,4,108,1,215,1,410,1,437,1,
2844.429, Bid:,3,19,1,77,2,87,1,Ask:,3,215,1,410,1,437,1,
2844.714, Bid:,3,19,1,77,2,87,1,Ask:,4,215,1,297,1,410,1,437,1,
2856.571, Bid:,4,19,1,77,2,87,1,107,1,Ask:,4,215,1,297,1,410,1,437,1,
2856.857, Bid:,3,19,1,77,2,87,1,Ask:,3,215,1,297,1,410,1,
2857.000, Bid:,2,19,1,77,2,Ask:,2,297,1,410,1,
2857.143, Bid:,2,19,1,77,2,Ask:,3,297,1,396,1,410,1,
2857.429, Bid:,3,19,1,77,2,109,1,Ask:,3,297,1,396,1,410,1,
2857.714, Bid:,3,19,1,77,2,109,1,Ask:,4,272,1,297,1,396,1,410,1,
2871.857, Bid:,4,19,1,77,2,93,1,109,1,Ask:,4,272,1,297,1,396,1,410,1,
2872.286, Bid:,3,19,1,77,2,93,1,Ask:,3,272,1,396,1,410,1,
2872.429, Bid:,2,19,1,77,2,Ask:,3,272,1,396,1,410,1,
2872.571, Bid:,2,19,1,77,2,Ask:,4,272,1,344,1,396,1,410,1,
2873.857, Bid:,2,19,1,77,2,Ask:,4,159,1,272,1,344,1,410,1,
2874.000, Bid:,3,19,1,40,1,77,2,Ask:,4,159,1,272,1,344,1,410,1,
2886.714, Bid:,3,40,1,77,2,105,1,Ask:,4,159,1,272,1,344,1,410,1,
2887.429, Bid:,2,40,1,77,2,Ask:,4,159,1,272,1,344,1,410,1,
2888.429, Bid:,3,19,1,40,1,77,2,Ask:,4,159,1,272,1,344,1,410,1,
2889.000, Bid:,3,19,1,40,1,77,1,Ask:,4,159,1,272,1,344,1,410,1,
2889.143, Bid:,3,19,1,40,1,77,1,Ask:,4,159,1,272,1,333,1,410,1,
2891.000, Bid:,2,19,1,77,1,Ask:,3,272,1,333,1,410,1,
2891.571, Bid:,1,19,1,Ask:,3,272,1,333,1,410,1,
2891.714, Bid:,1,19,1,Ask:,2,333,1,410,1,
2892.143, Bid:,2,19,1,160,1,Ask:,2,333,1,410,1,
2892.286, Bid:,1,19,1,Ask:,2,333,1,410,1,
2892.429, Bid:,2,19,1,29,1,Ask:,2,333,1,410,1,
2892.571, Bid:,2,19,1,29,1,Ask:,1,410,1,
2892.714, Bid:,2,19,1,29,1,Ask:,2,79,1,410,1,
2893.143, Bid:,2,19,1,29,1,Ask:,3,79,1,115,1,410,1,
2893.286, Bid:,2,19,1,29,1,Ask:,2,115,1,410,1,
2893.429, Bid:,2,19,1,29,1,Ask:,3,39,1,115,1,410,1,
2893.571, Bid:,2,19,1,29,1,Ask:,4,39,1,115,1,379,1,410,1,
2893.714, Bid:,1,19,1,Ask:,4,39,1,115,1,379,1,410,1,
2893.857, Bid:,1,19,1,Ask:,5,39,1,115,1,168,1,379,1,410,1,
2894.143, Bid:,1,19,1,Ask:,4,115,1,168,1,379,1,410,1,
2894.429, Bid:,1,19,1,Ask:,3,168,1,379,1,410,1,
2894.857, Bid:,1,19,1,Ask:,4,163,1,168,1,379,1,410,1,
2895.286, Bid:,1,19,1,Ask:,3,168,1,379,1,410,1,
2896.000, Bid:,1,19,1,Ask:,4,168,1,379,1,410,1,431,1,
2896.286, Bid:,1,19,1,Ask:,3,379,1,410,1,431,1,
2896.429, Bid:,1,19,1,Ask:,4,379,1,410,1,431,1,465,1,
2896.571, Bid:,1,19,1,Ask:,5,52,1,379,1,410,1,431,1,465,1,
2896.857, Bid:,1,19,1,Ask:,4,379,1,410,1,431,1,465,1,
2897.000, Bid:,1,19,1,Ask:,5,379,1,410,1,431,1,465,1,471,1,
2898.571, Bid:,2,19,1,55,1,Ask:,5,379,1,410,1,431,1,465,1,471,1,
2901.857, Bid:,3,19,1,55,1,108,1,Ask:,5,379,1,410,1,431,1,465,1,471,1,
2902.000, Bid:,2,19,1,55,1,Ask:,5,379,1,410,1,431,1,465,1,471,1,
2902.143, Bid:,2,19,1,55,1,Ask:,6,59,1,379,1,410,1,431,1,465,1,471,1,
2902.857, Bid:,2,19,1,55,1,Ask:,6,59,1,90,1,410,1,431,1,465,1,471,1,
2903.000, Bid:,2,19,1,31,1,Ask:,6,59,1,90,1,410,1,431,1,465,1,471,1,
2904.286, Bid:,2,19,1,31,1,Ask:,6,59,1,70,1,90,1,410,1,465,1,471,1,
2917.571, Bid:,2,19,1,31,1,Ask:,6,59,1,70,1,85,1,410,1,465,1,471,1,
2918.143, Bid:,2,19,1,31,1,Ask:,5,70,1,85,1,410,1,465,1,471,1,
2918.429, Bid:,2,19,1,31,1,Ask:,5,70,1,85,1,238,1,410,1,465,1,
2918.857, Bid:,2,19,1,31,1,Ask:,4,85,1,238,1,410,1,465,1,
2919.714, Bid:,2,19,1,31,1,Ask:,3,238,1,410,1,465,1,
2920.000, Bid:,3,19,1,31,1,146,1,Ask:,3,238,1,410,1,465,1,
2920.429, Bid:,3,19,1,31,1,146,1,Ask:,2,410,1,465,1,
2920.571, Bid:,2,19,1,31,1,Ask:,2,410,1,465,1,
2921.000, Bid:,2,19,1,31,1,Ask:,3,179,1,410,1,465,1,
2921.143, Bid:,2,19,1,31,1,Ask:,2,410,1,465,1,
2921.714, Bid:,2,19,1,31,1,Ask:,3,410,1,465,1,494,1,
2921.857, Bid:,2,19,1,31,1,Ask:,4,83,1,410,1,465,1,494,1,
2922.571, Bid:,2,19,1,31,1,Ask:,3,410,1,465,1,494,1,
2922.714, Bid:,2,19,1,31,1,Ask:,4,113,1,410,1,465,1,494,1,
2923.429, Bid:,2,19,1,31,1,Ask:,5,113,1,370,1,410,1,465,1,494,1,
2924.429, Bid:,2,19,1,31,1,Ask:,4,370,1,410,1,465,1,494,1,
2925.286, Bid:,3,19,1,31,1,33,1,Ask:,4,370,1,410,1,465,1,494,1,
2931.857, Bid:,3,31,1,33,1,97,1,Ask:,4,370,1,410,1,465,1,494,1,
2932.571, Bid:,2,31,1,33,1,Ask:,4,370,1,410,1,465,1,494,1,
2933.000, Bid:,2,31,1,33,1,Ask:,4,370,1,465,1,491,1,494,1,
2933.143, Bid:,2,33,1,354,1,Ask:,4,370,1,465,1,491,1,494,1,
2933.286, Bid:,3,33,1,86,1,354,1,Ask:,4,370,1,465,1,491,1,494,1,
2934.143, Bid:,2,33,1,86,1,Ask:,4,370,1,465,1,491,1,494,1,
2934.857, Bid:,3,33,1,53,1,86,1,Ask:,4,370,1,465,1,491,1,494,1,
2935.000, Bid:,3,33,1,53,1,86,1,Ask:,4,113,1,370,1,491,1,494,1,
2939.000, Bid:,3,33,1,53,1,86,1,Ask:,3,370,1,491,1,494,1,
2939.714, Bid:,4,23,1,33,1,53,1,86,1,Ask:,3,370,1,491,1,494,1,
2947.000, Bid:,5,23,1,33,1,53,1,86,1,101,1,Ask:,3,370,1,491,1,494,1,
2948.000, Bid:,4,23,1,33,1,53,1,86,1,Ask:,3,370,1,491,1,494,1,
2948.429, Bid:,4,23,1,53,1,86,1,317,1,Ask:,3,370,1,491,1,494,1,
2948.571, Bid:,5,23,1,53,1,61,1,86,1,317,1,Ask:,3,370,1,491,1,494,1,
2949.429, Bid:,4,23,1,53,1,61,1,86,1,Ask:,3,370,1,491,1,494,1,
2950.143, Bid:,5,23,1,53,1,61,1,86,1,353,1,Ask:,3,370,1,491,1,494,1,
2963.429, Bid:,6,23,1,53,1,61,1,86,1,107,1,353,1,Ask:,3,370,1,491,1,494,1,
2966.429, Bid:,5,23,1,53,1,61,1,86,1,107,1,Ask:,3,370,1,491,1,494,1,
2966.571, Bid:,5,53,1,61,1,86,1,107,1,266,1,Ask:,3,370,1,491,1,494,1,
2967.000, Bid:,6,53,1,61,1,86,1,107,1,217,1,266,1,Ask:,3,370,1,491,1,494,1,
2977.286, Bid:,6,53,1,86,1,104,1,107,1,217,1,266,1,Ask:,3,370,1,491,1,494,1,
2978.000, Bid:,5,53,1,86,1,104,1,107,1,217,1,Ask:,3,370,1,491,1,494,1,
2978.286, Bid:,5,53,1,78,1,86,1,104,1,107,1,Ask:,3,370,1,491,1,494,1,
2981.286, Bid:,5,53,1,78,1,86,1,104,1,107,1,Ask:,4,370,1,454,1,491,1,494,1,
2992.143, Bid:,4,53,1,78,1,86,1,104,1,Ask:,4,370,1,454,1,491,1,494,1,
2992.429, Bid:,4,53,1,78,1,86,1,104,1,Ask:,4,108,1,370,1,491,1,494,1,
2992.571, Bid:,4,53,1,78,1,86,1,104,1,Ask:,3,370,1,491,1,494,1,
2992.714, Bid:,4,53,1,78,1,86,1,99,1,Ask:,3,370,1,491,1,494,1,
2992.857, Bid:,4,78,1,86,1,99,1,205,1,Ask:,3,370,1,491,1,494,1,
2993.000, Bid:,5,78,1,80,1,86,1,99,1,205,1,Ask:,3,370,1,491,1,494,1,
2993.143, Bid:,6,73,1,78,1,80,1,86,1,99,1,205,1,Ask:,3,370,1,491,1,494,1,
2995.714, Bid:,6,73,1,78,1,80,1,95,1,99,1,205,1,Ask:,3,370,1,491,1,494,1,
2996.143, Bid:,5,73,1,78,1,80,1,95,1,99,1,Ask:,3,370,1,491,1,494,1,
2997.143, Bid:,5,73,1,78,1,80,1,95,1,99,1,Ask:,4,110,1,370,1,491,1,494,1,
2997.571, Bid:,5,73,1,78,1,80,1,95,1,99,1,Ask:,3,370,1,491,1,494,1,
3001.571, Bid:,6,73,1,78,1,80,1,95,1,99,1,151,1,Ask:,3,370,1,491,1,494,1,
3001.857, Bid:,5,73,1,78,1,80,1,95,1,99,1,Ask:,3,370,1,491,1,494,1,
3003.714, Bid:,5,73,1,78,1,80,1,95,1,99,1,Ask:,2,491,1,494,1,
3004.143, Bid:,5,73,1,78,1,80,1,95,1,99,1,Ask:,3,124,1,491,1,494,1,
3004.286, Bid:,5,73,1,78,1,80,1,95,1,99,1,Ask:,2,491,1,494,1,
3005.143, Bid:,6,73,1,78,1,80,1,95,1,99,1,345,1,Ask:,2,491,1,494,1,
3005.571, Bid:,6,73,1,78,1,80,1,95,1,99,1,345,1,Ask:,3,352,1,491,1,494,1,
3006.000, Bid:,7,73,1,78,1,80,1,95,1,99,1,125,1,345,1,Ask:,3,352,1,491,1,494,1,
3007.571, Bid:,6,73,1,78,1,80,1,95,1,99,1,125,1,Ask:,3,352,1,491,1,494,1,
3007.857, Bid:,6,73,1,78,1,80,1,95,1,99,1,125,1,Ask:,4,352,1,453,1,491,1,494,1,
3022.429, Bid:,6,73,1,78,1,95,1,99,1,115,1,125,1,Ask:,4,352,1,453,1,491,1,494,1,
3022.571, Bid:,6,73,1,78,1,87,1,99,1,115,1,125,1,Ask:,4,352,1,453,1,491,1,494,1,
3022.714, Bid:,5,73,1,78,1,87,1,99,1,115,1,Ask:,3,352,1,491,1,494,1,
3023.286, Bid:,4,73,1,78,1,87,1,99,1,Ask:,3,352,1,491,1,494,1,
3023.429, Bid:,4,73,1,78,1,87,1,99,1,Ask:,4,176,1,352,1,491,1,494,1,
3024.286, Bid:,4,73,1,87,1,88,1,99,1,Ask:,4,176,1,352,1,491,1,494,1,
3026.000, Bid:,4,73,1,87,1,88,1,99,1,Ask:,4,173,1,176,1,352,1,491,1,
3037.714, Bid:,4,73,1,87,1,88,1,99,1,Ask:,5,114,1,173,1,176,1,352,1,491,1,
3039.429, Bid:,5,73,1,87,1,88,1,99,1,106,1,Ask:,5,114,1,173,1,176,1,352,1,491,1,
3052.429, Bid:,4,73,1,87,1,88,1,99,1,Ask:,5,114,1,173,1,176,1,352,1,491,1,
3052.571, Bid:,4,73,1,87,1,88,1,99,1,Ask:,4,173,1,176,1,352,1,491,1,
3052.714, Bid:,4,73,1,87,1,88,1,99,1,Ask:,4,104,1,173,1,352,1,491,1,
3052.857, Bid:,4,73,1,87,1,88,1,99,1,Ask:,3,173,1,352,1,491,1,
3053.000, Bid:,4,73,1,87,1,88,1,99,1,Ask:,2,352,1,491,1,
3053.143, Bid:,4,73,1,87,1,88,1,95,1,Ask:,2,352,1,491,1,
3054.429, Bid:,4,73,1,87,1,88,1,95,1,Ask:,1,491,1,
3054.571, Bid:,4,73,1,87,1,88,1,95,1,Ask:,2,289,1,491,1,
3054.714, Bid:,5,73,1,87,1,88,1,95,1,209,1,Ask:,2,289,1,491,1,
3055.000, Bid:,5,87,1,88,1,95,1,209,1,286,1,Ask:,2,289,1,491,1,
3055.714, Bid:,5,87,1,88,1,95,1,209,1,286,1,Ask:,3,289,1,392,1,491,1,
3056.857, Bid:,6,87,1,88,1,95,1,209,1,267,1,286,1,Ask:,3,289,1,392,1,491,1,
3058.857, Bid:,5,87,1,88,1,95,1,209,1,267,1,Ask:,3,289,1,392,1,491,1,
3060.143, Bid:,6,73,1,87,1,88,1,95,1,209,1,267,1,Ask:,3,289,1,392,1,491,1,
3068.000, Bid:,6,73,1,87,1,88,1,100,1,209,1,267,1,Ask:,3,289,1,392,1,491,1,
3070.000, Bid:,5,73,1,87,1,88,1,100,1,209,1,Ask:,3,289,1,392,1,491,1,
3071.571, Bid:,5,73,1,87,1,88,1,100,1,209,1,Ask:,4,289,1,308,1,392,1,491,1,
3074.000, Bid:,6,25,1,73,1,87,1,88,1,100,1,209,1,Ask:,4,289,1,308,1,392,1,491,1,
3082.857, Bid:,5,25,1,73,1,87,1,88,1,100,1,Ask:,3,289,1,392,1,491,1,
3083.000, Bid:,4,25,1,73,1,87,1,88,1,Ask:,3,289,1,392,1,491,1,
3083.143, Bid:,5,25,1,73,1,87,1,88,1,104,1,Ask:,3,289,1,392,1,491,1,
3083.286, Bid:,4,25,1,73,1,87,1,88,1,Ask:,2,392,1,491,1,
3083.429, Bid:,4,25,1,73,1,87,1,88,1,Ask:,1,491,1,
3083.571, Bid:,4,25,1,73,1,87,1,88,1,Ask:,1,184,1,
3083.714, Bid:,4,25,1,87,1,88,1,104,1,Ask:,1,184,1,
3083.857, Bid:,4,87,1,88,1,104,1,111,1,Ask:,1,184,1,
3084.000, Bid:,3,87,1,104,1,111,1,Ask:,0,
3084.143, Bid:,4,87,1,104,1,111,1,238,1,Ask:,0,
3084.286, Bid:,4,104,1,111,1,238,1,435,1,Ask:,0,
3084.429, Bid:,5,41,1,104,1,111,1,238,1,435,1,Ask:,0,
3085.000, Bid:,6,41,1,104,1,111,1,113,1,238,1,435,1,Ask:,0,
3085.143, Bid:,7,41,1,104,1,111,1,113,1,185,1,238,1,435,1,Ask:,0,
3097.714, Bid:,6,41,1,104,1,111,1,113,1,185,1,238,1,Ask:,0,
3098.429, Bid:,6,41,1,104,1,111,1,185,1,238,1,389,1,Ask:,0,
3099.714, Bid:,7,41,1,104,1,111,1,185,1,238,1,279,1,389,1,Ask:,0,
3112.714, Bid:,6,41,1,104,1,111,1,185,1,238,1,279,1,Ask:,0,
3113.286, Bid:,6,41,1,91,1,104,1,111,1,185,1,238,1,Ask:,0,
3113.429, Bid:,6,41,1,91,1,104,1,111,1,185,1,340,1,Ask:,0,
3113.857, Bid:,5,41,1,91,1,104,1,111,1,185,1,Ask:,0,
3114.143, Bid:,5,41,1,91,1,104,1,111,1,185,1,Ask:,1,260,1,
3114.571, Bid:,5,91,1,102,1,104,1,111,1,185,1,Ask:,1,260,1,
3115.143, Bid:,4,91,1,102,1,104,1,111,1,Ask:,0,
3115.429, Bid:,5,91,1,102,1,104,1,111,1,332,1,Ask:,0,
3116.000, Bid:,5,91,1,102,1,104,1,111,1,332,1,Ask:,1,493,1,
3116.143, Bid:,4,91,1,102,1,104,1,111,1,Ask:,1,493,1,
3117.571, Bid:,4,91,1,102,1,104,1,111,1,Ask:,2,230,1,493,1,
3118.286, Bid:,4,91,1,102,1,104,1,111,1,Ask:,1,493,1,
3118.857, Bid:,4,91,1,102,1,104,1,111,1,Ask:,2,141,1,493,1,
3128.286, Bid:,3,91,1,102,1,104,1,Ask:,1,493,1,
3129.000, Bid:,2,91,1,104,2,Ask:,1,493,1,
3129.143, Bid:,3,91,1,104,2,399,1,Ask:,1,493,1,
3129.571, Bid:,2,91,1,104,2,Ask:,1,493,1,
3129.714, Bid:,2,91,1,104,2,Ask:,2,129,1,493,1,
3130.000, Bid:,2,91,1,104,2,Ask:,3,129,1,236,1,493,1,
3130.857, Bid:,2,91,1,104,2,Ask:,2,236,1,493,1,
3131.286, Bid:,2,91,1,104,2,Ask:,1,493,1,
3132.000, Bid:,2,91,1,104,2,Ask:,2,405,1,493,1,
3133.429, Bid:,2,91,1,104,1,Ask:,2,405,1,493,1,
3133.571, Bid:,3,91,1,104,1,351,1,Ask:,2,405,1,493,1,
3133.714, Bid:,2,91,1,104,1,Ask:,2,405,1,493,1,
3134.000, Bid:,2,91,1,104,1,Ask:,3,136,1,405,1,493,1,
3134.143, Bid:,1,91,1,Ask:,3,136,1,405,1,493,1,
3134.286, Bid:,0,Ask:,3,136,1,405,1,493,1,
3134.571, Bid:,0,Ask:,4,136,1,405,1,485,1,493,1,
3135.143, Bid:,0,Ask:,3,405,1,485,1,493,1,
3135.714, Bid:,0,Ask:,4,53,1,405,1,485,1,493,1,
3136.000, Bid:,0,Ask:,3,405,1,485,1,493,1,
3136.286, Bid:,0,Ask:,4,190,1,405,1,485,1,493,1,
3136.429, Bid:,0,Ask:,3,405,1,485,1,493,1,
3136.571, Bid:,0,Ask:,4,266,1,405,1,485,1,493,1,
3136.714, Bid:,0,Ask:,5,266,1,405,1,485,1,487,1,493,1,
3137.286, Bid:,0,Ask:,6,266,1,388,1,405,1,485,1,487,1,493,1,
3143.000, Bid:,0,Ask:,6,105,1,388,1,405,1,485,1,487,1,493,1,
3143.286, Bid:,0,Ask:,5,388,1,405,1,485,1,487,1,493,1,
3144.143, Bid:,1,122,1,Ask:,5,388,1,405,1,485,1,487,1,493,1,
3144.286, Bid:,0,Ask:,5,388,1,405,1,485,1,487,1,493,1,
3144.857, Bid:,1,9,1,Ask:,5,388,1,405,1,485,1,487,1,493,1,
3145.571, Bid:,2,9,1,146,1,Ask:,5,388,1,405,1,485,1,487,1,493,1,
3146.000, Bid:,3,9,1,90,1,146,1,Ask:,5,388,1,405,1,485,1,487,1,493,1,
3158.143, Bid:,2,9,1,90,1,Ask:,4,388,1,485,1,487,1,493,1,
3158.429, Bid:,2,90,1,112,1,Ask:,4,388,1,485,1,487,1,493,1,
3158.571, Bid:,2,90,1,112,1,Ask:,3,485,1,487,1,493,1,
3158.714, Bid:,2,90,1,112,1,Ask:,4,171,1,485,1,487,1,493,1,
3159.143, Bid:,2,90,1,112,1,Ask:,3,485,1,487,1,493,1,
3159.286, Bid:,2,22,1,112,1,Ask:,3,485,1,487,1,493,1,
3160.000, Bid:,3,22,1,112,1,301,1,Ask:,3,485,1,487,1,493,1,
3161.000, Bid:,2,22,1,112,1,Ask:,3,485,1,487,1,493,1,
3163.000, Bid:,3,22,1,112,1,325,1,Ask:,3,485,1,487,1,493,1,
3163.143, Bid:,2,22,1,112,1,Ask:,3,485,1,487,1,493,1,
3163.286, Bid:,3,22,1,112,1,350,1,Ask:,3,485,1,487,1,493,1,
3164.143, Bid:,2,22,1,112,1,Ask:,3,485,1,487,1,493,1,
3164.286, Bid:,1,22,1,Ask:,3,485,1,487,1,493,1,
3164.714, Bid:,2,22,1,217,1,Ask:,3,485,1,487,1,493,1,
3165.571, Bid:,1,22,1,Ask:,2,485,1,493,1,
3165.714, Bid:,2,22,1,67,1,Ask:,2,485,1,493,1,
3165.857, Bid:,3,22,1,67,1,471,1,Ask:,2,485,1,493,1,
3166.571, Bid:,4,22,1,67,1,413,1,471,1,Ask:,2,485,1,493,1,
3173.000, Bid:,3,22,1,67,1,413,1,Ask:,1,485,1,
3173.286, Bid:,2,22,1,67,1,Ask:,1,485,1,
3173.429, Bid:,2,22,1,67,1,Ask:,2,89,1,485,1,
3173.571, Bid:,2,22,1,67,1,Ask:,1,485,1,
3173.714, Bid:,3,22,1,67,1,90,1,Ask:,1,485,1,
3173.857, Bid:,4,22,1,67,1,90,1,167,1,Ask:,1,485,1,
3174.000, Bid:,5,22,1,67,1,90,1,167,1,262,1,Ask:,1,485,1,
3174.857, Bid:,5,22,1,67,1,90,1,167,1,262,1,Ask:,2,461,1,485,1,
3179.571, Bid:,6,22,1,67,1,89,1,90,1,167,1,262,1,Ask:,2,461,1,485,1,
3189.000, Bid:,5,22,1,67,1,89,1,90,1,167,1,Ask:,2,461,1,485,1,
3189.143, Bid:,5,22,1,89,1,90,1,93,1,167,1,Ask:,2,461,1,485,1,
3190.286, Bid:,5,87,1,89,1,90,1,93,1,167,1,Ask:,2,461,1,485,1,
3190.429, Bid:,6,87,1,89,1,90,1,93,1,167,1,226,1,Ask:,2,461,1,485,1,
3203.286, Bid:,5,87,1,89,1,90,1,93,1,167,1,Ask:,2,461,1,485,1,
3203.429, Bid:,5,87,1,89,1,90,1,93,1,167,1,Ask:,2,340,1,461,1,
3203.857, Bid:,5,87,1,90,1,93,1,110,1,167,1,Ask:,2,340,1,461,1,
3204.429, Bid:,4,87,1,90,1,93,1,110,1,Ask:,2,340,1,461,1,
3204.714, Bid:,4,30,1,87,1,90,1,110,1,Ask:,2,340,1,461,1,
3204.857, Bid:,4,30,1,87,1,90,1,110,1,Ask:,1,461,1,
3205.143, Bid:,4,30,1,87,1,90,1,110,1,Ask:,2,241,1,461,1,
3205.429, Bid:,3,30,1,87,1,90,1,Ask:,2,241,1,461,1,
3205.857, Bid:,2,30,1,87,1,Ask:,2,241,1,461,1,
3206.143, Bid:,3,30,1,60,1,87,1,Ask:,2,241,1,461,1,
3211.143, Bid:,3,30,1,60,1,87,1,Ask:,3,241,1,461,1,478,1,
3218.286, Bid:,3,30,1,87,1,96,1,Ask:,3,241,1,461,1,478,1,
3218.714, Bid:,2,30,1,87,1,Ask:,2,241,1,478,1,
3218.857, Bid:,2,30,1,87,1,Ask:,1,478,1,
3219.143, Bid:,3,30,1,87,1,359,1,Ask:,1,478,1,
3219.286, Bid:,2,30,1,87,1,Ask:,1,478,1,
3219.857, Bid:,3,30,1,87,1,415,1,Ask:,1,478,1,
3220.714, Bid:,2,30,1,87,1,Ask:,1,478,1,
3221.143, Bid:,2,30,1,87,1,Ask:,2,422,1,478,1,
3221.714, Bid:,1,30,1,Ask:,2,422,1,478,1,
3221.857, Bid:,1,30,1,Ask:,3,98,1,422,1,478,1,
3222.000, Bid:,1,30,1,Ask:,4,98,1,282,1,422,1,478,1,
3222.857, Bid:,1,30,1,Ask:,3,282,1,422,1,478,1,
3223.000, Bid:,1,30,1,Ask:,2,422,1,478,1,
3223.143, Bid:,1,30,1,Ask:,3,422,1,478,1,483,1,
3223.714, Bid:,2,30,1,73,1,Ask:,3,422,1,478,1,483,1,
3223.857, Bid:,3,30,1,73,1,217,1,Ask:,3,422,1,478,1,483,1,
3226.857, Bid:,2,30,1,73,1,Ask:,3,422,1,478,1,483,1,
3227.286, Bid:,3,30,1,67,1,73,1,Ask:,3,422,1,478,1,483,1,
3233.714, Bid:,4,30,1,67,1,73,1,89,1,Ask:,3,422,1,478,1,483,1,
3234.143, Bid:,4,30,1,67,1,73,1,89,1,Ask:,3,97,1,478,1,483,1,
3234.429, Bid:,4,30,1,67,1,73,1,89,1,Ask:,2,478,1,483,1,
3235.000, Bid:,5,20,1,30,1,67,1,73,1,89,1,Ask:,2,478,1,483,1,
3235.571, Bid:,5,20,1,30,1,67,1,73,1,89,1,Ask:,3,109,1,478,1,483,1,
3248.429, Bid:,5,20,1,30,1,67,1,89,1,101,1,Ask:,3,109,1,478,1,483,1,
3249.286, Bid:,4,20,1,30,1,67,1,89,1,Ask:,3,109,1,478,1,483,1,
3249.571, Bid:,4,20,1,30,1,67,1,89,1,Ask:,4,109,1,473,1,478,1,483,1,
3251.000, Bid:,3,30,1,67,1,89,1,Ask:,3,473,1,478,1,483,1,
3251.571, Bid:,2,30,1,67,1,Ask:,3,473,1,478,1,483,1,
3251.714, Bid:,3,30,1,67,1,137,1,Ask:,3,473,1,478,1,483,1,
3252.714, Bid:,3,67,1,137,1,387,1,Ask:,3,473,1,478,1,483,1,
3253.000, Bid:,2,67,1,137,1,Ask:,3,473,1,478,1,483,1,
3253.571, Bid:,2,67,1,137,1,Ask:,4,342,1,473,1,478,1,483,1,
3254.429, Bid:,2,67,1,137,1,Ask:,5,300,1,342,1,473,1,478,1,483,1,
3263.429, Bid:,1,67,1,Ask:,5,300,1,342,1,473,1,478,1,483,1,
3263.857, Bid:,2,67,1,102,1,Ask:,5,300,1,342,1,473,1,478,1,483,1,
3264.143, Bid:,3,67,1,102,1,107,1,Ask:,5,300,1,342,1,473,1,478,1,483,1,
3264.286, Bid:,3,102,1,107,1,108,1,Ask:,5,300,1,342,1,473,1,478,1,483,1,
3264.429, Bid:,2,102,1,107,1,Ask:,4,342,1,473,1,478,1,483,1,
3264.571, Bid:,2,102,1,107,1,Ask:,5,299,1,342,1,473,1,478,1,483,1,
3264.857, Bid:,2,102,1,107,1,Ask:,5,299,1,342,1,414,1,473,1,478,1,
3265.857, Bid:,3,14,1,102,1,107,1,Ask:,5,299,1,342,1,414,1,473,1,478,1,
3278.571, Bid:,2,14,1,102,1,Ask:,4,299,1,414,1,473,1,478,1,
3279.143, Bid:,2,14,1,102,1,Ask:,4,299,1,342,1,414,1,473,1,
3280.286, Bid:,3,14,1,102,1,154,1,Ask:,4,299,1,342,1,414,1,473,1,
3294.143, Bid:,4,14,1,85,1,102,1,154,1,Ask:,4,299,1,342,1,414,1,473,1,
3294.286, Bid:,3,14,1,85,1,102,1,Ask:,4,299,1,342,1,414,1,473,1,
3294.857, Bid:,3,14,1,85,1,102,1,Ask:,3,342,1,414,1,473,1,
3295.000, Bid:,3,14,1,85,1,102,1,Ask:,4,141,1,342,1,414,1,473,1,
3295.143, Bid:,4,1,1,14,1,85,1,102,1,Ask:,4,141,1,342,1,414,1,473,1,
3295.571, Bid:,4,1,1,14,1,85,1,102,1,Ask:,3,342,1,414,1,473,1,
3296.286, Bid:,4,1,1,85,1,102,1,315,1,Ask:,3,342,1,414,1,473,1,
3297.429, Bid:,3,1,1,85,1,102,1,Ask:,3,342,1,414,1,473,1,
3297.714, Bid:,4,1,1,85,1,102,1,218,1,Ask:,3,342,1,414,1,473,1,
3299.571, Bid:,5,1,1,85,1,102,1,184,1,218,1,Ask:,3,342,1,414,1,473,1,
3309.286, Bid:,4,1,1,85,1,102,1,184,1,Ask:,3,342,1,414,1,473,1,
3309.429, Bid:,4,1,1,85,1,99,1,184,1,Ask:,3,342,1,414,1,473,1,
3309.857, Bid:,4,85,1,99,1,184,1,280,1,Ask:,3,342,1,414,1,473,1,
3310.571, Bid:,4,85,1,99,1,184,1,280,1,Ask:,4,342,1,414,1,427,1,473,1,
3323.714, Bid:,5,85,1,99,1,112,1,184,1,280,1,Ask:,4,342,1,414,1,427,1,473,1,
3324.571, Bid:,4,85,1,99,1,112,1,184,1,Ask:,4,342,1,414,1,427,1,473,1,
3324.714, Bid:,4,85,1,99,1,112,1,184,1,Ask:,4,342,1,414,2,427,1,473,1,
3325.000, Bid:,4,85,1,99,1,114,1,184,1,Ask:,4,342,1,414,2,427,1,473,1,
3325.143, Bid:,3,85,1,99,1,114,1,Ask:,4,342,1,414,2,427,1,473,1,
3325.571, Bid:,2,85,1,99,1,Ask:,3,342,1,414,2,473,1,
3325.714, Bid:,2,85,1,99,1,Ask:,4,342,1,403,1,414,2,473,1,
3325.857, Bid:,2,85,1,99,1,Ask:,5,221,1,342,1,403,1,414,1,473,1,
3326.429, Bid:,2,85,1,99,1,Ask:,5,135,1,221,1,403,1,414,1,473,1,
3326.857, Bid:,2,85,1,99,1,Ask:,4,221,1,403,1,414,1,473,1,
3327.143, Bid:,2,85,1,99,1,Ask:,5,217,1,221,1,403,1,414,1,473,1,
3328.143, Bid:,2,85,1,99,1,Ask:,4,221,1,403,1,414,1,473,1,
3328.571, Bid:,2,85,1,99,1,Ask:,5,221,1,403,1,414,1,473,1,494,1,
3329.143, Bid:,3,85,1,99,1,218,1,Ask:,5,221,1,403,1,414,1,473,1,494,1,
3329.571, Bid:,2,85,1,99,1,Ask:,5,221,1,403,1,414,1,473,1,494,1,
3332.714, Bid:,2,85,1,99,1,Ask:,6,118,1,221,1,403,1,414,1,473,1,494,1,
3333.714, Bid:,2,85,1,99,1,Ask:,5,221,1,403,1,414,1,473,1,494,1,
3336.571, Bid:,3,85,1,99,1,200,1,Ask:,5,221,1,403,1,414,1,473,1,494,1,
3338.000, Bid:,2,85,1,99,1,Ask:,5,221,1,403,1,414,1,473,1,494,1,
3338.143, Bid:,2,85,1,99,1,Ask:,6,221,1,274,1,403,1,414,1,473,1,494,1,
3340.429, Bid:,2,85,1,99,1,Ask:,6,111,1,274,1,403,1,414,1,473,1,494,1,
3340.857, Bid:,2,85,1,103,1,Ask:,6,111,1,274,1,403,1,414,1,473,1,494,1,
3341.143, Bid:,2,85,1,103,1,Ask:,5,274,1,403,1,414,1,473,1,494,1,
3343.000, Bid:,2,85,1,103,1,Ask:,6,274,1,403,1,406,1,414,1,473,1,494,1,
3354.571, Bid:,3,85,1,103,1,114,1,Ask:,6,274,1,403,1,406,1,414,1,473,1,494,1,
3355.429, Bid:,2,85,1,103,1,Ask:,5,274,1,406,1,414,1,473,1,494,1,
3355.714, Bid:,2,86,1,103,1,Ask:,5,274,1,406,1,414,1,473,1,494,1,
3356.286, Bid:,1,86,1,Ask:,4,406,1,414,1,473,1,494,1,
3356.429, Bid:,1,86,1,Ask:,5,351,1,406,1,414,1,473,1,494,1,
3356.571, Bid:,1,86,1,Ask:,4,406,1,414,1,473,1,494,1,
3356.714, Bid:,1,86,1,Ask:,5,366,1,406,1,414,1,473,1,494,1,
3357.143, Bid:,1,86,1,Ask:,4,406,1,414,1,473,1,494,1,
3357.571, Bid:,1,86,1,Ask:,5,406,1,414,1,473,1,493,1,494,1,
3357.714, Bid:,2,86,1,131,1,Ask:,5,406,1,414,1,473,1,493,1,494,1,
3357.857, Bid:,3,17,1,86,1,131,1,Ask:,5,406,1,414,1,473,1,493,1,494,1,
3358.000, Bid:,4,17,1,86,1,131,1,167,1,Ask:,5,406,1,414,1,473,1,493,1,494,1,
3358.571, Bid:,3,17,1,86,1,131,1,Ask:,5,406,1,414,1,473,1,493,1,494,1,
3361.714, Bid:,3,17,1,86,1,131,1,Ask:,6,243,1,406,1,414,1,473,1,493,1,494,1,
3369.000, Bid:,2,17,1,86,1,Ask:,5,243,1,406,1,414,1,473,1,494,1,
3369.143, Bid:,2,17,1,86,1,Ask:,6,243,1,406,1,414,1,448,1,473,1,494,1,
3371.000, Bid:,3,17,1,86,1,157,1,Ask:,6,243,1,406,1,414,1,448,1,473,1,494,1,
3372.143, Bid:,3,17,1,89,1,157,1,Ask:,6,243,1,406,1,414,1,448,1,473,1,494,1,
3384.286, Bid:,3,17,1,86,1,157,1,Ask:,6,243,1,406,1,414,1,448,1,473,1,494,1,
3384.429, Bid:,2,17,1,86,1,Ask:,5,243,1,414,1,448,1,473,1,494,1,
3384.571, Bid:,2,17,1,86,1,Ask:,5,243,1,414,1,448,1,476,1,494,1,
3384.857, Bid:,2,17,1,86,1,Ask:,4,414,1,448,1,476,1,494,1,
3385.857, Bid:,2,17,1,86,1,Ask:,5,216,1,414,1,448,1,476,1,494,1,
3386.714, Bid:,3,17,1,86,1,100,1,Ask:,5,216,1,414,1,448,1,476,1,494,1,
3399.143, Bid:,3,17,1,86,1,100,1,Ask:,5,101,1,216,1,414,1,476,1,494,1,
3399.286, Bid:,4,17,1,86,1,95,1,100,1,Ask:,5,101,1,216,1,414,1,476,1,494,1,
3401.000, Bid:,4,17,1,86,1,95,1,100,1,Ask:,4,216,1,414,1,476,1,494,1,
3401.286, Bid:,4,17,1,86,1,95,1,100,1,Ask:,3,414,1,476,1,494,1,
3401.429, Bid:,5,17,1,86,1,95,1,100,1,242,1,Ask:,3,414,1,476,1,494,1,
3401.571, Bid:,5,17,1,86,1,95,1,100,1,242,1,Ask:,4,401,1,414,1,476,1,494,1,
3402.429, Bid:,4,17,1,86,1,95,1,100,1,Ask:,4,401,1,414,1,476,1,494,1,
3402.714, Bid:,5,17,1,86,1,95,1,100,1,186,1,Ask:,4,401,1,414,1,476,1,494,1,
3414.857, Bid:,5,86,1,95,1,100,1,114,1,186,1,Ask:,4,401,1,414,1,476,1,494,1,
3415.000, Bid:,4,86,1,95,1,100,1,114,1,Ask:,4,401,1,414,1,476,1,494,1,
3415.429, Bid:,5,86,1,95,1,100,1,114,1,164,1,Ask:,4,401,1,414,1,476,1,494,1,
3417.714, Bid:,4,86,1,95,1,114,1,164,1,Ask:,3,414,1,476,1,494,1,
3417.857, Bid:,5,33,1,86,1,95,1,114,1,164,1,Ask:,3,414,1,476,1,494,1,
3420.571, Bid:,5,33,1,86,1,95,1,114,1,164,1,Ask:,2,476,1,494,1,
3420.714, Bid:,5,33,1,86,1,95,1,114,1,164,1,Ask:,3,455,1,476,1,494,1,
3421.286, Bid:,5,33,1,46,1,95,1,114,1,164,1,Ask:,3,455,1,476,1,494,1,
3429.857, Bid:,5,33,1,90,1,95,1,114,1,164,1,Ask:,3,455,1,476,1,494,1,
3430.143, Bid:,4,33,1,90,1,95,1,114,1,Ask:,2,476,1,494,1,
3430.857, Bid:,5,33,1,90,1,95,1,114,1,415,1,Ask:,2,476,1,494,1,
3431.143, Bid:,4,33,1,90,1,95,1,114,1,Ask:,2,476,1,494,1,
3431.571, Bid:,4,33,1,90,1,95,1,114,1,Ask:,3,464,1,476,1,494,1,
3432.286, Bid:,4,33,1,90,1,95,1,114,1,Ask:,4,288,1,464,1,476,1,494,1,
3433.143, Bid:,4,33,1,90,1,95,1,114,1,Ask:,3,464,1,476,1,494,1,
3433.714, Bid:,4,33,1,90,1,95,1,114,1,Ask:,4,212,1,464,1,476,1,494,1,
3444.429, Bid:,4,33,1,90,1,103,1,114,1,Ask:,4,212,1,464,1,476,1,494,1,
3444.571, Bid:,3,33,1,90,1,103,1,Ask:,3,464,1,476,1,494,1,
3444.714, Bid:,4,33,1,90,1,103,1,163,1,Ask:,3,464,1,476,1,494,1,
3445.000, Bid:,4,33,1,90,1,98,1,163,1,Ask:,3,464,1,476,1,494,1,
3445.143, Bid:,3,33,1,90,1,98,1,Ask:,2,476,1,494,1,
3445.714, Bid:,3,33,1,90,1,98,1,Ask:,2,469,1,476,1,
3446.000, Bid:,4,33,1,90,1,98,1,170,1,Ask:,2,469,1,476,1,
3446.429, Bid:,4,33,1,90,1,98,1,170,1,Ask:,3,469,1,475,1,476,1,
3459.571, Bid:,3,33,1,90,1,98,1,Ask:,2,469,1,476,1,
3460.429, Bid:,4,33,1,90,1,98,1,114,1,Ask:,2,469,1,476,1,
3462.143, Bid:,4,33,1,90,1,98,1,114,1,Ask:,3,226,1,469,1,476,1,
3462.857, Bid:,3,33,1,90,1,98,1,Ask:,3,226,1,469,1,476,1,
3463.143, Bid:,3,33,1,90,1,98,1,Ask:,2,469,1,476,1,
3463.286, Bid:,4,33,1,90,1,98,1,433,1,Ask:,2,469,1,476,1,
3463.714, Bid:,4,33,1,90,1,98,1,433,1,Ask:,1,476,1,
3463.857, Bid:,3,33,1,90,1,98,1,Ask:,1,476,1,
3464.429, Bid:,3,33,1,90,1,98,1,Ask:,2,295,1,476,1,
3465.143, Bid:,3,33,1,90,1,98,1,Ask:,3,295,1,476,1,491,1,
3465.429, Bid:,3,33,1,90,1,98,1,Ask:,2,476,1,491,1,
3465.571, Bid:,4,33,1,90,1,98,1,105,1,Ask:,2,476,1,491,1,
3465.857, Bid:,5,2,1,33,1,90,1,98,1,105,1,Ask:,2,476,1,491,1,
3475.000, Bid:,4,2,1,33,1,90,1,98,1,Ask:,2,476,1,491,1,
3475.143, Bid:,4,2,1,33,1,90,1,98,1,Ask:,3,113,1,476,1,491,1,
3475.286, Bid:,5,2,1,11,1,33,1,90,1,98,1,Ask:,3,113,1,476,1,491,1,
3475.429, Bid:,5,2,1,11,1,33,1,88,1,98,1,Ask:,3,113,1,476,1,491,1,
3476.143, Bid:,5,2,1,11,1,33,1,88,1,98,1,Ask:,2,476,1,491,1,
3477.429, Bid:,5,2,1,11,1,33,1,88,1,98,1,Ask:,3,425,1,476,1,491,1,
3479.429, Bid:,4,2,1,11,1,33,1,88,1,Ask:,3,425,1,476,1,491,1,
3479.571, Bid:,4,11,1,33,1,88,1,322,1,Ask:,3,425,1,476,1,491,1,
3479.714, Bid:,5,11,1,33,1,88,1,113,1,322,1,Ask:,3,425,1,476,1,491,1,
3479.857, Bid:,4,11,1,33,1,88,1,113,1,Ask:,3,425,1,476,1,491,1,
3481.429, Bid:,5,11,1,33,1,88,1,113,1,330,1,Ask:,3,425,1,476,1,491,1,
3489.857, Bid:,4,11,1,33,1,88,1,113,1,Ask:,2,476,1,491,1,
3490.571, Bid:,4,11,1,88,1,113,1,235,1,Ask:,2,476,1,491,1,
3490.714, Bid:,3,88,1,113,2,235,1,Ask:,2,476,1,491,1,
3491.000, Bid:,4,40,1,88,1,113,2,235,1,Ask:,2,476,1,491,1,
3505.000, Bid:,3,40,1,88,1,113,2,Ask:,1,476,1,
3505.143, Bid:,4,40,1,88,1,102,1,113,1,Ask:,1,476,1,
3505.286, Bid:,4,40,1,93,1,102,1,113,1,Ask:,1,476,1,
3505.714, Bid:,3,40,1,93,1,102,1,Ask:,1,476,1,
3506.000, Bid:,3,40,1,93,1,102,1,Ask:,2,275,1,476,1,
3506.286, Bid:,4,40,1,70,1,93,1,102,1,Ask:,2,275,1,476,1,
3506.857, Bid:,5,40,1,70,1,93,1,102,1,143,1,Ask:,2,275,1,476,1,
3507.143, Bid:,5,40,1,70,1,93,1,102,1,143,1,Ask:,3,275,1,336,1,476,1,
3519.714, Bid:,5,40,1,70,1,93,1,99,1,143,1,Ask:,3,275,1,336,1,476,1,
3520.286, Bid:,4,40,1,70,1,93,1,99,1,Ask:,3,275,1,336,1,476,1,
3520.571, Bid:,4,40,1,93,1,99,1,241,1,Ask:,3,275,1,336,1,476,1,
3520.714, Bid:,4,40,1,93,1,99,1,241,1,Ask:,4,275,1,336,1,443,1,476,1,
3534.857, Bid:,5,40,1,93,1,99,1,110,1,241,1,Ask:,4,275,1,336,1,443,1,476,1,
3535.571, Bid:,4,40,1,93,1,99,1,110,1,Ask:,3,336,1,443,1,476,1,
3535.857, Bid:,4,93,1,99,1,110,1,274,1,Ask:,3,336,1,443,1,476,1,
3536.000, Bid:,4,93,1,99,1,110,1,274,1,Ask:,4,336,1,443,1,476,1,486,1,
3537.000, Bid:,3,93,1,99,1,110,1,Ask:,3,443,1,476,1,486,1,
3537.714, Bid:,3,93,1,99,1,108,1,Ask:,3,443,1,476,1,486,1,
3538.429, Bid:,3,93,1,99,1,108,1,Ask:,4,135,1,443,1,476,1,486,1,
3539.143, Bid:,3,93,1,99,1,108,1,Ask:,3,443,1,476,1,486,1,
3539.857, Bid:,3,93,1,99,1,108,1,Ask:,2,476,1,486,1,
3540.000, Bid:,3,93,1,99,1,187,1,Ask:,2,476,1,486,1,
3540.143, Bid:,4,93,1,99,1,116,1,187,1,Ask:,2,476,1,486,1,
3540.714, Bid:,3,93,1,99,1,116,1,Ask:,2,476,1,486,1,
3542.000, Bid:,3,93,1,99,1,116,1,Ask:,3,208,1,476,1,486,1,
3542.857, Bid:,3,93,1,99,1,116,1,Ask:,2,476,1,486,1,
3543.000, Bid:,3,93,1,99,1,116,1,Ask:,3,470,1,476,1,486,1,
3543.571, Bid:,3,93,1,99,1,116,1,Ask:,4,170,1,470,1,476,1,486,1,
3550.714, Bid:,3,87,1,99,1,116,1,Ask:,4,170,1,470,1,476,1,486,1,
3554.857, Bid:,2,87,1,99,1,Ask:,3,170,1,470,1,476,1,
3555.000, Bid:,3,87,1,99,1,137,1,Ask:,3,170,1,470,1,476,1,
3556.000, Bid:,3,87,1,99,1,137,1,Ask:,4,170,1,334,1,470,1,476,1,
3564.857, Bid:,2,87,1,99,1,Ask:,3,170,1,334,1,476,1,
3565.571, Bid:,2,87,1,99,1,Ask:,4,170,1,232,1,334,1,476,1,
3565.857, Bid:,2,87,1,99,1,Ask:,5,170,1,205,1,232,1,334,1,476,1,
3566.000, Bid:,2,87,1,99,1,Ask:,5,110,1,170,1,205,1,232,1,476,1,
3566.857, Bid:,2,85,1,99,1,Ask:,5,110,1,170,1,205,1,232,1,476,1,
3580.143, Bid:,2,85,1,99,1,Ask:,4,170,1,205,1,232,1,476,1,
3580.571, Bid:,2,85,1,99,1,Ask:,3,205,1,232,1,476,1,
3581.286, Bid:,2,85,1,99,1,Ask:,4,117,1,205,1,232,1,476,1,
3582.571, Bid:,2,85,1,99,1,Ask:,5,117,1,205,1,232,1,437,1,476,1,
3582.714, Bid:,1,85,1,Ask:,4,117,1,205,1,437,1,476,1,
3583.571, Bid:,1,85,1,Ask:,4,116,1,117,1,205,1,437,1,
3584.000, Bid:,0,Ask:,4,116,1,117,1,205,1,437,1,
3584.429, Bid:,0,Ask:,5,116,1,117,1,204,1,205,1,437,1,
3585.000, Bid:,0,Ask:,4,117,1,204,1,205,1,437,1,
3585.143, Bid:,0,Ask:,5,117,1,204,1,205,1,311,1,437,1,
3585.286, Bid:,0,Ask:,4,204,1,205,1,311,1,437,1,
3586.286, Bid:,1,51,1,Ask:,4,204,1,205,1,311,1,437,1,
3587.429, Bid:,1,51,1,Ask:,3,205,1,311,1,437,1,
3587.714, Bid:,1,51,1,Ask:,2,311,1,437,1,
3587.857, Bid:,1,51,1,Ask:,3,311,1,342,1,437,1,
3588.286, Bid:,1,51,1,Ask:,4,311,1,342,1,437,1,473,1,
3588.857, Bid:,1,51,1,Ask:,5,311,1,342,1,400,1,437,1,473,1,
3595.429, Bid:,2,51,1,96,1,Ask:,5,311,1,342,1,400,1,437,1,473,1,
3596.143, Bid:,2,51,1,96,1,Ask:,5,105,1,311,1,342,1,437,1,473,1,
3596.429, Bid:,2,51,1,96,1,Ask:,4,311,1,342,1,437,1,473,1,
3597.143, Bid:,2,51,1,96,1,Ask:,3,342,1,437,1,473,1,
3597.286, Bid:,2,51,1,249,1,Ask:,3,342,1,437,1,473,1,
3597.571, Bid:,2,51,1,249,1,Ask:,2,437,1,473,1,
3597.714, Bid:,2,51,1,249,1,Ask:,3,396,1,437,1,473,1,
3597.857, Bid:,1,51,1,Ask:,3,396,1,437,1,473,1,
3598.000, Bid:,2,51,1,113,1,Ask:,3,396,1,437,1,473,1,
3598.143, Bid:,2,51,1,113,1,Ask:,4,215,1,396,1,437,1,473,1,
3598.429, Bid:,2,51,1,113,1,Ask:,5,215,1,339,1,396,1,437,1,473,1,
3599.000, Bid:,2,51,1,113,1,Ask:,5,118,1,215,1,339,1,396,1,473,1,
3610.286, Bid:,3,51,1,100,1,113,1,Ask:,5,118,1,215,1,339,1,396,1,473,1,
3611.286, Bid:,2,51,1,100,1,Ask:,4,118,1,215,1,339,1,396,1,
3612.286, Bid:,2,51,1,100,1,Ask:,5,118,1,208,1,215,1,339,1,396,1,
3612.429, Bid:,2,51,1,100,1,Ask:,6,111,1,118,1,208,1,215,1,339,1,396,1,
3625.143, Bid:,1,51,1,Ask:,6,111,1,118,1,208,1,215,1,339,1,396,1,
3625.286, Bid:,1,51,1,Ask:,7,111,1,118,1,208,1,215,1,339,1,396,1,473,1,
3625.571, Bid:,2,51,1,89,1,Ask:,7,111,1,118,1,208,1,215,1,339,1,396,1,473,1,
3625.714, Bid:,2,51,1,89,1,Ask:,7,91,1,111,1,118,1,208,1,215,1,339,1,396,1,
3626.000, Bid:,2,51,1,89,1,Ask:,7,91,1,111,1,118,1,208,1,215,1,396,1,456,1,
3640.571, Bid:,2,51,1,89,1,Ask:,7,91,1,99,1,111,1,118,1,208,1,215,1,456,1,
3641.000, Bid:,2,51,1,89,1,Ask:,6,99,1,111,1,118,1,208,1,215,1,456,1,
3641.429, Bid:,2,51,1,89,1,Ask:,6,99,1,111,1,118,1,142,1,208,1,215,1,
3641.714, Bid:,2,51,1,89,1,Ask:,7,99,1,111,1,116,1,118,1,142,1,208,1,215,1,
3655.429, Bid:,2,51,1,89,1,Ask:,7,99,1,111,1,114,1,116,1,118,1,142,1,215,1,
3655.714, Bid:,2,51,1,89,1,Ask:,7,91,1,99,1,111,1,114,1,118,1,142,1,215,1,
3656.000, Bid:,2,51,1,89,1,Ask:,6,99,1,111,1,114,1,118,1,142,1,215,1,
3656.286, Bid:,2,51,1,89,1,Ask:,6,99,1,111,1,114,1,142,1,215,1,494,1,
3656.429, Bid:,2,51,1,87,1,Ask:,6,99,1,111,1,114,1,142,1,215,1,494,1,
3656.714, Bid:,1,87,1,Ask:,5,111,1,114,1,142,1,215,1,494,1,
3656.857, Bid:,1,87,1,Ask:,4,114,1,142,1,215,1,494,1,
3657.000, Bid:,1,87,1,Ask:,5,114,1,142,1,215,1,362,1,494,1,
3657.286, Bid:,1,87,1,Ask:,6,97,1,114,1,142,1,215,1,362,1,494,1,
3657.857, Bid:,1,87,1,Ask:,6,97,1,114,2,142,1,215,1,362,1,494,1,
3671.143, Bid:,2,87,1,96,1,Ask:,6,97,1,114,2,142,1,215,1,362,1,494,1,
3671.571, Bid:,2,87,1,96,1,Ask:,6,100,1,114,2,142,1,215,1,362,1,494,1,
3685.857, Bid:,2,87,1,96,1,Ask:,7,100,1,113,1,114,1,142,1,215,1,362,1,494,1,
3686.286, Bid:,2,87,1,96,1,Ask:,6,113,1,114,1,142,1,215,1,362,1,494,1,
3686.571, Bid:,2,87,1,96,1,Ask:,7,113,1,114,1,142,1,215,1,362,1,374,1,494,1,
3687.857, Bid:,2,87,1,96,1,Ask:,7,113,1,114,1,142,1,212,1,215,1,362,1,374,1,
3688.857, Bid:,2,87,1,97,1,Ask:,7,113,1,114,1,142,1,212,1,215,1,362,1,374,1,
3700.714, Bid:,2,92,1,97,1,Ask:,7,113,1,114,1,142,1,212,1,215,1,362,1,374,1,
3703.571, Bid:,1,92,1,Ask:,6,113,1,142,1,212,1,215,1,362,1,374,1,
3703.857, Bid:,2,73,1,92,1,Ask:,6,113,1,142,1,212,1,215,1,362,1,374,1,
3704.000, Bid:,2,73,1,92,1,Ask:,7,113,1,142,1,212,1,215,1,362,1,374,1,384,1,
3715.857, Bid:,3,73,1,92,1,107,1,Ask:,7,113,1,142,1,212,1,215,1,362,1,374,1,384,1,
3716.571, Bid:,2,73,1,92,1,Ask:,6,113,1,142,1,212,1,215,1,362,1,384,1,
3716.857, Bid:,2,73,1,87,1,Ask:,6,113,1,142,1,212,1,215,1,362,1,384,1,
3717.429, Bid:,2,73,2,87,1,Ask:,6,113,1,142,1,212,1,215,1,362,1,384,1,
3717.714, Bid:,3,15,1,73,2,87,1,Ask:,6,113,1,142,1,212,1,215,1,362,1,384,1,
3717.857, Bid:,3,15,1,73,2,87,1,Ask:,6,105,1,142,1,212,1,215,1,362,1,384,1,
3730.714, Bid:,3,15,1,73,1,87,1,Ask:,5,142,1,212,1,215,1,362,1,384,1,
3730.857, Bid:,3,15,1,73,1,87,1,Ask:,6,142,1,212,1,215,1,262,1,362,1,384,1,
3731.429, Bid:,3,15,1,73,1,87,1,Ask:,5,212,1,215,1,262,1,362,1,384,1,
3732.429, Bid:,4,15,1,54,1,73,1,87,1,Ask:,5,212,1,215,1,262,1,362,1,384,1,
3734.429, Bid:,4,15,1,22,1,54,1,87,1,Ask:,5,212,1,215,1,262,1,362,1,384,1,
3745.714, Bid:,3,15,1,22,1,54,1,Ask:,4,212,1,215,1,262,1,362,1,
3745.857, Bid:,3,15,1,54,1,104,1,Ask:,4,212,1,215,1,262,1,362,1,
3746.000, Bid:,3,15,1,54,1,104,1,Ask:,5,210,1,212,1,215,1,262,1,362,1,
3746.143, Bid:,4,15,1,54,1,95,1,104,1,Ask:,5,210,1,212,1,215,1,262,1,362,1,
3748.000, Bid:,3,15,1,54,1,95,1,Ask:,5,210,1,212,1,215,1,262,1,362,1,
3748.286, Bid:,3,15,1,54,1,95,1,Ask:,6,97,1,210,1,212,1,215,1,262,1,362,1,
3750.000, Bid:,2,54,1,95,1,Ask:,5,210,1,212,1,215,1,262,1,362,1,
3750.571, Bid:,2,54,1,95,1,Ask:,4,212,1,215,1,262,1,362,1,
3750.714, Bid:,2,54,1,95,1,Ask:,3,215,1,262,1,362,1,
3751.000, Bid:,3,31,1,54,1,95,1,Ask:,3,215,1,262,1,362,1,
3751.143, Bid:,3,31,1,54,1,95,1,Ask:,4,215,1,262,1,274,1,362,1,
3751.571, Bid:,3,31,1,54,1,95,1,Ask:,5,215,1,262,1,274,1,362,1,388,1,
3754.857, Bid:,2,31,1,95,1,Ask:,4,262,1,274,1,362,1,388,1,
3757.000, Bid:,3,1,1,31,1,95,1,Ask:,4,262,1,274,1,362,1,388,1,
3761.143, Bid:,2,1,1,31,1,Ask:,3,262,1,362,1,388,1,
3762.000, Bid:,2,1,1,31,1,Ask:,3,262,1,388,1,488,1,
3762.143, Bid:,2,1,1,31,1,Ask:,4,198,1,262,1,388,1,488,1,
3763.714, Bid:,3,1,1,31,1,97,1,Ask:,4,198,1,262,1,388,1,488,1,
3775.857, Bid:,3,1,1,31,1,97,1,Ask:,4,105,1,198,1,388,1,488,1,
3776.143, Bid:,3,1,1,31,1,97,1,Ask:,3,198,1,388,1,488,1,
3776.429, Bid:,3,1,1,31,1,97,1,Ask:,4,104,1,198,1,388,1,488,1,
3778.000, Bid:,2,31,1,97,1,Ask:,3,198,1,388,1,488,1,
3778.143, Bid:,2,31,1,97,1,Ask:,4,131,1,198,1,388,1,488,1,
3778.286, Bid:,2,31,1,97,1,Ask:,5,131,1,198,1,352,1,388,1,488,1,
3778.857, Bid:,2,31,1,97,1,Ask:,6,131,1,142,1,198,1,352,1,388,1,488,1,
3779.286, Bid:,2,31,1,99,1,Ask:,6,131,1,142,1,198,1,352,1,388,1,488,1,
3791.143, Bid:,3,31,1,99,1,115,1,Ask:,6,131,1,142,1,198,1,352,1,388,1,488,1,
3791.571, Bid:,2,31,1,99,1,Ask:,5,142,1,198,1,352,1,388,1,488,1,
3791.714, Bid:,2,31,1,99,1,Ask:,6,112,1,142,1,198,1,352,1,388,1,488,1,
3792.571, Bid:,2,31,1,99,1,Ask:,7,112,1,135,1,142,1,198,1,352,1,388,1,488,1,
3793.429, Bid:,2,31,1,99,1,Ask:,7,112,1,135,1,198,1,352,1,388,1,444,1,488,1,
3806.143, Bid:,1,31,1,Ask:,6,112,1,135,1,352,1,388,1,444,1,488,1,
3806.429, Bid:,1,31,1,Ask:,5,135,1,352,1,388,1,444,1,488,1,
3806.571, Bid:,2,31,1,95,1,Ask:,5,135,1,352,1,388,1,444,1,488,1,
3806.857, Bid:,3,31,1,95,1,101,1,Ask:,5,135,1,352,1,388,1,444,1,488,1,
3807.000, Bid:,4,31,1,92,1,95,1,101,1,Ask:,5,135,1,352,1,388,1,444,1,488,1,
3807.857, Bid:,4,31,1,92,1,95,1,101,1,Ask:,5,114,1,352,1,388,1,444,1,488,1,
3821.571, Bid:,5,31,1,92,1,95,1,101,1,107,1,Ask:,5,114,1,352,1,388,1,444,1,488,1,
3822.429, Bid:,4,31,1,92,1,95,1,101,1,Ask:,5,114,1,352,1,388,1,444,1,488,1,
3822.857, Bid:,4,31,1,92,1,95,1,101,1,Ask:,5,114,1,189,1,352,1,388,1,488,1,
3823.286, Bid:,4,29,1,31,1,92,1,101,1,Ask:,5,114,1,189,1,352,1,388,1,488,1,
3836.429, Bid:,4,29,1,31,1,85,1,101,1,Ask:,5,114,1,189,1,352,1,388,1,488,1,
3838.714, Bid:,3,29,1,31,1,85,1,Ask:,4,114,1,189,1,388,1,488,1,
3839.143, Bid:,2,29,1,85,1,Ask:,3,189,1,388,1,488,1,
3839.429, Bid:,2,29,1,85,1,Ask:,4,97,1,189,1,388,1,488,1,
3839.857, Bid:,2,29,1,85,1,Ask:,3,189,1,388,1,488,1,
3840.429, Bid:,2,29,1,85,1,Ask:,4,189,1,227,1,388,1,488,1,
3840.857, Bid:,2,29,1,85,1,Ask:,4,189,1,227,1,302,1,488,1,
3842.000, Bid:,2,29,1,85,1,Ask:,5,189,1,227,1,302,1,455,1,488,1,
3851.286, Bid:,3,29,1,85,1,113,1,Ask:,5,189,1,227,1,302,1,455,1,488,1,
3851.429, Bid:,2,29,1,85,1,Ask:,5,189,1,227,1,302,1,455,1,488,1,
3851.857, Bid:,2,29,1,85,1,Ask:,5,227,1,302,1,387,1,455,1,488,1,
3852.429, Bid:,2,29,1,85,1,Ask:,5,110,1,302,1,387,1,455,1,488,1,
3866.429, Bid:,3,29,1,85,1,99,1,Ask:,5,110,1,302,1,387,1,455,1,488,1,
3866.857, Bid:,3,29,1,85,1,99,1,Ask:,4,302,1,387,1,455,1,488,1,
3867.143, Bid:,3,29,1,85,1,99,1,Ask:,5,302,1,382,1,387,1,455,1,488,1,
3867.286, Bid:,3,29,1,85,1,99,1,Ask:,5,104,1,302,1,382,1,387,1,488,1,
3868.143, Bid:,2,29,1,85,1,Ask:,5,104,1,302,1,382,1,387,1,488,1,
3869.000, Bid:,3,29,1,65,1,85,1,Ask:,5,104,1,302,1,382,1,387,1,488,1,
3869.286, Bid:,2,65,1,85,1,Ask:,4,302,1,382,1,387,1,488,1,
3869.857, Bid:,2,65,1,85,1,Ask:,3,382,1,387,1,488,1,
3870.000, Bid:,3,6,1,65,1,85,1,Ask:,3,382,1,387,1,488,1,
3870.143, Bid:,3,6,1,65,1,85,1,Ask:,2,387,1,488,1,
3870.429, Bid:,2,6,1,65,1,Ask:,2,387,1,488,1,
3870.571, Bid:,2,6,1,65,1,Ask:,3,179,1,387,1,488,1,
3870.714, Bid:,2,6,1,65,1,Ask:,2,387,1,488,1,
3870.857, Bid:,3,6,1,65,1,294,1,Ask:,2,387,1,488,1,
3871.000, Bid:,3,6,1,65,1,294,1,Ask:,2,387,1,424,1,
3871.286, Bid:,4,6,1,65,1,180,1,294,1,Ask:,2,387,1,424,1,
3871.857, Bid:,5,6,1,22,1,65,1,180,1,294,1,Ask:,2,387,1,424,1,
3872.429, Bid:,4,6,1,22,1,65,1,180,1,Ask:,2,387,1,424,1,
3872.714, Bid:,5,6,1,22,1,65,1,180,1,206,1,Ask:,2,387,1,424,1,
3873.857, Bid:,5,6,1,22,1,65,1,180,1,206,1,Ask:,3,387,1,388,1,424,1,
3881.857, Bid:,6,6,1,22,1,65,1,95,1,180,1,206,1,Ask:,3,387,1,388,1,424,1,
3882.143, Bid:,5,6,1,22,1,65,1,95,1,180,1,Ask:,3,387,1,388,1,424,1,
3882.571, Bid:,4,6,1,65,1,95,1,180,1,Ask:,2,388,1,424,1,
3883.000, Bid:,3,6,1,65,1,95,1,Ask:,2,388,1,424,1,
3883.143, Bid:,3,6,1,65,1,95,1,Ask:,1,424,1,
3883.286, Bid:,3,6,1,65,1,95,1,Ask:,2,393,1,424,1,
3883.429, Bid:,3,6,1,65,1,95,1,Ask:,3,210,1,393,1,424,1,
3883.714, Bid:,3,6,1,95,1,152,1,Ask:,3,210,1,393,1,424,1,
3884.286, Bid:,2,6,1,95,1,Ask:,3,210,1,393,1,424,1,
3885.000, Bid:,3,6,1,18,1,95,1,Ask:,3,210,1,393,1,424,1,
3885.714, Bid:,4,6,1,18,1,95,1,172,1,Ask:,3,210,1,393,1,424,1,
3896.714, Bid:,3,6,1,18,1,95,1,Ask:,3,210,1,393,1,424,1,
3896.857, Bid:,4,6,1,18,1,90,1,95,1,Ask:,3,210,1,393,1,424,1,
3897.000, Bid:,4,6,1,18,1,90,1,95,1,Ask:,4,210,1,393,1,424,1,455,1,
3897.857, Bid:,4,6,1,18,1,90,1,95,1,Ask:,5,102,1,210,1,393,1,424,1,455,1,
3899.286, Bid:,4,6,1,18,1,90,1,95,1,Ask:,4,210,1,393,1,424,1,455,1,
3899.429, Bid:,4,6,1,18,1,90,1,95,1,Ask:,3,393,1,424,1,455,1,
3899.571, Bid:,4,18,1,90,1,95,1,260,1,Ask:,3,393,1,424,1,455,1,
3900.429, Bid:,4,18,1,90,1,95,1,260,1,Ask:,4,393,1,424,1,455,1,493,1,
3901.429, Bid:,3,18,1,90,1,95,1,Ask:,4,393,1,424,1,455,1,493,1,
3901.714, Bid:,3,18,1,90,1,95,1,Ask:,5,187,1,393,1,424,1,455,1,493,1,
3901.857, Bid:,4,18,1,90,1,95,1,120,1,Ask:,5,187,1,393,1,424,1,455,1,493,1,
3902.286, Bid:,4,18,1,90,1,95,1,120,1,Ask:,4,393,1,424,1,455,1,493,1,
3902.857, Bid:,4,18,1,90,1,95,1,120,1,Ask:,5,393,1,424,1,455,1,493,1,497,1,
3912.000, Bid:,4,18,1,90,1,100,1,120,1,Ask:,5,393,1,424,1,455,1,493,1,497,1,
3912.714, Bid:,3,18,1,90,1,100,1,Ask:,4,393,1,424,1,493,1,497,1,
3913.571, Bid:,3,90,1,100,1,382,1,Ask:,4,393,1,424,1,493,1,497,1,
3913.857, Bid:,2,90,1,100,1,Ask:,4,393,1,424,1,493,1,497,1,
3914.286, Bid:,3,90,1,100,1,254,1,Ask:,4,393,1,424,1,493,1,497,1,
3916.429, Bid:,4,56,1,90,1,100,1,254,1,Ask:,4,393,1,424,1,493,1,497,1,
3926.714, Bid:,3,56,1,90,1,100,1,Ask:,3,393,1,424,1,497,1,
3928.000, Bid:,4,56,1,90,1,100,1,106,1,Ask:,3,393,1,424,1,497,1,
3928.429, Bid:,3,56,1,90,1,100,1,Ask:,3,393,1,424,1,497,1,
3928.714, Bid:,3,56,1,90,1,100,1,Ask:,4,393,1,406,1,424,1,497,1,
3933.143, Bid:,2,56,1,90,1,Ask:,4,393,1,406,1,424,1,497,1,
3933.286, Bid:,2,56,1,90,1,Ask:,4,93,1,406,1,424,1,497,1,
3933.857, Bid:,2,56,1,90,1,Ask:,3,406,1,424,1,497,1,
3934.143, Bid:,3,56,1,90,1,299,1,Ask:,3,406,1,424,1,497,1,
3934.571, Bid:,3,56,1,90,1,299,1,Ask:,4,406,1,409,1,424,1,497,1,
3934.714, Bid:,2,56,1,90,1,Ask:,4,406,1,409,1,424,1,497,1,
3935.000, Bid:,2,56,1,90,1,Ask:,5,316,1,406,1,409,1,424,1,497,1,
3941.857, Bid:,3,56,1,90,1,96,1,Ask:,5,316,1,406,1,409,1,424,1,497,1,
3942.286, Bid:,3,56,1,90,1,96,1,Ask:,5,102,1,316,1,406,1,409,1,424,1,
3942.571, Bid:,3,56,1,90,1,96,1,Ask:,4,316,1,406,1,409,1,424,1,
3943.143, Bid:,3,56,1,90,1,96,1,Ask:,5,131,1,316,1,406,1,409,1,424,1,
3956.857, Bid:,2,56,1,90,1,Ask:,5,131,1,316,1,406,1,409,1,424,1,
3957.000, Bid:,2,56,1,90,1,Ask:,5,131,1,381,1,406,1,409,1,424,1,
3957.143, Bid:,2,56,1,90,1,Ask:,5,113,1,131,1,381,1,406,1,424,1,
3957.286, Bid:,2,56,1,90,1,Ask:,6,113,1,123,1,131,1,381,1,406,1,424,1,
3957.571, Bid:,2,56,1,87,1,Ask:,6,113,1,123,1,131,1,381,1,406,1,424,1,
3959.286, Bid:,3,56,1,87,1,108,1,Ask:,6,113,1,123,1,131,1,381,1,406,1,424,1,
3971.857, Bid:,4,56,1,87,1,98,1,108,1,Ask:,6,113,1,123,1,131,1,381,1,406,1,424,1,
3974.857, Bid:,3,56,1,87,1,98,1,Ask:,5,113,1,131,1,381,1,406,1,424,1,
3975.000, Bid:,2,87,1,98,1,Ask:,4,131,1,381,1,406,1,424,1,
3975.143, Bid:,2,87,1,98,1,Ask:,4,131,1,381,1,424,1,484,1,
3976.143, Bid:,2,87,1,98,1,Ask:,5,131,1,381,1,424,1,442,1,484,1,
3976.286, Bid:,2,87,1,98,1,Ask:,6,131,1,227,1,381,1,424,1,442,1,484,1,
3987.000, Bid:,2,87,1,98,1,Ask:,6,103,1,227,1,381,1,424,1,442,1,484,1,
3987.429, Bid:,2,85,1,98,1,Ask:,6,103,1,227,1,381,1,424,1,442,1,484,1,
3987.571, Bid:,2,85,1,98,1,Ask:,5,227,1,381,1,424,1,442,1,484,1,
3987.714, Bid:,1,85,1,Ask:,4,381,1,424,1,442,1,484,1,
3987.857, Bid:,2,28,1,85,1,Ask:,4,381,1,424,1,442,1,484,1,
3988.143, Bid:,3,28,1,85,1,268,1,Ask:,4,381,1,424,1,442,1,484,1,
3989.714, Bid:,2,28,1,85,1,Ask:,4,381,1,424,1,442,1,484,1,
3989.857, Bid:,3,28,1,65,1,85,1,Ask:,4,381,1,424,1,442,1,484,1,
3990.429, Bid:,2,28,1,65,1,Ask:,4,381,1,424,1,442,1,484,1,
3991.143, Bid:,2,28,1,65,1,Ask:,5,109,1,381,1,424,1,442,1,484,1,
3991.429, Bid:,2,28,1,65,1,Ask:,5,109,1,160,1,424,1,442,1,484,1,
3991.857, Bid:,2,28,1,65,1,Ask:,5,109,1,160,1,336,1,442,1,484,1,
3993.714, Bid:,2,28,1,65,1,Ask:,4,160,1,336,1,442,1,484,1,
3996.286, Bid:,1,28,1,Ask:,4,160,1,336,1,442,1,484,1,
3996.714, Bid:,2,28,1,84,1,Ask:,4,160,1,336,1,442,1,484,1,
3996.857, Bid:,2,28,1,84,1,Ask:,3,336,1,442,1,484,1,
3997.143, Bid:,2,28,1,84,1,Ask:,4,336,1,343,1,442,1,484,1,
3998.857, Bid:,2,28,1,84,1,Ask:,4,336,1,343,1,442,1,488,1,
4002.286, Bid:,3,28,1,84,1,95,1,Ask:,4,336,1,343,1,442,1,488,1,
4002.429, Bid:,2,28,1,84,1,Ask:,4,336,1,343,1,442,1,488,1,
4002.857, Bid:,1,28,1,Ask:,3,336,1,442,1,488,1,
4003.571, Bid:,1,28,1,Ask:,4,257,1,336,1,442,1,488,1,
4004.143, Bid:,2,28,1,121,1,Ask:,4,257,1,336,1,442,1,488,1,
4017.143, Bid:,1,28,1,Ask:,3,257,1,336,1,488,1,
4017.286, Bid:,1,28,1,Ask:,4,108,1,257,1,336,1,488,1,
4017.571, Bid:,2,28,1,94,1,Ask:,4,108,1,257,1,336,1,488,1,
4018.000, Bid:,3,28,1,94,1,96,1,Ask:,4,108,1,257,1,336,1,488,1,
4032.429, Bid:,2,28,1,94,1,Ask:,4,108,1,257,1,336,1,488,1,
4032.571, Bid:,3,28,1,94,1,105,1,Ask:,4,108,1,257,1,336,1,488,1,
4032.714, Bid:,3,28,1,94,1,105,1,Ask:,5,108,1,257,1,272,1,336,1,488,1,
4033.429, Bid:,2,94,1,105,1,Ask:,4,257,1,272,1,336,1,488,1,
4033.714, Bid:,2,94,1,105,1,Ask:,5,257,1,268,1,272,1,336,1,488,1,
4034.143, Bid:,2,94,1,105,1,Ask:,4,268,1,272,1,336,1,488,1,
4034.286, Bid:,2,94,1,105,1,Ask:,3,272,1,336,1,488,1,
4034.571, Bid:,2,94,1,105,1,Ask:,2,336,1,488,1,
4034.714, Bid:,3,94,1,105,1,219,1,Ask:,2,336,1,488,1,
4035.000, Bid:,3,94,1,105,1,219,1,Ask:,1,488,1,
4035.143, Bid:,3,94,1,105,1,219,1,Ask:,2,488,1,500,1,
4035.429, Bid:,4,94,1,105,1,219,1,458,1,Ask:,2,488,1,500,1,
4035.714, Bid:,3,94,1,105,1,219,1,Ask:,2,488,1,500,1,
4036.286, Bid:,3,105,1,219,1,249,1,Ask:,2,488,1,500,1,
4036.714, Bid:,4,105,1,219,1,230,1,249,1,Ask:,2,488,1,500,1,
4038.286, Bid:,4,105,1,219,1,230,1,249,1,Ask:,3,402,1,488,1,500,1,
4047.286, Bid:,4,86,1,105,1,219,1,230,1,Ask:,3,402,1,488,1,500,1,
4047.571, Bid:,3,86,1,105,1,219,1,Ask:,2,488,1,500,1,
4047.714, Bid:,2,86,1,105,1,Ask:,1,488,1,
4048.000, Bid:,2,86,1,106,1,Ask:,1,488,1,
4048.286, Bid:,2,86,1,106,1,Ask:,2,435,1,488,1,
4048.571, Bid:,3,86,1,106,1,318,1,Ask:,2,435,1,488,1,
4048.714, Bid:,4,86,1,106,1,296,1,318,1,Ask:,2,435,1,488,1,
4050.714, Bid:,5,86,1,106,1,296,1,318,1,417,1,Ask:,2,435,1,488,1,
4062.286, Bid:,4,86,1,106,1,296,1,318,1,Ask:,2,435,1,488,1,
4062.429, Bid:,5,86,1,106,1,175,1,296,1,318,1,Ask:,2,435,1,488,1,
4062.857, Bid:,6,86,1,101,1,106,1,175,1,296,1,318,1,Ask:,2,435,1,488,1,
4064.000, Bid:,5,86,1,101,1,106,1,175,1,296,1,Ask:,2,435,1,488,1,
4064.286, Bid:,4,86,1,101,1,106,1,175,1,Ask:,2,435,1,488,1,
4065.286, Bid:,4,86,1,101,1,106,1,175,1,Ask:,3,396,1,435,1,488,1,
4067.714, Bid:,3,86,1,101,1,106,1,Ask:,3,396,1,435,1,488,1,
4068.000, Bid:,3,86,1,101,1,106,1,Ask:,4,387,1,396,1,435,1,488,1,
4068.429, Bid:,4,86,1,101,1,106,1,247,1,Ask:,4,387,1,396,1,435,1,488,1,
4077.714, Bid:,3,86,1,101,1,106,1,Ask:,3,396,1,435,1,488,1,
4078.000, Bid:,3,86,1,101,1,106,1,Ask:,4,311,1,396,1,435,1,488,1,
4078.143, Bid:,3,87,1,101,1,106,1,Ask:,4,311,1,396,1,435,1,488,1,
4078.286, Bid:,3,87,1,101,1,106,1,Ask:,3,396,1,435,1,488,1,
4078.571, Bid:,3,87,1,101,1,106,1,Ask:,4,303,1,396,1,435,1,488,1,
4078.857, Bid:,3,87,1,103,1,106,1,Ask:,4,303,1,396,1,435,1,488,1,
4081.714, Bid:,4,87,1,103,1,106,1,296,1,Ask:,4,303,1,396,1,435,1,488,1,
4092.714, Bid:,4,88,1,103,1,106,1,296,1,Ask:,4,303,1,396,1,435,1,488,1,
4098.000, Bid:,3,88,1,103,1,106,1,Ask:,3,303,1,435,1,488,1,
4098.143, Bid:,4,49,1,88,1,103,1,106,1,Ask:,3,303,1,435,1,488,1,
4098.571, Bid:,4,49,1,88,1,103,1,106,1,Ask:,4,138,1,303,1,435,1,488,1,
4098.857, Bid:,4,49,1,88,1,103,1,106,1,Ask:,3,303,1,435,1,488,1,
4101.857, Bid:,4,49,1,88,1,103,1,106,1,Ask:,2,435,1,488,1,
4102.286, Bid:,5,49,1,88,1,103,1,106,1,107,1,Ask:,2,435,1,488,1,
4106.429, Bid:,5,49,1,88,1,103,1,106,1,107,1,Ask:,3,388,1,435,1,488,1,
4107.571, Bid:,4,49,1,88,1,103,1,106,1,Ask:,3,388,1,435,1,488,1,
4107.857, Bid:,4,49,1,94,1,103,1,106,1,Ask:,3,388,1,435,1,488,1,
4108.143, Bid:,4,49,1,94,1,103,1,106,1,Ask:,2,435,1,488,1,
4108.571, Bid:,4,49,1,94,1,103,1,111,1,Ask:,2,435,1,488,1,
4108.714, Bid:,5,49,1,94,1,103,1,111,1,153,1,Ask:,2,435,1,488,1,
4108.857, Bid:,4,49,1,94,1,103,1,111,1,Ask:,2,435,1,488,1,
4109.000, Bid:,3,49,1,94,1,103,1,Ask:,2,435,1,488,1,
4109.571, Bid:,3,49,1,94,1,103,1,Ask:,3,232,1,435,1,488,1,
4110.000, Bid:,3,49,1,94,1,103,1,Ask:,2,435,1,488,1,
4110.429, Bid:,3,49,1,94,1,103,1,Ask:,3,183,1,435,1,488,1,
4111.000, Bid:,2,49,1,94,1,Ask:,2,183,1,435,1,
4111.286, Bid:,2,49,1,94,1,Ask:,1,435,1,
4111.429, Bid:,3,49,1,94,1,184,1,Ask:,1,435,1,
4111.571, Bid:,2,49,1,94,1,Ask:,1,435,1,
4112.143, Bid:,2,49,1,94,1,Ask:,2,187,1,435,1,
4113.000, Bid:,2,49,1,94,1,Ask:,1,435,1,
4113.286, Bid:,3,49,1,94,1,290,1,Ask:,1,435,1,
4113.429, Bid:,2,49,1,94,1,Ask:,1,435,1,
4113.714, Bid:,3,49,1,85,1,94,1,Ask:,1,435,1,
4114.286, Bid:,3,49,1,85,1,94,1,Ask:,2,435,1,452,1,
4114.714, Bid:,4,49,1,85,1,94,1,144,1,Ask:,2,435,1,452,1,
4118.000, Bid:,4,49,1,85,1,94,1,144,1,Ask:,3,177,1,435,1,452,1,
4118.143, Bid:,4,49,1,85,1,94,1,144,1,Ask:,2,435,1,452,1,
4118.714, Bid:,5,49,1,85,1,94,1,144,1,173,1,Ask:,2,435,1,452,1,
4122.857, Bid:,5,49,1,94,1,98,1,144,1,173,1,Ask:,2,435,1,452,1,
4123.000, Bid:,4,49,1,94,1,98,1,144,1,Ask:,2,435,1,452,1,
4123.429, Bid:,4,4,1,94,1,98,1,144,1,Ask:,2,435,1,452,1,
4124.286, Bid:,5,4,1,63,1,94,1,98,1,144,1,Ask:,2,435,1,452,1,
4138.286, Bid:,6,4,1,63,1,94,1,98,1,109,1,144,1,Ask:,2,435,1,452,1,
4139.286, Bid:,5,4,1,63,1,94,1,98,1,109,1,Ask:,2,435,1,452,1,
4139.857, Bid:,6,4,1,63,1,94,1,98,1,109,1,154,1,Ask:,2,435,1,452,1,
4140.143, Bid:,6,4,1,94,1,98,1,109,1,154,1,265,1,Ask:,2,435,1,452,1,
4140.286, Bid:,5,4,1,94,1,98,1,109,1,154,1,Ask:,2,435,1,452,1,
4141.000, Bid:,6,4,1,94,1,98,1,109,1,134,1,154,1,Ask:,2,435,1,452,1,
4153.143, Bid:,5,4,1,94,1,98,1,109,1,134,1,Ask:,2,435,1,452,1,
4153.571, Bid:,5,94,1,98,1,109,1,134,1,208,1,Ask:,2,435,1,452,1,
4154.000, Bid:,5,90,1,98,1,109,1,134,1,208,1,Ask:,2,435,1,452,1,
4154.286, Bid:,4,90,1,98,1,109,1,134,1,Ask:,2,435,1,452,1,
4154.429, Bid:,5,90,1,98,1,109,1,134,1,338,1,Ask:,2,435,1,452,1,
4154.571, Bid:,6,90,1,98,1,109,1,134,1,186,1,338,1,Ask:,2,435,1,452,1,
4168.143, Bid:,6,90,1,97,1,109,1,134,1,186,1,338,1,Ask:,2,435,1,452,1,
4168.429, Bid:,6,90,1,97,1,108,1,134,1,186,1,338,1,Ask:,2,435,1,452,1,
4169.143, Bid:,5,90,1,97,1,108,1,134,1,186,1,Ask:,2,435,1,452,1,
4169.429, Bid:,6,90,1,97,1,108,1,134,1,186,1,356,1,Ask:,2,435,1,452,1,
4170.000, Bid:,6,90,1,97,1,108,1,134,1,237,1,356,1,Ask:,2,435,1,452,1,
4170.286, Bid:,5,90,1,97,1,108,1,134,1,237,1,Ask:,2,435,1,452,1,
4170.714, Bid:,4,90,1,97,1,108,1,134,1,Ask:,2,435,1,452,1,
4171.000, Bid:,4,90,1,97,1,108,1,134,1,Ask:,3,426,1,435,1,452,1,
4171.429, Bid:,4,90,1,97,1,108,1,134,1,Ask:,4,426,1,435,1,446,1,452,1,
4172.286, Bid:,3,90,1,97,1,108,1,Ask:,4,426,1,435,1,446,1,452,1,
4172.571, Bid:,3,90,1,97,1,108,1,Ask:,5,117,1,426,1,435,1,446,1,452,1,
4173.714, Bid:,3,90,1,97,1,108,1,Ask:,4,426,1,435,1,446,1,452,1,
4174.000, Bid:,3,90,1,97,1,108,1,Ask:,3,435,1,446,1,452,1,
4174.286, Bid:,4,90,1,97,1,106,1,108,1,Ask:,3,435,1,446,1,452,1,
4175.571, Bid:,4,90,1,97,1,106,1,108,1,Ask:,4,145,1,435,1,446,1,452,1,
4183.286, Bid:,4,86,1,97,1,106,1,108,1,Ask:,4,145,1,435,1,446,1,452,1,
4183.857, Bid:,3,86,1,97,1,106,1,Ask:,3,435,1,446,1,452,1,
4184.000, Bid:,4,86,1,89,1,97,1,106,1,Ask:,3,435,1,446,1,452,1,
4184.143, Bid:,5,22,1,86,1,89,1,97,1,106,1,Ask:,3,435,1,446,1,452,1,
4198.429, Bid:,4,22,1,86,1,89,1,97,1,Ask:,2,435,1,452,1,
4198.571, Bid:,3,22,1,86,1,89,1,Ask:,2,435,1,452,1,
4199.000, Bid:,2,22,1,86,1,Ask:,2,435,1,452,1,
4199.286, Bid:,2,22,1,86,1,Ask:,3,435,1,450,1,452,1,
4199.429, Bid:,2,22,1,86,1,Ask:,4,435,1,450,1,452,1,459,1,
4200.000, Bid:,2,22,1,86,1,Ask:,4,387,1,450,1,452,1,459,1,
4200.429, Bid:,3,22,1,86,1,189,1,Ask:,4,387,1,450,1,452,1,459,1,
4201.000, Bid:,3,22,1,89,1,189,1,Ask:,4,387,1,450,1,452,1,459,1,
4201.429, Bid:,2,22,1,89,1,Ask:,4,387,1,450,1,452,1,459,1,
4201.571, Bid:,2,22,1,89,1,Ask:,3,450,1,452,1,459,1,
4201.857, Bid:,2,22,1,89,1,Ask:,4,244,1,450,1,452,1,459,1,
4202.286, Bid:,3,6,1,22,1,89,1,Ask:,4,244,1,450,1,452,1,459,1,
4214.143, Bid:,4,6,1,22,1,89,1,98,1,Ask:,4,244,1,450,1,452,1,459,1,
4214.286, Bid:,4,6,1,22,1,89,1,98,1,Ask:,5,102,1,244,1,450,1,452,1,459,1,
4215.000, Bid:,4,6,1,22,1,89,1,98,1,Ask:,4,244,1,450,1,452,1,459,1,
4215.429, Bid:,4,6,1,22,1,89,1,98,1,Ask:,5,205,1,244,1,450,1,452,1,459,1,
4228.571, Bid:,4,6,1,89,1,98,1,112,1,Ask:,5,205,1,244,1,450,1,452,1,459,1,
4228.857, Bid:,3,6,1,89,1,98,1,Ask:,4,205,1,244,1,452,1,459,1,
4229.000, Bid:,4,6,1,58,1,89,1,98,1,Ask:,4,205,1,244,1,452,1,459,1,
4229.143, Bid:,4,6,1,58,1,89,1,98,1,Ask:,4,205,1,244,1,397,1,459,1,
4229.286, Bid:,3,6,1,58,1,89,1,Ask:,3,244,1,397,1,459,1,
4229.429, Bid:,3,6,1,58,1,89,1,Ask:,4,231,1,244,1,397,1,459,1,
4230.000, Bid:,3,6,1,58,1,89,1,Ask:,3,244,1,397,1,459,1,
4230.286, Bid:,3,6,1,58,1,89,1,Ask:,4,109,1,244,1,397,1,459,1,
4230.429, Bid:,3,6,1,58,1,89,1,Ask:,5,98,1,109,1,244,1,397,1,459,1,
4231.286, Bid:,3,6,1,58,1,89,1,Ask:,5,98,1,109,1,119,1,397,1,459,1,
4243.857, Bid:,3,6,1,58,1,89,1,Ask:,5,95,1,98,1,109,1,119,1,397,1,
4244.000, Bid:,3,6,1,58,1,89,1,Ask:,4,98,1,109,1,119,1,397,1,
4244.143, Bid:,3,6,1,58,1,89,1,Ask:,3,109,1,119,1,397,1,
4244.286, Bid:,3,6,1,58,1,89,1,Ask:,3,109,1,282,1,397,1,
4245.571, Bid:,3,6,1,58,1,89,1,Ask:,4,109,1,282,1,386,1,397,1,
4246.286, Bid:,3,6,1,58,1,89,1,Ask:,3,282,1,386,1,397,1,
4247.571, Bid:,2,6,1,58,1,Ask:,3,282,1,386,1,397,1,
4247.714, Bid:,2,6,1,58,1,Ask:,4,277,1,282,1,386,1,397,1,
4248.000, Bid:,2,6,1,58,1,Ask:,3,282,1,386,1,397,1,
4248.286, Bid:,3,6,1,58,1,88,1,Ask:,3,282,1,386,1,397,1,
4249.143, Bid:,4,6,1,58,1,88,1,272,1,Ask:,3,282,1,386,1,397,1,
4259.143, Bid:,5,6,1,58,1,88,1,101,1,272,1,Ask:,3,282,1,386,1,397,1,
4259.571, Bid:,4,6,1,58,1,88,1,101,1,Ask:,3,282,1,386,1,397,1,
4259.857, Bid:,4,6,1,58,1,88,1,101,1,Ask:,4,182,1,282,1,386,1,397,1,
4260.143, Bid:,4,6,1,58,1,88,1,101,1,Ask:,5,131,1,182,1,282,1,386,1,397,1,
4260.286, Bid:,3,6,1,58,1,88,1,Ask:,4,131,1,182,1,282,1,397,1,
4260.429, Bid:,3,6,1,58,1,88,1,Ask:,3,182,1,282,1,397,1,
4260.714, Bid:,3,6,1,58,1,88,1,Ask:,4,182,1,282,1,397,1,405,1,
4261.571, Bid:,3,6,1,58,1,88,1,Ask:,4,182,1,397,1,405,1,424,1,
4262.143, Bid:,3,58,1,61,1,88,1,Ask:,4,182,1,397,1,405,1,424,1,
4274.429, Bid:,3,58,1,61,1,88,1,Ask:,4,111,1,182,1,397,1,424,1,
4276.571, Bid:,4,58,1,61,1,88,1,94,1,Ask:,4,111,1,182,1,397,1,424,1,
4289.286, Bid:,4,58,1,61,1,88,1,94,1,Ask:,3,182,1,397,1,424,1,
4289.571, Bid:,5,58,1,61,1,88,1,94,1,100,1,Ask:,3,182,1,397,1,424,1,
4289.857, Bid:,4,58,1,61,1,88,1,94,1,Ask:,3,182,1,397,1,424,1,
4290.000, Bid:,3,58,1,61,1,88,1,Ask:,3,182,1,397,1,424,1,
4290.143, Bid:,3,58,1,61,1,88,1,Ask:,4,182,1,312,1,397,1,424,1,
4290.429, Bid:,3,58,1,61,1,88,1,Ask:,4,287,1,312,1,397,1,424,1,
4290.571, Bid:,2,58,1,61,1,Ask:,4,287,1,312,1,397,1,424,1,
4290.714, Bid:,1,58,1,Ask:,3,312,1,397,1,424,1,
4291.000, Bid:,1,58,1,Ask:,3,274,1,312,1,424,1,
4291.143, Bid:,2,44,1,58,1,Ask:,3,274,1,312,1,424,1,
4291.286, Bid:,2,44,1,58,1,Ask:,3,126,1,274,1,424,1,
4291.429, Bid:,1,44,1,Ask:,2,274,1,424,1,
4291.571, Bid:,1,44,1,Ask:,3,210,1,274,1,424,1,
4291.714, Bid:,1,44,1,Ask:,4,210,1,274,1,293,1,424,1,
4292.000, Bid:,1,44,1,Ask:,3,274,1,293,1,424,1,
4292.286, Bid:,1,44,1,Ask:,4,274,1,293,1,424,1,435,1,
4293.286, Bid:,1,44,1,Ask:,5,62,1,274,1,293,1,424,1,435,1,
4294.714, Bid:,1,44,1,Ask:,6,62,1,274,1,293,1,424,1,435,1,436,1,
4305.000, Bid:,1,44,1,Ask:,5,274,1,293,1,424,1,435,1,436,1,
4305.143, Bid:,1,44,1,Ask:,5,212,1,274,1,424,1,435,1,436,1,
4306.286, Bid:,1,44,1,Ask:,4,274,1,424,1,435,1,436,1,
4307.143, Bid:,1,44,1,Ask:,5,274,1,356,1,424,1,435,1,436,1,
4308.714, Bid:,1,44,1,Ask:,4,356,1,424,1,435,1,436,1,
4308.857, Bid:,2,44,1,310,1,Ask:,4,356,1,424,1,435,1,436,1,
4309.000, Bid:,1,44,1,Ask:,4,356,1,424,1,435,1,436,1,
4309.571, Bid:,2,44,1,177,1,Ask:,4,356,1,424,1,435,1,436,1,
4311.143, Bid:,1,44,1,Ask:,4,356,1,424,1,435,1,436,1,
4311.714, Bid:,1,44,1,Ask:,5,128,1,356,1,424,1,435,1,436,1,
4312.857, Bid:,1,44,1,Ask:,4,356,1,424,1,435,1,436,1,
4313.000, Bid:,2,26,1,44,1,Ask:,4,356,1,424,1,435,1,436,1,
4313.143, Bid:,3,26,1,44,1,301,1,Ask:,4,356,1,424,1,435,1,436,1,
4313.429, Bid:,2,26,1,44,1,Ask:,4,356,1,424,1,435,1,436,1,
4314.000, Bid:,2,26,1,44,1,Ask:,5,356,1,424,1,435,1,436,1,458,1,
4319.429, Bid:,2,26,1,44,1,Ask:,5,108,1,356,1,424,1,436,1,458,1,
4319.857, Bid:,2,26,1,44,1,Ask:,4,356,1,424,1,436,1,458,1,
4320.000, Bid:,2,26,1,44,1,Ask:,5,356,1,364,1,424,1,436,1,458,1,
4320.286, Bid:,2,26,1,103,1,Ask:,5,356,1,364,1,424,1,436,1,458,1,
4320.429, Bid:,3,26,1,103,1,109,1,Ask:,5,356,1,364,1,424,1,436,1,458,1,
4321.000, Bid:,2,26,1,103,1,Ask:,4,356,1,364,1,424,1,436,1,
4321.857, Bid:,2,26,1,103,1,Ask:,4,356,1,364,1,424,1,436,2,
4335.000, Bid:,3,26,1,93,1,103,1,Ask:,4,356,1,364,1,424,1,436,2,
4335.286, Bid:,3,26,1,93,1,103,1,Ask:,5,104,1,356,1,364,1,424,1,436,1,
4350.000, Bid:,3,26,1,93,1,103,1,Ask:,4,356,1,364,1,424,1,436,1,
4350.143, Bid:,3,26,1,93,1,103,1,Ask:,5,356,1,357,1,364,1,424,1,436,1,
4350.429, Bid:,3,26,1,93,1,103,1,Ask:,4,357,1,364,1,424,1,436,1,
4350.571, Bid:,2,26,1,103,1,Ask:,3,364,1,424,1,436,1,
4350.714, Bid:,1,26,1,Ask:,3,364,1,424,1,436,1,
4350.857, Bid:,2,26,1,320,1,Ask:,3,364,1,424,1,436,1,
4351.000, Bid:,1,26,1,Ask:,2,424,1,436,1,
4351.143, Bid:,0,Ask:,2,424,1,436,1,
4351.286, Bid:,0,Ask:,2,179,1,436,1,
4351.429, Bid:,0,Ask:,3,116,1,179,1,436,1,
4351.571, Bid:,0,Ask:,4,116,1,179,1,339,1,436,1,
4351.714, Bid:,0,Ask:,4,116,1,179,1,339,1,416,1,
4352.000, Bid:,1,23,1,Ask:,4,116,1,179,1,339,1,416,1,
4352.571, Bid:,1,23,1,Ask:,5,116,1,179,1,339,1,356,1,416,1,
4353.286, Bid:,1,23,1,Ask:,4,179,1,339,1,356,1,416,1,
4353.429, Bid:,1,23,1,Ask:,3,339,1,356,1,416,1,
4354.571, Bid:,1,23,1,Ask:,4,339,1,356,1,416,1,454,1,
4356.857, Bid:,1,23,1,Ask:,5,316,1,339,1,356,1,416,1,454,1,
4365.143, Bid:,2,23,1,87,1,Ask:,5,316,1,339,1,356,1,416,1,454,1,
4365.429, Bid:,2,23,1,87,1,Ask:,5,98,1,316,1,339,1,416,1,454,1,
4369.429, Bid:,2,23,1,87,1,Ask:,4,316,1,339,1,416,1,454,1,
4370.000, Bid:,3,23,1,87,1,164,1,Ask:,4,316,1,339,1,416,1,454,1,
4371.000, Bid:,2,23,1,87,1,Ask:,4,316,1,339,1,416,1,454,1,
4371.286, Bid:,2,23,1,87,1,Ask:,5,223,1,316,1,339,1,416,1,454,1,
4380.571, Bid:,3,23,1,87,1,108,1,Ask:,5,223,1,316,1,339,1,416,1,454,1,
4381.286, Bid:,2,23,1,87,1,Ask:,4,223,1,316,1,416,1,454,1,
4381.571, Bid:,2,23,1,87,1,Ask:,5,223,1,316,1,317,1,416,1,454,1,
4382.286, Bid:,2,23,1,87,1,Ask:,4,316,1,317,1,416,1,454,1,
4382.714, Bid:,3,23,1,87,1,115,1,Ask:,4,316,1,317,1,416,1,454,1,
4383.286, Bid:,4,23,1,24,1,87,1,115,1,Ask:,4,316,1,317,1,416,1,454,1,
4395.571, Bid:,5,23,1,24,1,87,1,97,1,115,1,Ask:,4,316,1,317,1,416,1,454,1,
4396.286, Bid:,4,23,1,24,1,87,1,97,1,Ask:,4,316,1,317,1,416,1,454,1,
4398.143, Bid:,3,23,1,24,1,87,1,Ask:,4,316,1,317,1,416,1,454,1,
4398.286, Bid:,3,23,1,24,1,87,1,Ask:,4,316,1,317,1,409,1,416,1,
4398.714, Bid:,2,23,1,24,1,Ask:,4,316,1,317,1,409,1,416,1,
4398.857, Bid:,2,23,1,24,1,Ask:,5,70,1,316,1,317,1,409,1,416,1,
4399.286, Bid:,2,23,1,24,1,Ask:,4,316,1,317,1,409,1,416,1,
4399.571, Bid:,3,23,1,24,1,71,1,Ask:,4,316,1,317,1,409,1,416,1,
4400.143, Bid:,3,23,1,24,1,71,1,Ask:,3,317,1,409,1,416,1,
4400.571, Bid:,3,23,1,24,1,71,1,Ask:,4,243,1,317,1,409,1,416,1,
4401.143, Bid:,4,23,1,24,1,71,1,220,1,Ask:,4,243,1,317,1,409,1,416,1,
4410.571, Bid:,5,23,1,24,1,71,1,95,1,220,1,Ask:,4,243,1,317,1,409,1,416,1,
4410.857, Bid:,4,23,1,24,1,71,1,95,1,Ask:,4,243,1,317,1,409,1,416,1,
4411.143, Bid:,4,23,1,24,1,71,1,95,1,Ask:,5,243,1,317,1,409,1,416,1,458,1,
4411.429, Bid:,4,23,1,24,1,71,1,95,2,Ask:,5,243,1,317,1,409,1,416,1,458,1,
4412.000, Bid:,3,24,1,71,1,95,2,Ask:,4,317,1,409,1,416,1,458,1,
4412.286, Bid:,3,24,1,71,1,95,2,Ask:,5,316,1,317,1,409,1,416,1,458,1,
4413.429, Bid:,4,24,1,71,1,94,1,95,2,Ask:,5,316,1,317,1,409,1,416,1,458,1,
4425.857, Bid:,4,24,1,71,1,94,1,95,1,Ask:,4,316,1,409,1,416,1,458,1,
4426.000, Bid:,4,24,1,71,1,94,1,95,1,Ask:,3,409,1,416,1,458,1,
4426.143, Bid:,3,24,1,71,1,94,1,Ask:,3,409,1,416,1,458,1,
4426.286, Bid:,3,24,1,71,1,94,1,Ask:,3,412,1,416,1,458,1,
4426.429, Bid:,3,24,1,71,1,94,1,Ask:,2,416,1,458,1,
4426.714, Bid:,4,24,1,71,1,94,1,214,1,Ask:,2,416,1,458,1,
4427.000, Bid:,3,24,1,71,1,94,1,Ask:,2,416,1,458,1,
4427.143, Bid:,4,24,1,71,1,94,1,215,1,Ask:,2,416,1,458,1,
4427.286, Bid:,4,71,1,94,1,109,1,215,1,Ask:,2,416,1,458,1,
4427.857, Bid:,4,71,1,94,1,109,1,215,1,Ask:,3,416,1,458,1,487,1,
4430.000, Bid:,4,71,1,94,1,109,1,215,1,Ask:,4,241,1,416,1,458,1,487,1,
4440.857, Bid:,4,71,1,90,1,94,1,109,1,Ask:,4,241,1,416,1,458,1,487,1,
4441.429, Bid:,4,71,1,90,1,94,1,105,1,Ask:,4,241,1,416,1,458,1,487,1,
4441.571, Bid:,4,71,1,90,1,94,1,105,1,Ask:,5,109,1,241,1,416,1,458,1,487,1,
4442.714, Bid:,3,90,1,94,1,105,1,Ask:,4,241,1,416,1,458,1,487,1,
4442.857, Bid:,2,90,1,94,1,Ask:,3,241,1,416,1,458,1,
4443.000, Bid:,1,90,1,Ask:,2,416,1,458,1,
4443.286, Bid:,1,90,1,Ask:,3,416,1,445,1,458,1,
4444.000, Bid:,1,90,1,Ask:,4,173,1,416,1,445,1,458,1,
4444.429, Bid:,2,90,1,108,1,Ask:,4,173,1,416,1,445,1,458,1,
4446.857, Bid:,2,90,1,108,1,Ask:,5,154,1,173,1,416,1,445,1,458,1,
4456.143, Bid:,1,90,1,Ask:,4,154,1,173,1,416,1,445,1,
4456.571, Bid:,1,90,1,Ask:,4,154,1,173,1,445,1,490,1,
4456.714, Bid:,1,85,1,Ask:,4,154,1,173,1,445,1,490,1,
4457.286, Bid:,1,85,1,Ask:,5,154,1,173,1,378,1,445,1,490,1,
4471.143, Bid:,1,85,1,Ask:,5,102,1,154,1,173,1,445,1,490,1,
4471.714, Bid:,2,85,1,97,1,Ask:,5,102,1,154,1,173,1,445,1,490,1,
4472.286, Bid:,2,85,1,97,1,Ask:,5,102,1,113,1,173,1,445,1,490,1,
4473.714, Bid:,2,85,1,97,1,Ask:,4,113,1,173,1,445,1,490,1,
4474.000, Bid:,1,85,1,Ask:,3,113,1,173,1,445,1,
4474.286, Bid:,1,85,1,Ask:,4,113,1,173,1,415,1,445,1,
4474.857, Bid:,0,Ask:,4,113,1,173,1,415,1,445,1,
4475.714, Bid:,0,Ask:,5,104,1,113,1,173,1,415,1,445,1,
4476.143, Bid:,0,Ask:,4,113,1,173,1,415,1,445,1,
4476.571, Bid:,0,Ask:,4,113,1,264,1,415,1,445,1,
4476.714, Bid:,0,Ask:,5,113,1,264,1,299,1,415,1,445,1,
4477.000, Bid:,0,Ask:,6,113,1,264,1,299,1,309,1,415,1,445,1,
4487.000, Bid:,1,97,1,Ask:,6,113,1,264,1,299,1,309,1,415,1,445,1,
4487.857, Bid:,0,Ask:,5,113,1,264,1,299,1,309,1,415,1,
4488.143, Bid:,0,Ask:,6,113,1,264,1,299,1,309,1,367,1,415,1,
4489.571, Bid:,0,Ask:,5,264,1,299,1,309,1,367,1,415,1,
4489.857, Bid:,1,199,1,Ask:,5,264,1,299,1,309,1,367,1,415,1,
4490.714, Bid:,1,199,1,Ask:,6,264,1,299,1,309,1,339,1,367,1,415,1,
4493.000, Bid:,0,Ask:,6,264,1,299,1,309,1,339,1,367,1,415,1,
4493.714, Bid:,1,174,1,Ask:,6,264,1,299,1,309,1,339,1,367,1,415,1,
4501.429, Bid:,2,88,1,174,1,Ask:,6,264,1,299,1,309,1,339,1,367,1,415,1,
4502.286, Bid:,3,88,1,112,1,174,1,Ask:,6,264,1,299,1,309,1,339,1,367,1,415,1,
4502.429, Bid:,2,88,1,112,1,Ask:,5,264,1,299,1,309,1,367,1,415,1,
4503.571, Bid:,2,88,1,112,1,Ask:,4,299,1,309,1,367,1,415,1,
4503.714, Bid:,2,88,1,112,1,Ask:,5,299,1,309,1,367,1,415,1,450,1,
4504.857, Bid:,2,88,1,112,1,Ask:,4,309,1,367,1,415,1,450,1,
4507.143, Bid:,1,112,1,Ask:,3,367,1,415,1,450,1,
4508.000, Bid:,1,34,1,Ask:,3,367,1,415,1,450,1,
4508.286, Bid:,2,34,1,314,1,Ask:,3,367,1,415,1,450,1,
4509.714, Bid:,1,34,1,Ask:,3,367,1,415,1,450,1,
4510.429, Bid:,2,34,1,340,1,Ask:,3,367,1,415,1,450,1,
4510.857, Bid:,2,34,1,340,1,Ask:,4,367,1,415,1,450,1,493,1,
4516.571, Bid:,1,34,1,Ask:,3,415,1,450,1,493,1,
4516.714, Bid:,2,34,1,86,1,Ask:,3,415,1,450,1,493,1,
4516.857, Bid:,3,34,1,86,1,154,1,Ask:,3,415,1,450,1,493,1,
4518.143, Bid:,4,34,1,86,1,154,1,177,1,Ask:,3,415,1,450,1,493,1,
4531.857, Bid:,3,34,1,86,1,154,1,Ask:,3,415,1,450,1,493,1,
4532.000, Bid:,2,34,1,86,1,Ask:,3,415,1,450,1,493,1,
4532.429, Bid:,3,34,1,69,1,86,1,Ask:,3,415,1,450,1,493,1,
4533.143, Bid:,3,34,1,69,1,86,1,Ask:,3,105,1,450,1,493,1,
4534.143, Bid:,3,34,1,69,1,86,1,Ask:,4,105,1,284,1,450,1,493,1,
4535.571, Bid:,3,34,1,69,1,86,1,Ask:,3,284,1,450,1,493,1,
4535.857, Bid:,4,34,1,69,1,86,1,168,1,Ask:,3,284,1,450,1,493,1,
4536.571, Bid:,3,34,1,69,1,86,1,Ask:,3,284,1,450,1,493,1,
4537.429, Bid:,4,34,1,69,1,86,1,109,1,Ask:,3,284,1,450,1,493,1,
4546.857, Bid:,3,34,1,69,1,86,1,Ask:,2,284,1,493,1,
4547.143, Bid:,3,69,1,86,1,111,1,Ask:,2,284,1,493,1,
4547.571, Bid:,3,69,1,86,1,111,1,Ask:,1,493,1,
4548.286, Bid:,3,69,1,86,1,111,1,Ask:,2,449,1,493,1,
4548.429, Bid:,3,69,1,86,1,111,1,Ask:,3,247,1,449,1,493,1,
4549.714, Bid:,3,69,1,86,1,111,1,Ask:,2,449,1,493,1,
4550.571, Bid:,4,69,1,86,1,111,1,192,1,Ask:,2,449,1,493,1,
4551.143, Bid:,5,69,1,77,1,86,1,111,1,192,1,Ask:,2,449,1,493,1,
4562.286, Bid:,5,77,1,86,1,104,1,111,1,192,1,Ask:,2,449,1,493,1,
4562.571, Bid:,4,77,1,86,1,104,1,111,1,Ask:,2,449,1,493,1,
4562.857, Bid:,3,77,1,86,1,104,1,Ask:,2,449,1,493,1,
4563.857, Bid:,2,77,1,86,1,Ask:,2,449,1,493,1,
4564.286, Bid:,3,77,1,86,1,207,1,Ask:,2,449,1,493,1,
4565.286, Bid:,3,77,1,86,1,207,1,Ask:,3,448,1,449,1,493,1,
4565.429, Bid:,3,77,1,86,1,207,1,Ask:,4,448,1,449,1,466,1,493,1,
4567.714, Bid:,3,77,1,86,1,207,1,Ask:,5,246,1,448,1,449,1,466,1,493,1,
4577.143, Bid:,3,77,1,86,1,99,1,Ask:,5,246,1,448,1,449,1,466,1,493,1,
4578.286, Bid:,3,77,1,86,1,99,1,Ask:,5,113,1,246,1,448,1,466,1,493,1,
4578.857, Bid:,3,77,1,86,1,99,1,Ask:,4,246,1,448,1,466,1,493,1,
4579.286, Bid:,3,77,1,86,1,99,1,Ask:,5,171,1,246,1,448,1,466,1,493,1,
4592.429, Bid:,3,77,1,86,1,99,1,Ask:,5,111,1,246,1,448,1,466,1,493,1,
4592.571, Bid:,3,77,1,86,1,104,1,Ask:,5,111,1,246,1,448,1,466,1,493,1,
4593.000, Bid:,3,77,1,86,1,104,1,Ask:,5,105,1,111,1,246,1,466,1,493,1,
4596.571, Bid:,3,77,1,91,1,104,1,Ask:,5,105,1,111,1,246,1,466,1,493,1,
4609.000, Bid:,3,77,1,91,1,104,1,Ask:,4,111,1,246,1,466,1,493,1,
4609.143, Bid:,3,77,1,91,1,104,1,Ask:,5,111,1,246,1,418,1,466,1,493,1,
4610.429, Bid:,4,61,1,77,1,91,1,104,1,Ask:,5,111,1,246,1,418,1,466,1,493,1,
4624.143, Bid:,3,61,1,77,1,91,1,Ask:,4,111,1,418,1,466,1,493,1,
4624.286, Bid:,3,61,1,77,1,91,1,Ask:,4,109,1,418,1,466,1,493,1,
4624.429, Bid:,3,61,1,77,1,91,1,Ask:,5,109,1,337,1,418,1,466,1,493,1,
4624.714, Bid:,3,61,1,77,1,91,1,Ask:,6,109,1,274,1,337,1,418,1,466,1,493,1,
4637.857, Bid:,3,61,1,77,1,91,1,Ask:,6,104,1,109,1,274,1,337,1,466,1,493,1,
4638.429, Bid:,2,77,1,91,1,Ask:,5,109,1,274,1,337,1,466,1,493,1,
4640.571, Bid:,2,77,1,91,1,Ask:,6,109,1,274,1,337,1,466,1,475,1,493,1,
4641.286, Bid:,2,77,1,91,1,Ask:,6,109,1,274,1,337,1,343,1,475,1,493,1,
4652.571, Bid:,2,77,1,90,1,Ask:,6,109,1,274,1,337,1,343,1,475,1,493,1,
4653.143, Bid:,2,77,1,90,1,Ask:,6,94,1,109,1,274,1,343,1,475,1,493,1,
4653.286, Bid:,2,77,1,90,1,Ask:,6,94,1,107,1,274,1,343,1,475,1,493,1,
4668.000, Bid:,2,77,1,90,1,Ask:,5,107,1,274,1,343,1,475,1,493,1,
4668.571, Bid:,2,77,1,90,1,Ask:,4,274,1,343,1,475,1,493,1,
4669.000, Bid:,1,77,1,Ask:,4,274,1,343,1,475,1,493,1,
4669.286, Bid:,1,77,1,Ask:,4,95,1,274,1,343,1,493,1,
4669.429, Bid:,2,63,1,77,1,Ask:,4,95,1,274,1,343,1,493,1,
4669.571, Bid:,3,63,1,72,1,77,1,Ask:,4,95,1,274,1,343,1,493,1,
4671.000, Bid:,3,63,1,72,1,77,1,Ask:,4,95,1,242,1,274,1,343,1,
4673.857, Bid:,3,63,1,72,1,77,1,Ask:,3,242,1,274,1,343,1,
4676.286, Bid:,4,63,1,72,1,77,1,85,1,Ask:,3,242,1,274,1,343,1,
4676.714, Bid:,3,63,1,72,1,85,1,Ask:,2,274,1,343,1,
4677.000, Bid:,3,63,1,72,1,85,1,Ask:,3,149,1,274,1,343,1,
4678.000, Bid:,3,63,1,72,1,85,1,Ask:,2,274,1,343,1,
4678.429, Bid:,4,15,1,63,1,72,1,85,1,Ask:,2,274,1,343,1,
4678.857, Bid:,5,13,1,15,1,63,1,72,1,85,1,Ask:,2,274,1,343,1,
4682.857, Bid:,5,13,1,15,1,63,1,72,1,85,1,Ask:,3,86,1,274,1,343,1,
4683.143, Bid:,5,13,1,15,1,63,1,72,1,85,1,Ask:,4,86,1,98,1,274,1,343,1,
4683.857, Bid:,5,13,1,15,1,63,1,72,1,85,1,Ask:,3,98,1,274,1,343,1,
4684.000, Bid:,4,13,1,15,1,63,1,72,1,Ask:,2,274,1,343,1,
4684.143, Bid:,5,13,1,15,1,63,1,72,1,114,1,Ask:,2,274,1,343,1,
4684.571, Bid:,5,13,1,15,1,63,1,72,1,114,1,Ask:,3,129,1,274,1,343,1,
4685.143, Bid:,5,13,1,15,1,63,1,72,1,114,1,Ask:,2,274,1,343,1,
4685.571, Bid:,5,13,1,15,1,63,1,72,1,114,1,Ask:,3,274,1,343,1,491,1,
4685.857, Bid:,5,13,1,15,1,63,1,72,1,114,1,Ask:,4,274,1,304,1,343,1,491,1,
4698.143, Bid:,4,13,1,15,1,63,1,72,1,Ask:,3,274,1,343,1,491,1,
4698.429, Bid:,4,13,1,15,1,63,1,72,1,Ask:,3,343,1,411,1,491,1,
4699.000, Bid:,4,13,1,15,1,63,1,115,1,Ask:,3,343,1,411,1,491,1,
4701.286, Bid:,5,13,1,15,1,63,1,115,1,158,1,Ask:,3,343,1,411,1,491,1,
4702.143, Bid:,4,13,1,15,1,63,1,115,1,Ask:,3,343,1,411,1,491,1,
4702.286, Bid:,5,13,1,15,1,63,1,115,1,168,1,Ask:,3,343,1,411,1,491,1,
4713.571, Bid:,5,15,1,63,1,87,1,115,1,168,1,Ask:,3,343,1,411,1,491,1,
4714.286, Bid:,5,15,1,63,1,87,1,114,1,168,1,Ask:,3,343,1,411,1,491,1,
4717.429, Bid:,4,15,1,63,1,87,1,114,1,Ask:,3,343,1,411,1,491,1,
4718.286, Bid:,4,15,1,87,1,109,1,114,1,Ask:,3,343,1,411,1,491,1,
4718.857, Bid:,3,15,1,87,1,109,1,Ask:,3,343,1,411,1,491,1,
4720.429, Bid:,2,15,1,87,1,Ask:,2,411,1,491,1,
4720.571, Bid:,3,15,1,87,1,95,1,Ask:,2,411,1,491,1,
4720.857, Bid:,3,15,1,87,1,95,1,Ask:,3,367,1,411,1,491,1,
4721.000, Bid:,3,15,1,87,1,95,1,Ask:,4,359,1,367,1,411,1,491,1,
4728.429, Bid:,3,15,1,87,1,95,1,Ask:,4,98,1,359,1,367,1,411,1,
4728.714, Bid:,3,15,1,87,1,95,1,Ask:,3,359,1,367,1,411,1,
4729.286, Bid:,2,87,1,95,1,Ask:,2,367,1,411,1,
4729.429, Bid:,1,95,2,Ask:,2,367,1,411,1,
4729.571, Bid:,1,95,2,Ask:,3,367,1,411,1,499,1,
4732.286, Bid:,2,95,2,284,1,Ask:,3,367,1,411,1,499,1,
4732.571, Bid:,1,95,2,Ask:,3,367,1,411,1,499,1,
4733.286, Bid:,2,95,2,209,1,Ask:,3,367,1,411,1,499,1,
4743.429, Bid:,3,95,2,98,1,209,1,Ask:,3,367,1,411,1,499,1,
4743.857, Bid:,2,95,2,98,1,Ask:,3,367,1,411,1,499,1,
4744.000, Bid:,3,65,1,95,1,98,1,Ask:,3,367,1,411,1,499,1,
4744.429, Bid:,2,65,1,95,1,Ask:,3,367,1,411,1,499,1,
4744.857, Bid:,2,65,1,95,1,Ask:,2,411,1,499,1,
4745.429, Bid:,2,65,1,95,1,Ask:,1,499,1,
4745.571, Bid:,3,65,1,95,1,471,1,Ask:,1,499,1,
4745.714, Bid:,4,22,1,65,1,95,1,471,1,Ask:,1,499,1,
4747.429, Bid:,3,22,1,65,1,95,1,Ask:,1,499,1,
4747.571, Bid:,4,22,1,65,1,95,1,221,1,Ask:,1,499,1,
4748.143, Bid:,3,22,1,65,1,95,1,Ask:,1,499,1,
4748.429, Bid:,2,22,1,65,1,Ask:,1,499,1,
4748.571, Bid:,2,22,1,65,1,Ask:,2,483,1,499,1,
4748.857, Bid:,3,22,1,65,1,251,1,Ask:,2,483,1,499,1,
4752.857, Bid:,4,22,1,65,1,158,1,251,1,Ask:,2,483,1,499,1,
4759.000, Bid:,3,22,1,65,1,158,1,Ask:,1,483,1,
4759.429, Bid:,4,22,1,65,1,68,1,158,1,Ask:,1,483,1,
4759.714, Bid:,4,22,1,65,1,68,1,86,1,Ask:,1,483,1,
4760.429, Bid:,4,22,1,65,1,68,1,86,1,Ask:,2,462,1,483,1,
4774.000, Bid:,4,22,1,65,1,68,1,86,1,Ask:,3,101,1,462,1,483,1,
4774.429, Bid:,4,22,1,65,1,68,1,86,1,Ask:,2,462,1,483,1,
4774.571, Bid:,3,65,1,68,1,86,1,Ask:,1,483,1,
4774.714, Bid:,3,65,1,68,1,86,1,Ask:,2,256,1,483,1,
4776.143, Bid:,4,65,1,68,1,86,1,109,1,Ask:,2,256,1,483,1,
4776.714, Bid:,4,65,1,68,1,86,1,109,1,Ask:,3,256,1,457,1,483,1,
4778.286, Bid:,3,65,1,68,1,86,1,Ask:,3,256,1,457,1,483,1,
4779.143, Bid:,3,65,1,68,1,86,1,Ask:,3,256,1,391,1,457,1,
4789.000, Bid:,3,65,1,68,1,86,1,Ask:,4,88,1,256,1,391,1,457,1,
4789.714, Bid:,2,65,1,86,1,Ask:,3,256,1,391,1,457,1,
4790.571, Bid:,2,65,1,86,1,Ask:,4,196,1,256,1,391,1,457,1,
4791.286, Bid:,3,65,1,86,1,89,1,Ask:,4,196,1,256,1,391,1,457,1,
4792.571, Bid:,3,65,1,86,1,89,1,Ask:,5,196,1,256,1,391,1,405,1,457,1,
4804.143, Bid:,3,65,1,87,1,89,1,Ask:,5,196,1,256,1,391,1,405,1,457,1,
4804.286, Bid:,3,65,1,87,1,89,1,Ask:,5,105,1,196,1,391,1,405,1,457,1,
4804.714, Bid:,2,65,1,87,1,Ask:,4,196,1,391,1,405,1,457,1,
4805.857, Bid:,3,65,1,87,1,105,1,Ask:,4,196,1,391,1,405,1,457,1,
4809.143, Bid:,4,65,1,87,1,105,1,131,1,Ask:,4,196,1,391,1,405,1,457,1,
4809.857, Bid:,3,65,1,87,1,105,1,Ask:,4,196,1,391,1,405,1,457,1,
4810.000, Bid:,4,65,1,85,1,87,1,105,1,Ask:,4,196,1,391,1,405,1,457,1,
4820.000, Bid:,5,65,1,85,1,87,1,105,1,107,1,Ask:,4,196,1,391,1,405,1,457,1,
4823.143, Bid:,4,65,1,85,1,87,1,105,1,Ask:,3,196,1,391,1,405,1,
4824.143, Bid:,3,65,1,85,1,87,1,Ask:,3,196,1,391,1,405,1,
4824.429, Bid:,3,65,1,85,1,87,1,Ask:,3,180,1,196,1,405,1,
4825.714, Bid:,3,65,1,85,1,87,1,Ask:,4,180,1,196,1,269,1,405,1,
4826.000, Bid:,4,65,1,85,1,87,1,148,1,Ask:,4,180,1,196,1,269,1,405,1,
4834.429, Bid:,3,65,1,85,1,87,1,Ask:,3,180,1,269,1,405,1,
4834.714, Bid:,3,65,1,85,1,87,1,Ask:,3,95,1,180,1,405,1,
4835.143, Bid:,3,65,1,85,1,87,1,Ask:,2,180,1,405,1,
4835.571, Bid:,4,65,1,85,1,87,1,96,1,Ask:,2,180,1,405,1,
4835.714, Bid:,4,65,1,85,1,87,1,96,1,Ask:,3,180,1,307,1,405,1,
4836.143, Bid:,5,65,1,85,1,87,1,96,1,113,1,Ask:,3,180,1,307,1,405,1,
4837.000, Bid:,5,65,1,85,1,87,1,96,1,113,1,Ask:,3,180,1,252,1,307,1,
4837.143, Bid:,5,65,1,85,1,91,1,96,1,113,1,Ask:,3,180,1,252,1,307,1,
4849.571, Bid:,5,65,1,85,1,86,1,96,1,113,1,Ask:,3,180,1,252,1,307,1,
4849.857, Bid:,4,65,1,85,1,86,1,96,1,Ask:,3,180,1,252,1,307,1,
4850.143, Bid:,3,65,1,86,1,96,1,Ask:,2,252,1,307,1,
4850.286, Bid:,4,65,1,86,1,96,1,121,1,Ask:,2,252,1,307,1,
4850.429, Bid:,4,65,1,86,1,96,1,121,1,Ask:,3,252,1,307,1,433,1,
4851.000, Bid:,4,65,1,86,1,96,1,121,1,Ask:,2,307,1,433,1,
4852.000, Bid:,5,65,1,86,1,96,1,121,1,270,1,Ask:,2,307,1,433,1,
4852.571, Bid:,6,65,1,86,1,96,1,121,1,270,1,284,1,Ask:,2,307,1,433,1,
4865.000, Bid:,5,65,1,86,1,96,1,121,1,270,1,Ask:,2,307,1,433,1,
4865.143, Bid:,6,65,1,86,1,96,1,112,1,121,1,270,1,Ask:,2,307,1,433,1,
4865.286, Bid:,6,65,1,86,1,96,1,112,1,121,1,270,1,Ask:,3,307,1,311,1,433,1,
4865.571, Bid:,5,65,1,86,1,96,1,112,1,121,1,Ask:,2,311,1,433,1,
4865.714, Bid:,5,65,1,86,1,96,1,112,1,121,1,Ask:,3,311,1,332,1,433,1,
4866.143, Bid:,5,65,1,86,1,96,1,112,1,208,1,Ask:,3,311,1,332,1,433,1,
4867.286, Bid:,5,65,1,86,1,96,1,112,1,208,1,Ask:,4,246,1,311,1,332,1,433,1,
4879.857, Bid:,4,65,1,86,1,96,1,112,1,Ask:,3,311,1,332,1,433,1,
4880.286, Bid:,4,65,1,86,1,96,1,112,1,Ask:,4,311,1,332,1,433,1,492,1,
4880.429, Bid:,5,65,1,86,1,96,1,112,1,163,1,Ask:,4,311,1,332,1,433,1,492,1,
4880.571, Bid:,5,65,1,94,1,96,1,112,1,163,1,Ask:,4,311,1,332,1,433,1,492,1,
4894.857, Bid:,6,65,1,94,1,96,1,101,1,112,1,163,1,Ask:,4,311,1,332,1,433,1,492,1,
4895.714, Bid:,6,65,1,94,1,96,1,101,1,113,1,163,1,Ask:,4,311,1,332,1,433,1,492,1,
4896.143, Bid:,5,65,1,94,1,96,1,101,1,113,1,Ask:,3,311,1,433,1,492,1,
4896.286, Bid:,4,65,1,94,1,96,1,101,1,Ask:,3,311,1,433,1,492,1,
4896.429, Bid:,4,65,1,94,1,96,1,101,1,Ask:,3,187,1,311,1,492,1,
4896.714, Bid:,3,65,1,94,1,96,1,Ask:,3,187,1,311,1,492,1,
4896.857, Bid:,3,65,1,94,1,96,1,Ask:,4,187,1,254,1,311,1,492,1,
4897.000, Bid:,2,65,1,94,1,Ask:,3,254,1,311,1,492,1,
4897.857, Bid:,2,65,1,94,1,Ask:,4,201,1,254,1,311,1,492,1,
4898.429, Bid:,2,65,1,94,1,Ask:,5,131,1,201,1,254,1,311,1,492,1,
4899.429, Bid:,2,65,1,94,1,Ask:,5,131,1,201,1,254,1,331,1,492,1,
4910.143, Bid:,2,65,1,94,1,Ask:,5,95,1,131,1,201,1,254,1,331,1,
4910.286, Bid:,2,65,1,94,1,Ask:,4,131,1,201,1,254,1,331,1,
4911.143, Bid:,2,65,1,94,1,Ask:,4,131,1,201,1,254,1,306,1,
4911.714, Bid:,2,65,1,94,1,Ask:,3,201,1,254,1,306,1,
4913.429, Bid:,2,65,1,94,1,Ask:,2,254,1,306,1,
4913.571, Bid:,2,65,1,94,1,Ask:,3,238,1,254,1,306,1,
4914.429, Bid:,2,94,1,144,1,Ask:,3,238,1,254,1,306,1,
4914.857, Bid:,2,94,1,144,1,Ask:,2,254,1,306,1,
4916.286, Bid:,1,94,1,Ask:,2,254,1,306,1,
4916.714, Bid:,2,94,1,124,1,Ask:,2,254,1,306,1,
4916.857, Bid:,3,33,1,94,1,124,1,Ask:,2,254,1,306,1,
4917.000, Bid:,4,33,1,94,1,124,1,172,1,Ask:,2,254,1,306,1,
4925.286, Bid:,4,33,1,86,1,124,1,172,1,Ask:,2,254,1,306,1,
4925.429, Bid:,3,33,1,86,1,124,1,Ask:,1,306,1,
4925.857, Bid:,3,33,1,86,1,109,1,Ask:,1,306,1,
4926.000, Bid:,4,33,1,86,1,109,1,271,1,Ask:,1,306,1,
4926.429, Bid:,3,33,1,86,1,109,1,Ask:,1,306,1,
4927.143, Bid:,2,33,1,86,1,Ask:,1,306,1,
4927.286, Bid:,2,33,1,86,1,Ask:,2,194,1,306,1,
4927.714, Bid:,2,33,1,86,1,Ask:,1,306,1,
4928.000, Bid:,3,33,1,41,1,86,1,Ask:,1,306,1,
4928.143, Bid:,3,33,1,41,1,86,1,Ask:,2,177,1,306,1,
4928.857, Bid:,3,33,1,41,1,86,1,Ask:,1,306,1,
4929.000, Bid:,3,33,1,41,1,86,1,Ask:,0,
4929.286, Bid:,4,33,1,41,1,86,1,243,1,Ask:,0,
4929.429, Bid:,5,33,1,41,1,86,1,213,1,243,1,Ask:,0,
4931.143, Bid:,5,33,1,41,1,86,1,213,1,243,1,Ask:,1,426,1,
4941.143, Bid:,5,33,1,41,1,86,1,102,1,243,1,Ask:,1,426,1,
4942.857, Bid:,4,33,1,41,1,86,1,102,1,Ask:,1,426,1,
4943.000, Bid:,4,41,1,86,1,102,1,158,1,Ask:,1,426,1,
4945.143, Bid:,4,41,1,86,1,102,1,158,1,Ask:,2,188,1,426,1,
4945.429, Bid:,4,41,1,86,1,102,1,158,1,Ask:,1,426,1,
4947.143, Bid:,4,41,1,86,1,102,1,158,1,Ask:,2,393,1,426,1,
4955.429, Bid:,3,41,1,86,1,102,1,Ask:,1,426,1,
4955.714, Bid:,3,41,1,87,1,102,1,Ask:,1,426,1,
4955.857, Bid:,3,41,1,87,1,102,1,Ask:,1,106,1,
4956.000, Bid:,3,41,1,87,1,102,1,Ask:,2,106,1,118,1,
4956.429, Bid:,3,41,1,87,1,97,1,Ask:,2,106,1,118,1,
4957.286, Bid:,3,41,1,87,1,97,1,Ask:,1,118,1,
4957.571, Bid:,3,41,1,87,1,97,1,Ask:,0,
4957.714, Bid:,3,41,1,87,1,97,1,Ask:,1,399,1,
4958.714, Bid:,3,41,1,87,1,97,1,Ask:,2,250,1,399,1,
4959.143, Bid:,3,41,1,87,1,97,1,Ask:,3,178,1,250,1,399,1,
4971.000, Bid:,3,41,1,87,1,97,1,Ask:,3,104,1,178,1,399,1,
4972.286, Bid:,2,87,1,97,1,Ask:,2,178,1,399,1,
4972.857, Bid:,1,87,1,Ask:,2,178,1,399,1,
4973.143, Bid:,0,Ask:,2,178,1,399,1,
4973.286, Bid:,1,51,1,Ask:,2,178,1,399,1,
4973.571, Bid:,1,51,1,Ask:,1,399,1,
4974.143, Bid:,2,51,1,351,1,Ask:,1,399,1,
4974.286, Bid:,2,51,1,351,1,Ask:,0,
4974.429, Bid:,1,51,1,Ask:,0,
4974.571, Bid:,1,51,1,Ask:,1,268,1,
4974.714, Bid:,1,51,1,Ask:,2,114,1,268,1,
4974.857, Bid:,1,51,1,Ask:,1,268,1,
4975.000, Bid:,1,51,1,Ask:,0,
4975.143, Bid:,1,51,1,Ask:,1,126,1,
4975.429, Bid:,1,51,1,Ask:,0,
4975.571, Bid:,1,51,1,Ask:,1,332,1,
4975.714, Bid:,1,51,1,Ask:,2,247,1,332,1,
4976.000, Bid:,2,12,1,51,1,Ask:,2,247,1,332,1,
4976.143, Bid:,3,12,1,42,1,51,1,Ask:,2,247,1,332,1,
4976.857, Bid:,4,12,1,42,1,51,1,127,1,Ask:,2,247,1,332,1,
4978.143, Bid:,4,12,1,42,1,51,1,127,1,Ask:,3,247,1,332,1,447,1,
4986.000, Bid:,3,12,1,42,1,51,1,Ask:,2,332,1,447,1,
4986.429, Bid:,3,42,1,51,1,88,1,Ask:,2,332,1,447,1,
4986.571, Bid:,3,51,1,88,1,114,1,Ask:,2,332,1,447,1,
4986.857, Bid:,4,51,1,88,1,114,1,235,1,Ask:,2,332,1,447,1,
4987.429, Bid:,3,51,1,88,1,114,1,Ask:,2,332,1,447,1,
4987.857, Bid:,3,51,1,88,1,114,1,Ask:,3,332,1,422,1,447,1,
