bse_controlled_0001, 000000, None, None, PT1, 500, 1, 500.000000, RNDM, 0, 6, 0.000000, 
bse_controlled_0001, 000000, None, 415, PT1, 500, 1, 500.000000, RNDM, 0, 6, 0.000000, 
bse_controlled_0001, 000001, 105, None, PT1, 500, 1, 500.000000, RNDM, 0, 6, 0.000000, 
bse_controlled_0001, 000002, 195, 414, PT1, 500, 1, 500.000000, RNDM, 0, 6, 0.000000, 
bse_controlled_0001, 000016, 94, 296, PT1, 500, 1, 500.000000, RNDM, 0, 6, 0.000000, 
bse_controlled_0001, 000017, 94, 306, PT1, 500, 1, 500.000000, RNDM, 0, 6, 0.000000, 
bse_controlled_0001, 000017, 94, 414, PT1, 500, 1, 500.000000, RNDM, 0, 6, 0.000000, 
bse_controlled_0001, 000017, 24, 414, PT1, 500, 1, 500.000000, RNDM, 0, 6, 0.000000, 
bse_controlled_0001, 000018, 24, 414, PT1, 500, 1, 500.000000, RNDM, 0, 6, 0.000000, 
bse_controlled_0001, 000030, 58, 431, PT1, 500, 1, 500.000000, RNDM, 0, 6, 0.000000, 
bse_controlled_0001, 000030, 58, 431, PT1, 500, 1, 500.000000, RNDM, 0, 6, 0.000000, 
bse_controlled_0001, 000032, 101, 240, PT1, 500, 1, 500.000000, RNDM, 0, 6, 0.000000, 
bse_controlled_0001, 000045, 58, 128, PT1, 500, 1, 500.000000, RNDM, 0, 6, 0.000000, 
bse_controlled_0001, 000061, 88, 123, PT1, 500, 1, 500.000000, RNDM, 0, 6, 0.000000, 
bse_controlled_0001, 000062, 88, 128, PT1, 500, 1, 500.000000, RNDM, 0, 6, 0.000000, 
bse_controlled_0001, 000062, 88, 240, PT1, 500, 1, 500.000000, RNDM, 0, 6, 0.000000, 
bse_controlled_0001, 000063, 88, 431, PT1, 500, 1, 500.000000, RNDM, 0, 6, 0.000000, 
bse_controlled_0001, 000064, 88, 431, PT1, 500, 1, 500.000000, RNDM, 0, 6, 0.000000, 
bse_controlled_0001, 000076, 88, 348, PT1, 500, 1, 500.000000, RNDM, 0, 6, 0.000000, 
bse_controlled_0001, 000091, 58, 239, PT1, 500, 1, 500.000000, RNDM, 0, 6, 0.000000, 
bse_controlled_0001, 000092, 58, 278, PT1, 500, 1, 500.000000, RNDM, 0, 6, 0.000000, 
bse_controlled_0001, 000092, 58, 348, PT1, 500, 1, 500.000000, RNDM, 0, 6, 0.000000, 
bse_controlled_0001, 000106, 58, 153, PT1, 500, 1, 500.000000, RNDM, 0, 6, 0.000000, 
bse_controlled_0001, 000106, 58, 245, PT1, 500, 1, 500.000000, RNDM, 0, 6, 0.000000, 
bse_controlled_0001, 000106, 58, 276, PT1, 500, 1, 500.000000, RNDM, 0, 6, 0.000000, 
bse_controlled_0001, 000108, 58, 276, PT1, 500, 1, 500.000000, RNDM, 0, 6, 0.000000, 
bse_controlled_0001, 000109, 53, 276, PT1, 500, 1, 500.000000, RNDM, 0, 6, 0.000000, 
bse_controlled_0001, 000121, 53, 295, PT1, 500, 1, 500.000000, RNDM, 0, 6, 0.000000, 
bse_controlled_0001, 000121, 53, 295, PT1, 500, 1, 500.000000, RNDM, 0, 6, 0.000000, 
bse_controlled_0001, 000122, 53, 295, PT1, 500, 1, 500.000000, RNDM, 0, 6, 0.000000, 
bse_controlled_0001, 000122, None, 295, PT1, 500, 1, 500.000000, RNDM, 106, 6, 17.666667, 
bse_controlled_0001, 000123, None, 295, PT1, 500, 1, 500.000000, RNDM, 106, 6, 17.666667, 
bse_controlled_0001, 000124, None, 295, PT1, 500, 1, 500.000000, RNDM, 106, 6, 17.666667, 
bse_controlled_0001, 000151, 78, 109, PT1, 500, 1, 500.000000, RNDM, 106, 6, 17.666667, 
bse_controlled_0001, 000151, None, 241, PT1, 500, 1, 500.000000, RNDM, 106, 6, 17.666667, 
bse_controlled_0001, 000151, None, 241, PT1, 500, 1, 500.000000, RNDM, 106, 6, 17.666667, 
bse_controlled_0001, 000151, None, 241, PT1, 500, 1, 500.000000, RNDM, 106, 6, 17.666667, 
bse_controlled_0001, 000151, None, 339, PT1, 500, 1, 500.000000, RNDM, 106, 6, 17.666667, 
bse_controlled_0001, 000152, None, 283, PT1, 500, 1, 500.000000, RNDM, 106, 6, 17.666667, 
bse_controlled_0001, 000167, 110, 213, PT1, 500, 1, 500.000000, RNDM, 500, 6, 83.333333, 
bse_controlled_0001, 000168, 110, 261, PT1, 500, 1, 500.000000, RNDM, 500, 6, 83.333333, 
bse_controlled_0001, 000181, None, 261, PT1, 500, 1, 500.000000, RNDM, 500, 6, 83.333333, 
bse_controlled_0001, 000181, None, 283, PT1, 500, 1, 500.000000, RNDM, 500, 6, 83.333333, 
bse_controlled_0001, 000182, 159, 290, PT1, 500, 1, 500.000000, RNDM, 500, 6, 83.333333, 
bse_controlled_0001, 000183, 103, 272, PT1, 500, 1, 500.000000, RNDM, 500, 6, 83.333333, 
bse_controlled_0001, 000186, 47, 272, PT1, 500, 1, 500.000000, RNDM, 500, 6, 83.333333, 
bse_controlled_0001, 000197, 136, 272, PT1, 500, 1, 500.000000, RNDM, 500, 6, 83.333333, 
bse_controlled_0001, 000197, 89, 272, PT1, 500, 1, 500.000000, RNDM, 500, 6, 83.333333, 
bse_controlled_0001, 000198, 89, 272, PT1, 500, 1, 500.000000, RNDM, 500, 6, 83.333333, 
bse_controlled_0001, 000205, 89, 396, PT1, 500, 1, 500.000000, RNDM, 500, 6, 83.333333, 
bse_controlled_0001, 000211, 89, 396, PT1, 500, 1, 500.000000, RNDM, 500, 6, 83.333333, 
bse_controlled_0001, 000212, 93, 396, PT1, 500, 1, 500.000000, RNDM, 500, 6, 83.333333, 
bse_controlled_0001, 000213, 36, 192, PT1, 500, 1, 500.000000, RNDM, 500, 6, 83.333333, 
bse_controlled_0001, 000213, 48, 396, PT1, 500, 1, 500.000000, RNDM, 500, 6, 83.333333, 
bse_controlled_0001, 000227, 211, 396, PT1, 500, 1, 500.000000, RNDM, 500, 6, 83.333333, 
bse_controlled_0001, 000242, 177, 311, PT1, 500, 1, 500.000000, RNDM, 500, 6, 83.333333, 
bse_controlled_0001, 000244, 48, 107, PT1, 500, 1, 500.000000, RNDM, 500, 6, 83.333333, 
bse_controlled_0001, 000258, 36, 107, PT1, 500, 1, 500.000000, RNDM, 500, 6, 83.333333, 
bse_controlled_0001, 000272, 36, 107, PT1, 500, 1, 500.000000, RNDM, 500, 6, 83.333333, 
bse_controlled_0001, 000273, 97, 287, PT1, 500, 1, 500.000000, RNDM, 500, 6, 83.333333, 
bse_controlled_0001, 000289, 97, 287, PT1, 500, 1, 500.000000, RNDM, 500, 6, 83.333333, 
bse_controlled_0001, 000302, 97, 287, PT1, 392, 1, 392.000000, RNDM, 392, 6, 65.333333, 
bse_controlled_0001, 000302, 26, 287, PT1, 392, 1, 392.000000, RNDM, 392, 6, 65.333333, 
bse_controlled_0001, 000317, 94, 287, PT1, 392, 1, 392.000000, RNDM, 392, 6, 65.333333, 
bse_controlled_0001, 000333, 94, 106, PT1, 392, 1, 392.000000, RNDM, 392, 6, 65.333333, 
bse_controlled_0001, 000334, 86, 264, PT1, 392, 1, 392.000000, RNDM, 392, 6, 65.333333, 
bse_controlled_0001, 000363, 95, 110, PT1, 392, 1, 392.000000, RNDM, 392, 6, 65.333333, 
bse_controlled_0001, 000363, 95, 264, PT1, 392, 1, 392.000000, RNDM, 392, 6, 65.333333, 
bse_controlled_0001, 000363, 86, 163, PT1, 392, 1, 392.000000, RNDM, 392, 6, 65.333333, 
bse_controlled_0001, 000365, 73, 148, PT1, 392, 1, 392.000000, RNDM, 392, 6, 65.333333, 
bse_controlled_0001, 000366, 73, 163, PT1, 392, 1, 392.000000, RNDM, 392, 6, 65.333333, 
bse_controlled_0001, 000367, 73, 361, PT1, 392, 1, 392.000000, RNDM, 392, 6, 65.333333, 
bse_controlled_0001, 000369, 73, 361, PT1, 517, 1, 517.000000, RNDM, 517, 6, 86.166667, 
bse_controlled_0001, 000379, 102, 361, PT1, 409, 1, 409.000000, RNDM, 625, 6, 104.166667, 
bse_controlled_0001, 000392, 90, 361, PT1, 409, 1, 409.000000, RNDM, 625, 6, 104.166667, 
bse_controlled_0001, 000393, 90, 361, PT1, 409, 1, 409.000000, RNDM, 625, 6, 104.166667, 
bse_controlled_0001, 000394, 90, 361, PT1, 409, 1, 409.000000, RNDM, 625, 6, 104.166667, 
bse_controlled_0001, 000394, 203, 420, PT1, 409, 1, 409.000000, RNDM, 1347, 6, 224.500000, 
bse_controlled_0001, 000395, 203, 420, PT1, 687, 1, 687.000000, RNDM, 1625, 6, 270.833333, 
bse_controlled_0001, 000398, 203, 420, PT1, 687, 1, 687.000000, RNDM, 1625, 6, 270.833333, 
bse_controlled_0001, 000409, 92, 271, PT1, 687, 1, 687.000000, RNDM, 1625, 6, 270.833333, 
bse_controlled_0001, 000410, 92, 474, PT1, 687, 1, 687.000000, RNDM, 1625, 6, 270.833333, 
bse_controlled_0001, 000410, 92, 474, PT1, 687, 1, 687.000000, RNDM, 1625, 6, 270.833333, 
bse_controlled_0001, 000411, 90, 357, PT1, 687, 1, 687.000000, RNDM, 1625, 6, 270.833333, 
bse_controlled_0001, 000411, 90, 357, PT1, 592, 1, 592.000000, RNDM, 1720, 6, 286.666667, 
bse_controlled_0001, 000411, 90, 403, PT1, 592, 1, 592.000000, RNDM, 1720, 6, 286.666667, 
bse_controlled_0001, 000412, 90, 474, PT1, 592, 1, 592.000000, RNDM, 1720, 6, 286.666667, 
bse_controlled_0001, 000413, 288, 474, PT1, 1065, 1, 1065.000000, RNDM, 2193, 6, 365.500000, 
bse_controlled_0001, 000423, 199, 474, PT1, 1065, 1, 1065.000000, RNDM, 2769, 6, 461.500000, 
bse_controlled_0001, 000423, 170, 474, PT1, 1065, 1, 1065.000000, RNDM, 3167, 6, 527.833333, 
bse_controlled_0001, 000423, 103, 474, PT1, 1065, 1, 1065.000000, RNDM, 3167, 6, 527.833333, 
bse_controlled_0001, 000424, 103, 474, PT1, 829, 1, 829.000000, RNDM, 3403, 6, 567.166667, 
bse_controlled_0001, 000425, 90, 474, PT1, 829, 1, 829.000000, RNDM, 3403, 6, 567.166667, 
bse_controlled_0001, 000425, 90, 474, PT1, 1098, 1, 1098.000000, RNDM, 3672, 6, 612.000000, 
bse_controlled_0001, 000427, 363, 474, PT1, 1098, 1, 1098.000000, RNDM, 3672, 6, 612.000000, 
bse_controlled_0001, 000427, 90, 474, PT1, 1098, 1, 1098.000000, RNDM, 3672, 6, 612.000000, 
bse_controlled_0001, 000428, 72, 474, PT1, 1098, 1, 1098.000000, RNDM, 3672, 6, 612.000000, 
bse_controlled_0001, 000428, 72, 413, PT1, 1098, 1, 1098.000000, RNDM, 3672, 6, 612.000000, 
bse_controlled_0001, 000438, 85, 418, PT1, 1000, 1, 1000.000000, RNDM, 3770, 6, 628.333333, 
bse_controlled_0001, 000440, 85, 418, PT1, 1291, 1, 1291.000000, RNDM, 4061, 6, 676.833333, 
bse_controlled_0001, 000440, 85, 418, PT1, 1094, 1, 1094.000000, RNDM, 4258, 6, 709.666667, 
bse_controlled_0001, 000441, 72, 418, PT1, 1094, 1, 1094.000000, RNDM, 4258, 6, 709.666667, 
bse_controlled_0001, 000483, 95, 102, PT1, 1094, 1, 1094.000000, RNDM, 4258, 6, 709.666667, 
bse_controlled_0001, 000483, 95, 107, PT1, 1094, 1, 1094.000000, RNDM, 4258, 6, 709.666667, 
bse_controlled_0001, 000483, 95, 119, PT1, 1094, 1, 1094.000000, RNDM, 4258, 6, 709.666667, 
bse_controlled_0001, 000486, 107, 200, PT1, 1094, 1, 1094.000000, RNDM, 4258, 6, 709.666667, 
bse_controlled_0001, 000499, 106, 181, PT1, 1094, 1, 1094.000000, RNDM, 4258, 6, 709.666667, 
bse_controlled_0001, 000499, 106, 306, PT1, 1094, 1, 1094.000000, RNDM, 4258, 6, 709.666667, 
bse_controlled_0001, 000500, 138, 306, PT1, 1094, 1, 1094.000000, RNDM, 4258, 6, 709.666667, 
bse_controlled_0001, 000501, 138, 306, PT1, 1312, 1, 1312.000000, RNDM, 4476, 6, 746.000000, 
bse_controlled_0001, 000514, 112, 306, PT1, 1312, 1, 1312.000000, RNDM, 4476, 6, 746.000000, 
bse_controlled_0001, 000514, 106, 418, PT1, 1312, 1, 1312.000000, RNDM, 4476, 6, 746.000000, 
bse_controlled_0001, 000529, 254, 418, PT1, 1312, 1, 1312.000000, RNDM, 4476, 6, 746.000000, 
bse_controlled_0001, 000545, 254, 418, PT1, 1312, 1, 1312.000000, RNDM, 4476, 6, 746.000000, 
bse_controlled_0001, 000545, 99, 418, PT1, 1312, 1, 1312.000000, RNDM, 4476, 6, 746.000000, 
bse_controlled_0001, 000560, 99, 418, PT1, 1312, 1, 1312.000000, RNDM, 4476, 6, 746.000000, 
bse_controlled_0001, 000561, 86, 397, PT1, 1312, 1, 1312.000000, RNDM, 4476, 6, 746.000000, 
bse_controlled_0001, 000576, 106, 289, PT1, 1312, 1, 1312.000000, RNDM, 4476, 6, 746.000000, 
bse_controlled_0001, 000578, 111, 397, PT1, 1312, 1, 1312.000000, RNDM, 4476, 6, 746.000000, 
bse_controlled_0001, 000578, 111, 425, PT1, 1312, 1, 1312.000000, RNDM, 4476, 6, 746.000000, 
bse_controlled_0001, 000589, 106, 425, PT1, 1312, 1, 1312.000000, RNDM, 4476, 6, 746.000000, 
bse_controlled_0001, 000604, 196, 425, PT1, 1312, 1, 1312.000000, RNDM, 4476, 6, 746.000000, 
bse_controlled_0001, 000605, 106, 425, PT1, 1312, 1, 1312.000000, RNDM, 4868, 6, 811.333333, 
bse_controlled_0001, 000606, 106, 333, PT1, 1312, 1, 1312.000000, RNDM, 4868, 6, 811.333333, 
bse_controlled_0001, 000606, 104, 333, PT1, 1312, 1, 1312.000000, RNDM, 4868, 6, 811.333333, 
bse_controlled_0001, 000606, 104, 425, PT1, 1312, 1, 1312.000000, RNDM, 4868, 6, 811.333333, 
bse_controlled_0001, 000620, 116, 425, PT1, 1312, 1, 1312.000000, RNDM, 4868, 6, 811.333333, 
bse_controlled_0001, 000621, 107, 339, PT1, 1196, 1, 1196.000000, RNDM, 4752, 6, 792.000000, 
bse_controlled_0001, 000622, 107, 339, PT1, 1347, 1, 1347.000000, RNDM, 4903, 6, 817.166667, 
bse_controlled_0001, 000635, 107, 339, PT1, 1239, 1, 1239.000000, RNDM, 5011, 6, 835.166667, 
bse_controlled_0001, 000635, 98, 339, PT1, 1239, 1, 1239.000000, RNDM, 5011, 6, 835.166667, 
bse_controlled_0001, 000650, 98, 439, PT1, 1239, 1, 1239.000000, RNDM, 5011, 6, 835.166667, 
bse_controlled_0001, 000650, 94, 439, PT1, 1239, 1, 1239.000000, RNDM, 5011, 6, 835.166667, 
bse_controlled_0001, 000652, 141, 439, PT1, 1668, 1, 1668.000000, RNDM, 5440, 6, 906.666667, 
bse_controlled_0001, 000665, 89, 251, PT1, 1668, 1, 1668.000000, RNDM, 5440, 6, 906.666667, 
bse_controlled_0001, 000665, 89, 251, PT1, 1571, 1, 1571.000000, RNDM, 5537, 6, 922.833333, 
bse_controlled_0001, 000666, 89, 251, PT1, 1571, 1, 1571.000000, RNDM, 5537, 6, 922.833333, 
bse_controlled_0001, 000667, 89, 208, PT1, 1571, 1, 1571.000000, RNDM, 5537, 6, 922.833333, 
bse_controlled_0001, 000670, 45, 208, PT1, 1571, 1, 1571.000000, RNDM, 5537, 6, 922.833333, 
bse_controlled_0001, 000671, 45, 251, PT1, 1571, 1, 1571.000000, RNDM, 5537, 6, 922.833333, 
bse_controlled_0001, 000672, 45, 251, PT1, 1685, 1, 1685.000000, RNDM, 5651, 6, 941.833333, 
bse_controlled_0001, 000673, None, 238, PT1, 1685, 1, 1685.000000, RNDM, 5651, 6, 941.833333, 
bse_controlled_0001, 000673, None, 251, PT1, 1685, 1, 1685.000000, RNDM, 5651, 6, 941.833333, 
bse_controlled_0001, 000673, None, 260, PT1, 1685, 1, 1685.000000, RNDM, 5651, 6, 941.833333, 
bse_controlled_0001, 000675, 71, 210, PT1, 1611, 1, 1611.000000, RNDM, 5725, 6, 954.166667, 
bse_controlled_0001, 000677, 71, 260, PT1, 1611, 1, 1611.000000, RNDM, 5725, 6, 954.166667, 
bse_controlled_0001, 000679, 71, 272, PT1, 1611, 1, 1611.000000, RNDM, 5725, 6, 954.166667, 
bse_controlled_0001, 000680, 71, 272, PT1, 1723, 1, 1723.000000, RNDM, 5837, 6, 972.833333, 
bse_controlled_0001, 000681, None, 100, PT1, 1723, 1, 1723.000000, RNDM, 5837, 6, 972.833333, 
bse_controlled_0001, 000682, 34, 258, PT1, 1623, 1, 1623.000000, RNDM, 5937, 6, 989.500000, 
bse_controlled_0001, 000696, 64, 108, PT1, 1623, 1, 1623.000000, RNDM, 5937, 6, 989.500000, 
bse_controlled_0001, 000725, 91, 110, PT1, 1623, 1, 1623.000000, RNDM, 5937, 6, 989.500000, 
bse_controlled_0001, 000726, 64, 110, PT1, 1623, 1, 1623.000000, RNDM, 5937, 6, 989.500000, 
bse_controlled_0001, 000727, 64, 152, PT1, 1623, 1, 1623.000000, RNDM, 5937, 6, 989.500000, 
bse_controlled_0001, 000728, 64, 152, PT1, 1623, 1, 1623.000000, RNDM, 5937, 6, 989.500000, 
bse_controlled_0001, 000728, 64, 360, PT1, 1623, 1, 1623.000000, RNDM, 5937, 6, 989.500000, 
bse_controlled_0001, 000728, 64, None, PT1, 1623, 1, 1623.000000, RNDM, 5937, 6, 989.500000, 
bse_controlled_0001, 000728, 64, None, PT1, 1623, 1, 1623.000000, RNDM, 5937, 6, 989.500000, 
bse_controlled_0001, 000729, 284, None, PT1, 2117, 1, 2117.000000, RNDM, 6431, 6, 1071.833333, 
bse_controlled_0001, 000730, 284, 474, PT1, 2117, 1, 2117.000000, RNDM, 6431, 6, 1071.833333, 
bse_controlled_0001, 000730, 272, 474, PT1, 2117, 1, 2117.000000, RNDM, 6431, 6, 1071.833333, 
bse_controlled_0001, 000731, 141, 474, PT1, 2117, 1, 2117.000000, RNDM, 6431, 6, 1071.833333, 
bse_controlled_0001, 000736, 212, 346, PT1, 1829, 1, 1829.000000, RNDM, 6719, 6, 1119.833333, 
bse_controlled_0001, 000740, 141, 365, PT1, 1829, 1, 1829.000000, RNDM, 6719, 6, 1119.833333, 
bse_controlled_0001, 000741, 13, 365, PT1, 1829, 1, 1829.000000, RNDM, 6719, 6, 1119.833333, 
bse_controlled_0001, 000755, 100, 214, PT1, 1829, 1, 1829.000000, RNDM, 6719, 6, 1119.833333, 
bse_controlled_0001, 000756, 100, 355, PT1, 1829, 1, 1829.000000, RNDM, 6719, 6, 1119.833333, 
bse_controlled_0001, 000771, 100, 264, PT1, 1829, 1, 1829.000000, RNDM, 6719, 6, 1119.833333, 
bse_controlled_0001, 000786, 100, 264, PT1, 1829, 1, 1829.000000, RNDM, 6719, 6, 1119.833333, 
bse_controlled_0001, 000801, 88, 184, PT1, 1829, 1, 1829.000000, RNDM, 6719, 6, 1119.833333, 
bse_controlled_0001, 000802, 108, 283, PT1, 1829, 1, 1829.000000, RNDM, 6719, 6, 1119.833333, 
bse_controlled_0001, 000816, 95, 181, PT1, 1829, 1, 1829.000000, RNDM, 6719, 6, 1119.833333, 
bse_controlled_0001, 000820, 95, 181, PT1, 1829, 1, 1829.000000, RNDM, 6719, 6, 1119.833333, 
bse_controlled_0001, 000822, 95, 283, PT1, 1829, 1, 1829.000000, RNDM, 6719, 6, 1119.833333, 
bse_controlled_0001, 000823, 95, 245, PT1, 1829, 1, 1829.000000, RNDM, 6719, 6, 1119.833333, 
bse_controlled_0001, 000824, 95, 301, PT1, 1829, 1, 1829.000000, RNDM, 6719, 6, 1119.833333, 
bse_controlled_0001, 000831, None, 186, PT1, 1829, 1, 1829.000000, RNDM, 6719, 6, 1119.833333, 
bse_controlled_0001, 000832, None, 334, PT1, 1829, 1, 1829.000000, RNDM, 6719, 6, 1119.833333, 
bse_controlled_0001, 000832, None, 387, PT1, 1829, 1, 1829.000000, RNDM, 6719, 6, 1119.833333, 
bse_controlled_0001, 000835, 190, 387, PT1, 2200, 1, 2200.000000, RNDM, 7090, 6, 1181.666667, 
bse_controlled_0001, 000835, 190, 424, PT1, 2200, 1, 2200.000000, RNDM, 7090, 6, 1181.666667, 
bse_controlled_0001, 000836, 33, 424, PT1, 2200, 1, 2200.000000, RNDM, 7090, 6, 1181.666667, 
bse_controlled_0001, 000837, 185, 424, PT1, 2200, 1, 2200.000000, RNDM, 7090, 6, 1181.666667, 
bse_controlled_0001, 000838, 185, 475, PT1, 2200, 1, 2200.000000, RNDM, 7090, 6, 1181.666667, 
bse_controlled_0001, 000838, 33, 372, PT1, 2200, 1, 2200.000000, RNDM, 7090, 6, 1181.666667, 
bse_controlled_0001, 000847, 112, 372, PT1, 2200, 1, 2200.000000, RNDM, 7090, 6, 1181.666667, 
bse_controlled_0001, 000849, 112, 372, PT1, 2200, 1, 2200.000000, RNDM, 7090, 6, 1181.666667, 
bse_controlled_0001, 000850, 112, 372, PT1, 2200, 1, 2200.000000, RNDM, 7090, 6, 1181.666667, 
bse_controlled_0001, 000850, 99, 372, PT1, 2200, 1, 2200.000000, RNDM, 7090, 6, 1181.666667, 
bse_controlled_0001, 000851, 99, 253, PT1, 2200, 1, 2200.000000, RNDM, 7090, 6, 1181.666667, 
bse_controlled_0001, 000862, 99, 253, PT1, 2200, 1, 2200.000000, RNDM, 7560, 6, 1260.000000, 
bse_controlled_0001, 000877, 99, 253, PT1, 2200, 1, 2200.000000, RNDM, 7560, 6, 1260.000000, 
bse_controlled_0001, 000880, 99, 253, PT1, 2093, 1, 2093.000000, RNDM, 7667, 6, 1277.833333, 
bse_controlled_0001, 000891, 87, 253, PT1, 2093, 1, 2093.000000, RNDM, 7667, 6, 1277.833333, 
bse_controlled_0001, 000893, 87, 146, PT1, 2228, 1, 2228.000000, RNDM, 7802, 6, 1300.333333, 
bse_controlled_0001, 000893, 87, 253, PT1, 2228, 1, 2228.000000, RNDM, 7802, 6, 1300.333333, 
bse_controlled_0001, 000894, 87, 253, PT1, 2228, 1, 2228.000000, RNDM, 7802, 6, 1300.333333, 
bse_controlled_0001, 000895, 165, 372, PT1, 2228, 1, 2228.000000, RNDM, 7802, 6, 1300.333333, 
bse_controlled_0001, 000907, 165, 372, PT1, 2228, 1, 2228.000000, RNDM, 7802, 6, 1300.333333, 
bse_controlled_0001, 000923, 165, 372, PT1, 2228, 1, 2228.000000, RNDM, 7802, 6, 1300.333333, 
bse_controlled_0001, 000937, 105, 337, PT1, 2228, 1, 2228.000000, RNDM, 8132, 6, 1355.333333, 
bse_controlled_0001, 000953, 103, 372, PT1, 2228, 1, 2228.000000, RNDM, 8132, 6, 1355.333333, 
bse_controlled_0001, 000955, 88, 372, PT1, 2228, 1, 2228.000000, RNDM, 8132, 6, 1355.333333, 
bse_controlled_0001, 000955, 23, 372, PT1, 2228, 1, 2228.000000, RNDM, 8132, 6, 1355.333333, 
bse_controlled_0001, 000956, 23, 492, PT1, 2228, 1, 2228.000000, RNDM, 8132, 6, 1355.333333, 
bse_controlled_0001, 000967, 58, 203, PT1, 2124, 1, 2124.000000, RNDM, 8236, 6, 1372.666667, 
bse_controlled_0001, 000968, 23, 203, PT1, 2124, 1, 2124.000000, RNDM, 8236, 6, 1372.666667, 
bse_controlled_0001, 000970, 95, 398, PT1, 2124, 1, 2124.000000, RNDM, 8236, 6, 1372.666667, 
bse_controlled_0001, 000984, 96, 288, PT1, 2124, 1, 2124.000000, RNDM, 8236, 6, 1372.666667, 
bse_controlled_0001, 000985, 96, 288, PT1, 2124, 1, 2124.000000, RNDM, 8236, 6, 1372.666667, 
bse_controlled_0001, 000986, 96, 398, PT1, 2124, 1, 2124.000000, RNDM, 8236, 6, 1372.666667, 
bse_controlled_0001, 000987, 352, 398, PT1, 2477, 1, 2477.000000, RNDM, 8589, 6, 1431.500000, 
bse_controlled_0001, 000988, 352, 443, PT1, 2477, 1, 2477.000000, RNDM, 8589, 6, 1431.500000, 
bse_controlled_0001, 000989, 258, 392, PT1, 2477, 1, 2477.000000, RNDM, 8589, 6, 1431.500000, 
bse_controlled_0001, 000997, 96, 392, PT1, 2477, 1, 2477.000000, RNDM, 8589, 6, 1431.500000, 
bse_controlled_0001, 000998, 96, 392, PT1, 2477, 1, 2477.000000, RNDM, 8589, 6, 1431.500000, 
bse_controlled_0001, 000999, 202, 303, PT1, 2477, 1, 2477.000000, RNDM, 8589, 6, 1431.500000, 
bse_controlled_0001, 000999, 202, 392, PT1, 2477, 1, 2477.000000, RNDM, 8589, 6, 1431.500000, 
bse_controlled_0001, 001013, 202, 282, PT1, 2245, 1, 2245.000000, RNDM, 8357, 6, 1392.833333, 
bse_controlled_0001, 001028, 129, 282, PT1, 2245, 1, 2245.000000, RNDM, 8357, 6, 1392.833333, 
bse_controlled_0001, 001029, 129, 392, PT1, 2245, 1, 2245.000000, RNDM, 8357, 6, 1392.833333, 
bse_controlled_0001, 001044, 129, 237, PT1, 2245, 1, 2245.000000, RNDM, 8357, 6, 1392.833333, 
bse_controlled_0001, 001044, 129, 392, PT1, 2245, 1, 2245.000000, RNDM, 8357, 6, 1392.833333, 
bse_controlled_0001, 001047, 129, 392, PT1, 2245, 1, 2245.000000, RNDM, 8357, 6, 1392.833333, 
bse_controlled_0001, 001059, 109, 142, PT1, 2245, 1, 2245.000000, RNDM, 8615, 6, 1435.833333, 
bse_controlled_0001, 001060, 95, 142, PT1, 2245, 1, 2245.000000, RNDM, 8615, 6, 1435.833333, 
bse_controlled_0001, 001060, 92, 392, PT1, 2245, 1, 2245.000000, RNDM, 8615, 6, 1435.833333, 
bse_controlled_0001, 001061, 92, 392, PT1, 2506, 1, 2506.000000, RNDM, 8876, 6, 1479.333333, 
bse_controlled_0001, 001061, 92, 394, PT1, 2506, 1, 2506.000000, RNDM, 8876, 6, 1479.333333, 
bse_controlled_0001, 001063, 92, 206, PT1, 2399, 1, 2399.000000, RNDM, 8983, 6, 1497.166667, 
bse_controlled_0001, 001065, 3, 206, PT1, 2399, 1, 2399.000000, RNDM, 9167, 6, 1527.833333, 
bse_controlled_0001, 001074, 3, 98, PT1, 2399, 1, 2399.000000, RNDM, 9167, 6, 1527.833333, 
bse_controlled_0001, 001088, 3, 206, PT1, 2399, 1, 2399.000000, RNDM, 9167, 6, 1527.833333, 
bse_controlled_0001, 001090, 3, 107, PT1, 2399, 1, 2399.000000, RNDM, 9167, 6, 1527.833333, 
bse_controlled_0001, 001090, 3, 206, PT1, 2399, 1, 2399.000000, RNDM, 9167, 6, 1527.833333, 
bse_controlled_0001, 001090, 3, 360, PT1, 2399, 1, 2399.000000, RNDM, 9579, 6, 1596.500000, 
bse_controlled_0001, 001120, 87, 115, PT1, 2399, 1, 2399.000000, RNDM, 9579, 6, 1596.500000, 
bse_controlled_0001, 001120, 3, 115, PT1, 2399, 1, 2399.000000, RNDM, 9579, 6, 1596.500000, 
bse_controlled_0001, 001121, 3, 115, PT1, 2399, 1, 2399.000000, RNDM, 9579, 6, 1596.500000, 
bse_controlled_0001, 001121, 3, 149, PT1, 2399, 1, 2399.000000, RNDM, 9579, 6, 1596.500000, 
bse_controlled_0001, 001122, 74, 149, PT1, 2399, 1, 2399.000000, RNDM, 9579, 6, 1596.500000, 
bse_controlled_0001, 001122, 3, 149, PT1, 2399, 1, 2399.000000, RNDM, 9579, 6, 1596.500000, 
bse_controlled_0001, 001122, 37, 398, PT1, 2399, 1, 2399.000000, RNDM, 9579, 6, 1596.500000, 
bse_controlled_0001, 001123, 335, 462, PT1, 2399, 1, 2399.000000, RNDM, 9579, 6, 1596.500000, 
bse_controlled_0001, 001123, 37, 462, PT1, 2399, 1, 2399.000000, RNDM, 9579, 6, 1596.500000, 
bse_controlled_0001, 001123, 37, 462, PT1, 2399, 1, 2399.000000, RNDM, 9579, 6, 1596.500000, 
bse_controlled_0001, 001124, 37, 433, PT1, 2676, 1, 2676.000000, RNDM, 9856, 6, 1642.666667, 
bse_controlled_0001, 001126, 37, 171, PT1, 2634, 1, 2634.000000, RNDM, 9898, 6, 1649.666667, 
bse_controlled_0001, 001131, 37, 171, PT1, 2725, 1, 2725.000000, RNDM, 9989, 6, 1664.833333, 
bse_controlled_0001, 001131, 37, 206, PT1, 2554, 1, 2554.000000, RNDM, 10160, 6, 1693.333333, 
bse_controlled_0001, 001150, 88, 115, PT1, 2554, 1, 2554.000000, RNDM, 10160, 6, 1693.333333, 
bse_controlled_0001, 001153, 88, 215, PT1, 2554, 1, 2554.000000, RNDM, 10160, 6, 1693.333333, 
bse_controlled_0001, 001165, 88, 172, PT1, 2554, 1, 2554.000000, RNDM, 10160, 6, 1693.333333, 
bse_controlled_0001, 001166, 88, 215, PT1, 2554, 1, 2554.000000, RNDM, 10160, 6, 1693.333333, 
bse_controlled_0001, 001166, 88, 462, PT1, 2554, 1, 2554.000000, RNDM, 10590, 6, 1765.000000, 
bse_controlled_0001, 001167, 88, 462, PT1, 2850, 1, 2850.000000, RNDM, 10886, 6, 1814.333333, 
bse_controlled_0001, 001179, 127, 442, PT1, 2850, 1, 2850.000000, RNDM, 10886, 6, 1814.333333, 
bse_controlled_0001, 001180, 88, 442, PT1, 2850, 1, 2850.000000, RNDM, 10886, 6, 1814.333333, 
bse_controlled_0001, 001194, 288, 462, PT1, 2850, 1, 2850.000000, RNDM, 10886, 6, 1814.333333, 
bse_controlled_0001, 001195, 114, 336, PT1, 2850, 1, 2850.000000, RNDM, 10886, 6, 1814.333333, 
bse_controlled_0001, 001198, 99, 336, PT1, 2850, 1, 2850.000000, RNDM, 10886, 6, 1814.333333, 
bse_controlled_0001, 001210, 99, 462, PT1, 2850, 1, 2850.000000, RNDM, 10886, 6, 1814.333333, 
bse_controlled_0001, 001210, 99, 464, PT1, 2850, 1, 2850.000000, RNDM, 10886, 6, 1814.333333, 
bse_controlled_0001, 001210, 88, 105, PT1, 2850, 1, 2850.000000, RNDM, 10886, 6, 1814.333333, 
bse_controlled_0001, 001210, 88, 464, PT1, 2745, 1, 2745.000000, RNDM, 10991, 6, 1831.833333, 
bse_controlled_0001, 001225, 88, 177, PT1, 2745, 1, 2745.000000, RNDM, 10991, 6, 1831.833333, 
bse_controlled_0001, 001225, 112, 191, PT1, 2745, 1, 2745.000000, RNDM, 10991, 6, 1831.833333, 
bse_controlled_0001, 001228, 112, 185, PT1, 2928, 1, 2928.000000, RNDM, 11174, 6, 1862.333333, 
bse_controlled_0001, 001240, 88, 175, PT1, 2928, 1, 2928.000000, RNDM, 11174, 6, 1862.333333, 
bse_controlled_0001, 001242, 86, 175, PT1, 2928, 1, 2928.000000, RNDM, 11174, 6, 1862.333333, 
bse_controlled_0001, 001243, 86, 185, PT1, 2928, 1, 2928.000000, RNDM, 11174, 6, 1862.333333, 
bse_controlled_0001, 001244, 86, 185, PT1, 2821, 1, 2821.000000, RNDM, 11067, 6, 1844.500000, 
bse_controlled_0001, 001245, 83, 185, PT1, 2821, 1, 2821.000000, RNDM, 11067, 6, 1844.500000, 
bse_controlled_0001, 001246, 83, 374, PT1, 2821, 1, 2821.000000, RNDM, 11437, 6, 1906.166667, 
bse_controlled_0001, 001247, 367, 486, PT1, 2821, 1, 2821.000000, RNDM, 11437, 6, 1906.166667, 
bse_controlled_0001, 001247, 83, 486, PT1, 3188, 1, 3188.000000, RNDM, 11804, 6, 1967.333333, 
bse_controlled_0001, 001247, 83, 486, PT1, 3188, 1, 3188.000000, RNDM, 11804, 6, 1967.333333, 
bse_controlled_0001, 001248, 83, 486, PT1, 3188, 1, 3188.000000, RNDM, 11804, 6, 1967.333333, 
bse_controlled_0001, 001248, 83, 218, PT1, 3188, 1, 3188.000000, RNDM, 11804, 6, 1967.333333, 
bse_controlled_0001, 001248, 83, 486, PT1, 3188, 1, 3188.000000, RNDM, 11804, 6, 1967.333333, 
bse_controlled_0001, 001250, 198, 391, PT1, 2902, 1, 2902.000000, RNDM, 12090, 6, 2015.000000, 
bse_controlled_0001, 001251, 168, 391, PT1, 2902, 1, 2902.000000, RNDM, 12090, 6, 2015.000000, 
bse_controlled_0001, 001252, 83, 391, PT1, 2902, 1, 2902.000000, RNDM, 12090, 6, 2015.000000, 
bse_controlled_0001, 001255, 83, 345, PT1, 2902, 1, 2902.000000, RNDM, 12090, 6, 2015.000000, 
bse_controlled_0001, 001300, 93, 104, PT1, 2902, 1, 2902.000000, RNDM, 12090, 6, 2015.000000, 
bse_controlled_0001, 001301, 93, 111, PT1, 2902, 1, 2902.000000, RNDM, 12090, 6, 2015.000000, 
bse_controlled_0001, 001301, 95, 183, PT1, 2902, 1, 2902.000000, RNDM, 12090, 6, 2015.000000, 
bse_controlled_0001, 001302, 95, 345, PT1, 2902, 1, 2902.000000, RNDM, 12456, 6, 2076.000000, 
bse_controlled_0001, 001304, 121, 391, PT1, 2902, 1, 2902.000000, RNDM, 12456, 6, 2076.000000, 
bse_controlled_0001, 001306, 95, 444, PT1, 2902, 1, 2902.000000, RNDM, 12456, 6, 2076.000000, 
bse_controlled_0001, 001319, 108, 274, PT1, 2902, 1, 2902.000000, RNDM, 12456, 6, 2076.000000, 
bse_controlled_0001, 001320, 108, 274, PT1, 2902, 1, 2902.000000, RNDM, 12456, 6, 2076.000000, 
bse_controlled_0001, 001320, 108, 453, PT1, 2902, 1, 2902.000000, RNDM, 12456, 6, 2076.000000, 
bse_controlled_0001, 001331, 95, 189, PT1, 2902, 1, 2902.000000, RNDM, 12456, 6, 2076.000000, 
bse_controlled_0001, 001331, 95, 453, PT1, 2902, 1, 2902.000000, RNDM, 12456, 6, 2076.000000, 
bse_controlled_0001, 001332, 106, 453, PT1, 2902, 1, 2902.000000, RNDM, 12456, 6, 2076.000000, 
bse_controlled_0001, 001333, 106, 453, PT1, 2902, 1, 2902.000000, RNDM, 12456, 6, 2076.000000, 
bse_controlled_0001, 001334, 106, 453, PT1, 2902, 1, 2902.000000, RNDM, 12456, 6, 2076.000000, 
bse_controlled_0001, 001334, 95, 363, PT1, 2902, 1, 2902.000000, RNDM, 12456, 6, 2076.000000, 
bse_controlled_0001, 001337, 95, 293, PT1, 2902, 1, 2902.000000, RNDM, 12456, 6, 2076.000000, 
bse_controlled_0001, 001337, 95, 363, PT1, 3195, 1, 3195.000000, RNDM, 12163, 6, 2027.166667, 
bse_controlled_0001, 001346, 95, 363, PT1, 3195, 1, 3195.000000, RNDM, 12163, 6, 2027.166667, 
bse_controlled_0001, 001347, 227, 363, PT1, 2960, 1, 2960.000000, RNDM, 12398, 6, 2066.333333, 
bse_controlled_0001, 001361, 105, 363, PT1, 2960, 1, 2960.000000, RNDM, 12398, 6, 2066.333333, 
bse_controlled_0001, 001362, 102, 363, PT1, 2960, 1, 2960.000000, RNDM, 12398, 6, 2066.333333, 
bse_controlled_0001, 001376, 102, 363, PT1, 2960, 1, 2960.000000, RNDM, 12398, 6, 2066.333333, 
bse_controlled_0001, 001391, 89, 363, PT1, 2960, 1, 2960.000000, RNDM, 12398, 6, 2066.333333, 
bse_controlled_0001, 001392, 89, 412, PT1, 2960, 1, 2960.000000, RNDM, 12398, 6, 2066.333333, 
bse_controlled_0001, 001392, 57, 412, PT1, 2960, 1, 2960.000000, RNDM, 12398, 6, 2066.333333, 
bse_controlled_0001, 001393, 2, 372, PT1, 2960, 1, 2960.000000, RNDM, 12398, 6, 2066.333333, 
bse_controlled_0001, 001406, 2, 68, PT1, 2960, 1, 2960.000000, RNDM, 12532, 6, 2088.666667, 
bse_controlled_0001, 001408, 2, 95, PT1, 2960, 1, 2960.000000, RNDM, 12532, 6, 2088.666667, 
bse_controlled_0001, 001409, 2, 372, PT1, 2960, 1, 2960.000000, RNDM, 12532, 6, 2088.666667, 
bse_controlled_0001, 001414, 44, 372, PT1, 2960, 1, 2960.000000, RNDM, 12532, 6, 2088.666667, 
bse_controlled_0001, 001423, 110, 372, PT1, 2960, 1, 2960.000000, RNDM, 12532, 6, 2088.666667, 
bse_controlled_0001, 001438, 96, 259, PT1, 2960, 1, 2960.000000, RNDM, 12532, 6, 2088.666667, 
bse_controlled_0001, 001439, 96, 294, PT1, 2960, 1, 2960.000000, RNDM, 12532, 6, 2088.666667, 
bse_controlled_0001, 001440, 96, 372, PT1, 2960, 1, 2960.000000, RNDM, 12532, 6, 2088.666667, 
bse_controlled_0001, 001440, 89, 372, PT1, 2960, 1, 2960.000000, RNDM, 12532, 6, 2088.666667, 
bse_controlled_0001, 001441, 89, 372, PT1, 2960, 1, 2960.000000, RNDM, 12532, 6, 2088.666667, 
bse_controlled_0001, 001441, 62, 372, PT1, 2960, 1, 2960.000000, RNDM, 12532, 6, 2088.666667, 
bse_controlled_0001, 001441, 62, 472, PT1, 2960, 1, 2960.000000, RNDM, 13276, 6, 2212.666667, 
bse_controlled_0001, 001442, 62, 456, PT1, 2960, 1, 2960.000000, RNDM, 13276, 6, 2212.666667, 
bse_controlled_0001, 001444, 62, 456, PT1, 3406, 1, 3406.000000, RNDM, 13722, 6, 2287.000000, 
bse_controlled_0001, 001445, 62, 456, PT1, 3406, 1, 3406.000000, RNDM, 13722, 6, 2287.000000, 
bse_controlled_0001, 001445, 62, 456, PT1, 3329, 1, 3329.000000, RNDM, 13799, 6, 2299.833333, 
bse_controlled_0001, 001445, None, 456, PT1, 3329, 1, 3329.000000, RNDM, 13799, 6, 2299.833333, 
bse_controlled_0001, 001448, None, 199, PT1, 3329, 1, 3329.000000, RNDM, 13799, 6, 2299.833333, 
bse_controlled_0001, 001448, None, 331, PT1, 3329, 1, 3329.000000, RNDM, 13799, 6, 2299.833333, 
bse_controlled_0001, 001449, None, 331, PT1, 3329, 1, 3329.000000, RNDM, 13799, 6, 2299.833333, 
bse_controlled_0001, 001450, None, 331, PT1, 3455, 1, 3455.000000, RNDM, 13925, 6, 2320.833333, 
bse_controlled_0001, 001450, None, 331, PT1, 3411, 1, 3411.000000, RNDM, 13969, 6, 2328.166667, 
bse_controlled_0001, 001452, None, 302, PT1, 3411, 1, 3411.000000, RNDM, 13969, 6, 2328.166667, 
bse_controlled_0001, 001453, None, 113, PT1, 3411, 1, 3411.000000, RNDM, 13969, 6, 2328.166667, 
bse_controlled_0001, 001467, None, 97, PT1, 3411, 1, 3411.000000, RNDM, 13969, 6, 2328.166667, 
bse_controlled_0001, 001482, None, 97, PT1, 3411, 1, 3411.000000, RNDM, 13969, 6, 2328.166667, 
bse_controlled_0001, 001483, None, 108, PT1, 3411, 1, 3411.000000, RNDM, 13969, 6, 2328.166667, 
bse_controlled_0001, 001483, 66, 109, PT1, 3411, 1, 3411.000000, RNDM, 14185, 6, 2364.166667, 
bse_controlled_0001, 001483, 66, 358, PT1, 3411, 1, 3411.000000, RNDM, 14185, 6, 2364.166667, 
bse_controlled_0001, 001484, None, 99, PT1, 3477, 1, 3477.000000, RNDM, 14251, 6, 2375.166667, 
bse_controlled_0001, 001484, None, 358, PT1, 3477, 1, 3477.000000, RNDM, 14251, 6, 2375.166667, 
bse_controlled_0001, 001485, None, 93, PT1, 3475, 1, 3475.000000, RNDM, 14253, 6, 2375.500000, 
bse_controlled_0001, 001487, None, 254, PT1, 3475, 1, 3475.000000, RNDM, 14253, 6, 2375.500000, 
bse_controlled_0001, 001497, None, 162, PT1, 3475, 1, 3475.000000, RNDM, 14253, 6, 2375.500000, 
bse_controlled_0001, 001497, None, 254, PT1, 3475, 1, 3475.000000, RNDM, 14253, 6, 2375.500000, 
bse_controlled_0001, 001498, None, 98, PT1, 3475, 1, 3475.000000, RNDM, 14253, 6, 2375.500000, 
bse_controlled_0001, 001501, None, 98, PT1, 3528, 1, 3528.000000, RNDM, 14306, 6, 2384.333333, 
bse_controlled_0001, 001501, None, 349, PT1, 3528, 1, 3528.000000, RNDM, 14306, 6, 2384.333333, 
bse_controlled_0001, 001529, 98, 111, PT1, 3528, 1, 3528.000000, RNDM, 14306, 6, 2384.333333, 
bse_controlled_0001, 001529, None, 111, PT1, 3528, 1, 3528.000000, RNDM, 14306, 6, 2384.333333, 
bse_controlled_0001, 001531, None, 270, PT1, 3528, 1, 3528.000000, RNDM, 14306, 6, 2384.333333, 
bse_controlled_0001, 001543, None, 270, PT1, 3528, 1, 3528.000000, RNDM, 14306, 6, 2384.333333, 
bse_controlled_0001, 001544, None, 270, PT1, 3528, 1, 3528.000000, RNDM, 14306, 6, 2384.333333, 
bse_controlled_0001, 001545, 95, 270, PT1, 3528, 1, 3528.000000, RNDM, 14306, 6, 2384.333333, 
bse_controlled_0001, 001546, 95, 327, PT1, 3528, 1, 3528.000000, RNDM, 14846, 6, 2474.333333, 
bse_controlled_0001, 001547, 95, 327, PT1, 3528, 1, 3528.000000, RNDM, 14846, 6, 2474.333333, 
bse_controlled_0001, 001562, 99, 301, PT1, 3415, 1, 3415.000000, RNDM, 14959, 6, 2493.166667, 
bse_controlled_0001, 001564, 99, 301, PT1, 3563, 1, 3563.000000, RNDM, 15107, 6, 2517.833333, 
bse_controlled_0001, 001574, 90, 201, PT1, 3563, 1, 3563.000000, RNDM, 15107, 6, 2517.833333, 
bse_controlled_0001, 001574, None, 201, PT1, 3563, 1, 3563.000000, RNDM, 15107, 6, 2517.833333, 
bse_controlled_0001, 001575, None, 301, PT1, 3563, 1, 3563.000000, RNDM, 15107, 6, 2517.833333, 
bse_controlled_0001, 001576, None, 301, PT1, 3563, 1, 3563.000000, RNDM, 15107, 6, 2517.833333, 
bse_controlled_0001, 001576, None, 436, PT1, 3563, 1, 3563.000000, RNDM, 15107, 6, 2517.833333, 
bse_controlled_0001, 001589, 366, 436, PT1, 3563, 1, 3563.000000, RNDM, 15965, 6, 2660.833333, 
bse_controlled_0001, 001605, 200, 348, PT1, 3563, 1, 3563.000000, RNDM, 15965, 6, 2660.833333, 
bse_controlled_0001, 001605, 101, 436, PT1, 3563, 1, 3563.000000, RNDM, 15965, 6, 2660.833333, 
bse_controlled_0001, 001605, 92, 436, PT1, 3563, 1, 3563.000000, RNDM, 15965, 6, 2660.833333, 
bse_controlled_0001, 001606, 126, 436, PT1, 3563, 1, 3563.000000, RNDM, 15965, 6, 2660.833333, 
bse_controlled_0001, 001606, 126, 442, PT1, 3563, 1, 3563.000000, RNDM, 15965, 6, 2660.833333, 
bse_controlled_0001, 001608, 126, 217, PT1, 3369, 1, 3369.000000, RNDM, 16159, 6, 2693.166667, 
bse_controlled_0001, 001609, 126, 219, PT1, 3369, 1, 3369.000000, RNDM, 16159, 6, 2693.166667, 
bse_controlled_0001, 001620, 105, 193, PT1, 3369, 1, 3369.000000, RNDM, 16159, 6, 2693.166667, 
bse_controlled_0001, 001634, 105, 219, PT1, 3369, 1, 3369.000000, RNDM, 16159, 6, 2693.166667, 
bse_controlled_0001, 001635, 99, 219, PT1, 3369, 1, 3369.000000, RNDM, 16159, 6, 2693.166667, 
bse_controlled_0001, 001664, 99, 173, PT1, 3369, 1, 3369.000000, RNDM, 16159, 6, 2693.166667, 
bse_controlled_0001, 001664, 86, 173, PT1, 3369, 1, 3369.000000, RNDM, 16159, 6, 2693.166667, 
bse_controlled_0001, 001664, 50, 173, PT1, 3369, 1, 3369.000000, RNDM, 16159, 6, 2693.166667, 
bse_controlled_0001, 001664, 50, 219, PT1, 3369, 1, 3369.000000, RNDM, 16505, 6, 2750.833333, 
bse_controlled_0001, 001664, 7, 442, PT1, 3369, 1, 3369.000000, RNDM, 16505, 6, 2750.833333, 
bse_controlled_0001, 001665, 7, 258, PT1, 3369, 1, 3369.000000, RNDM, 16505, 6, 2750.833333, 
bse_controlled_0001, 001666, 254, 442, PT1, 3369, 1, 3369.000000, RNDM, 16505, 6, 2750.833333, 
bse_controlled_0001, 001666, 254, 442, PT1, 3793, 1, 3793.000000, RNDM, 16929, 6, 2821.500000, 
bse_controlled_0001, 001667, 254, 442, PT1, 3793, 1, 3793.000000, RNDM, 16929, 6, 2821.500000, 
bse_controlled_0001, 001668, 101, 442, PT1, 3793, 1, 3793.000000, RNDM, 16929, 6, 2821.500000, 
bse_controlled_0001, 001668, 101, 442, PT1, 3614, 1, 3614.000000, RNDM, 17108, 6, 2851.333333, 
bse_controlled_0001, 001668, 7, 442, PT1, 3614, 1, 3614.000000, RNDM, 17108, 6, 2851.333333, 
bse_controlled_0001, 001669, 7, 145, PT1, 3614, 1, 3614.000000, RNDM, 17108, 6, 2851.333333, 
bse_controlled_0001, 001670, 7, 336, PT1, 3614, 1, 3614.000000, RNDM, 17108, 6, 2851.333333, 
bse_controlled_0001, 001680, 105, 150, PT1, 3614, 1, 3614.000000, RNDM, 17108, 6, 2851.333333, 
bse_controlled_0001, 001680, 105, 336, PT1, 3614, 1, 3614.000000, RNDM, 17108, 6, 2851.333333, 
bse_controlled_0001, 001681, 105, 336, PT1, 3614, 1, 3614.000000, RNDM, 17108, 6, 2851.333333, 
bse_controlled_0001, 001681, 105, 336, PT1, 3614, 1, 3614.000000, RNDM, 17108, 6, 2851.333333, 
bse_controlled_0001, 001682, 105, 336, PT1, 3822, 1, 3822.000000, RNDM, 17316, 6, 2886.000000, 
bse_controlled_0001, 001694, 105, 336, PT1, 3822, 1, 3822.000000, RNDM, 17720, 6, 2953.333333, 
bse_controlled_0001, 001710, 94, 336, PT1, 3822, 1, 3822.000000, RNDM, 17720, 6, 2953.333333, 
bse_controlled_0001, 001711, 93, 336, PT1, 3822, 1, 3822.000000, RNDM, 17720, 6, 2953.333333, 
bse_controlled_0001, 001711, 93, 348, PT1, 3822, 1, 3822.000000, RNDM, 18392, 6, 3065.333333, 
bse_controlled_0001, 001724, 51, 209, PT1, 3822, 1, 3822.000000, RNDM, 18392, 6, 3065.333333, 
bse_controlled_0001, 001725, 51, 209, PT1, 3822, 1, 3822.000000, RNDM, 18392, 6, 3065.333333, 
bse_controlled_0001, 001727, 51, 209, PT1, 3822, 1, 3822.000000, RNDM, 18392, 6, 3065.333333, 
bse_controlled_0001, 001729, 51, 102, PT1, 3758, 1, 3758.000000, RNDM, 18456, 6, 3076.000000, 
bse_controlled_0001, 001740, 51, 114, PT1, 3758, 1, 3758.000000, RNDM, 18456, 6, 3076.000000, 
bse_controlled_0001, 001740, 51, 203, PT1, 3758, 1, 3758.000000, RNDM, 18456, 6, 3076.000000, 
bse_controlled_0001, 001742, 128, 203, PT1, 3758, 1, 3758.000000, RNDM, 18456, 6, 3076.000000, 
bse_controlled_0001, 001742, 128, 209, PT1, 3758, 1, 3758.000000, RNDM, 18456, 6, 3076.000000, 
bse_controlled_0001, 001742, 51, 209, PT1, 3886, 1, 3886.000000, RNDM, 18584, 6, 3097.333333, 
bse_controlled_0001, 001742, 51, 258, PT1, 3886, 1, 3886.000000, RNDM, 18584, 6, 3097.333333, 
bse_controlled_0001, 001742, 51, 362, PT1, 3886, 1, 3886.000000, RNDM, 18584, 6, 3097.333333, 
bse_controlled_0001, 001755, 108, 362, PT1, 3886, 1, 3886.000000, RNDM, 18584, 6, 3097.333333, 
bse_controlled_0001, 001756, 108, None, PT1, 3886, 1, 3886.000000, RNDM, 18584, 6, 3097.333333, 
bse_controlled_0001, 001757, 108, None, PT1, 3886, 1, 3886.000000, RNDM, 18584, 6, 3097.333333, 
bse_controlled_0001, 001770, 108, None, PT1, 3886, 1, 3886.000000, RNDM, 18584, 6, 3097.333333, 
bse_controlled_0001, 001771, 108, None, PT1, 3719, 1, 3719.000000, RNDM, 18751, 6, 3125.166667, 
bse_controlled_0001, 001773, 108, 446, PT1, 4089, 1, 4089.000000, RNDM, 19121, 6, 3186.833333, 
bse_controlled_0001, 001774, 94, 446, PT1, 4089, 1, 4089.000000, RNDM, 19121, 6, 3186.833333, 
bse_controlled_0001, 001775, 94, None, PT1, 4089, 1, 4089.000000, RNDM, 19121, 6, 3186.833333, 
bse_controlled_0001, 001785, 159, 483, PT1, 4089, 1, 4089.000000, RNDM, 19121, 6, 3186.833333, 
bse_controlled_0001, 001800, 105, None, PT1, 4089, 1, 4089.000000, RNDM, 19121, 6, 3186.833333, 
bse_controlled_0001, 001801, 105, None, PT1, 4089, 1, 4089.000000, RNDM, 19121, 6, 3186.833333, 
bse_controlled_0001, 001815, 105, 273, PT1, 4089, 1, 4089.000000, RNDM, 19121, 6, 3186.833333, 
bse_controlled_0001, 001816, 105, 273, PT1, 3975, 1, 3975.000000, RNDM, 19235, 6, 3205.833333, 
bse_controlled_0001, 001819, 105, 273, PT1, 4192, 1, 4192.000000, RNDM, 19452, 6, 3242.000000, 
bse_controlled_0001, 001819, 105, 349, PT1, 4192, 1, 4192.000000, RNDM, 19452, 6, 3242.000000, 
bse_controlled_0001, 001822, 95, 245, PT1, 4192, 1, 4192.000000, RNDM, 19452, 6, 3242.000000, 
bse_controlled_0001, 001822, 95, 349, PT1, 4192, 1, 4192.000000, RNDM, 19452, 6, 3242.000000, 
bse_controlled_0001, 001823, 95, None, PT1, 4192, 1, 4192.000000, RNDM, 19452, 6, 3242.000000, 
bse_controlled_0001, 001833, 283, None, PT1, 4192, 1, 4192.000000, RNDM, 19452, 6, 3242.000000, 
bse_controlled_0001, 001834, 124, None, PT1, 4192, 1, 4192.000000, RNDM, 19452, 6, 3242.000000, 
bse_controlled_0001, 001846, 124, None, PT1, 4192, 1, 4192.000000, RNDM, 19452, 6, 3242.000000, 
bse_controlled_0001, 001846, 109, None, PT1, 4192, 1, 4192.000000, RNDM, 19452, 6, 3242.000000, 
bse_controlled_0001, 001848, 111, None, PT1, 4192, 1, 4192.000000, RNDM, 19452, 6, 3242.000000, 
bse_controlled_0001, 001848, 107, None, PT1, 4192, 1, 4192.000000, RNDM, 19452, 6, 3242.000000, 
bse_controlled_0001, 001848, 95, None, PT1, 4192, 1, 4192.000000, RNDM, 19452, 6, 3242.000000, 
bse_controlled_0001, 001851, 328, None, PT1, 4192, 1, 4192.000000, RNDM, 19452, 6, 3242.000000, 
bse_controlled_0001, 001861, 328, None, PT1, 4192, 1, 4192.000000, RNDM, 19452, 6, 3242.000000, 
bse_controlled_0001, 001876, 231, None, PT1, 4192, 1, 4192.000000, RNDM, 19452, 6, 3242.000000, 
bse_controlled_0001, 001877, 104, 451, PT1, 4192, 1, 4192.000000, RNDM, 19452, 6, 3242.000000, 
bse_controlled_0001, 001880, 104, 451, PT1, 4020, 1, 4020.000000, RNDM, 19624, 6, 3270.666667, 
bse_controlled_0001, 001881, 88, 451, PT1, 4020, 1, 4020.000000, RNDM, 19624, 6, 3270.666667, 
bse_controlled_0001, 001882, 88, 451, PT1, 4244, 1, 4244.000000, RNDM, 19848, 6, 3308.000000, 
bse_controlled_0001, 001891, 88, 451, PT1, 4244, 1, 4244.000000, RNDM, 19848, 6, 3308.000000, 
bse_controlled_0001, 001906, 88, 451, PT1, 4244, 1, 4244.000000, RNDM, 19848, 6, 3308.000000, 
bse_controlled_0001, 001907, 88, 192, PT1, 4154, 1, 4154.000000, RNDM, 19938, 6, 3323.000000, 
bse_controlled_0001, 001907, 88, 451, PT1, 4154, 1, 4154.000000, RNDM, 19938, 6, 3323.000000, 
bse_controlled_0001, 001909, 88, 220, PT1, 4265, 1, 4265.000000, RNDM, 20049, 6, 3341.500000, 
bse_controlled_0001, 001923, 88, 220, PT1, 4159, 1, 4159.000000, RNDM, 20155, 6, 3359.166667, 
bse_controlled_0001, 001954, 93, 102, PT1, 4159, 1, 4159.000000, RNDM, 20155, 6, 3359.166667, 
bse_controlled_0001, 001954, 57, 102, PT1, 4159, 1, 4159.000000, RNDM, 20155, 6, 3359.166667, 
bse_controlled_0001, 001967, 95, 105, PT1, 4159, 1, 4159.000000, RNDM, 20155, 6, 3359.166667, 
bse_controlled_0001, 001983, 89, 105, PT1, 4159, 1, 4159.000000, RNDM, 20155, 6, 3359.166667, 
bse_controlled_0001, 001983, 57, 105, PT1, 4159, 1, 4159.000000, RNDM, 20155, 6, 3359.166667, 
bse_controlled_0001, 001984, 57, 185, PT1, 4159, 1, 4159.000000, RNDM, 20155, 6, 3359.166667, 
bse_controlled_0001, 001984, 55, 185, PT1, 4159, 1, 4159.000000, RNDM, 20155, 6, 3359.166667, 
bse_controlled_0001, 001985, 55, 254, PT1, 4159, 1, 4159.000000, RNDM, 20155, 6, 3359.166667, 
bse_controlled_0001, 001987, 55, 258, PT1, 4159, 1, 4159.000000, RNDM, 20155, 6, 3359.166667, 
bse_controlled_0001, 001988, 55, 280, PT1, 4159, 1, 4159.000000, RNDM, 20155, 6, 3359.166667, 
bse_controlled_0001, 001988, None, 66, PT1, 4159, 1, 4159.000000, RNDM, 20265, 6, 3377.500000, 
bse_controlled_0001, 001989, None, 280, PT1, 4159, 1, 4159.000000, RNDM, 20265, 6, 3377.500000, 
bse_controlled_0001, 001991, 29, 280, PT1, 4330, 1, 4330.000000, RNDM, 20436, 6, 3406.000000, 
bse_controlled_0001, 001993, 29, 412, PT1, 4330, 1, 4330.000000, RNDM, 20436, 6, 3406.000000, 
bse_controlled_0001, 001993, 29, 430, PT1, 4330, 1, 4330.000000, RNDM, 20436, 6, 3406.000000, 
bse_controlled_0001, 001994, 29, 430, PT1, 4330, 1, 4330.000000, RNDM, 20436, 6, 3406.000000, 
bse_controlled_0001, 001996, 59, 430, PT1, 4330, 1, 4330.000000, RNDM, 20436, 6, 3406.000000, 
bse_controlled_0001, 001997, 59, 443, PT1, 4330, 1, 4330.000000, RNDM, 20436, 6, 3406.000000, 
bse_controlled_0001, 001997, 59, 443, PT1, 4330, 1, 4330.000000, RNDM, 20436, 6, 3406.000000, 
bse_controlled_0001, 001998, 59, None, PT1, 4330, 1, 4330.000000, RNDM, 20436, 6, 3406.000000, 
bse_controlled_0001, 001999, 95, 201, PT1, 4141, 1, 4141.000000, RNDM, 20625, 6, 3437.500000, 
bse_controlled_0001, 002000, 95, 201, PT1, 4141, 1, 4141.000000, RNDM, 20625, 6, 3437.500000, 
bse_controlled_0001, 002000, 59, 201, PT1, 4141, 1, 4141.000000, RNDM, 20625, 6, 3437.500000, 
bse_controlled_0001, 002001, None, 201, PT1, 4141, 1, 4141.000000, RNDM, 20625, 6, 3437.500000, 
bse_controlled_0001, 002002, None, 201, PT1, 4141, 1, 4141.000000, RNDM, 20625, 6, 3437.500000, 
bse_controlled_0001, 002002, None, 263, PT1, 4141, 1, 4141.000000, RNDM, 20625, 6, 3437.500000, 
bse_controlled_0001, 002004, None, 263, PT1, 4141, 1, 4141.000000, RNDM, 20625, 6, 3437.500000, 
bse_controlled_0001, 002004, None, 263, PT1, 4141, 1, 4141.000000, RNDM, 20625, 6, 3437.500000, 
bse_controlled_0001, 002006, 24, 263, PT1, 4141, 1, 4141.000000, RNDM, 20625, 6, 3437.500000, 
bse_controlled_0001, 002006, 24, 263, PT1, 4141, 1, 4141.000000, RNDM, 20625, 6, 3437.500000, 
bse_controlled_0001, 002008, 54, 263, PT1, 4337, 1, 4337.000000, RNDM, 20429, 6, 3404.833333, 
bse_controlled_0001, 002008, 54, 342, PT1, 4337, 1, 4337.000000, RNDM, 20429, 6, 3404.833333, 
bse_controlled_0001, 002009, 54, 391, PT1, 4337, 1, 4337.000000, RNDM, 20429, 6, 3404.833333, 
bse_controlled_0001, 002012, 101, 391, PT1, 4337, 1, 4337.000000, RNDM, 20429, 6, 3404.833333, 
bse_controlled_0001, 002027, 104, 291, PT1, 4337, 1, 4337.000000, RNDM, 20429, 6, 3404.833333, 
bse_controlled_0001, 002028, 104, 291, PT1, 4337, 1, 4337.000000, RNDM, 20429, 6, 3404.833333, 
bse_controlled_0001, 002031, 104, 391, PT1, 4337, 1, 4337.000000, RNDM, 20429, 6, 3404.833333, 
bse_controlled_0001, 002033, 104, 391, PT1, 4337, 1, 4337.000000, RNDM, 20429, 6, 3404.833333, 
bse_controlled_0001, 002034, 104, 452, PT1, 4337, 1, 4337.000000, RNDM, 20429, 6, 3404.833333, 
bse_controlled_0001, 002042, 145, 452, PT1, 4337, 1, 4337.000000, RNDM, 20429, 6, 3404.833333, 
bse_controlled_0001, 002043, 145, 471, PT1, 4337, 1, 4337.000000, RNDM, 20429, 6, 3404.833333, 
bse_controlled_0001, 002057, 145, 372, PT1, 4337, 1, 4337.000000, RNDM, 20429, 6, 3404.833333, 
bse_controlled_0001, 002060, 145, 372, PT1, 4100, 1, 4100.000000, RNDM, 20666, 6, 3444.333333, 
bse_controlled_0001, 002061, 111, 372, PT1, 4100, 1, 4100.000000, RNDM, 20666, 6, 3444.333333, 
bse_controlled_0001, 002063, 133, 372, PT1, 4423, 1, 4423.000000, RNDM, 20989, 6, 3498.166667, 
bse_controlled_0001, 002072, 133, 372, PT1, 4423, 1, 4423.000000, RNDM, 20989, 6, 3498.166667, 
bse_controlled_0001, 002073, 111, 372, PT1, 4423, 1, 4423.000000, RNDM, 20989, 6, 3498.166667, 
bse_controlled_0001, 002073, 111, 429, PT1, 4423, 1, 4423.000000, RNDM, 20989, 6, 3498.166667, 
bse_controlled_0001, 002075, 337, 471, PT1, 4423, 1, 4423.000000, RNDM, 20989, 6, 3498.166667, 
bse_controlled_0001, 002075, 111, 471, PT1, 4423, 1, 4423.000000, RNDM, 20989, 6, 3498.166667, 
bse_controlled_0001, 002076, 111, 471, PT1, 4423, 1, 4423.000000, RNDM, 20989, 6, 3498.166667, 
bse_controlled_0001, 002077, 111, 471, PT1, 4285, 1, 4285.000000, RNDM, 21127, 6, 3521.166667, 
bse_controlled_0001, 002078, 111, 384, PT1, 4285, 1, 4285.000000, RNDM, 21127, 6, 3521.166667, 
bse_controlled_0001, 002088, 55, 145, PT1, 4285, 1, 4285.000000, RNDM, 21127, 6, 3521.166667, 
bse_controlled_0001, 002088, 55, 287, PT1, 4430, 1, 4430.000000, RNDM, 20982, 6, 3497.000000, 
bse_controlled_0001, 002088, 55, 287, PT1, 4430, 1, 4430.000000, RNDM, 20982, 6, 3497.000000, 
bse_controlled_0001, 002102, 78, 310, PT1, 4430, 1, 4430.000000, RNDM, 20982, 6, 3497.000000, 
bse_controlled_0001, 002103, 78, 346, PT1, 4430, 1, 4430.000000, RNDM, 20982, 6, 3497.000000, 
bse_controlled_0001, 002118, 111, 346, PT1, 4430, 1, 4430.000000, RNDM, 20982, 6, 3497.000000, 
bse_controlled_0001, 002118, 78, 127, PT1, 4430, 1, 4430.000000, RNDM, 20982, 6, 3497.000000, 
bse_controlled_0001, 002119, 78, 346, PT1, 4430, 1, 4430.000000, RNDM, 20982, 6, 3497.000000, 
bse_controlled_0001, 002133, 78, 260, PT1, 4302, 1, 4302.000000, RNDM, 20854, 6, 3475.666667, 
bse_controlled_0001, 002163, 87, 108, PT1, 4302, 1, 4302.000000, RNDM, 20854, 6, 3475.666667, 
bse_controlled_0001, 002164, 87, 260, PT1, 4302, 1, 4302.000000, RNDM, 20854, 6, 3475.666667, 
bse_controlled_0001, 002169, 163, 260, PT1, 4543, 1, 4543.000000, RNDM, 21095, 6, 3515.833333, 
bse_controlled_0001, 002171, 163, 346, PT1, 4543, 1, 4543.000000, RNDM, 21095, 6, 3515.833333, 
bse_controlled_0001, 002171, 163, 375, PT1, 4543, 1, 4543.000000, RNDM, 21095, 6, 3515.833333, 
bse_controlled_0001, 002171, 87, 406, PT1, 4543, 1, 4543.000000, RNDM, 21095, 6, 3515.833333, 
bse_controlled_0001, 002179, 85, 295, PT1, 4438, 1, 4438.000000, RNDM, 21200, 6, 3533.333333, 
bse_controlled_0001, 002193, 90, 295, PT1, 4551, 1, 4551.000000, RNDM, 21313, 6, 3552.166667, 
bse_controlled_0001, 002196, 90, 295, PT1, 4442, 1, 4442.000000, RNDM, 21422, 6, 3570.333333, 
bse_controlled_0001, 002208, 78, 110, PT1, 4442, 1, 4442.000000, RNDM, 21422, 6, 3570.333333, 
bse_controlled_0001, 002209, 78, 110, PT1, 4442, 1, 4442.000000, RNDM, 21422, 6, 3570.333333, 
bse_controlled_0001, 002212, 109, 178, PT1, 4442, 1, 4442.000000, RNDM, 21422, 6, 3570.333333, 
bse_controlled_0001, 002212, 78, 178, PT1, 4442, 1, 4442.000000, RNDM, 21422, 6, 3570.333333, 
bse_controlled_0001, 002212, 78, 334, PT1, 4442, 1, 4442.000000, RNDM, 21422, 6, 3570.333333, 
bse_controlled_0001, 002213, 166, 301, PT1, 4442, 1, 4442.000000, RNDM, 21422, 6, 3570.333333, 
bse_controlled_0001, 002215, 96, 301, PT1, 4608, 1, 4608.000000, RNDM, 21588, 6, 3598.000000, 
bse_controlled_0001, 002226, 96, 301, PT1, 4508, 1, 4508.000000, RNDM, 21688, 6, 3614.666667, 
bse_controlled_0001, 002238, 89, 301, PT1, 4508, 1, 4508.000000, RNDM, 21688, 6, 3614.666667, 
bse_controlled_0001, 002238, 89, 301, PT1, 4508, 1, 4508.000000, RNDM, 21688, 6, 3614.666667, 
bse_controlled_0001, 002239, 89, 301, PT1, 4508, 1, 4508.000000, RNDM, 21688, 6, 3614.666667, 
bse_controlled_0001, 002239, 89, 301, PT1, 4615, 1, 4615.000000, RNDM, 21581, 6, 3596.833333, 
bse_controlled_0001, 002253, 82, 273, PT1, 4615, 1, 4615.000000, RNDM, 21581, 6, 3596.833333, 
bse_controlled_0001, 002268, 168, 273, PT1, 4615, 1, 4615.000000, RNDM, 21581, 6, 3596.833333, 
bse_controlled_0001, 002269, 115, 273, PT1, 4615, 1, 4615.000000, RNDM, 21581, 6, 3596.833333, 
bse_controlled_0001, 002270, 78, 156, PT1, 4615, 1, 4615.000000, RNDM, 21581, 6, 3596.833333, 
bse_controlled_0001, 002270, None, 273, PT1, 4615, 1, 4615.000000, RNDM, 21581, 6, 3596.833333, 
bse_controlled_0001, 002271, None, 213, PT1, 4615, 1, 4615.000000, RNDM, 21581, 6, 3596.833333, 
bse_controlled_0001, 002283, 109, 213, PT1, 4493, 1, 4493.000000, RNDM, 21459, 6, 3576.500000, 
bse_controlled_0001, 002285, 108, 273, PT1, 4493, 1, 4493.000000, RNDM, 21459, 6, 3576.500000, 
bse_controlled_0001, 002288, 50, 273, PT1, 4644, 1, 4644.000000, RNDM, 21610, 6, 3601.666667, 
bse_controlled_0001, 002298, 50, 273, PT1, 4644, 1, 4644.000000, RNDM, 21610, 6, 3601.666667, 
bse_controlled_0001, 002299, 50, 152, PT1, 4536, 1, 4536.000000, RNDM, 21718, 6, 3619.666667, 
bse_controlled_0001, 002316, 98, 152, PT1, 4536, 1, 4536.000000, RNDM, 21718, 6, 3619.666667, 
bse_controlled_0001, 002317, 139, 273, PT1, 4536, 1, 4536.000000, RNDM, 21718, 6, 3619.666667, 
bse_controlled_0001, 002317, 98, 273, PT1, 4675, 1, 4675.000000, RNDM, 21857, 6, 3642.833333, 
bse_controlled_0001, 002317, 126, 288, PT1, 4675, 1, 4675.000000, RNDM, 21857, 6, 3642.833333, 
bse_controlled_0001, 002318, 126, 291, PT1, 4675, 1, 4675.000000, RNDM, 21857, 6, 3642.833333, 
bse_controlled_0001, 002318, 126, 371, PT1, 4675, 1, 4675.000000, RNDM, 21857, 6, 3642.833333, 
bse_controlled_0001, 002318, None, 371, PT1, 4675, 1, 4675.000000, RNDM, 21857, 6, 3642.833333, 
bse_controlled_0001, 002318, None, None, PT1, 4675, 1, 4675.000000, RNDM, 21857, 6, 3642.833333, 
bse_controlled_0001, 002319, 268, None, PT1, 4675, 1, 4675.000000, RNDM, 21857, 6, 3642.833333, 
bse_controlled_0001, 002331, 227, None, PT1, 4675, 1, 4675.000000, RNDM, 21857, 6, 3642.833333, 
bse_controlled_0001, 002344, 166, None, PT1, 4675, 1, 4675.000000, RNDM, 21857, 6, 3642.833333, 
bse_controlled_0001, 002346, 166, None, PT1, 4675, 1, 4675.000000, RNDM, 21857, 6, 3642.833333, 
bse_controlled_0001, 002347, 166, None, PT1, 4675, 1, 4675.000000, RNDM, 21857, 6, 3642.833333, 
bse_controlled_0001, 002348, 226, None, PT1, 4675, 1, 4675.000000, RNDM, 21857, 6, 3642.833333, 
bse_controlled_0001, 002359, 225, None, PT1, 4449, 1, 4449.000000, RNDM, 21631, 6, 3605.166667, 
bse_controlled_0001, 002361, 225, None, PT1, 4783, 1, 4783.000000, RNDM, 21965, 6, 3660.833333, 
bse_controlled_0001, 002374, 111, 456, PT1, 4783, 1, 4783.000000, RNDM, 21965, 6, 3660.833333, 
bse_controlled_0001, 002389, 96, 384, PT1, 4783, 1, 4783.000000, RNDM, 21965, 6, 3660.833333, 
bse_controlled_0001, 002394, 96, 384, PT1, 4678, 1, 4678.000000, RNDM, 22070, 6, 3678.333333, 
bse_controlled_0001, 002399, 96, 384, PT1, 5059, 1, 5059.000000, RNDM, 22451, 6, 3741.833333, 
bse_controlled_0001, 002405, 96, 384, PT1, 5059, 1, 5059.000000, RNDM, 22451, 6, 3741.833333, 
bse_controlled_0001, 002422, 95, 280, PT1, 5059, 1, 5059.000000, RNDM, 22451, 6, 3741.833333, 
bse_controlled_0001, 002422, 95, 336, PT1, 5059, 1, 5059.000000, RNDM, 22451, 6, 3741.833333, 
bse_controlled_0001, 002435, 128, None, PT1, 5059, 1, 5059.000000, RNDM, 22451, 6, 3741.833333, 
bse_controlled_0001, 002437, 128, 464, PT1, 4876, 1, 4876.000000, RNDM, 22634, 6, 3772.333333, 
bse_controlled_0001, 002438, 128, 464, PT1, 5176, 1, 5176.000000, RNDM, 22934, 6, 3822.333333, 
bse_controlled_0001, 002450, 116, 311, PT1, 5176, 1, 5176.000000, RNDM, 23190, 6, 3865.000000, 
bse_controlled_0001, 002451, 116, 464, PT1, 5176, 1, 5176.000000, RNDM, 23190, 6, 3865.000000, 
bse_controlled_0001, 002465, 116, 464, PT1, 5176, 1, 5176.000000, RNDM, 23190, 6, 3865.000000, 
bse_controlled_0001, 002480, 113, 383, PT1, 5176, 1, 5176.000000, RNDM, 23614, 6, 3935.666667, 
bse_controlled_0001, 002480, 103, 374, PT1, 5176, 1, 5176.000000, RNDM, 23614, 6, 3935.666667, 
bse_controlled_0001, 002498, 105, 374, PT1, 5070, 1, 5070.000000, RNDM, 23720, 6, 3953.333333, 
bse_controlled_0001, 002500, 105, 374, PT1, 5244, 1, 5244.000000, RNDM, 23894, 6, 3982.333333, 
bse_controlled_0001, 002501, 105, 383, PT1, 5244, 1, 5244.000000, RNDM, 23894, 6, 3982.333333, 
bse_controlled_0001, 002510, 99, 383, PT1, 5244, 1, 5244.000000, RNDM, 23894, 6, 3982.333333, 
bse_controlled_0001, 002510, 99, None, PT1, 5244, 1, 5244.000000, RNDM, 23894, 6, 3982.333333, 
bse_controlled_0001, 002511, 99, None, PT1, 5244, 1, 5244.000000, RNDM, 23894, 6, 3982.333333, 
bse_controlled_0001, 002525, 254, None, PT1, 5244, 1, 5244.000000, RNDM, 23894, 6, 3982.333333, 
bse_controlled_0001, 002540, 241, None, PT1, 5244, 1, 5244.000000, RNDM, 23894, 6, 3982.333333, 
bse_controlled_0001, 002540, 111, None, PT1, 5244, 1, 5244.000000, RNDM, 23894, 6, 3982.333333, 
bse_controlled_0001, 002540, 111, None, PT1, 5244, 1, 5244.000000, RNDM, 23894, 6, 3982.333333, 
bse_controlled_0001, 002543, 111, 246, PT1, 5129, 1, 5129.000000, RNDM, 24009, 6, 4001.500000, 
bse_controlled_0001, 002544, 111, 246, PT1, 5335, 1, 5335.000000, RNDM, 24215, 6, 4035.833333, 
bse_controlled_0001, 002555, 111, 246, PT1, 5335, 1, 5335.000000, RNDM, 24215, 6, 4035.833333, 
bse_controlled_0001, 002570, 95, 240, PT1, 5335, 1, 5335.000000, RNDM, 24215, 6, 4035.833333, 
bse_controlled_0001, 002571, 114, None, PT1, 5335, 1, 5335.000000, RNDM, 24215, 6, 4035.833333, 
bse_controlled_0001, 002585, 187, None, PT1, 5335, 1, 5335.000000, RNDM, 24933, 6, 4155.500000, 
bse_controlled_0001, 002601, 114, 446, PT1, 5335, 1, 5335.000000, RNDM, 24933, 6, 4155.500000, 
bse_controlled_0001, 002615, 114, 381, PT1, 5335, 1, 5335.000000, RNDM, 24933, 6, 4155.500000, 
bse_controlled_0001, 002615, 96, 381, PT1, 5335, 1, 5335.000000, RNDM, 24933, 6, 4155.500000, 
bse_controlled_0001, 002631, 96, 351, PT1, 5335, 1, 5335.000000, RNDM, 24933, 6, 4155.500000, 
bse_controlled_0001, 002631, 96, 351, PT1, 5207, 1, 5207.000000, RNDM, 25061, 6, 4176.833333, 
bse_controlled_0001, 002631, 89, 351, PT1, 5207, 1, 5207.000000, RNDM, 25061, 6, 4176.833333, 
bse_controlled_0001, 002633, 89, 351, PT1, 5360, 1, 5360.000000, RNDM, 25214, 6, 4202.333333, 
bse_controlled_0001, 002645, 189, 321, PT1, 5360, 1, 5360.000000, RNDM, 25214, 6, 4202.333333, 
bse_controlled_0001, 002661, 189, 321, PT1, 5360, 1, 5360.000000, RNDM, 25214, 6, 4202.333333, 
bse_controlled_0001, 002676, 189, 321, PT1, 5360, 1, 5360.000000, RNDM, 25214, 6, 4202.333333, 
bse_controlled_0001, 002676, 112, 321, PT1, 5360, 1, 5360.000000, RNDM, 25214, 6, 4202.333333, 
bse_controlled_0001, 002677, 112, 426, PT1, 5360, 1, 5360.000000, RNDM, 25214, 6, 4202.333333, 
bse_controlled_0001, 002678, 95, 369, PT1, 5360, 1, 5360.000000, RNDM, 25214, 6, 4202.333333, 
bse_controlled_0001, 002690, 121, 369, PT1, 5360, 1, 5360.000000, RNDM, 25214, 6, 4202.333333, 
bse_controlled_0001, 002691, 89, 426, PT1, 5360, 1, 5360.000000, RNDM, 25214, 6, 4202.333333, 
bse_controlled_0001, 002691, 96, 426, PT1, 5360, 1, 5360.000000, RNDM, 25214, 6, 4202.333333, 
bse_controlled_0001, 002692, 96, 281, PT1, 5247, 1, 5247.000000, RNDM, 25327, 6, 4221.166667, 
bse_controlled_0001, 002695, 96, 281, PT1, 5501, 1, 5501.000000, RNDM, 25581, 6, 4263.500000, 
bse_controlled_0001, 002696, 96, 353, PT1, 5501, 1, 5501.000000, RNDM, 25581, 6, 4263.500000, 
bse_controlled_0001, 002702, 107, 353, PT1, 5325, 1, 5325.000000, RNDM, 25757, 6, 4292.833333, 
bse_controlled_0001, 002704, 107, 353, PT1, 5542, 1, 5542.000000, RNDM, 25974, 6, 4329.000000, 
bse_controlled_0001, 002706, 96, 353, PT1, 5542, 1, 5542.000000, RNDM, 25974, 6, 4329.000000, 
bse_controlled_0001, 002707, 96, 283, PT1, 5418, 1, 5418.000000, RNDM, 26098, 6, 4349.666667, 
bse_controlled_0001, 002707, 96, 353, PT1, 5418, 1, 5418.000000, RNDM, 26098, 6, 4349.666667, 
bse_controlled_0001, 002721, 91, 353, PT1, 5418, 1, 5418.000000, RNDM, 26098, 6, 4349.666667, 
bse_controlled_0001, 002722, 91, 411, PT1, 5418, 1, 5418.000000, RNDM, 26098, 6, 4349.666667, 
bse_controlled_0001, 002723, 111, 286, PT1, 5549, 1, 5549.000000, RNDM, 25967, 6, 4327.833333, 
bse_controlled_0001, 002724, 91, 286, PT1, 5549, 1, 5549.000000, RNDM, 25967, 6, 4327.833333, 
bse_controlled_0001, 002736, 91, 286, PT1, 5549, 1, 5549.000000, RNDM, 25967, 6, 4327.833333, 
bse_controlled_0001, 002751, 91, 300, PT1, 5549, 1, 5549.000000, RNDM, 25967, 6, 4327.833333, 
bse_controlled_0001, 002754, 88, 276, PT1, 5423, 1, 5423.000000, RNDM, 26093, 6, 4348.833333, 
bse_controlled_0001, 002766, 88, 276, PT1, 5423, 1, 5423.000000, RNDM, 26093, 6, 4348.833333, 
bse_controlled_0001, 002767, 88, 300, PT1, 5423, 1, 5423.000000, RNDM, 26093, 6, 4348.833333, 
bse_controlled_0001, 002781, 88, 300, PT1, 5423, 1, 5423.000000, RNDM, 26093, 6, 4348.833333, 
bse_controlled_0001, 002781, 49, 188, PT1, 5423, 1, 5423.000000, RNDM, 26093, 6, 4348.833333, 
bse_controlled_0001, 002785, 49, 187, PT1, 5423, 1, 5423.000000, RNDM, 26093, 6, 4348.833333, 
bse_controlled_0001, 002788, 49, 86, PT1, 5423, 1, 5423.000000, RNDM, 26093, 6, 4348.833333, 
bse_controlled_0001, 002789, 49, 187, PT1, 5423, 1, 5423.000000, RNDM, 26093, 6, 4348.833333, 
bse_controlled_0001, 002791, 49, 188, PT1, 5423, 1, 5423.000000, RNDM, 26093, 6, 4348.833333, 
bse_controlled_0001, 002791, 49, 371, PT1, 5423, 1, 5423.000000, RNDM, 26093, 6, 4348.833333, 
bse_controlled_0001, 002792, 49, 371, PT1, 5423, 1, 5423.000000, RNDM, 26093, 6, 4348.833333, 
bse_controlled_0001, 002796, 83, 237, PT1, 5423, 1, 5423.000000, RNDM, 26093, 6, 4348.833333, 
bse_controlled_0001, 002798, 83, 237, PT1, 5423, 1, 5423.000000, RNDM, 26093, 6, 4348.833333, 
bse_controlled_0001, 002798, 83, 371, PT1, 5423, 1, 5423.000000, RNDM, 26093, 6, 4348.833333, 
bse_controlled_0001, 002799, 49, 371, PT1, 5423, 1, 5423.000000, RNDM, 26093, 6, 4348.833333, 
bse_controlled_0001, 002799, 35, 371, PT1, 5423, 1, 5423.000000, RNDM, 26093, 6, 4348.833333, 
bse_controlled_0001, 002800, 35, 371, PT1, 5423, 1, 5423.000000, RNDM, 26093, 6, 4348.833333, 
bse_controlled_0001, 002802, 35, 371, PT1, 5423, 1, 5423.000000, RNDM, 26093, 6, 4348.833333, 
bse_controlled_0001, 002803, 238, 403, PT1, 5423, 1, 5423.000000, RNDM, 26093, 6, 4348.833333, 
bse_controlled_0001, 002803, 35, 403, PT1, 5423, 1, 5423.000000, RNDM, 26093, 6, 4348.833333, 
bse_controlled_0001, 002812, 35, 133, PT1, 5423, 1, 5423.000000, RNDM, 26093, 6, 4348.833333, 
bse_controlled_0001, 002812, 35, 239, PT1, 5556, 1, 5556.000000, RNDM, 25960, 6, 4326.666667, 
bse_controlled_0001, 002815, 35, 239, PT1, 5447, 1, 5447.000000, RNDM, 26069, 6, 4344.833333, 
bse_controlled_0001, 002826, 35, 239, PT1, 5447, 1, 5447.000000, RNDM, 26069, 6, 4344.833333, 
bse_controlled_0001, 002827, None, 239, PT1, 5447, 1, 5447.000000, RNDM, 26069, 6, 4344.833333, 
bse_controlled_0001, 002827, None, 239, PT1, 5671, 1, 5671.000000, RNDM, 26293, 6, 4382.166667, 
bse_controlled_0001, 002829, None, 239, PT1, 5671, 1, 5671.000000, RNDM, 26293, 6, 4382.166667, 
bse_controlled_0001, 002830, 62, 410, PT1, 5671, 1, 5671.000000, RNDM, 26293, 6, 4382.166667, 
bse_controlled_0001, 002841, 77, 410, PT1, 5671, 1, 5671.000000, RNDM, 26293, 6, 4382.166667, 
bse_controlled_0001, 002842, 77, 108, PT1, 5671, 1, 5671.000000, RNDM, 26293, 6, 4382.166667, 
bse_controlled_0001, 002844, 87, 215, PT1, 5563, 1, 5563.000000, RNDM, 26401, 6, 4400.166667, 
bse_controlled_0001, 002856, 87, 215, PT1, 5563, 1, 5563.000000, RNDM, 26401, 6, 4400.166667, 
bse_controlled_0001, 002857, 77, 297, PT1, 5563, 1, 5563.000000, RNDM, 26401, 6, 4400.166667, 
bse_controlled_0001, 002872, 93, 272, PT1, 5563, 1, 5563.000000, RNDM, 26401, 6, 4400.166667, 
bse_controlled_0001, 002872, 77, 272, PT1, 5563, 1, 5563.000000, RNDM, 26401, 6, 4400.166667, 
bse_controlled_0001, 002887, 77, 159, PT1, 5563, 1, 5563.000000, RNDM, 26401, 6, 4400.166667, 
bse_controlled_0001, 002889, 77, 159, PT1, 5563, 1, 5563.000000, RNDM, 26401, 6, 4400.166667, 
bse_controlled_0001, 002891, 77, 272, PT1, 5563, 1, 5563.000000, RNDM, 26401, 6, 4400.166667, 
bse_controlled_0001, 002891, 19, 272, PT1, 5563, 1, 5563.000000, RNDM, 26401, 6, 4400.166667, 
bse_controlled_0001, 002891, 19, 333, PT1, 5563, 1, 5563.000000, RNDM, 26401, 6, 4400.166667, 
bse_controlled_0001, 002892, 19, 333, PT1, 5563, 1, 5563.000000, RNDM, 26401, 6, 4400.166667, 
bse_controlled_0001, 002892, 29, 410, PT1, 5563, 1, 5563.000000, RNDM, 26401, 6, 4400.166667, 
bse_controlled_0001, 002893, 29, 115, PT1, 5563, 1, 5563.000000, RNDM, 26401, 6, 4400.166667, 
bse_controlled_0001, 002893, 19, 39, PT1, 5563, 1, 5563.000000, RNDM, 26401, 6, 4400.166667, 
bse_controlled_0001, 002894, 19, 115, PT1, 5563, 1, 5563.000000, RNDM, 26401, 6, 4400.166667, 
bse_controlled_0001, 002894, 19, 168, PT1, 5678, 1, 5678.000000, RNDM, 26286, 6, 4381.000000, 
bse_controlled_0001, 002895, 19, 168, PT1, 5678, 1, 5678.000000, RNDM, 26286, 6, 4381.000000, 
bse_controlled_0001, 002896, 19, 379, PT1, 5678, 1, 5678.000000, RNDM, 26286, 6, 4381.000000, 
bse_controlled_0001, 002896, 19, 379, PT1, 5626, 1, 5626.000000, RNDM, 26338, 6, 4389.666667, 
bse_controlled_0001, 002902, 55, 379, PT1, 5626, 1, 5626.000000, RNDM, 26338, 6, 4389.666667, 
bse_controlled_0001, 002918, 31, 70, PT1, 5685, 1, 5685.000000, RNDM, 26279, 6, 4379.833333, 
bse_controlled_0001, 002918, 31, 85, PT1, 5615, 1, 5615.000000, RNDM, 26349, 6, 4391.500000, 
bse_controlled_0001, 002919, 31, 238, PT1, 5615, 1, 5615.000000, RNDM, 26349, 6, 4391.500000, 
bse_controlled_0001, 002920, 146, 410, PT1, 5615, 1, 5615.000000, RNDM, 26349, 6, 4391.500000, 
bse_controlled_0001, 002920, 31, 410, PT1, 5761, 1, 5761.000000, RNDM, 26495, 6, 4415.833333, 
bse_controlled_0001, 002921, 31, 410, PT1, 5761, 1, 5761.000000, RNDM, 26495, 6, 4415.833333, 
bse_controlled_0001, 002922, 31, 410, PT1, 5761, 1, 5761.000000, RNDM, 26495, 6, 4415.833333, 
bse_controlled_0001, 002924, 31, 370, PT1, 5648, 1, 5648.000000, RNDM, 26608, 6, 4434.666667, 
bse_controlled_0001, 002932, 33, 370, PT1, 5648, 1, 5648.000000, RNDM, 26608, 6, 4434.666667, 
bse_controlled_0001, 002934, 86, 370, PT1, 6002, 1, 6002.000000, RNDM, 26962, 6, 4493.666667, 
bse_controlled_0001, 002939, 86, 370, PT1, 5889, 1, 5889.000000, RNDM, 27075, 6, 4512.500000, 
bse_controlled_0001, 002948, 86, 370, PT1, 5889, 1, 5889.000000, RNDM, 27075, 6, 4512.500000, 
bse_controlled_0001, 002949, 86, 370, PT1, 6206, 1, 6206.000000, RNDM, 27392, 6, 4565.333333, 
bse_controlled_0001, 002966, 107, 370, PT1, 6206, 1, 6206.000000, RNDM, 27392, 6, 4565.333333, 
bse_controlled_0001, 002978, 217, 370, PT1, 6206, 1, 6206.000000, RNDM, 27392, 6, 4565.333333, 
bse_controlled_0001, 002992, 104, 370, PT1, 6206, 1, 6206.000000, RNDM, 27392, 6, 4565.333333, 
bse_controlled_0001, 002992, 104, 370, PT1, 6098, 1, 6098.000000, RNDM, 27500, 6, 4583.333333, 
bse_controlled_0001, 002996, 99, 370, PT1, 6303, 1, 6303.000000, RNDM, 27705, 6, 4617.500000, 
bse_controlled_0001, 002997, 99, 370, PT1, 6193, 1, 6193.000000, RNDM, 27815, 6, 4635.833333, 
bse_controlled_0001, 003001, 99, 370, PT1, 6344, 1, 6344.000000, RNDM, 27966, 6, 4661.000000, 
bse_controlled_0001, 003003, 99, 491, PT1, 6344, 1, 6344.000000, RNDM, 27966, 6, 4661.000000, 
bse_controlled_0001, 003004, 99, 491, PT1, 6344, 1, 6344.000000, RNDM, 27966, 6, 4661.000000, 
bse_controlled_0001, 003007, 125, 352, PT1, 6344, 1, 6344.000000, RNDM, 28656, 6, 4776.000000, 
bse_controlled_0001, 003022, 115, 352, PT1, 6219, 1, 6219.000000, RNDM, 28531, 6, 4755.166667, 
bse_controlled_0001, 003023, 99, 352, PT1, 6219, 1, 6219.000000, RNDM, 28531, 6, 4755.166667, 
bse_controlled_0001, 003052, 99, 114, PT1, 6219, 1, 6219.000000, RNDM, 28531, 6, 4755.166667, 
bse_controlled_0001, 003052, 99, 173, PT1, 6219, 1, 6219.000000, RNDM, 28531, 6, 4755.166667, 
bse_controlled_0001, 003052, 99, 173, PT1, 6219, 1, 6219.000000, RNDM, 28531, 6, 4755.166667, 
bse_controlled_0001, 003053, 99, 352, PT1, 6219, 1, 6219.000000, RNDM, 28531, 6, 4755.166667, 
bse_controlled_0001, 003054, 95, 491, PT1, 6219, 1, 6219.000000, RNDM, 28531, 6, 4755.166667, 
bse_controlled_0001, 003058, 267, 289, PT1, 6505, 1, 6505.000000, RNDM, 28817, 6, 4802.833333, 
bse_controlled_0001, 003070, 209, 289, PT1, 6505, 1, 6505.000000, RNDM, 28817, 6, 4802.833333, 
bse_controlled_0001, 003082, 100, 289, PT1, 6505, 1, 6505.000000, RNDM, 28817, 6, 4802.833333, 
bse_controlled_0001, 003083, 88, 289, PT1, 6505, 1, 6505.000000, RNDM, 28817, 6, 4802.833333, 
bse_controlled_0001, 003083, 88, 392, PT1, 6505, 1, 6505.000000, RNDM, 28817, 6, 4802.833333, 
bse_controlled_0001, 003083, 88, 491, PT1, 6505, 1, 6505.000000, RNDM, 28817, 6, 4802.833333, 
bse_controlled_0001, 003084, 111, None, PT1, 6505, 1, 6505.000000, RNDM, 28817, 6, 4802.833333, 
bse_controlled_0001, 003097, 238, None, PT1, 6505, 1, 6505.000000, RNDM, 28817, 6, 4802.833333, 
bse_controlled_0001, 003112, 279, None, PT1, 6505, 1, 6505.000000, RNDM, 28817, 6, 4802.833333, 
bse_controlled_0001, 003113, 185, None, PT1, 6505, 1, 6505.000000, RNDM, 28817, 6, 4802.833333, 
bse_controlled_0001, 003115, 111, None, PT1, 6245, 1, 6245.000000, RNDM, 29077, 6, 4846.166667, 
bse_controlled_0001, 003116, 111, 493, PT1, 6577, 1, 6577.000000, RNDM, 29409, 6, 4901.500000, 
bse_controlled_0001, 003118, 111, 493, PT1, 6347, 1, 6347.000000, RNDM, 29639, 6, 4939.833333, 
bse_controlled_0001, 003128, 104, 493, PT1, 6347, 1, 6347.000000, RNDM, 29639, 6, 4939.833333, 
bse_controlled_0001, 003129, 104, 493, PT1, 6746, 1, 6746.000000, RNDM, 30038, 6, 5006.333333, 
bse_controlled_0001, 003130, 104, 236, PT1, 6617, 1, 6617.000000, RNDM, 30167, 6, 5027.833333, 
bse_controlled_0001, 003131, 104, 493, PT1, 6617, 1, 6617.000000, RNDM, 30167, 6, 5027.833333, 
bse_controlled_0001, 003133, 104, 405, PT1, 6617, 1, 6617.000000, RNDM, 30167, 6, 5027.833333, 
bse_controlled_0001, 003133, 104, 405, PT1, 6617, 1, 6617.000000, RNDM, 30167, 6, 5027.833333, 
bse_controlled_0001, 003134, 91, 136, PT1, 6617, 1, 6617.000000, RNDM, 30167, 6, 5027.833333, 
bse_controlled_0001, 003134, None, 136, PT1, 6617, 1, 6617.000000, RNDM, 30167, 6, 5027.833333, 
bse_controlled_0001, 003135, None, 405, PT1, 6753, 1, 6753.000000, RNDM, 30031, 6, 5005.166667, 
bse_controlled_0001, 003136, None, 405, PT1, 6700, 1, 6700.000000, RNDM, 30084, 6, 5014.000000, 
bse_controlled_0001, 003136, None, 405, PT1, 6700, 1, 6700.000000, RNDM, 30084, 6, 5014.000000, 
bse_controlled_0001, 003143, None, 388, PT1, 6700, 1, 6700.000000, RNDM, 30084, 6, 5014.000000, 
bse_controlled_0001, 003144, None, 388, PT1, 6822, 1, 6822.000000, RNDM, 30206, 6, 5034.333333, 
bse_controlled_0001, 003158, 90, 388, PT1, 6822, 1, 6822.000000, RNDM, 30206, 6, 5034.333333, 
bse_controlled_0001, 003158, 112, 485, PT1, 6822, 1, 6822.000000, RNDM, 30206, 6, 5034.333333, 
bse_controlled_0001, 003159, 112, 485, PT1, 6651, 1, 6651.000000, RNDM, 30377, 6, 5062.833333, 
bse_controlled_0001, 003161, 112, 485, PT1, 6952, 1, 6952.000000, RNDM, 30678, 6, 5113.000000, 
bse_controlled_0001, 003163, 112, 485, PT1, 6952, 1, 6952.000000, RNDM, 30678, 6, 5113.000000, 
bse_controlled_0001, 003164, 112, 485, PT1, 6952, 1, 6952.000000, RNDM, 30678, 6, 5113.000000, 
bse_controlled_0001, 003164, 22, 485, PT1, 6952, 1, 6952.000000, RNDM, 30678, 6, 5113.000000, 
bse_controlled_0001, 003165, 22, 485, PT1, 6952, 1, 6952.000000, RNDM, 30678, 6, 5113.000000, 
bse_controlled_0001, 003173, 413, 485, PT1, 6952, 1, 6952.000000, RNDM, 30678, 6, 5113.000000, 
bse_controlled_0001, 003173, 67, 485, PT1, 6952, 1, 6952.000000, RNDM, 30678, 6, 5113.000000, 
bse_controlled_0001, 003173, 67, 485, PT1, 6952, 1, 6952.000000, RNDM, 30678, 6, 5113.000000, 
bse_controlled_0001, 003189, 167, 461, PT1, 6952, 1, 6952.000000, RNDM, 30678, 6, 5113.000000, 
bse_controlled_0001, 003203, 167, 461, PT1, 6952, 1, 6952.000000, RNDM, 30678, 6, 5113.000000, 
bse_controlled_0001, 003204, 110, 340, PT1, 6952, 1, 6952.000000, RNDM, 30678, 6, 5113.000000, 
bse_controlled_0001, 003204, 110, 461, PT1, 6952, 1, 6952.000000, RNDM, 30678, 6, 5113.000000, 
bse_controlled_0001, 003205, 90, 241, PT1, 6952, 1, 6952.000000, RNDM, 30678, 6, 5113.000000, 
bse_controlled_0001, 003205, 87, 241, PT1, 6862, 1, 6862.000000, RNDM, 30588, 6, 5098.000000, 
bse_controlled_0001, 003218, 87, 241, PT1, 6862, 1, 6862.000000, RNDM, 30588, 6, 5098.000000, 
bse_controlled_0001, 003218, 87, 478, PT1, 6862, 1, 6862.000000, RNDM, 30588, 6, 5098.000000, 
bse_controlled_0001, 003219, 87, 478, PT1, 7221, 1, 7221.000000, RNDM, 30947, 6, 5157.833333, 
bse_controlled_0001, 003220, 87, 478, PT1, 7221, 1, 7221.000000, RNDM, 30947, 6, 5157.833333, 
bse_controlled_0001, 003221, 30, 422, PT1, 7221, 1, 7221.000000, RNDM, 30947, 6, 5157.833333, 
bse_controlled_0001, 003222, 30, 282, PT1, 7123, 1, 7123.000000, RNDM, 31045, 6, 5174.166667, 
bse_controlled_0001, 003223, 30, 422, PT1, 7123, 1, 7123.000000, RNDM, 31045, 6, 5174.166667, 
bse_controlled_0001, 003226, 73, 422, PT1, 7340, 1, 7340.000000, RNDM, 31262, 6, 5210.333333, 
bse_controlled_0001, 003234, 89, 478, PT1, 7243, 1, 7243.000000, RNDM, 31359, 6, 5226.500000, 
bse_controlled_0001, 003249, 89, 109, PT1, 7243, 1, 7243.000000, RNDM, 31359, 6, 5226.500000, 
bse_controlled_0001, 003251, 89, 473, PT1, 7243, 1, 7243.000000, RNDM, 31359, 6, 5226.500000, 
bse_controlled_0001, 003251, 67, 473, PT1, 7243, 1, 7243.000000, RNDM, 31359, 6, 5226.500000, 
bse_controlled_0001, 003253, 137, 473, PT1, 7630, 1, 7630.000000, RNDM, 31746, 6, 5291.000000, 
bse_controlled_0001, 003263, 67, 300, PT1, 7630, 1, 7630.000000, RNDM, 31746, 6, 5291.000000, 
bse_controlled_0001, 003264, 107, 342, PT1, 7630, 1, 7630.000000, RNDM, 31746, 6, 5291.000000, 
bse_controlled_0001, 003278, 102, 299, PT1, 7630, 1, 7630.000000, RNDM, 31746, 6, 5291.000000, 
bse_controlled_0001, 003294, 102, 299, PT1, 7630, 1, 7630.000000, RNDM, 31746, 6, 5291.000000, 
bse_controlled_0001, 003294, 102, 342, PT1, 7630, 1, 7630.000000, RNDM, 31746, 6, 5291.000000, 
bse_controlled_0001, 003295, 102, 342, PT1, 7489, 1, 7489.000000, RNDM, 31887, 6, 5314.500000, 
bse_controlled_0001, 003297, 102, 342, PT1, 7804, 1, 7804.000000, RNDM, 32202, 6, 5367.000000, 
bse_controlled_0001, 003309, 184, 342, PT1, 7804, 1, 7804.000000, RNDM, 32202, 6, 5367.000000, 
bse_controlled_0001, 003324, 184, 342, PT1, 7804, 1, 7804.000000, RNDM, 32202, 6, 5367.000000, 
bse_controlled_0001, 003325, 114, 342, PT1, 7804, 1, 7804.000000, RNDM, 32202, 6, 5367.000000, 
bse_controlled_0001, 003325, 99, 342, PT1, 7804, 1, 7804.000000, RNDM, 32202, 6, 5367.000000, 
bse_controlled_0001, 003326, 99, 221, PT1, 7669, 1, 7669.000000, RNDM, 32337, 6, 5389.500000, 
bse_controlled_0001, 003328, 99, 221, PT1, 7669, 1, 7669.000000, RNDM, 32337, 6, 5389.500000, 
bse_controlled_0001, 003329, 99, 221, PT1, 7887, 1, 7887.000000, RNDM, 32555, 6, 5425.833333, 
bse_controlled_0001, 003333, 99, 221, PT1, 7769, 1, 7769.000000, RNDM, 32673, 6, 5445.500000, 
bse_controlled_0001, 003338, 99, 221, PT1, 7969, 1, 7969.000000, RNDM, 32873, 6, 5478.833333, 
bse_controlled_0001, 003341, 103, 274, PT1, 7858, 1, 7858.000000, RNDM, 32984, 6, 5497.333333, 
bse_controlled_0001, 003355, 103, 274, PT1, 7858, 1, 7858.000000, RNDM, 32984, 6, 5497.333333, 
bse_controlled_0001, 003356, 86, 406, PT1, 7858, 1, 7858.000000, RNDM, 32984, 6, 5497.333333, 
bse_controlled_0001, 003356, 86, 406, PT1, 7858, 1, 7858.000000, RNDM, 32984, 6, 5497.333333, 
bse_controlled_0001, 003357, 86, 406, PT1, 7858, 1, 7858.000000, RNDM, 32984, 6, 5497.333333, 
bse_controlled_0001, 003358, 131, 406, PT1, 8025, 1, 8025.000000, RNDM, 33151, 6, 5525.166667, 
bse_controlled_0001, 003369, 86, 243, PT1, 8025, 1, 8025.000000, RNDM, 33151, 6, 5525.166667, 
bse_controlled_0001, 003384, 86, 243, PT1, 8025, 1, 8025.000000, RNDM, 33151, 6, 5525.166667, 
bse_controlled_0001, 003384, 86, 414, PT1, 8025, 1, 8025.000000, RNDM, 33151, 6, 5525.166667, 
bse_controlled_0001, 003401, 100, 216, PT1, 7924, 1, 7924.000000, RNDM, 33252, 6, 5542.000000, 
bse_controlled_0001, 003401, 100, 414, PT1, 7924, 1, 7924.000000, RNDM, 33252, 6, 5542.000000, 
bse_controlled_0001, 003402, 100, 401, PT1, 8166, 1, 8166.000000, RNDM, 33494, 6, 5582.333333, 
bse_controlled_0001, 003415, 114, 401, PT1, 8166, 1, 8166.000000, RNDM, 33494, 6, 5582.333333, 
bse_controlled_0001, 003417, 164, 414, PT1, 8166, 1, 8166.000000, RNDM, 33494, 6, 5582.333333, 
bse_controlled_0001, 003420, 164, 476, PT1, 8166, 1, 8166.000000, RNDM, 33494, 6, 5582.333333, 
bse_controlled_0001, 003430, 114, 476, PT1, 8166, 1, 8166.000000, RNDM, 33494, 6, 5582.333333, 
bse_controlled_0001, 003431, 114, 476, PT1, 8166, 1, 8166.000000, RNDM, 33494, 6, 5582.333333, 
bse_controlled_0001, 003433, 114, 464, PT1, 7878, 1, 7878.000000, RNDM, 33782, 6, 5630.333333, 
bse_controlled_0001, 003444, 103, 464, PT1, 7878, 1, 7878.000000, RNDM, 33782, 6, 5630.333333, 
bse_controlled_0001, 003445, 98, 476, PT1, 7878, 1, 7878.000000, RNDM, 33782, 6, 5630.333333, 
bse_controlled_0001, 003459, 98, 469, PT1, 7878, 1, 7878.000000, RNDM, 33782, 6, 5630.333333, 
bse_controlled_0001, 003462, 98, 226, PT1, 7878, 1, 7878.000000, RNDM, 33782, 6, 5630.333333, 
bse_controlled_0001, 003463, 98, 469, PT1, 7878, 1, 7878.000000, RNDM, 33782, 6, 5630.333333, 
bse_controlled_0001, 003463, 433, 476, PT1, 7878, 1, 7878.000000, RNDM, 33782, 6, 5630.333333, 
bse_controlled_0001, 003463, 98, 476, PT1, 7878, 1, 7878.000000, RNDM, 33782, 6, 5630.333333, 
bse_controlled_0001, 003465, 98, 476, PT1, 8173, 1, 8173.000000, RNDM, 33487, 6, 5581.166667, 
bse_controlled_0001, 003475, 98, 476, PT1, 8173, 1, 8173.000000, RNDM, 33487, 6, 5581.166667, 
bse_controlled_0001, 003476, 98, 476, PT1, 8060, 1, 8060.000000, RNDM, 33600, 6, 5600.000000, 
bse_controlled_0001, 003479, 88, 425, PT1, 8060, 1, 8060.000000, RNDM, 33600, 6, 5600.000000, 
bse_controlled_0001, 003479, 113, 425, PT1, 8382, 1, 8382.000000, RNDM, 33922, 6, 5653.666667, 
bse_controlled_0001, 003489, 113, 476, PT1, 8382, 1, 8382.000000, RNDM, 33922, 6, 5653.666667, 
bse_controlled_0001, 003505, 113, 476, PT1, 8382, 1, 8382.000000, RNDM, 33922, 6, 5653.666667, 
bse_controlled_0001, 003505, 102, 476, PT1, 8382, 1, 8382.000000, RNDM, 33922, 6, 5653.666667, 
bse_controlled_0001, 003520, 99, 275, PT1, 8382, 1, 8382.000000, RNDM, 33922, 6, 5653.666667, 
bse_controlled_0001, 003535, 110, 336, PT1, 8382, 1, 8382.000000, RNDM, 33922, 6, 5653.666667, 
bse_controlled_0001, 003537, 110, 443, PT1, 8382, 1, 8382.000000, RNDM, 33922, 6, 5653.666667, 
bse_controlled_0001, 003539, 108, 443, PT1, 8247, 1, 8247.000000, RNDM, 34057, 6, 5676.166667, 
bse_controlled_0001, 003539, 108, 476, PT1, 8247, 1, 8247.000000, RNDM, 34057, 6, 5676.166667, 
bse_controlled_0001, 003540, 116, 476, PT1, 8434, 1, 8434.000000, RNDM, 34244, 6, 5707.333333, 
bse_controlled_0001, 003542, 116, 476, PT1, 8226, 1, 8226.000000, RNDM, 34452, 6, 5742.000000, 
bse_controlled_0001, 003554, 99, 170, PT1, 8226, 1, 8226.000000, RNDM, 34452, 6, 5742.000000, 
bse_controlled_0001, 003564, 99, 170, PT1, 8226, 1, 8226.000000, RNDM, 34452, 6, 5742.000000, 
bse_controlled_0001, 003580, 99, 170, PT1, 8226, 1, 8226.000000, RNDM, 34452, 6, 5742.000000, 
bse_controlled_0001, 003580, 99, 205, PT1, 8226, 1, 8226.000000, RNDM, 34452, 6, 5742.000000, 
bse_controlled_0001, 003582, 85, 117, PT1, 8226, 1, 8226.000000, RNDM, 34452, 6, 5742.000000, 
bse_controlled_0001, 003584, None, 116, PT1, 8226, 1, 8226.000000, RNDM, 34452, 6, 5742.000000, 
bse_controlled_0001, 003585, None, 117, PT1, 8226, 1, 8226.000000, RNDM, 34452, 6, 5742.000000, 
bse_controlled_0001, 003585, None, 204, PT1, 8226, 1, 8226.000000, RNDM, 34452, 6, 5742.000000, 
bse_controlled_0001, 003587, 51, 205, PT1, 8226, 1, 8226.000000, RNDM, 34452, 6, 5742.000000, 
bse_controlled_0001, 003587, 51, 311, PT1, 8226, 1, 8226.000000, RNDM, 34452, 6, 5742.000000, 
bse_controlled_0001, 003596, 96, 311, PT1, 8226, 1, 8226.000000, RNDM, 34452, 6, 5742.000000, 
bse_controlled_0001, 003597, 96, 342, PT1, 8226, 1, 8226.000000, RNDM, 34452, 6, 5742.000000, 
bse_controlled_0001, 003597, 249, 437, PT1, 8226, 1, 8226.000000, RNDM, 34452, 6, 5742.000000, 
bse_controlled_0001, 003597, 51, 396, PT1, 8226, 1, 8226.000000, RNDM, 34452, 6, 5742.000000, 
bse_controlled_0001, 003611, 100, 118, PT1, 8226, 1, 8226.000000, RNDM, 34452, 6, 5742.000000, 
bse_controlled_0001, 003625, 51, 111, PT1, 8226, 1, 8226.000000, RNDM, 34452, 6, 5742.000000, 
bse_controlled_0001, 003641, 89, 99, PT1, 8226, 1, 8226.000000, RNDM, 34452, 6, 5742.000000, 
bse_controlled_0001, 003656, 89, 99, PT1, 8226, 1, 8226.000000, RNDM, 34452, 6, 5742.000000, 
bse_controlled_0001, 003656, 87, 111, PT1, 8226, 1, 8226.000000, RNDM, 34452, 6, 5742.000000, 
bse_controlled_0001, 003656, 87, 114, PT1, 8226, 1, 8226.000000, RNDM, 34452, 6, 5742.000000, 
bse_controlled_0001, 003686, 96, 113, PT1, 8226, 1, 8226.000000, RNDM, 34452, 6, 5742.000000, 
bse_controlled_0001, 003703, 92, 113, PT1, 8226, 1, 8226.000000, RNDM, 34452, 6, 5742.000000, 
bse_controlled_0001, 003716, 92, 113, PT1, 8226, 1, 8226.000000, RNDM, 34452, 6, 5742.000000, 
bse_controlled_0001, 003730, 87, 142, PT1, 8226, 1, 8226.000000, RNDM, 34452, 6, 5742.000000, 
bse_controlled_0001, 003731, 87, 212, PT1, 8226, 1, 8226.000000, RNDM, 34452, 6, 5742.000000, 
bse_controlled_0001, 003745, 54, 212, PT1, 8226, 1, 8226.000000, RNDM, 34452, 6, 5742.000000, 
bse_controlled_0001, 003748, 95, 210, PT1, 8226, 1, 8226.000000, RNDM, 34452, 6, 5742.000000, 
bse_controlled_0001, 003750, 95, 210, PT1, 8226, 1, 8226.000000, RNDM, 34452, 6, 5742.000000, 
bse_controlled_0001, 003750, 95, 212, PT1, 8226, 1, 8226.000000, RNDM, 34452, 6, 5742.000000, 
bse_controlled_0001, 003750, 95, 215, PT1, 8226, 1, 8226.000000, RNDM, 34452, 6, 5742.000000, 
bse_controlled_0001, 003754, 95, 262, PT1, 8441, 1, 8441.000000, RNDM, 34237, 6, 5706.166667, 
bse_controlled_0001, 003761, 31, 262, PT1, 8441, 1, 8441.000000, RNDM, 34237, 6, 5706.166667, 
bse_controlled_0001, 003776, 97, 198, PT1, 8336, 1, 8336.000000, RNDM, 34342, 6, 5723.666667, 
bse_controlled_0001, 003778, 97, 198, PT1, 8336, 1, 8336.000000, RNDM, 34342, 6, 5723.666667, 
bse_controlled_0001, 003791, 99, 142, PT1, 8336, 1, 8336.000000, RNDM, 34342, 6, 5723.666667, 
bse_controlled_0001, 003806, 31, 112, PT1, 8336, 1, 8336.000000, RNDM, 34342, 6, 5723.666667, 
bse_controlled_0001, 003806, 31, 135, PT1, 8448, 1, 8448.000000, RNDM, 34230, 6, 5705.000000, 
bse_controlled_0001, 003822, 101, 114, PT1, 8448, 1, 8448.000000, RNDM, 34230, 6, 5705.000000, 
bse_controlled_0001, 003838, 85, 114, PT1, 8448, 1, 8448.000000, RNDM, 34230, 6, 5705.000000, 
bse_controlled_0001, 003839, 85, 189, PT1, 8448, 1, 8448.000000, RNDM, 34230, 6, 5705.000000, 
bse_controlled_0001, 003839, 85, 189, PT1, 8351, 1, 8351.000000, RNDM, 34327, 6, 5721.166667, 
bse_controlled_0001, 003851, 85, 189, PT1, 8464, 1, 8464.000000, RNDM, 34440, 6, 5740.000000, 
bse_controlled_0001, 003866, 99, 302, PT1, 8464, 1, 8464.000000, RNDM, 34440, 6, 5740.000000, 
bse_controlled_0001, 003868, 85, 104, PT1, 8464, 1, 8464.000000, RNDM, 34440, 6, 5740.000000, 
bse_controlled_0001, 003869, 85, 302, PT1, 8464, 1, 8464.000000, RNDM, 34440, 6, 5740.000000, 
bse_controlled_0001, 003869, 85, 382, PT1, 8464, 1, 8464.000000, RNDM, 34440, 6, 5740.000000, 
bse_controlled_0001, 003870, 85, 387, PT1, 8464, 1, 8464.000000, RNDM, 34440, 6, 5740.000000, 
bse_controlled_0001, 003870, 65, 387, PT1, 8464, 1, 8464.000000, RNDM, 34440, 6, 5740.000000, 
bse_controlled_0001, 003870, 65, 387, PT1, 8464, 1, 8464.000000, RNDM, 34440, 6, 5740.000000, 
bse_controlled_0001, 003872, 180, 387, PT1, 8464, 1, 8464.000000, RNDM, 34440, 6, 5740.000000, 
bse_controlled_0001, 003882, 180, 387, PT1, 8464, 1, 8464.000000, RNDM, 34440, 6, 5740.000000, 
bse_controlled_0001, 003882, 180, 388, PT1, 8464, 1, 8464.000000, RNDM, 34440, 6, 5740.000000, 
bse_controlled_0001, 003883, 95, 388, PT1, 8284, 1, 8284.000000, RNDM, 34260, 6, 5710.000000, 
bse_controlled_0001, 003883, 95, 424, PT1, 8284, 1, 8284.000000, RNDM, 34260, 6, 5710.000000, 
bse_controlled_0001, 003884, 95, 210, PT1, 8284, 1, 8284.000000, RNDM, 34260, 6, 5710.000000, 
bse_controlled_0001, 003896, 95, 210, PT1, 8284, 1, 8284.000000, RNDM, 34260, 6, 5710.000000, 
bse_controlled_0001, 003899, 95, 210, PT1, 8284, 1, 8284.000000, RNDM, 34260, 6, 5710.000000, 
bse_controlled_0001, 003899, 95, 393, PT1, 8284, 1, 8284.000000, RNDM, 34260, 6, 5710.000000, 
bse_controlled_0001, 003901, 95, 393, PT1, 8284, 1, 8284.000000, RNDM, 34260, 6, 5710.000000, 
bse_controlled_0001, 003902, 120, 393, PT1, 8471, 1, 8471.000000, RNDM, 34073, 6, 5678.833333, 
bse_controlled_0001, 003912, 100, 393, PT1, 8471, 1, 8471.000000, RNDM, 34073, 6, 5678.833333, 
bse_controlled_0001, 003913, 100, 393, PT1, 8471, 1, 8471.000000, RNDM, 34073, 6, 5678.833333, 
bse_controlled_0001, 003926, 100, 393, PT1, 8471, 1, 8471.000000, RNDM, 34073, 6, 5678.833333, 
bse_controlled_0001, 003928, 100, 393, PT1, 8471, 1, 8471.000000, RNDM, 34073, 6, 5678.833333, 
bse_controlled_0001, 003933, 90, 393, PT1, 8471, 1, 8471.000000, RNDM, 34073, 6, 5678.833333, 
bse_controlled_0001, 003933, 90, 406, PT1, 8378, 1, 8378.000000, RNDM, 34166, 6, 5694.333333, 
bse_controlled_0001, 003934, 90, 406, PT1, 8677, 1, 8677.000000, RNDM, 34465, 6, 5744.166667, 
bse_controlled_0001, 003942, 96, 316, PT1, 8575, 1, 8575.000000, RNDM, 34567, 6, 5761.166667, 
bse_controlled_0001, 003956, 90, 131, PT1, 8575, 1, 8575.000000, RNDM, 34567, 6, 5761.166667, 
bse_controlled_0001, 003974, 98, 113, PT1, 8575, 1, 8575.000000, RNDM, 34567, 6, 5761.166667, 
bse_controlled_0001, 003975, 98, 131, PT1, 8575, 1, 8575.000000, RNDM, 34567, 6, 5761.166667, 
bse_controlled_0001, 003987, 98, 227, PT1, 8575, 1, 8575.000000, RNDM, 34567, 6, 5761.166667, 
bse_controlled_0001, 003987, 85, 381, PT1, 8575, 1, 8575.000000, RNDM, 34567, 6, 5761.166667, 
bse_controlled_0001, 003989, 85, 381, PT1, 8575, 1, 8575.000000, RNDM, 34567, 6, 5761.166667, 
bse_controlled_0001, 003990, 65, 381, PT1, 8575, 1, 8575.000000, RNDM, 34567, 6, 5761.166667, 
bse_controlled_0001, 003993, 65, 160, PT1, 8684, 1, 8684.000000, RNDM, 34458, 6, 5743.000000, 
bse_controlled_0001, 003996, 28, 160, PT1, 8684, 1, 8684.000000, RNDM, 34458, 6, 5743.000000, 
bse_controlled_0001, 003996, 84, 336, PT1, 8684, 1, 8684.000000, RNDM, 34458, 6, 5743.000000, 
bse_controlled_0001, 004002, 84, 336, PT1, 8684, 1, 8684.000000, RNDM, 34458, 6, 5743.000000, 
bse_controlled_0001, 004002, 28, 336, PT1, 8684, 1, 8684.000000, RNDM, 34458, 6, 5743.000000, 
bse_controlled_0001, 004017, 28, 257, PT1, 8684, 1, 8684.000000, RNDM, 34458, 6, 5743.000000, 
bse_controlled_0001, 004032, 94, 108, PT1, 8684, 1, 8684.000000, RNDM, 34458, 6, 5743.000000, 
bse_controlled_0001, 004033, 105, 257, PT1, 8684, 1, 8684.000000, RNDM, 34458, 6, 5743.000000, 
bse_controlled_0001, 004034, 105, 268, PT1, 8684, 1, 8684.000000, RNDM, 34458, 6, 5743.000000, 
bse_controlled_0001, 004034, 105, 272, PT1, 8684, 1, 8684.000000, RNDM, 34458, 6, 5743.000000, 
bse_controlled_0001, 004034, 105, 336, PT1, 8684, 1, 8684.000000, RNDM, 34458, 6, 5743.000000, 
bse_controlled_0001, 004035, 219, 488, PT1, 8684, 1, 8684.000000, RNDM, 34458, 6, 5743.000000, 
bse_controlled_0001, 004035, 219, 488, PT1, 8684, 1, 8684.000000, RNDM, 34458, 6, 5743.000000, 
bse_controlled_0001, 004047, 219, 488, PT1, 8684, 1, 8684.000000, RNDM, 34458, 6, 5743.000000, 
bse_controlled_0001, 004047, 105, 488, PT1, 8684, 1, 8684.000000, RNDM, 34458, 6, 5743.000000, 
bse_controlled_0001, 004062, 318, 435, PT1, 8684, 1, 8684.000000, RNDM, 34458, 6, 5743.000000, 
bse_controlled_0001, 004064, 296, 435, PT1, 8684, 1, 8684.000000, RNDM, 34458, 6, 5743.000000, 
bse_controlled_0001, 004064, 175, 435, PT1, 8684, 1, 8684.000000, RNDM, 34458, 6, 5743.000000, 
bse_controlled_0001, 004067, 106, 396, PT1, 8684, 1, 8684.000000, RNDM, 34458, 6, 5743.000000, 
bse_controlled_0001, 004077, 106, 396, PT1, 8684, 1, 8684.000000, RNDM, 34458, 6, 5743.000000, 
bse_controlled_0001, 004078, 106, 396, PT1, 8684, 1, 8684.000000, RNDM, 34458, 6, 5743.000000, 
bse_controlled_0001, 004098, 106, 303, PT1, 8684, 1, 8684.000000, RNDM, 34458, 6, 5743.000000, 
bse_controlled_0001, 004098, 106, 303, PT1, 8546, 1, 8546.000000, RNDM, 34596, 6, 5766.000000, 
bse_controlled_0001, 004101, 106, 435, PT1, 8546, 1, 8546.000000, RNDM, 34596, 6, 5766.000000, 
bse_controlled_0001, 004107, 106, 388, PT1, 8546, 1, 8546.000000, RNDM, 34810, 6, 5801.666667, 
bse_controlled_0001, 004108, 106, 435, PT1, 8546, 1, 8546.000000, RNDM, 34810, 6, 5801.666667, 
bse_controlled_0001, 004108, 111, 435, PT1, 8699, 1, 8699.000000, RNDM, 34963, 6, 5827.166667, 
bse_controlled_0001, 004109, 103, 435, PT1, 8699, 1, 8699.000000, RNDM, 34963, 6, 5827.166667, 
bse_controlled_0001, 004110, 103, 435, PT1, 8699, 1, 8699.000000, RNDM, 34963, 6, 5827.166667, 
bse_controlled_0001, 004111, 94, 183, PT1, 8699, 1, 8699.000000, RNDM, 34963, 6, 5827.166667, 
bse_controlled_0001, 004111, 94, 435, PT1, 8699, 1, 8699.000000, RNDM, 34963, 6, 5827.166667, 
bse_controlled_0001, 004111, 94, 435, PT1, 8515, 1, 8515.000000, RNDM, 34779, 6, 5796.500000, 
bse_controlled_0001, 004113, 94, 435, PT1, 8515, 1, 8515.000000, RNDM, 34779, 6, 5796.500000, 
bse_controlled_0001, 004113, 94, 435, PT1, 8805, 1, 8805.000000, RNDM, 35069, 6, 5844.833333, 
bse_controlled_0001, 004118, 144, 435, PT1, 8628, 1, 8628.000000, RNDM, 35246, 6, 5874.333333, 
bse_controlled_0001, 004123, 144, 435, PT1, 8628, 1, 8628.000000, RNDM, 35246, 6, 5874.333333, 
bse_controlled_0001, 004139, 109, 435, PT1, 8628, 1, 8628.000000, RNDM, 35246, 6, 5874.333333, 
bse_controlled_0001, 004140, 154, 435, PT1, 8893, 1, 8893.000000, RNDM, 35511, 6, 5918.500000, 
bse_controlled_0001, 004153, 134, 435, PT1, 8893, 1, 8893.000000, RNDM, 35511, 6, 5918.500000, 
bse_controlled_0001, 004154, 134, 435, PT1, 8893, 1, 8893.000000, RNDM, 35511, 6, 5918.500000, 
bse_controlled_0001, 004169, 186, 435, PT1, 8893, 1, 8893.000000, RNDM, 35511, 6, 5918.500000, 
bse_controlled_0001, 004170, 237, 435, PT1, 8893, 1, 8893.000000, RNDM, 35511, 6, 5918.500000, 
bse_controlled_0001, 004170, 134, 435, PT1, 8893, 1, 8893.000000, RNDM, 35511, 6, 5918.500000, 
bse_controlled_0001, 004172, 108, 426, PT1, 8893, 1, 8893.000000, RNDM, 35511, 6, 5918.500000, 
bse_controlled_0001, 004173, 108, 426, PT1, 8776, 1, 8776.000000, RNDM, 35628, 6, 5938.000000, 
bse_controlled_0001, 004174, 108, 435, PT1, 8776, 1, 8776.000000, RNDM, 36480, 6, 6080.000000, 
bse_controlled_0001, 004183, 106, 435, PT1, 8776, 1, 8776.000000, RNDM, 36480, 6, 6080.000000, 
bse_controlled_0001, 004198, 97, 435, PT1, 8776, 1, 8776.000000, RNDM, 36480, 6, 6080.000000, 
bse_controlled_0001, 004198, 89, 435, PT1, 8776, 1, 8776.000000, RNDM, 36480, 6, 6080.000000, 
bse_controlled_0001, 004199, 86, 435, PT1, 8776, 1, 8776.000000, RNDM, 36480, 6, 6080.000000, 
bse_controlled_0001, 004201, 89, 387, PT1, 8965, 1, 8965.000000, RNDM, 36669, 6, 6111.500000, 
bse_controlled_0001, 004201, 89, 450, PT1, 8965, 1, 8965.000000, RNDM, 36669, 6, 6111.500000, 
bse_controlled_0001, 004215, 98, 244, PT1, 8863, 1, 8863.000000, RNDM, 36771, 6, 6128.500000, 
bse_controlled_0001, 004228, 98, 205, PT1, 8863, 1, 8863.000000, RNDM, 36771, 6, 6128.500000, 
bse_controlled_0001, 004229, 89, 244, PT1, 8863, 1, 8863.000000, RNDM, 36771, 6, 6128.500000, 
bse_controlled_0001, 004230, 89, 244, PT1, 8863, 1, 8863.000000, RNDM, 36771, 6, 6128.500000, 
bse_controlled_0001, 004244, 89, 98, PT1, 8863, 1, 8863.000000, RNDM, 36771, 6, 6128.500000, 
bse_controlled_0001, 004244, 89, 109, PT1, 8863, 1, 8863.000000, RNDM, 36771, 6, 6128.500000, 
bse_controlled_0001, 004246, 89, 282, PT1, 8972, 1, 8972.000000, RNDM, 36662, 6, 6110.333333, 
bse_controlled_0001, 004247, 58, 282, PT1, 8972, 1, 8972.000000, RNDM, 36662, 6, 6110.333333, 
bse_controlled_0001, 004248, 58, 282, PT1, 8972, 1, 8972.000000, RNDM, 36662, 6, 6110.333333, 
bse_controlled_0001, 004259, 101, 282, PT1, 8972, 1, 8972.000000, RNDM, 36662, 6, 6110.333333, 
bse_controlled_0001, 004260, 88, 131, PT1, 8972, 1, 8972.000000, RNDM, 36662, 6, 6110.333333, 
bse_controlled_0001, 004260, 88, 182, PT1, 8841, 1, 8841.000000, RNDM, 36793, 6, 6132.166667, 
bse_controlled_0001, 004289, 94, 182, PT1, 8841, 1, 8841.000000, RNDM, 36793, 6, 6132.166667, 
bse_controlled_0001, 004289, 94, 182, PT1, 8841, 1, 8841.000000, RNDM, 36793, 6, 6132.166667, 
bse_controlled_0001, 004290, 88, 182, PT1, 8841, 1, 8841.000000, RNDM, 36793, 6, 6132.166667, 
bse_controlled_0001, 004290, 61, 287, PT1, 8841, 1, 8841.000000, RNDM, 36793, 6, 6132.166667, 
bse_controlled_0001, 004290, 58, 312, PT1, 8841, 1, 8841.000000, RNDM, 36793, 6, 6132.166667, 
bse_controlled_0001, 004291, 44, 274, PT1, 8841, 1, 8841.000000, RNDM, 36793, 6, 6132.166667, 
bse_controlled_0001, 004292, 44, 274, PT1, 8841, 1, 8841.000000, RNDM, 36793, 6, 6132.166667, 
bse_controlled_0001, 004305, 44, 274, PT1, 8841, 1, 8841.000000, RNDM, 36793, 6, 6132.166667, 
bse_controlled_0001, 004306, 44, 274, PT1, 8841, 1, 8841.000000, RNDM, 36793, 6, 6132.166667, 
bse_controlled_0001, 004308, 44, 356, PT1, 8841, 1, 8841.000000, RNDM, 36793, 6, 6132.166667, 
bse_controlled_0001, 004309, 44, 356, PT1, 9151, 1, 9151.000000, RNDM, 37103, 6, 6183.833333, 
bse_controlled_0001, 004311, 44, 356, PT1, 9151, 1, 9151.000000, RNDM, 37103, 6, 6183.833333, 
bse_controlled_0001, 004312, 44, 356, PT1, 9023, 1, 9023.000000, RNDM, 37231, 6, 6205.166667, 
bse_controlled_0001, 004313, 44, 356, PT1, 9324, 1, 9324.000000, RNDM, 37532, 6, 6255.333333, 
bse_controlled_0001, 004319, 44, 356, PT1, 9324, 1, 9324.000000, RNDM, 37532, 6, 6255.333333, 
bse_controlled_0001, 004321, 103, 356, PT1, 9215, 1, 9215.000000, RNDM, 37423, 6, 6237.166667, 
bse_controlled_0001, 004350, 103, 356, PT1, 9215, 1, 9215.000000, RNDM, 37423, 6, 6237.166667, 
bse_controlled_0001, 004350, 103, 357, PT1, 9215, 1, 9215.000000, RNDM, 37423, 6, 6237.166667, 
bse_controlled_0001, 004350, 103, 364, PT1, 9215, 1, 9215.000000, RNDM, 37423, 6, 6237.166667, 
bse_controlled_0001, 004350, 26, 364, PT1, 9215, 1, 9215.000000, RNDM, 37423, 6, 6237.166667, 
bse_controlled_0001, 004351, 26, 424, PT1, 9215, 1, 9215.000000, RNDM, 37423, 6, 6237.166667, 
bse_controlled_0001, 004351, None, 424, PT1, 9215, 1, 9215.000000, RNDM, 37423, 6, 6237.166667, 
bse_controlled_0001, 004353, 23, 179, PT1, 9331, 1, 9331.000000, RNDM, 37307, 6, 6217.833333, 
bse_controlled_0001, 004353, 23, 339, PT1, 9331, 1, 9331.000000, RNDM, 37307, 6, 6217.833333, 
bse_controlled_0001, 004369, 87, 316, PT1, 9233, 1, 9233.000000, RNDM, 37405, 6, 6234.166667, 
bse_controlled_0001, 004371, 87, 316, PT1, 9397, 1, 9397.000000, RNDM, 37569, 6, 6261.500000, 
bse_controlled_0001, 004381, 87, 223, PT1, 9397, 1, 9397.000000, RNDM, 37569, 6, 6261.500000, 
bse_controlled_0001, 004382, 87, 316, PT1, 9397, 1, 9397.000000, RNDM, 37569, 6, 6261.500000, 
bse_controlled_0001, 004396, 97, 316, PT1, 9397, 1, 9397.000000, RNDM, 37799, 6, 6299.833333, 
bse_controlled_0001, 004398, 87, 316, PT1, 9397, 1, 9397.000000, RNDM, 37799, 6, 6299.833333, 
bse_controlled_0001, 004398, 24, 316, PT1, 9397, 1, 9397.000000, RNDM, 37799, 6, 6299.833333, 
bse_controlled_0001, 004399, 24, 316, PT1, 9397, 1, 9397.000000, RNDM, 37799, 6, 6299.833333, 
bse_controlled_0001, 004400, 71, 317, PT1, 9397, 1, 9397.000000, RNDM, 38431, 6, 6405.166667, 
bse_controlled_0001, 004410, 95, 243, PT1, 9397, 1, 9397.000000, RNDM, 38431, 6, 6405.166667, 
bse_controlled_0001, 004412, 95, 317, PT1, 9397, 1, 9397.000000, RNDM, 38431, 6, 6405.166667, 
bse_controlled_0001, 004425, 95, 316, PT1, 9397, 1, 9397.000000, RNDM, 38431, 6, 6405.166667, 
bse_controlled_0001, 004426, 95, 409, PT1, 9397, 1, 9397.000000, RNDM, 38431, 6, 6405.166667, 
bse_controlled_0001, 004426, 94, 409, PT1, 9397, 1, 9397.000000, RNDM, 38621, 6, 6436.833333, 
bse_controlled_0001, 004426, 94, 416, PT1, 9397, 1, 9397.000000, RNDM, 38621, 6, 6436.833333, 
bse_controlled_0001, 004427, 94, 416, PT1, 9397, 1, 9397.000000, RNDM, 38621, 6, 6436.833333, 
bse_controlled_0001, 004442, 105, 241, PT1, 9288, 1, 9288.000000, RNDM, 38730, 6, 6455.000000, 
bse_controlled_0001, 004442, 94, 241, PT1, 9288, 1, 9288.000000, RNDM, 38730, 6, 6455.000000, 
bse_controlled_0001, 004443, 90, 416, PT1, 9288, 1, 9288.000000, RNDM, 38730, 6, 6455.000000, 
bse_controlled_0001, 004456, 90, 154, PT1, 9288, 1, 9288.000000, RNDM, 38730, 6, 6455.000000, 
bse_controlled_0001, 004473, 97, 113, PT1, 9288, 1, 9288.000000, RNDM, 38730, 6, 6455.000000, 
bse_controlled_0001, 004474, 85, 113, PT1, 9288, 1, 9288.000000, RNDM, 38730, 6, 6455.000000, 
bse_controlled_0001, 004474, None, 113, PT1, 9288, 1, 9288.000000, RNDM, 38730, 6, 6455.000000, 
bse_controlled_0001, 004476, None, 113, PT1, 9288, 1, 9288.000000, RNDM, 38730, 6, 6455.000000, 
bse_controlled_0001, 004487, None, 113, PT1, 9288, 1, 9288.000000, RNDM, 38730, 6, 6455.000000, 
bse_controlled_0001, 004489, None, 264, PT1, 9288, 1, 9288.000000, RNDM, 38730, 6, 6455.000000, 
bse_controlled_0001, 004493, None, 264, PT1, 9487, 1, 9487.000000, RNDM, 38929, 6, 6488.166667, 
bse_controlled_0001, 004502, 112, 264, PT1, 9487, 1, 9487.000000, RNDM, 38929, 6, 6488.166667, 
bse_controlled_0001, 004503, 112, 299, PT1, 9487, 1, 9487.000000, RNDM, 38929, 6, 6488.166667, 
bse_controlled_0001, 004504, 112, 309, PT1, 9487, 1, 9487.000000, RNDM, 38929, 6, 6488.166667, 
bse_controlled_0001, 004507, 112, 367, PT1, 9487, 1, 9487.000000, RNDM, 38929, 6, 6488.166667, 
bse_controlled_0001, 004509, 34, 367, PT1, 9487, 1, 9487.000000, RNDM, 38929, 6, 6488.166667, 
bse_controlled_0001, 004516, 34, 415, PT1, 9487, 1, 9487.000000, RNDM, 38929, 6, 6488.166667, 
bse_controlled_0001, 004531, 154, 415, PT1, 9487, 1, 9487.000000, RNDM, 38929, 6, 6488.166667, 
bse_controlled_0001, 004532, 86, 415, PT1, 9487, 1, 9487.000000, RNDM, 38929, 6, 6488.166667, 
bse_controlled_0001, 004535, 86, 284, PT1, 9382, 1, 9382.000000, RNDM, 39034, 6, 6505.666667, 
bse_controlled_0001, 004536, 86, 284, PT1, 9550, 1, 9550.000000, RNDM, 39202, 6, 6533.666667, 
bse_controlled_0001, 004546, 86, 284, PT1, 9550, 1, 9550.000000, RNDM, 39202, 6, 6533.666667, 
bse_controlled_0001, 004547, 111, 493, PT1, 9550, 1, 9550.000000, RNDM, 39202, 6, 6533.666667, 
bse_controlled_0001, 004549, 111, 449, PT1, 9550, 1, 9550.000000, RNDM, 39202, 6, 6533.666667, 
bse_controlled_0001, 004562, 111, 449, PT1, 9550, 1, 9550.000000, RNDM, 39586, 6, 6597.666667, 
bse_controlled_0001, 004562, 104, 449, PT1, 9550, 1, 9550.000000, RNDM, 39586, 6, 6597.666667, 
bse_controlled_0001, 004563, 86, 449, PT1, 9550, 1, 9550.000000, RNDM, 39586, 6, 6597.666667, 
bse_controlled_0001, 004578, 99, 246, PT1, 9437, 1, 9437.000000, RNDM, 39699, 6, 6616.500000, 
bse_controlled_0001, 004609, 104, 111, PT1, 9437, 1, 9437.000000, RNDM, 39699, 6, 6616.500000, 
bse_controlled_0001, 004624, 91, 111, PT1, 9437, 1, 9437.000000, RNDM, 39699, 6, 6616.500000, 
bse_controlled_0001, 004638, 91, 109, PT1, 9437, 1, 9437.000000, RNDM, 39699, 6, 6616.500000, 
bse_controlled_0001, 004668, 90, 107, PT1, 9437, 1, 9437.000000, RNDM, 39699, 6, 6616.500000, 
bse_controlled_0001, 004668, 90, 274, PT1, 9437, 1, 9437.000000, RNDM, 39699, 6, 6616.500000, 
bse_controlled_0001, 004669, 77, 274, PT1, 9437, 1, 9437.000000, RNDM, 39699, 6, 6616.500000, 
bse_controlled_0001, 004673, 77, 242, PT1, 9437, 1, 9437.000000, RNDM, 39699, 6, 6616.500000, 
bse_controlled_0001, 004676, 85, 274, PT1, 9437, 1, 9437.000000, RNDM, 39699, 6, 6616.500000, 
bse_controlled_0001, 004678, 85, 274, PT1, 9437, 1, 9437.000000, RNDM, 39699, 6, 6616.500000, 
bse_controlled_0001, 004683, 85, 98, PT1, 9437, 1, 9437.000000, RNDM, 39699, 6, 6616.500000, 
bse_controlled_0001, 004684, 72, 274, PT1, 9437, 1, 9437.000000, RNDM, 39699, 6, 6616.500000, 
bse_controlled_0001, 004685, 114, 274, PT1, 9437, 1, 9437.000000, RNDM, 39699, 6, 6616.500000, 
bse_controlled_0001, 004698, 72, 274, PT1, 9437, 1, 9437.000000, RNDM, 39699, 6, 6616.500000, 
bse_controlled_0001, 004702, 115, 343, PT1, 9595, 1, 9595.000000, RNDM, 39857, 6, 6642.833333, 
bse_controlled_0001, 004717, 114, 343, PT1, 9595, 1, 9595.000000, RNDM, 39857, 6, 6642.833333, 
bse_controlled_0001, 004718, 109, 343, PT1, 9595, 1, 9595.000000, RNDM, 39857, 6, 6642.833333, 
bse_controlled_0001, 004720, 87, 411, PT1, 9595, 1, 9595.000000, RNDM, 39857, 6, 6642.833333, 
bse_controlled_0001, 004728, 95, 359, PT1, 9497, 1, 9497.000000, RNDM, 39955, 6, 6659.166667, 
bse_controlled_0001, 004729, 95, 367, PT1, 9497, 1, 9497.000000, RNDM, 39955, 6, 6659.166667, 
bse_controlled_0001, 004732, 95, 367, PT1, 9781, 1, 9781.000000, RNDM, 40239, 6, 6706.500000, 
bse_controlled_0001, 004743, 98, 367, PT1, 9781, 1, 9781.000000, RNDM, 40239, 6, 6706.500000, 
bse_controlled_0001, 004744, 95, 367, PT1, 9781, 1, 9781.000000, RNDM, 40239, 6, 6706.500000, 
bse_controlled_0001, 004744, 95, 411, PT1, 9781, 1, 9781.000000, RNDM, 40239, 6, 6706.500000, 
bse_controlled_0001, 004745, 95, 499, PT1, 9781, 1, 9781.000000, RNDM, 40239, 6, 6706.500000, 
bse_controlled_0001, 004747, 95, 499, PT1, 9781, 1, 9781.000000, RNDM, 40239, 6, 6706.500000, 
bse_controlled_0001, 004748, 95, 499, PT1, 9781, 1, 9781.000000, RNDM, 40239, 6, 6706.500000, 
bse_controlled_0001, 004748, 65, 499, PT1, 9781, 1, 9781.000000, RNDM, 40239, 6, 6706.500000, 
bse_controlled_0001, 004759, 158, 483, PT1, 9781, 1, 9781.000000, RNDM, 40239, 6, 6706.500000, 
bse_controlled_0001, 004774, 86, 462, PT1, 9680, 1, 9680.000000, RNDM, 40340, 6, 6723.333333, 
bse_controlled_0001, 004774, 86, 483, PT1, 9680, 1, 9680.000000, RNDM, 40340, 6, 6723.333333, 
bse_controlled_0001, 004778, 86, 256, PT1, 9789, 1, 9789.000000, RNDM, 40449, 6, 6741.500000, 
bse_controlled_0001, 004789, 86, 256, PT1, 9789, 1, 9789.000000, RNDM, 40449, 6, 6741.500000, 
bse_controlled_0001, 004804, 87, 196, PT1, 9684, 1, 9684.000000, RNDM, 40554, 6, 6759.000000, 
bse_controlled_0001, 004809, 105, 196, PT1, 9815, 1, 9815.000000, RNDM, 40685, 6, 6780.833333, 
bse_controlled_0001, 004823, 105, 196, PT1, 9815, 1, 9815.000000, RNDM, 40685, 6, 6780.833333, 
bse_controlled_0001, 004824, 87, 196, PT1, 9815, 1, 9815.000000, RNDM, 40685, 6, 6780.833333, 
bse_controlled_0001, 004834, 87, 180, PT1, 9815, 1, 9815.000000, RNDM, 40685, 6, 6780.833333, 
bse_controlled_0001, 004835, 87, 180, PT1, 9815, 1, 9815.000000, RNDM, 40685, 6, 6780.833333, 
bse_controlled_0001, 004849, 96, 180, PT1, 9815, 1, 9815.000000, RNDM, 40685, 6, 6780.833333, 
bse_controlled_0001, 004850, 96, 252, PT1, 9815, 1, 9815.000000, RNDM, 40685, 6, 6780.833333, 
bse_controlled_0001, 004851, 121, 307, PT1, 9815, 1, 9815.000000, RNDM, 40685, 6, 6780.833333, 
bse_controlled_0001, 004865, 270, 307, PT1, 9815, 1, 9815.000000, RNDM, 40685, 6, 6780.833333, 
bse_controlled_0001, 004865, 121, 311, PT1, 9815, 1, 9815.000000, RNDM, 40685, 6, 6780.833333, 
bse_controlled_0001, 004879, 112, 311, PT1, 9815, 1, 9815.000000, RNDM, 40685, 6, 6780.833333, 
bse_controlled_0001, 004896, 113, 311, PT1, 9815, 1, 9815.000000, RNDM, 40685, 6, 6780.833333, 
bse_controlled_0001, 004896, 101, 311, PT1, 9815, 1, 9815.000000, RNDM, 40685, 6, 6780.833333, 
bse_controlled_0001, 004896, 96, 187, PT1, 9815, 1, 9815.000000, RNDM, 40685, 6, 6780.833333, 
bse_controlled_0001, 004897, 94, 254, PT1, 9628, 1, 9628.000000, RNDM, 40872, 6, 6812.000000, 
bse_controlled_0001, 004910, 94, 131, PT1, 9628, 1, 9628.000000, RNDM, 40872, 6, 6812.000000, 
bse_controlled_0001, 004911, 94, 201, PT1, 9628, 1, 9628.000000, RNDM, 40872, 6, 6812.000000, 
bse_controlled_0001, 004913, 94, 254, PT1, 9628, 1, 9628.000000, RNDM, 40872, 6, 6812.000000, 
bse_controlled_0001, 004914, 144, 254, PT1, 9628, 1, 9628.000000, RNDM, 40872, 6, 6812.000000, 
bse_controlled_0001, 004916, 94, 254, PT1, 9628, 1, 9628.000000, RNDM, 40872, 6, 6812.000000, 
bse_controlled_0001, 004925, 124, 306, PT1, 9628, 1, 9628.000000, RNDM, 40872, 6, 6812.000000, 
bse_controlled_0001, 004926, 109, 306, PT1, 9628, 1, 9628.000000, RNDM, 40872, 6, 6812.000000, 
bse_controlled_0001, 004927, 86, 306, PT1, 9628, 1, 9628.000000, RNDM, 40872, 6, 6812.000000, 
bse_controlled_0001, 004927, 86, 306, PT1, 9822, 1, 9822.000000, RNDM, 40678, 6, 6779.666667, 
bse_controlled_0001, 004928, 86, 306, PT1, 9822, 1, 9822.000000, RNDM, 40678, 6, 6779.666667, 
bse_controlled_0001, 004929, 86, None, PT1, 9822, 1, 9822.000000, RNDM, 40678, 6, 6779.666667, 
bse_controlled_0001, 004942, 102, 426, PT1, 9822, 1, 9822.000000, RNDM, 40678, 6, 6779.666667, 
bse_controlled_0001, 004945, 158, 426, PT1, 9634, 1, 9634.000000, RNDM, 40866, 6, 6811.000000, 
bse_controlled_0001, 004955, 102, 426, PT1, 9634, 1, 9634.000000, RNDM, 40866, 6, 6811.000000, 
bse_controlled_0001, 004957, 97, 118, PT1, 9634, 1, 9634.000000, RNDM, 40866, 6, 6811.000000, 
bse_controlled_0001, 004957, 97, None, PT1, 9634, 1, 9634.000000, RNDM, 40866, 6, 6811.000000, 
bse_controlled_0001, 004972, 97, 178, PT1, 9634, 1, 9634.000000, RNDM, 40866, 6, 6811.000000, 
bse_controlled_0001, 004972, 87, 178, PT1, 9634, 1, 9634.000000, RNDM, 40866, 6, 6811.000000, 
bse_controlled_0001, 004973, None, 178, PT1, 9634, 1, 9634.000000, RNDM, 40866, 6, 6811.000000, 
bse_controlled_0001, 004973, 51, 399, PT1, 9634, 1, 9634.000000, RNDM, 40866, 6, 6811.000000, 
bse_controlled_0001, 004974, 351, None, PT1, 9634, 1, 9634.000000, RNDM, 40866, 6, 6811.000000, 
bse_controlled_0001, 004974, 51, None, PT1, 9985, 1, 9985.000000, RNDM, 41217, 6, 6869.500000, 
bse_controlled_0001, 004974, 51, 268, PT1, 9985, 1, 9985.000000, RNDM, 41217, 6, 6869.500000, 
bse_controlled_0001, 004975, 51, None, PT1, 9985, 1, 9985.000000, RNDM, 41217, 6, 6869.500000, 
bse_controlled_0001, 004975, 51, None, PT1, 9985, 1, 9985.000000, RNDM, 41217, 6, 6869.500000, 
bse_controlled_0001, 004986, 51, 332, PT1, 9858, 1, 9858.000000, RNDM, 41090, 6, 6848.333333, 
bse_controlled_0001, 004987, 114, 332, PT1, 10093, 1, 10093.000000, RNDM, 41325, 6, 6887.500000, 
bse_controlled_0001, 005000, 114, 332, PT1, 10093, 1, 10093.000000, RNDM, 41325, 6, 6887.500000, 
