0.000, Bid:,0,Ask:,0,
5.571, Bid:,1,81,1,Ask:,0,
5.857, Bid:,2,42,1,81,1,Ask:,0,
7.857, Bid:,2,42,1,81,1,Ask:,1,137,1,
29.429, Bid:,2,42,1,81,1,Ask:,2,136,1,137,1,
30.143, Bid:,2,42,1,81,1,Ask:,3,135,1,136,1,137,1,
30.286, Bid:,3,42,1,81,1,82,1,Ask:,3,135,1,136,1,137,1,
30.571, Bid:,3,42,1,81,1,82,1,Ask:,3,134,1,135,1,137,1,
30.714, Bid:,3,42,1,81,1,82,1,Ask:,3,133,1,135,1,137,1,
31.000, Bid:,3,42,1,81,1,82,1,Ask:,3,132,1,135,1,137,1,
32.571, Bid:,3,42,1,81,1,83,1,Ask:,3,132,1,135,1,137,1,
32.857, Bid:,3,42,1,81,1,83,1,Ask:,3,131,1,135,1,137,1,
33.143, Bid:,3,42,1,81,1,84,1,Ask:,3,131,1,135,1,137,1,
33.429, Bid:,3,42,1,81,1,84,1,Ask:,3,130,1,131,1,137,1,
33.714, Bid:,3,42,1,81,1,84,1,Ask:,3,129,1,130,1,137,1,
34.143, Bid:,3,42,1,81,1,84,1,Ask:,3,128,1,130,1,137,1,
34.286, Bid:,3,42,1,81,1,84,1,Ask:,3,127,1,130,1,137,1,
34.429, Bid:,3,42,1,81,1,84,1,Ask:,3,126,1,127,1,137,1,
34.857, Bid:,3,42,1,81,1,84,1,Ask:,3,125,1,127,1,137,1,
35.143, Bid:,3,42,1,81,1,84,1,Ask:,3,124,1,127,1,137,1,
35.857, Bid:,3,42,1,81,1,84,1,Ask:,3,123,1,127,1,137,1,
36.000, Bid:,3,42,1,81,1,85,1,Ask:,3,123,1,127,1,137,1,
36.143, Bid:,3,42,1,81,1,85,1,Ask:,3,122,1,127,1,137,1,
36.286, Bid:,3,42,1,81,1,85,1,Ask:,3,121,1,127,1,137,1,
36.429, Bid:,3,42,1,81,1,85,1,Ask:,3,120,1,127,1,137,1,
37.714, Bid:,3,42,1,81,1,85,1,Ask:,2,127,1,137,1,
37.714, Bid:,3,42,1,81,1,85,1,Ask:,3,126,1,127,1,137,1,
38.000, Bid:,3,42,1,81,1,86,1,Ask:,3,126,1,127,1,137,1,
39.000, Bid:,3,42,1,81,1,86,1,Ask:,3,125,1,126,1,137,1,
39.143, Bid:,3,42,1,81,1,86,1,Ask:,3,124,1,125,1,137,1,
39.429, Bid:,3,42,1,81,1,86,1,Ask:,3,123,1,125,1,137,1,
39.714, Bid:,3,42,1,81,1,87,1,Ask:,3,123,1,125,1,137,1,
39.857, Bid:,3,42,1,81,1,87,1,Ask:,3,122,1,125,1,137,1,
40.429, Bid:,3,42,1,81,1,87,1,Ask:,3,121,1,125,1,137,1,
41.000, Bid:,3,42,1,81,1,87,1,Ask:,3,120,1,121,1,137,1,
41.571, Bid:,3,42,1,81,1,87,1,Ask:,3,119,1,121,1,137,1,
42.714, Bid:,3,42,1,81,1,87,1,Ask:,3,118,1,119,1,137,1,
42.857, Bid:,3,42,1,81,1,87,1,Ask:,3,117,1,119,1,137,1,
43.000, Bid:,3,42,1,81,1,87,1,Ask:,3,116,1,119,1,137,1,
43.429, Bid:,3,42,1,81,1,87,1,Ask:,3,115,1,119,1,137,1,
43.857, Bid:,3,42,1,81,1,87,1,Ask:,3,114,1,119,1,137,1,
44.143, Bid:,3,42,1,81,1,87,1,Ask:,3,113,1,119,1,137,1,
44.286, Bid:,3,42,1,81,1,88,1,Ask:,3,113,1,119,1,137,1,
44.714, Bid:,3,42,1,81,1,88,1,Ask:,3,112,1,119,1,137,1,
44.857, Bid:,3,42,1,81,1,89,1,Ask:,3,112,1,119,1,137,1,
45.000, Bid:,3,42,1,81,1,89,1,Ask:,3,111,1,119,1,137,1,
45.571, Bid:,3,42,1,81,1,89,1,Ask:,3,111,1,117,1,137,1,
46.000, Bid:,3,42,1,81,1,89,1,Ask:,3,110,1,117,1,137,1,
46.429, Bid:,3,42,1,81,1,90,1,Ask:,3,110,1,117,1,137,1,
47.571, Bid:,3,42,1,81,1,91,1,Ask:,3,110,1,117,1,137,1,
48.143, Bid:,3,42,1,81,1,91,1,Ask:,3,109,1,117,1,137,1,
50.429, Bid:,3,42,1,81,1,91,1,Ask:,3,108,1,117,1,137,1,
51.714, Bid:,3,42,1,81,1,91,1,Ask:,3,107,1,117,1,137,1,
52.429, Bid:,3,42,1,81,1,92,1,Ask:,3,107,1,117,1,137,1,
52.571, Bid:,3,42,1,81,1,93,1,Ask:,3,107,1,117,1,137,1,
53.143, Bid:,2,81,1,93,1,Ask:,3,107,1,117,1,137,1,
53.143, Bid:,2,81,1,94,1,Ask:,3,107,1,117,1,137,1,
53.429, Bid:,2,81,1,95,1,Ask:,3,107,1,117,1,137,1,
53.571, Bid:,2,81,1,95,1,Ask:,3,106,1,117,1,137,1,
53.714, Bid:,2,81,1,95,1,Ask:,2,106,1,137,1,
54.143, Bid:,2,81,1,96,1,Ask:,2,106,1,137,1,
54.286, Bid:,2,81,1,96,1,Ask:,2,105,1,137,1,
54.429, Bid:,2,81,1,97,1,Ask:,2,105,1,137,1,
54.571, Bid:,1,97,1,Ask:,2,105,1,137,1,
54.714, Bid:,2,74,1,97,1,Ask:,2,105,1,137,1,
55.000, Bid:,2,74,1,97,1,Ask:,2,104,1,137,1,
55.143, Bid:,2,74,1,97,1,Ask:,3,103,1,104,1,137,1,
55.286, Bid:,2,74,1,97,1,Ask:,3,102,1,104,1,137,1,
55.714, Bid:,2,74,1,97,1,Ask:,3,101,1,104,1,137,1,
55.857, Bid:,3,74,1,92,1,97,1,Ask:,3,101,1,104,1,137,1,
56.000, Bid:,3,74,1,92,1,97,1,Ask:,3,100,1,104,1,137,1,
56.143, Bid:,3,74,1,92,1,98,1,Ask:,3,100,1,104,1,137,1,
56.429, Bid:,3,74,1,92,1,99,1,Ask:,3,100,1,104,1,137,1,
56.857, Bid:,2,74,1,92,1,Ask:,2,104,1,137,1,
57.286, Bid:,2,74,1,92,1,Ask:,2,103,1,137,1,
60.286, Bid:,2,74,1,92,1,Ask:,1,103,1,
60.429, Bid:,2,74,1,92,1,Ask:,2,103,1,124,1,
60.571, Bid:,3,74,1,92,1,93,1,Ask:,2,103,1,124,1,
61.000, Bid:,3,74,1,92,1,93,1,Ask:,2,102,1,124,1,
61.429, Bid:,3,74,1,92,1,93,1,Ask:,2,101,1,124,1,
62.857, Bid:,3,74,1,92,1,94,1,Ask:,2,101,1,124,1,
63.429, Bid:,3,74,1,92,1,94,1,Ask:,2,100,1,124,1,
63.857, Bid:,3,74,1,92,1,95,1,Ask:,2,100,1,124,1,
64.000, Bid:,3,74,1,92,1,96,1,Ask:,2,100,1,124,1,
64.571, Bid:,3,74,1,92,1,97,1,Ask:,2,100,1,124,1,
65.429, Bid:,3,74,1,92,1,98,1,Ask:,2,100,1,124,1,
66.000, Bid:,3,74,1,92,1,98,1,Ask:,2,99,1,124,1,
67.429, Bid:,2,74,1,98,1,Ask:,2,99,1,124,1,
67.429, Bid:,1,74,1,Ask:,1,124,1,
67.714, Bid:,2,74,1,75,1,Ask:,1,124,1,
69.143, Bid:,2,74,1,76,1,Ask:,1,124,1,
69.429, Bid:,2,74,1,77,1,Ask:,1,124,1,
70.714, Bid:,2,74,1,78,1,Ask:,1,124,1,
70.857, Bid:,2,74,1,79,1,Ask:,1,124,1,
72.000, Bid:,2,74,1,80,1,Ask:,1,124,1,
72.143, Bid:,2,74,1,81,1,Ask:,1,124,1,
72.571, Bid:,2,74,1,82,1,Ask:,1,124,1,
75.286, Bid:,2,74,1,83,1,Ask:,1,124,1,
76.857, Bid:,2,74,1,83,1,Ask:,2,123,1,124,1,
77.429, Bid:,2,74,1,83,1,Ask:,2,122,1,124,1,
77.714, Bid:,2,74,1,84,1,Ask:,2,122,1,124,1,
78.286, Bid:,2,74,1,84,1,Ask:,2,121,1,124,1,
79.714, Bid:,2,74,1,85,1,Ask:,2,121,1,124,1,
80.000, Bid:,2,74,1,85,1,Ask:,2,120,1,124,1,
81.429, Bid:,3,74,1,85,1,86,1,Ask:,2,120,1,124,1,
81.714, Bid:,3,74,1,85,1,87,1,Ask:,2,120,1,124,1,
82.000, Bid:,3,74,1,85,1,87,1,Ask:,2,119,1,124,1,
82.143, Bid:,3,74,1,85,1,88,1,Ask:,2,119,1,124,1,
82.286, Bid:,3,74,1,85,1,88,1,Ask:,2,118,1,124,1,
82.571, Bid:,3,74,1,85,1,89,1,Ask:,2,118,1,124,1,
82.857, Bid:,3,74,1,89,1,90,1,Ask:,2,118,1,124,1,
83.000, Bid:,3,74,1,89,1,91,1,Ask:,2,118,1,124,1,
83.143, Bid:,3,74,1,89,1,91,1,Ask:,2,117,1,124,1,
83.429, Bid:,3,74,1,89,1,91,1,Ask:,2,116,1,124,1,
83.857, Bid:,3,74,1,89,1,92,1,Ask:,2,116,1,124,1,
84.286, Bid:,3,74,1,92,1,93,1,Ask:,2,116,1,124,1,
84.429, Bid:,3,74,1,92,1,93,1,Ask:,2,115,1,124,1,
85.000, Bid:,3,74,1,92,1,94,1,Ask:,2,115,1,124,1,
85.143, Bid:,3,74,1,92,1,95,1,Ask:,2,115,1,124,1,
85.286, Bid:,3,74,1,95,1,96,1,Ask:,2,115,1,124,1,
85.429, Bid:,3,74,1,95,1,96,1,Ask:,2,114,1,124,1,
86.143, Bid:,3,74,1,96,1,97,1,Ask:,2,114,1,124,1,
86.286, Bid:,3,74,1,96,1,97,1,Ask:,2,113,1,124,1,
86.429, Bid:,3,74,1,96,1,97,1,Ask:,2,112,1,124,1,
86.571, Bid:,3,74,1,96,1,97,1,Ask:,2,111,1,124,1,
86.857, Bid:,3,74,1,97,1,98,1,Ask:,2,111,1,124,1,
87.143, Bid:,3,74,1,97,1,98,1,Ask:,2,110,1,124,1,
87.714, Bid:,3,74,1,97,1,99,1,Ask:,2,110,1,124,1,
88.143, Bid:,3,74,1,99,1,100,1,Ask:,2,110,1,124,1,
88.857, Bid:,3,74,1,99,1,101,1,Ask:,2,110,1,124,1,
89.429, Bid:,3,74,1,101,1,102,1,Ask:,2,110,1,124,1,
89.714, Bid:,3,74,1,102,1,103,1,Ask:,2,110,1,124,1,
89.857, Bid:,3,74,1,102,1,103,1,Ask:,1,110,1,
89.857, Bid:,3,74,1,103,1,104,1,Ask:,1,110,1,
90.143, Bid:,3,74,1,103,1,105,1,Ask:,1,110,1,
90.286, Bid:,3,74,1,103,1,106,1,Ask:,1,110,1,
90.571, Bid:,2,103,1,106,1,Ask:,1,110,1,
90.571, Bid:,3,72,1,103,1,106,1,Ask:,1,110,1,
90.857, Bid:,3,72,1,103,1,106,1,Ask:,2,110,1,128,1,
91.000, Bid:,3,72,1,103,1,106,1,Ask:,3,109,1,110,1,128,1,
91.143, Bid:,3,72,1,103,1,106,1,Ask:,3,108,1,109,1,128,1,
91.429, Bid:,3,72,1,103,1,106,1,Ask:,3,107,1,108,1,128,1,
91.571, Bid:,2,72,1,103,1,Ask:,2,108,1,128,1,
92.000, Bid:,2,72,1,103,1,Ask:,2,107,1,128,1,
92.429, Bid:,2,72,1,103,1,Ask:,2,106,1,128,1,
93.143, Bid:,2,72,1,104,1,Ask:,2,106,1,128,1,
93.429, Bid:,2,72,1,104,1,Ask:,2,105,1,128,1,
93.714, Bid:,1,72,1,Ask:,2,105,1,128,1,
94.143, Bid:,1,72,1,Ask:,2,104,1,128,1,
94.571, Bid:,1,72,1,Ask:,2,103,1,128,1,
95.143, Bid:,1,72,1,Ask:,2,102,1,128,1,
95.286, Bid:,1,72,1,Ask:,2,101,1,128,1,
95.429, Bid:,2,72,1,73,1,Ask:,2,101,1,128,1,
96.143, Bid:,2,72,1,74,1,Ask:,2,101,1,128,1,
96.714, Bid:,2,72,1,74,1,Ask:,2,100,1,128,1,
97.143, Bid:,2,72,1,75,1,Ask:,2,100,1,128,1,
97.286, Bid:,2,72,1,75,1,Ask:,2,99,1,128,1,
97.714, Bid:,2,72,1,76,1,Ask:,2,99,1,128,1,
98.000, Bid:,2,72,1,77,1,Ask:,2,99,1,128,1,
98.143, Bid:,2,72,1,78,1,Ask:,2,99,1,128,1,
98.286, Bid:,2,72,1,79,1,Ask:,2,99,1,128,1,
99.143, Bid:,2,72,1,79,1,Ask:,2,98,1,128,1,
100.000, Bid:,2,72,1,79,1,Ask:,2,97,1,128,1,
100.143, Bid:,2,72,1,79,1,Ask:,2,96,1,128,1,
100.286, Bid:,2,72,1,80,1,Ask:,2,96,1,128,1,
100.571, Bid:,2,72,1,80,1,Ask:,2,95,1,128,1,
100.714, Bid:,2,72,1,80,1,Ask:,2,94,1,128,1,
101.000, Bid:,3,72,1,80,1,81,1,Ask:,2,94,1,128,1,
101.286, Bid:,3,72,1,80,1,81,1,Ask:,2,93,1,128,1,
101.429, Bid:,3,72,1,80,1,81,1,Ask:,2,92,1,128,1,
102.571, Bid:,3,72,1,80,1,81,1,Ask:,2,91,1,128,1,
102.714, Bid:,3,72,1,80,1,81,1,Ask:,2,90,1,128,1,
103.000, Bid:,3,72,1,81,1,82,1,Ask:,2,90,1,128,1,
103.143, Bid:,3,72,1,81,1,83,1,Ask:,2,90,1,128,1,
103.429, Bid:,3,72,1,81,1,83,1,Ask:,2,89,1,128,1,
103.857, Bid:,3,72,1,81,1,83,1,Ask:,2,88,1,128,1,
104.857, Bid:,3,72,1,83,1,84,1,Ask:,2,88,1,128,1,
105.000, Bid:,3,72,1,83,1,84,1,Ask:,2,87,1,128,1,
105.143, Bid:,3,72,1,83,1,85,1,Ask:,2,87,1,128,1,
105.286, Bid:,3,72,1,85,1,86,1,Ask:,2,87,1,128,1,
105.429, Bid:,2,72,1,85,1,Ask:,1,128,1,
106.857, Bid:,2,72,1,86,1,Ask:,1,128,1,
107.286, Bid:,2,72,1,87,1,Ask:,1,128,1,
107.571, Bid:,2,72,1,87,1,Ask:,0,
108.286, Bid:,2,72,1,87,1,Ask:,1,131,1,
109.000, Bid:,2,72,1,88,1,Ask:,1,131,1,
109.429, Bid:,2,72,1,89,1,Ask:,1,131,1,
110.143, Bid:,2,72,1,90,1,Ask:,1,131,1,
112.857, Bid:,2,72,1,91,1,Ask:,1,131,1,
114.000, Bid:,2,72,1,92,1,Ask:,1,131,1,
114.143, Bid:,2,72,1,93,1,Ask:,1,131,1,
114.714, Bid:,2,72,1,94,1,Ask:,1,131,1,
114.857, Bid:,2,72,1,95,1,Ask:,1,131,1,
115.000, Bid:,2,72,1,96,1,Ask:,1,131,1,
115.143, Bid:,2,72,1,96,1,Ask:,2,130,1,131,1,
115.714, Bid:,2,72,1,97,1,Ask:,2,130,1,131,1,
115.857, Bid:,2,72,1,97,1,Ask:,2,129,1,131,1,
116.571, Bid:,2,72,1,98,1,Ask:,2,129,1,131,1,
117.714, Bid:,2,72,1,99,1,Ask:,2,129,1,131,1,
118.857, Bid:,2,72,1,99,1,Ask:,2,128,1,131,1,
119.000, Bid:,2,72,1,99,1,Ask:,2,127,1,131,1,
119.286, Bid:,2,72,1,100,1,Ask:,2,127,1,131,1,
120.143, Bid:,2,72,1,101,1,Ask:,2,127,1,131,1,
120.857, Bid:,1,101,1,Ask:,2,127,1,131,1,
121.143, Bid:,1,101,1,Ask:,2,126,1,131,1,
121.429, Bid:,1,102,1,Ask:,2,126,1,131,1,
121.571, Bid:,1,102,1,Ask:,2,125,1,131,1,
121.714, Bid:,1,103,1,Ask:,2,125,1,131,1,
122.000, Bid:,1,103,1,Ask:,3,124,1,125,1,131,1,
122.429, Bid:,1,103,1,Ask:,3,123,1,125,1,131,1,
122.714, Bid:,1,103,1,Ask:,3,122,1,125,1,131,1,
123.000, Bid:,1,103,1,Ask:,2,122,1,131,1,
123.000, Bid:,1,103,1,Ask:,3,121,1,122,1,131,1,
123.143, Bid:,1,103,1,Ask:,3,120,1,122,1,131,1,
123.286, Bid:,1,103,1,Ask:,3,119,1,122,1,131,1,
123.714, Bid:,1,103,1,Ask:,3,118,1,119,1,131,1,
124.286, Bid:,1,104,1,Ask:,3,118,1,119,1,131,1,
124.571, Bid:,2,80,1,104,1,Ask:,3,118,1,119,1,131,1,
124.857, Bid:,2,80,1,104,1,Ask:,3,117,1,118,1,131,1,
125.000, Bid:,2,80,1,105,1,Ask:,3,117,1,118,1,131,1,
125.286, Bid:,2,80,1,105,1,Ask:,3,116,1,118,1,131,1,
125.429, Bid:,2,80,1,105,1,Ask:,3,115,1,116,1,131,1,
125.571, Bid:,2,80,1,105,1,Ask:,3,114,1,116,1,131,1,
125.857, Bid:,2,80,1,105,1,Ask:,3,113,1,114,1,131,1,
126.286, Bid:,2,80,1,105,1,Ask:,3,112,1,114,1,131,1,
126.714, Bid:,2,80,1,106,1,Ask:,3,112,1,114,1,131,1,
126.857, Bid:,2,80,1,106,1,Ask:,3,111,1,114,1,131,1,
127.000, Bid:,2,80,1,107,1,Ask:,3,111,1,114,1,131,1,
127.857, Bid:,2,80,1,107,1,Ask:,3,110,1,111,1,131,1,
128.286, Bid:,2,80,1,107,1,Ask:,3,109,1,111,1,131,1,
128.571, Bid:,2,80,1,107,1,Ask:,3,108,1,111,1,131,1,
128.714, Bid:,1,80,1,Ask:,2,111,1,131,1,
129.000, Bid:,2,80,1,99,1,Ask:,2,111,1,131,1,
129.286, Bid:,2,80,1,99,1,Ask:,2,100,1,131,1,
140.143, Bid:,1,99,1,Ask:,2,100,1,131,1,
141.000, Bid:,2,74,1,99,1,Ask:,2,100,1,131,1,
150.714, Bid:,2,74,1,99,1,Ask:,1,100,1,
151.286, Bid:,2,74,1,99,2,Ask:,1,100,1,
152.429, Bid:,2,74,1,99,2,Ask:,2,100,1,103,1,
152.571, Bid:,2,74,1,99,2,Ask:,3,100,1,103,1,160,1,
164.286, Bid:,2,74,1,99,2,Ask:,2,100,1,103,1,
164.857, Bid:,2,74,1,99,2,Ask:,3,100,1,103,1,129,1,
170.429, Bid:,1,99,2,Ask:,3,100,1,103,1,129,1,
170.571, Bid:,2,44,1,99,2,Ask:,3,100,1,103,1,129,1,
172.429, Bid:,2,44,1,99,2,Ask:,2,100,1,129,1,
173.143, Bid:,2,44,1,99,2,Ask:,2,100,2,129,1,
180.857, Bid:,2,44,1,99,1,Ask:,2,100,2,129,1,
181.429, Bid:,1,44,1,Ask:,2,100,1,129,1,
181.429, Bid:,1,44,1,Ask:,3,99,1,100,1,129,1,
182.000, Bid:,2,44,1,45,1,Ask:,3,99,1,100,1,129,1,
182.143, Bid:,2,44,1,46,1,Ask:,3,99,1,100,1,129,1,
182.286, Bid:,2,44,1,46,1,Ask:,2,99,2,129,1,
183.143, Bid:,2,44,1,47,1,Ask:,2,99,2,129,1,
184.000, Bid:,2,44,1,48,1,Ask:,2,99,2,129,1,
185.429, Bid:,3,44,1,48,1,49,1,Ask:,2,99,2,129,1,
185.857, Bid:,3,44,1,49,1,50,1,Ask:,2,99,2,129,1,
186.000, Bid:,3,44,1,50,1,51,1,Ask:,2,99,2,129,1,
186.143, Bid:,2,44,1,51,1,Ask:,2,99,2,129,1,
186.714, Bid:,2,44,1,51,1,Ask:,1,99,2,
186.857, Bid:,2,44,1,51,1,Ask:,2,99,2,129,1,
187.571, Bid:,2,44,1,52,1,Ask:,2,99,2,129,1,
187.857, Bid:,3,44,1,52,1,53,1,Ask:,2,99,2,129,1,
188.143, Bid:,3,44,1,52,1,53,1,Ask:,2,99,1,129,1,
188.286, Bid:,3,44,1,52,1,54,1,Ask:,2,99,1,129,1,
188.714, Bid:,3,44,1,52,1,55,1,Ask:,2,99,1,129,1,
188.857, Bid:,3,44,1,52,1,56,1,Ask:,2,99,1,129,1,
189.000, Bid:,3,44,1,52,1,57,1,Ask:,2,99,1,129,1,
189.286, Bid:,3,44,1,57,1,58,1,Ask:,2,99,1,129,1,
189.429, Bid:,3,44,1,57,1,59,1,Ask:,2,99,1,129,1,
189.571, Bid:,3,44,1,57,1,59,1,Ask:,3,99,1,106,1,129,1,
190.286, Bid:,3,44,1,57,1,60,1,Ask:,3,99,1,106,1,129,1,
190.429, Bid:,3,44,1,57,1,61,1,Ask:,3,99,1,106,1,129,1,
190.571, Bid:,3,44,1,57,1,62,1,Ask:,3,99,1,106,1,129,1,
191.571, Bid:,3,44,1,57,1,63,1,Ask:,3,99,1,106,1,129,1,
192.000, Bid:,3,44,1,57,1,64,1,Ask:,3,99,1,106,1,129,1,
192.143, Bid:,3,44,1,57,1,65,1,Ask:,3,99,1,106,1,129,1,
192.571, Bid:,3,44,1,65,1,66,1,Ask:,3,99,1,106,1,129,1,
192.857, Bid:,3,44,1,65,1,67,1,Ask:,3,99,1,106,1,129,1,
193.571, Bid:,3,44,1,65,1,68,1,Ask:,3,99,1,106,1,129,1,
194.000, Bid:,3,44,1,68,1,69,1,Ask:,3,99,1,106,1,129,1,
194.429, Bid:,3,44,1,69,1,70,1,Ask:,3,99,1,106,1,129,1,
194.714, Bid:,3,44,1,69,1,71,1,Ask:,3,99,1,106,1,129,1,
195.286, Bid:,3,44,1,69,1,72,1,Ask:,3,99,1,106,1,129,1,
195.714, Bid:,3,44,1,69,1,73,1,Ask:,3,99,1,106,1,129,1,
195.857, Bid:,3,44,1,73,1,74,1,Ask:,3,99,1,106,1,129,1,
196.000, Bid:,2,44,1,73,1,Ask:,3,99,1,106,1,129,1,
196.571, Bid:,3,44,1,73,1,74,1,Ask:,3,99,1,106,1,129,1,
197.000, Bid:,3,44,1,74,1,75,1,Ask:,3,99,1,106,1,129,1,
197.286, Bid:,3,44,1,74,1,76,1,Ask:,3,99,1,106,1,129,1,
197.571, Bid:,3,44,1,74,1,77,1,Ask:,3,99,1,106,1,129,1,
198.286, Bid:,3,44,1,74,1,78,1,Ask:,3,99,1,106,1,129,1,
200.000, Bid:,3,44,1,74,1,79,1,Ask:,3,99,1,106,1,129,1,
200.429, Bid:,3,44,1,79,1,80,1,Ask:,3,99,1,106,1,129,1,
200.857, Bid:,3,44,1,80,1,81,1,Ask:,3,99,1,106,1,129,1,
201.000, Bid:,3,44,1,81,1,82,1,Ask:,3,99,1,106,1,129,1,
201.286, Bid:,3,44,1,81,1,83,1,Ask:,3,99,1,106,1,129,1,
201.571, Bid:,3,44,1,83,1,84,1,Ask:,3,99,1,106,1,129,1,
202.714, Bid:,3,44,1,84,1,85,1,Ask:,3,99,1,106,1,129,1,
203.571, Bid:,3,44,1,85,1,86,1,Ask:,3,99,1,106,1,129,1,
204.286, Bid:,3,44,1,85,1,87,1,Ask:,3,99,1,106,1,129,1,
204.571, Bid:,3,44,1,87,1,88,1,Ask:,3,99,1,106,1,129,1,
204.857, Bid:,3,44,1,88,1,89,1,Ask:,3,99,1,106,1,129,1,
205.000, Bid:,3,44,1,88,1,90,1,Ask:,3,99,1,106,1,129,1,
205.429, Bid:,3,44,1,90,1,91,1,Ask:,3,99,1,106,1,129,1,
205.571, Bid:,3,44,1,90,1,92,1,Ask:,3,99,1,106,1,129,1,
205.714, Bid:,3,44,1,90,1,93,1,Ask:,3,99,1,106,1,129,1,
206.143, Bid:,3,44,1,93,1,94,1,Ask:,3,99,1,106,1,129,1,
206.571, Bid:,3,44,1,93,1,95,1,Ask:,3,99,1,106,1,129,1,
206.857, Bid:,3,44,1,95,1,96,1,Ask:,3,99,1,106,1,129,1,
207.000, Bid:,3,44,1,96,1,97,1,Ask:,3,99,1,106,1,129,1,
207.571, Bid:,3,44,1,96,1,98,1,Ask:,3,99,1,106,1,129,1,
208.000, Bid:,2,44,1,96,1,Ask:,2,106,1,129,1,
208.714, Bid:,2,44,1,99,1,Ask:,2,106,1,129,1,
211.714, Bid:,1,99,1,Ask:,2,106,1,129,1,
212.000, Bid:,1,99,1,Ask:,3,100,1,106,1,129,1,
212.143, Bid:,2,48,1,99,1,Ask:,3,100,1,106,1,129,1,
218.714, Bid:,2,48,1,99,1,Ask:,2,100,1,129,1,
220.571, Bid:,2,48,1,99,1,Ask:,3,100,1,109,1,129,1,
231.143, Bid:,1,99,1,Ask:,3,100,1,109,1,129,1,
231.571, Bid:,2,54,1,99,1,Ask:,3,100,1,109,1,129,1,
235.286, Bid:,1,54,1,Ask:,3,100,1,109,1,129,1,
235.714, Bid:,1,54,1,Ask:,3,99,1,109,1,129,1,
237.857, Bid:,2,54,1,55,1,Ask:,3,99,1,109,1,129,1,
238.286, Bid:,2,54,1,56,1,Ask:,3,99,1,109,1,129,1,
239.143, Bid:,2,54,1,56,1,Ask:,2,109,1,129,1,
239.143, Bid:,2,54,1,56,1,Ask:,3,99,1,109,1,129,1,
240.429, Bid:,2,54,1,57,1,Ask:,3,99,1,109,1,129,1,
242.000, Bid:,2,54,1,57,1,Ask:,2,99,1,109,1,
242.000, Bid:,2,54,1,57,1,Ask:,3,99,1,109,1,139,1,
242.143, Bid:,2,54,1,58,1,Ask:,3,99,1,109,1,139,1,
242.286, Bid:,2,54,1,59,1,Ask:,3,99,1,109,1,139,1,
242.714, Bid:,2,54,1,60,1,Ask:,3,99,1,109,1,139,1,
243.143, Bid:,3,54,1,60,1,61,1,Ask:,3,99,1,109,1,139,1,
243.571, Bid:,3,54,1,60,1,62,1,Ask:,3,99,1,109,1,139,1,
244.000, Bid:,3,54,1,60,1,63,1,Ask:,3,99,1,109,1,139,1,
244.286, Bid:,3,54,1,63,1,64,1,Ask:,3,99,1,109,1,139,1,
246.714, Bid:,3,54,1,64,1,65,1,Ask:,3,99,1,109,1,139,1,
247.000, Bid:,3,54,1,65,1,66,1,Ask:,3,99,1,109,1,139,1,
247.143, Bid:,3,54,1,66,1,67,1,Ask:,3,99,1,109,1,139,1,
247.571, Bid:,3,54,1,66,1,68,1,Ask:,3,99,1,109,1,139,1,
247.714, Bid:,3,54,1,66,1,69,1,Ask:,3,99,1,109,1,139,1,
247.857, Bid:,3,54,1,66,1,70,1,Ask:,3,99,1,109,1,139,1,
248.143, Bid:,3,54,1,70,1,71,1,Ask:,3,99,1,109,1,139,1,
248.429, Bid:,3,54,1,70,1,72,1,Ask:,3,99,1,109,1,139,1,
249.143, Bid:,3,54,1,70,1,73,1,Ask:,3,99,1,109,1,139,1,
250.143, Bid:,3,54,1,70,1,74,1,Ask:,3,99,1,109,1,139,1,
250.714, Bid:,3,54,1,74,1,75,1,Ask:,3,99,1,109,1,139,1,
250.857, Bid:,3,54,1,75,1,76,1,Ask:,3,99,1,109,1,139,1,
251.000, Bid:,3,54,1,76,1,77,1,Ask:,3,99,1,109,1,139,1,
251.143, Bid:,3,54,1,76,1,77,1,Ask:,2,109,1,139,1,
251.143, Bid:,3,54,1,76,1,99,1,Ask:,2,109,1,139,1,
252.286, Bid:,2,54,1,99,2,Ask:,2,109,1,139,1,
253.429, Bid:,2,54,1,99,2,Ask:,3,100,1,109,1,139,1,
256.857, Bid:,2,54,1,99,2,Ask:,2,100,1,139,1,
257.143, Bid:,2,54,1,99,2,Ask:,3,100,1,116,1,139,1,
263.143, Bid:,1,99,2,Ask:,3,100,1,116,1,139,1,
264.000, Bid:,2,66,1,99,2,Ask:,3,100,1,116,1,139,1,
269.429, Bid:,2,66,1,99,1,Ask:,3,100,1,116,1,139,1,
270.286, Bid:,2,66,1,99,2,Ask:,3,100,1,116,1,139,1,
272.143, Bid:,2,66,1,99,1,Ask:,2,100,1,116,1,
272.857, Bid:,2,66,1,99,2,Ask:,2,100,1,116,1,
273.429, Bid:,2,66,1,99,2,Ask:,3,100,1,116,1,152,1,
280.286, Bid:,2,66,1,99,2,Ask:,2,100,1,152,1,
280.857, Bid:,2,66,1,99,2,Ask:,2,100,2,152,1,
288.857, Bid:,2,66,1,99,2,Ask:,1,100,2,
291.714, Bid:,2,66,1,99,2,Ask:,2,100,2,139,1,
291.857, Bid:,1,99,2,Ask:,2,100,2,139,1,
292.000, Bid:,2,80,1,99,2,Ask:,2,100,2,139,1,
298.286, Bid:,2,80,1,99,1,Ask:,2,100,2,139,1,
299.571, Bid:,2,80,1,99,2,Ask:,2,100,2,139,1,
302.286, Bid:,2,80,1,99,1,Ask:,2,100,1,139,1,
302.714, Bid:,2,80,1,99,2,Ask:,2,100,1,139,1,
304.429, Bid:,2,80,1,99,2,Ask:,2,100,2,139,1,
307.286, Bid:,2,80,1,99,1,Ask:,2,100,2,139,1,
307.857, Bid:,3,80,1,94,1,99,1,Ask:,2,100,2,139,1,
314.571, Bid:,3,80,1,94,1,99,1,Ask:,2,100,1,139,1,
314.571, Bid:,3,80,1,94,1,99,1,Ask:,2,100,2,139,1,
328.000, Bid:,2,94,1,99,1,Ask:,2,100,2,139,1,
329.000, Bid:,3,45,1,94,1,99,1,Ask:,2,100,2,139,1,
329.571, Bid:,3,45,1,94,1,99,1,Ask:,1,100,2,
330.143, Bid:,3,45,1,94,1,99,1,Ask:,2,100,2,143,1,
332.429, Bid:,2,45,1,94,1,Ask:,2,100,1,143,1,
332.857, Bid:,2,45,1,94,1,Ask:,2,99,1,143,1,
333.000, Bid:,3,45,1,94,1,95,1,Ask:,2,99,1,143,1,
333.143, Bid:,3,45,1,94,1,96,1,Ask:,2,99,1,143,1,
333.286, Bid:,3,45,1,94,1,96,1,Ask:,1,143,1,
333.286, Bid:,3,45,1,94,1,96,1,Ask:,2,99,1,143,1,
333.714, Bid:,3,45,1,94,1,96,1,Ask:,2,99,2,143,1,
334.143, Bid:,2,45,1,96,1,Ask:,2,99,2,143,1,
334.143, Bid:,2,45,1,97,1,Ask:,2,99,2,143,1,
334.429, Bid:,2,45,1,98,1,Ask:,2,99,2,143,1,
334.571, Bid:,2,45,1,98,1,Ask:,1,99,2,
334.571, Bid:,2,45,1,98,1,Ask:,2,99,2,158,1,
334.714, Bid:,1,45,1,Ask:,2,99,1,158,1,
334.857, Bid:,2,45,1,46,1,Ask:,2,99,1,158,1,
335.429, Bid:,2,45,1,47,1,Ask:,2,99,1,158,1,
337.000, Bid:,2,45,1,48,1,Ask:,2,99,1,158,1,
337.714, Bid:,2,45,1,49,1,Ask:,2,99,1,158,1,
338.000, Bid:,2,45,1,50,1,Ask:,2,99,1,158,1,
338.571, Bid:,2,45,1,51,1,Ask:,2,99,1,158,1,
341.000, Bid:,2,45,1,52,1,Ask:,2,99,1,158,1,
341.714, Bid:,2,45,1,53,1,Ask:,2,99,1,158,1,
342.286, Bid:,2,45,1,54,1,Ask:,2,99,1,158,1,
342.571, Bid:,2,45,1,55,1,Ask:,2,99,1,158,1,
342.857, Bid:,2,45,1,56,1,Ask:,2,99,1,158,1,
343.000, Bid:,2,45,1,57,1,Ask:,2,99,1,158,1,
344.571, Bid:,2,45,1,58,1,Ask:,2,99,1,158,1,
346.857, Bid:,2,45,1,59,1,Ask:,2,99,1,158,1,
348.143, Bid:,2,45,1,60,1,Ask:,2,99,1,158,1,
349.000, Bid:,2,45,1,61,1,Ask:,2,99,1,158,1,
349.286, Bid:,2,45,1,62,1,Ask:,2,99,1,158,1,
350.429, Bid:,2,45,1,63,1,Ask:,2,99,1,158,1,
350.714, Bid:,2,45,1,64,1,Ask:,2,99,1,158,1,
350.857, Bid:,2,45,1,65,1,Ask:,2,99,1,158,1,
351.286, Bid:,2,45,1,66,1,Ask:,2,99,1,158,1,
352.286, Bid:,2,45,1,67,1,Ask:,2,99,1,158,1,
352.857, Bid:,2,45,1,68,1,Ask:,2,99,1,158,1,
353.857, Bid:,1,68,1,Ask:,2,99,1,158,1,
354.000, Bid:,1,69,1,Ask:,2,99,1,158,1,
354.429, Bid:,1,70,1,Ask:,2,99,1,158,1,
354.571, Bid:,1,71,1,Ask:,2,99,1,158,1,
355.714, Bid:,2,49,1,71,1,Ask:,2,99,1,158,1,
357.286, Bid:,2,49,1,72,1,Ask:,2,99,1,158,1,
359.286, Bid:,2,49,1,73,1,Ask:,2,99,1,158,1,
360.714, Bid:,2,49,1,74,1,Ask:,2,99,1,158,1,
361.429, Bid:,2,49,1,75,1,Ask:,2,99,1,158,1,
361.857, Bid:,2,49,1,76,1,Ask:,2,99,1,158,1,
362.571, Bid:,2,49,1,76,1,Ask:,1,158,1,
362.714, Bid:,2,49,1,76,1,Ask:,2,99,1,158,1,
363.000, Bid:,3,49,1,76,1,77,1,Ask:,2,99,1,158,1,
363.143, Bid:,3,49,1,77,1,78,1,Ask:,2,99,1,158,1,
363.429, Bid:,3,49,1,77,1,79,1,Ask:,2,99,1,158,1,
364.143, Bid:,3,49,1,79,1,80,1,Ask:,2,99,1,158,1,
365.143, Bid:,3,49,1,80,1,81,1,Ask:,2,99,1,158,1,
365.286, Bid:,3,49,1,80,1,82,1,Ask:,2,99,1,158,1,
365.571, Bid:,3,49,1,82,1,83,1,Ask:,2,99,1,158,1,
366.000, Bid:,3,49,1,82,1,84,1,Ask:,2,99,1,158,1,
367.000, Bid:,3,49,1,82,1,85,1,Ask:,2,99,1,158,1,
367.857, Bid:,3,49,1,85,1,86,1,Ask:,2,99,1,158,1,
368.000, Bid:,3,49,1,86,1,87,1,Ask:,2,99,1,158,1,
368.286, Bid:,3,49,1,86,1,88,1,Ask:,2,99,1,158,1,
368.714, Bid:,3,49,1,86,1,89,1,Ask:,2,99,1,158,1,
369.571, Bid:,3,49,1,89,1,90,1,Ask:,2,99,1,158,1,
369.714, Bid:,3,49,1,90,1,91,1,Ask:,2,99,1,158,1,
370.000, Bid:,3,49,1,90,1,92,1,Ask:,2,99,1,158,1,
371.000, Bid:,3,49,1,90,1,93,1,Ask:,2,99,1,158,1,
371.857, Bid:,3,49,1,93,1,94,1,Ask:,2,99,1,158,1,
372.286, Bid:,3,49,1,94,1,95,1,Ask:,2,99,1,158,1,
372.571, Bid:,3,49,1,94,1,96,1,Ask:,2,99,1,158,1,
372.857, Bid:,3,49,1,94,1,97,1,Ask:,2,99,1,158,1,
373.143, Bid:,3,49,1,97,1,98,1,Ask:,2,99,1,158,1,
373.286, Bid:,2,49,1,97,1,Ask:,1,158,1,
374.714, Bid:,2,49,1,98,1,Ask:,1,158,1,
376.571, Bid:,2,49,1,98,1,Ask:,2,99,1,158,1,
388.000, Bid:,2,49,1,98,2,Ask:,2,99,1,158,1,
388.429, Bid:,2,49,1,98,2,Ask:,1,99,1,
388.714, Bid:,2,49,1,98,2,Ask:,2,99,1,140,1,
390.000, Bid:,2,49,1,98,1,Ask:,2,99,1,140,1,
390.143, Bid:,2,49,1,98,2,Ask:,2,99,1,140,1,
392.714, Bid:,1,98,2,Ask:,2,99,1,140,1,
393.000, Bid:,2,55,1,98,2,Ask:,2,99,1,140,1,
394.429, Bid:,2,55,1,98,2,Ask:,2,99,2,140,1,
398.143, Bid:,2,55,1,98,2,Ask:,2,99,1,140,1,
398.857, Bid:,2,55,1,98,2,Ask:,2,99,2,140,1,
404.429, Bid:,1,98,2,Ask:,2,99,2,140,1,
404.571, Bid:,2,62,1,98,2,Ask:,2,99,2,140,1,
411.000, Bid:,2,62,1,98,2,Ask:,1,99,2,
413.286, Bid:,2,62,1,98,2,Ask:,2,99,2,138,1,
413.857, Bid:,2,62,1,98,1,Ask:,2,99,2,138,1,
414.000, Bid:,2,62,1,98,2,Ask:,2,99,2,138,1,
422.857, Bid:,2,62,1,98,1,Ask:,2,99,1,138,1,
422.857, Bid:,2,62,1,98,1,Ask:,2,99,2,138,1,
423.571, Bid:,2,62,1,98,2,Ask:,2,99,2,138,1,
426.857, Bid:,2,62,1,98,1,Ask:,2,99,2,138,1,
426.857, Bid:,2,62,1,98,2,Ask:,2,99,2,138,1,
436.000, Bid:,1,98,2,Ask:,2,99,2,138,1,
436.000, Bid:,2,45,1,98,2,Ask:,2,99,2,138,1,
439.714, Bid:,2,45,1,98,2,Ask:,2,99,1,138,1,
440.429, Bid:,2,45,1,98,2,Ask:,2,99,2,138,1,
445.857, Bid:,2,45,1,98,2,Ask:,1,99,2,
445.857, Bid:,2,45,1,98,2,Ask:,2,99,2,145,1,
453.000, Bid:,2,45,1,98,1,Ask:,2,99,1,145,1,
453.000, Bid:,2,45,1,98,2,Ask:,2,99,1,145,1,
453.143, Bid:,2,45,1,98,2,Ask:,2,99,2,145,1,
461.857, Bid:,2,45,1,98,2,Ask:,2,99,1,145,1,
462.000, Bid:,2,45,1,98,1,Ask:,2,99,1,145,1,
462.286, Bid:,1,45,1,Ask:,2,99,1,145,1,
463.429, Bid:,1,45,1,Ask:,3,98,1,99,1,145,1,
463.571, Bid:,2,45,1,46,1,Ask:,3,98,1,99,1,145,1,
464.000, Bid:,2,45,1,47,1,Ask:,3,98,1,99,1,145,1,
464.429, Bid:,2,45,1,48,1,Ask:,3,98,1,99,1,145,1,
464.714, Bid:,2,45,1,49,1,Ask:,3,98,1,99,1,145,1,
464.857, Bid:,2,45,1,49,1,Ask:,2,98,2,145,1,
465.143, Bid:,3,45,1,49,1,50,1,Ask:,2,98,2,145,1,
467.714, Bid:,3,45,1,49,1,51,1,Ask:,2,98,2,145,1,
468.000, Bid:,3,45,1,49,1,52,1,Ask:,2,98,2,145,1,
469.143, Bid:,3,45,1,52,1,53,1,Ask:,2,98,2,145,1,
469.286, Bid:,3,45,1,52,1,53,1,Ask:,2,98,1,145,1,
469.571, Bid:,3,45,1,52,1,53,1,Ask:,3,98,1,103,1,145,1,
469.714, Bid:,3,45,1,52,1,54,1,Ask:,3,98,1,103,1,145,1,
469.857, Bid:,3,45,1,52,1,55,1,Ask:,3,98,1,103,1,145,1,
470.000, Bid:,3,45,1,52,1,56,1,Ask:,3,98,1,103,1,145,1,
470.429, Bid:,3,45,1,56,1,57,1,Ask:,3,98,1,103,1,145,1,
470.714, Bid:,3,45,1,56,1,58,1,Ask:,3,98,1,103,1,145,1,
470.857, Bid:,3,45,1,56,1,59,1,Ask:,3,98,1,103,1,145,1,
471.429, Bid:,3,45,1,56,1,60,1,Ask:,3,98,1,103,1,145,1,
472.000, Bid:,3,45,1,60,1,61,1,Ask:,3,98,1,103,1,145,1,
472.286, Bid:,3,45,1,60,1,62,1,Ask:,3,98,1,103,1,145,1,
472.429, Bid:,3,45,1,62,1,63,1,Ask:,3,98,1,103,1,145,1,
475.286, Bid:,3,45,1,63,1,64,1,Ask:,3,98,1,103,1,145,1,
476.286, Bid:,3,45,1,64,1,65,1,Ask:,3,98,1,103,1,145,1,
477.143, Bid:,3,45,1,65,1,66,1,Ask:,3,98,1,103,1,145,1,
477.286, Bid:,3,45,1,65,1,67,1,Ask:,3,98,1,103,1,145,1,
478.000, Bid:,3,45,1,67,1,68,1,Ask:,3,98,1,103,1,145,1,
478.571, Bid:,3,45,1,67,1,69,1,Ask:,3,98,1,103,1,145,1,
479.286, Bid:,3,45,1,69,1,70,1,Ask:,3,98,1,103,1,145,1,
479.571, Bid:,3,45,1,70,1,71,1,Ask:,3,98,1,103,1,145,1,
479.857, Bid:,3,45,1,71,1,72,1,Ask:,3,98,1,103,1,145,1,
480.143, Bid:,3,45,1,71,1,73,1,Ask:,3,98,1,103,1,145,1,
481.143, Bid:,3,45,1,73,1,74,1,Ask:,3,98,1,103,1,145,1,
481.286, Bid:,3,45,1,74,1,75,1,Ask:,3,98,1,103,1,145,1,
481.571, Bid:,3,45,1,74,1,76,1,Ask:,3,98,1,103,1,145,1,
482.571, Bid:,3,45,1,76,1,77,1,Ask:,3,98,1,103,1,145,1,
483.143, Bid:,2,76,1,77,1,Ask:,2,98,1,103,1,
483.143, Bid:,2,77,1,78,1,Ask:,2,98,1,103,1,
483.714, Bid:,2,77,1,79,1,Ask:,2,98,1,103,1,
483.857, Bid:,2,79,1,80,1,Ask:,2,98,1,103,1,
484.429, Bid:,2,80,1,81,1,Ask:,2,98,1,103,1,
484.571, Bid:,2,80,1,81,1,Ask:,3,98,1,103,1,152,1,
485.143, Bid:,3,65,1,80,1,81,1,Ask:,3,98,1,103,1,152,1,
485.571, Bid:,3,65,1,81,1,82,1,Ask:,3,98,1,103,1,152,1,
485.857, Bid:,3,65,1,82,1,83,1,Ask:,3,98,1,103,1,152,1,
486.429, Bid:,3,65,1,83,1,84,1,Ask:,3,98,1,103,1,152,1,
486.571, Bid:,3,65,1,84,1,85,1,Ask:,3,98,1,103,1,152,1,
487.286, Bid:,3,65,1,84,1,86,1,Ask:,3,98,1,103,1,152,1,
487.714, Bid:,3,65,1,86,1,87,1,Ask:,3,98,1,103,1,152,1,
487.857, Bid:,3,65,1,86,1,88,1,Ask:,3,98,1,103,1,152,1,
488.429, Bid:,3,65,1,86,1,89,1,Ask:,3,98,1,103,1,152,1,
488.714, Bid:,3,65,1,86,1,90,1,Ask:,3,98,1,103,1,152,1,
489.000, Bid:,3,65,1,86,1,91,1,Ask:,3,98,1,103,1,152,1,
489.286, Bid:,3,65,1,91,1,92,1,Ask:,3,98,1,103,1,152,1,
489.571, Bid:,3,65,1,91,1,93,1,Ask:,3,98,1,103,1,152,1,
491.000, Bid:,3,65,1,93,1,94,1,Ask:,3,98,1,103,1,152,1,
491.857, Bid:,3,65,1,93,1,95,1,Ask:,3,98,1,103,1,152,1,
492.429, Bid:,3,65,1,93,1,96,1,Ask:,3,98,1,103,1,152,1,
493.429, Bid:,3,65,1,95,1,96,1,Ask:,3,98,1,103,1,152,1,
494.571, Bid:,3,65,1,95,1,97,1,Ask:,3,98,1,103,1,152,1,
494.714, Bid:,2,65,1,95,1,Ask:,2,103,1,152,1,
498.571, Bid:,2,65,1,95,1,Ask:,3,100,1,103,1,152,1,
500.000, Bid:,1,95,1,Ask:,3,100,1,103,1,152,1,
501.429, Bid:,1,95,1,Ask:,2,100,1,152,1,
503.143, Bid:,1,95,1,Ask:,3,100,1,120,1,152,1,
504.571, Bid:,2,46,1,95,1,Ask:,3,100,1,120,1,152,1,
512.429, Bid:,1,46,1,Ask:,3,100,1,120,1,152,1,
513.286, Bid:,1,46,1,Ask:,2,100,1,120,1,
513.286, Bid:,2,46,1,47,1,Ask:,2,100,1,120,1,
513.571, Bid:,2,46,1,47,1,Ask:,3,100,1,120,1,137,1,
514.143, Bid:,2,46,1,48,1,Ask:,3,100,1,120,1,137,1,
514.286, Bid:,3,46,1,48,1,49,1,Ask:,3,100,1,120,1,137,1,
514.857, Bid:,3,46,1,48,1,50,1,Ask:,3,100,1,120,1,137,1,
515.286, Bid:,3,46,1,48,1,50,1,Ask:,2,100,1,137,1,
515.714, Bid:,3,46,1,50,1,51,1,Ask:,2,100,1,137,1,
515.857, Bid:,3,46,1,51,1,52,1,Ask:,2,100,1,137,1,
516.000, Bid:,3,46,1,51,1,53,1,Ask:,2,100,1,137,1,
516.143, Bid:,3,46,1,51,1,54,1,Ask:,2,100,1,137,1,
516.571, Bid:,3,46,1,54,1,55,1,Ask:,2,100,1,137,1,
516.714, Bid:,3,46,1,54,1,55,1,Ask:,3,100,1,105,1,137,1,
517.000, Bid:,3,46,1,55,1,56,1,Ask:,3,100,1,105,1,137,1,
518.000, Bid:,3,46,1,55,1,57,1,Ask:,3,100,1,105,1,137,1,
518.286, Bid:,3,46,1,55,1,58,1,Ask:,3,100,1,105,1,137,1,
519.286, Bid:,3,46,1,55,1,59,1,Ask:,3,100,1,105,1,137,1,
519.714, Bid:,3,46,1,55,1,59,1,Ask:,2,105,1,137,1,
520.000, Bid:,3,46,1,59,1,100,1,Ask:,2,105,1,137,1,
521.000, Bid:,2,46,1,100,2,Ask:,2,105,1,137,1,
521.286, Bid:,2,46,1,100,2,Ask:,3,101,1,105,1,137,1,
526.143, Bid:,2,46,1,100,1,Ask:,3,101,1,105,1,137,1,
526.429, Bid:,2,46,1,100,2,Ask:,3,101,1,105,1,137,1,
531.286, Bid:,2,46,1,100,1,Ask:,3,101,1,105,1,137,1,
531.571, Bid:,3,46,1,86,1,100,1,Ask:,3,101,1,105,1,137,1,
543.571, Bid:,2,86,1,100,1,Ask:,2,101,1,105,1,
543.714, Bid:,2,86,1,100,1,Ask:,3,101,1,105,1,149,1,
545.857, Bid:,3,67,1,86,1,100,1,Ask:,3,101,1,105,1,149,1,
560.857, Bid:,2,67,1,100,1,Ask:,3,101,1,105,1,149,1,
561.286, Bid:,1,100,1,Ask:,3,101,1,105,1,149,1,
561.429, Bid:,2,46,1,100,1,Ask:,3,101,1,105,1,149,1,
561.857, Bid:,3,46,1,95,1,100,1,Ask:,3,101,1,105,1,149,1,
569.571, Bid:,3,46,1,95,1,100,1,Ask:,2,101,1,105,1,
570.000, Bid:,3,46,1,95,1,100,1,Ask:,1,101,1,
570.429, Bid:,3,46,1,95,1,100,1,Ask:,2,101,1,157,1,
573.000, Bid:,3,46,1,95,1,100,1,Ask:,2,101,2,157,1,
573.857, Bid:,2,46,1,95,1,Ask:,2,101,1,157,1,
573.857, Bid:,2,46,1,95,1,Ask:,3,100,1,101,1,157,1,
574.143, Bid:,2,46,1,95,1,Ask:,2,100,2,157,1,
574.857, Bid:,3,46,1,95,1,96,1,Ask:,2,100,2,157,1,
575.857, Bid:,3,46,1,95,1,97,1,Ask:,2,100,2,157,1,
577.000, Bid:,3,46,1,95,1,98,1,Ask:,2,100,2,157,1,
579.286, Bid:,3,46,1,95,1,99,1,Ask:,2,100,2,157,1,
579.429, Bid:,2,46,1,95,1,Ask:,2,100,1,157,1,
579.714, Bid:,2,46,1,95,1,Ask:,2,99,1,157,1,
580.429, Bid:,1,95,1,Ask:,2,99,1,157,1,
581.429, Bid:,2,45,1,95,1,Ask:,2,99,1,157,1,
585.286, Bid:,3,45,1,95,1,96,1,Ask:,2,99,1,157,1,
585.571, Bid:,3,45,1,95,1,97,1,Ask:,2,99,1,157,1,
586.571, Bid:,3,45,1,95,1,98,1,Ask:,2,99,1,157,1,
588.000, Bid:,2,45,1,95,1,Ask:,1,157,1,
589.286, Bid:,2,45,1,95,1,Ask:,2,99,1,157,1,
598.857, Bid:,2,45,1,95,1,Ask:,1,99,1,
599.000, Bid:,2,45,1,95,1,Ask:,2,99,1,125,1,
604.143, Bid:,1,45,1,Ask:,2,99,1,125,1,
604.714, Bid:,2,45,1,46,1,Ask:,2,99,1,125,1,
605.000, Bid:,2,45,1,46,1,Ask:,2,99,2,125,1,
605.429, Bid:,1,45,1,Ask:,2,99,2,125,1,
605.429, Bid:,2,45,1,46,1,Ask:,2,99,2,125,1,
605.571, Bid:,2,45,1,47,1,Ask:,2,99,2,125,1,
606.143, Bid:,2,45,1,48,1,Ask:,2,99,2,125,1,
606.714, Bid:,2,45,1,48,1,Ask:,2,99,1,125,1,
607.714, Bid:,2,45,1,48,1,Ask:,2,99,2,125,1,
608.571, Bid:,2,45,1,49,1,Ask:,2,99,2,125,1,
608.857, Bid:,2,45,1,50,1,Ask:,2,99,2,125,1,
609.429, Bid:,2,45,1,51,1,Ask:,2,99,2,125,1,
610.143, Bid:,2,45,1,52,1,Ask:,2,99,2,125,1,
611.857, Bid:,2,45,1,53,1,Ask:,2,99,2,125,1,
613.286, Bid:,2,45,1,54,1,Ask:,2,99,2,125,1,
613.429, Bid:,2,45,1,55,1,Ask:,2,99,2,125,1,
614.000, Bid:,3,45,1,55,1,56,1,Ask:,2,99,2,125,1,
614.857, Bid:,3,45,1,55,1,57,1,Ask:,2,99,2,125,1,
615.000, Bid:,3,45,1,55,1,58,1,Ask:,2,99,2,125,1,
615.286, Bid:,3,45,1,55,1,59,1,Ask:,2,99,2,125,1,
615.429, Bid:,3,45,1,59,1,60,1,Ask:,2,99,2,125,1,
615.714, Bid:,3,45,1,59,1,61,1,Ask:,2,99,2,125,1,
615.857, Bid:,3,45,1,59,1,62,1,Ask:,2,99,2,125,1,
616.571, Bid:,3,45,1,59,1,63,1,Ask:,2,99,2,125,1,
616.857, Bid:,3,45,1,59,1,64,1,Ask:,2,99,2,125,1,
617.286, Bid:,3,45,1,64,1,65,1,Ask:,2,99,2,125,1,
617.857, Bid:,3,45,1,64,1,66,1,Ask:,2,99,2,125,1,
618.143, Bid:,3,45,1,66,1,67,1,Ask:,2,99,2,125,1,
618.429, Bid:,3,45,1,67,1,68,1,Ask:,2,99,2,125,1,
618.714, Bid:,3,45,1,67,1,69,1,Ask:,2,99,2,125,1,
619.286, Bid:,3,45,1,69,1,70,1,Ask:,2,99,2,125,1,
619.714, Bid:,3,45,1,70,1,71,1,Ask:,2,99,2,125,1,
620.571, Bid:,3,45,1,71,1,72,1,Ask:,2,99,2,125,1,
621.000, Bid:,3,45,1,72,1,73,1,Ask:,2,99,2,125,1,
621.143, Bid:,3,45,1,73,1,74,1,Ask:,2,99,2,125,1,
621.571, Bid:,3,45,1,73,1,75,1,Ask:,2,99,2,125,1,
621.714, Bid:,3,45,1,75,1,76,1,Ask:,2,99,2,125,1,
622.429, Bid:,3,45,1,75,1,76,1,Ask:,1,99,2,
622.429, Bid:,3,45,1,75,1,77,1,Ask:,1,99,2,
622.571, Bid:,3,45,1,75,1,78,1,Ask:,1,99,2,
622.857, Bid:,3,45,1,78,1,79,1,Ask:,1,99,2,
623.714, Bid:,3,45,1,78,1,79,1,Ask:,2,99,2,157,1,
624.000, Bid:,3,45,1,78,1,80,1,Ask:,2,99,2,157,1,
624.857, Bid:,3,45,1,78,1,81,1,Ask:,2,99,2,157,1,
625.714, Bid:,3,45,1,78,1,82,1,Ask:,2,99,2,157,1,
625.857, Bid:,3,45,1,78,1,83,1,Ask:,2,99,2,157,1,
626.000, Bid:,3,45,1,78,1,84,1,Ask:,2,99,2,157,1,
626.429, Bid:,3,45,1,84,1,85,1,Ask:,2,99,2,157,1,
627.429, Bid:,3,45,1,84,1,86,1,Ask:,2,99,2,157,1,
628.143, Bid:,3,45,1,86,1,87,1,Ask:,2,99,2,157,1,
628.714, Bid:,3,45,1,86,1,88,1,Ask:,2,99,2,157,1,
629.429, Bid:,3,45,1,88,1,89,1,Ask:,2,99,2,157,1,
630.143, Bid:,3,45,1,89,1,90,1,Ask:,2,99,2,157,1,
631.714, Bid:,3,45,1,89,1,91,1,Ask:,2,99,2,157,1,
631.857, Bid:,3,45,1,91,1,92,1,Ask:,2,99,2,157,1,
632.000, Bid:,3,45,1,92,1,93,1,Ask:,2,99,2,157,1,
632.143, Bid:,3,45,1,92,1,94,1,Ask:,2,99,2,157,1,
632.286, Bid:,3,45,1,94,1,95,1,Ask:,2,99,2,157,1,
632.429, Bid:,3,45,1,94,1,96,1,Ask:,2,99,2,157,1,
632.714, Bid:,3,45,1,96,1,97,1,Ask:,2,99,2,157,1,
633.429, Bid:,3,45,1,96,1,98,1,Ask:,2,99,2,157,1,
633.714, Bid:,2,45,1,98,1,Ask:,2,99,1,157,1,
634.429, Bid:,1,98,1,Ask:,2,99,1,157,1,
634.429, Bid:,2,58,1,98,1,Ask:,2,99,1,157,1,
634.714, Bid:,2,58,1,98,1,Ask:,3,99,1,103,1,157,1,
634.857, Bid:,1,58,1,Ask:,2,103,1,157,1,
637.286, Bid:,2,58,1,99,1,Ask:,2,103,1,157,1,
642.571, Bid:,2,58,1,99,1,Ask:,3,102,1,103,1,157,1,
643.143, Bid:,2,58,1,99,1,Ask:,3,101,1,103,1,157,1,
644.429, Bid:,2,58,1,99,1,Ask:,3,100,1,103,1,157,1,
645.857, Bid:,2,58,1,99,1,Ask:,2,100,1,157,1,
646.857, Bid:,1,58,1,Ask:,2,100,1,157,1,
648.714, Bid:,1,58,1,Ask:,2,99,1,157,1,
650.000, Bid:,0,Ask:,2,99,1,157,1,
650.000, Bid:,0,Ask:,2,98,1,157,1,
650.429, Bid:,0,Ask:,2,97,1,157,1,
652.571, Bid:,0,Ask:,2,96,1,157,1,
653.714, Bid:,1,64,1,Ask:,2,96,1,157,1,
654.143, Bid:,1,64,1,Ask:,2,99,1,157,1,
664.714, Bid:,1,64,1,Ask:,1,99,1,
664.714, Bid:,2,64,1,65,1,Ask:,1,99,1,
665.143, Bid:,2,64,1,66,1,Ask:,1,99,1,
665.714, Bid:,2,64,1,66,1,Ask:,2,99,1,121,1,
666.429, Bid:,2,64,1,67,1,Ask:,2,99,1,121,1,
666.714, Bid:,2,64,1,68,1,Ask:,2,99,1,121,1,
666.857, Bid:,2,64,1,69,1,Ask:,2,99,1,121,1,
668.429, Bid:,2,64,1,70,1,Ask:,2,99,1,121,1,
669.000, Bid:,2,64,1,71,1,Ask:,2,99,1,121,1,
670.714, Bid:,2,64,1,72,1,Ask:,2,99,1,121,1,
671.429, Bid:,2,64,1,73,1,Ask:,2,99,1,121,1,
672.286, Bid:,2,64,1,74,1,Ask:,2,99,1,121,1,
673.143, Bid:,2,64,1,75,1,Ask:,2,99,1,121,1,
673.429, Bid:,2,64,1,76,1,Ask:,2,99,1,121,1,
674.000, Bid:,2,64,1,77,1,Ask:,2,99,1,121,1,
674.429, Bid:,2,64,1,78,1,Ask:,2,99,1,121,1,
674.857, Bid:,2,64,1,79,1,Ask:,2,99,1,121,1,
675.714, Bid:,2,64,1,79,1,Ask:,1,99,1,
675.714, Bid:,2,64,1,79,1,Ask:,2,99,1,130,1,
676.286, Bid:,2,64,1,80,1,Ask:,2,99,1,130,1,
677.143, Bid:,3,64,1,80,1,81,1,Ask:,2,99,1,130,1,
679.000, Bid:,3,64,1,80,1,82,1,Ask:,2,99,1,130,1,
679.286, Bid:,3,64,1,82,1,83,1,Ask:,2,99,1,130,1,
679.857, Bid:,2,64,1,82,1,Ask:,2,99,1,130,1,
681.143, Bid:,2,64,1,83,1,Ask:,2,99,1,130,1,
681.714, Bid:,2,64,1,84,1,Ask:,2,99,1,130,1,
681.857, Bid:,2,64,1,85,1,Ask:,2,99,1,130,1,
684.143, Bid:,3,64,1,85,1,86,1,Ask:,2,99,1,130,1,
684.286, Bid:,3,64,1,85,1,87,1,Ask:,2,99,1,130,1,
685.571, Bid:,3,64,1,85,1,88,1,Ask:,2,99,1,130,1,
685.857, Bid:,3,64,1,85,1,89,1,Ask:,2,99,1,130,1,
687.000, Bid:,3,64,1,85,1,89,1,Ask:,3,99,1,107,1,130,1,
689.571, Bid:,3,64,1,85,1,90,1,Ask:,3,99,1,107,1,130,1,
690.000, Bid:,3,64,1,85,1,91,1,Ask:,3,99,1,107,1,130,1,
690.286, Bid:,3,64,1,85,1,92,1,Ask:,3,99,1,107,1,130,1,
691.571, Bid:,3,64,1,85,1,93,1,Ask:,3,99,1,107,1,130,1,
693.000, Bid:,3,64,1,85,1,94,1,Ask:,3,99,1,107,1,130,1,
693.857, Bid:,3,64,1,85,1,95,1,Ask:,3,99,1,107,1,130,1,
694.000, Bid:,3,64,1,85,1,96,1,Ask:,3,99,1,107,1,130,1,
694.286, Bid:,3,64,1,85,1,97,1,Ask:,3,99,1,107,1,130,1,
694.714, Bid:,3,64,1,85,1,98,1,Ask:,3,99,1,107,1,130,1,
694.857, Bid:,2,64,1,85,1,Ask:,2,107,1,130,1,
695.000, Bid:,1,85,1,Ask:,2,107,1,130,1,
695.286, Bid:,2,75,1,85,1,Ask:,2,107,1,130,1,
696.429, Bid:,2,75,1,85,1,Ask:,3,99,1,107,1,130,1,
708.143, Bid:,3,75,1,85,1,86,1,Ask:,3,99,1,107,1,130,1,
708.571, Bid:,3,75,1,85,1,87,1,Ask:,3,99,1,107,1,130,1,
709.143, Bid:,3,75,1,85,1,88,1,Ask:,3,99,1,107,1,130,1,
709.714, Bid:,3,75,1,85,1,89,1,Ask:,3,99,1,107,1,130,1,
710.000, Bid:,3,75,1,85,1,90,1,Ask:,3,99,1,107,1,130,1,
710.429, Bid:,3,75,1,85,1,91,1,Ask:,3,99,1,107,1,130,1,
712.000, Bid:,3,75,1,85,1,91,1,Ask:,2,99,1,130,1,
712.286, Bid:,3,75,1,85,1,92,1,Ask:,2,99,1,130,1,
712.429, Bid:,3,75,1,85,1,92,1,Ask:,3,99,1,113,1,130,1,
713.000, Bid:,3,75,1,85,1,93,1,Ask:,3,99,1,113,1,130,1,
713.143, Bid:,3,75,1,85,1,94,1,Ask:,3,99,1,113,1,130,1,
713.857, Bid:,3,75,1,85,1,95,1,Ask:,3,99,1,113,1,130,1,
714.000, Bid:,3,75,1,85,1,96,1,Ask:,3,99,1,113,1,130,1,
714.286, Bid:,3,75,1,85,1,97,1,Ask:,3,99,1,113,1,130,1,
714.571, Bid:,3,75,1,85,1,98,1,Ask:,3,99,1,113,1,130,1,
714.714, Bid:,2,75,1,85,1,Ask:,2,113,1,130,1,
718.286, Bid:,1,85,1,Ask:,2,113,1,130,1,
719.143, Bid:,2,68,1,85,1,Ask:,2,113,1,130,1,
724.000, Bid:,2,68,1,85,1,Ask:,1,113,1,
724.286, Bid:,2,68,1,85,1,Ask:,2,113,1,143,1,
725.286, Bid:,1,68,1,Ask:,2,113,1,143,1,
725.714, Bid:,1,68,1,Ask:,3,99,1,113,1,143,1,
726.429, Bid:,1,68,1,Ask:,2,99,1,143,1,
726.714, Bid:,2,68,1,69,1,Ask:,2,99,1,143,1,
726.857, Bid:,2,68,1,70,1,Ask:,2,99,1,143,1,
727.000, Bid:,2,68,1,71,1,Ask:,2,99,1,143,1,
727.429, Bid:,2,68,1,71,1,Ask:,3,99,1,112,1,143,1,
727.714, Bid:,2,68,1,72,1,Ask:,3,99,1,112,1,143,1,
728.286, Bid:,2,68,1,73,1,Ask:,3,99,1,112,1,143,1,
729.143, Bid:,2,68,1,74,1,Ask:,3,99,1,112,1,143,1,
730.143, Bid:,2,68,1,75,1,Ask:,3,99,1,112,1,143,1,
730.571, Bid:,2,68,1,76,1,Ask:,3,99,1,112,1,143,1,
731.000, Bid:,2,68,1,77,1,Ask:,3,99,1,112,1,143,1,
731.857, Bid:,2,68,1,78,1,Ask:,3,99,1,112,1,143,1,
733.571, Bid:,2,68,1,79,1,Ask:,3,99,1,112,1,143,1,
734.714, Bid:,2,68,1,80,1,Ask:,3,99,1,112,1,143,1,
735.571, Bid:,2,68,1,81,1,Ask:,3,99,1,112,1,143,1,
735.714, Bid:,2,68,1,82,1,Ask:,3,99,1,112,1,143,1,
736.286, Bid:,2,68,1,83,1,Ask:,3,99,1,112,1,143,1,
737.143, Bid:,2,68,1,84,1,Ask:,3,99,1,112,1,143,1,
738.429, Bid:,1,84,1,Ask:,3,99,1,112,1,143,1,
739.143, Bid:,1,85,1,Ask:,3,99,1,112,1,143,1,
739.857, Bid:,1,86,1,Ask:,3,99,1,112,1,143,1,
740.000, Bid:,1,87,1,Ask:,3,99,1,112,1,143,1,
740.429, Bid:,2,69,1,87,1,Ask:,3,99,1,112,1,143,1,
740.571, Bid:,2,69,1,88,1,Ask:,3,99,1,112,1,143,1,
740.714, Bid:,2,69,1,89,1,Ask:,3,99,1,112,1,143,1,
741.000, Bid:,2,69,1,90,1,Ask:,3,99,1,112,1,143,1,
741.143, Bid:,2,69,1,91,1,Ask:,3,99,1,112,1,143,1,
741.857, Bid:,2,69,1,92,1,Ask:,3,99,1,112,1,143,1,
742.000, Bid:,2,69,1,92,1,Ask:,2,112,1,143,1,
742.143, Bid:,3,69,1,92,1,99,1,Ask:,2,112,1,143,1,
742.857, Bid:,3,69,1,92,1,99,1,Ask:,3,111,1,112,1,143,1,
745.286, Bid:,3,69,1,92,1,99,1,Ask:,3,110,1,112,1,143,1,
745.429, Bid:,3,69,1,92,1,99,1,Ask:,3,109,1,112,1,143,1,
745.571, Bid:,3,69,1,92,1,99,1,Ask:,3,108,1,112,1,143,1,
746.143, Bid:,3,69,1,92,1,99,1,Ask:,3,107,1,112,1,143,1,
746.429, Bid:,2,69,1,99,2,Ask:,3,107,1,112,1,143,1,
747.429, Bid:,2,69,1,99,2,Ask:,3,106,1,112,1,143,1,
748.857, Bid:,2,69,1,99,2,Ask:,3,105,1,112,1,143,1,
750.429, Bid:,2,69,1,99,2,Ask:,3,104,1,112,1,143,1,
752.000, Bid:,2,69,1,99,2,Ask:,3,103,1,112,1,143,1,
752.714, Bid:,2,69,1,99,2,Ask:,3,102,1,112,1,143,1,
753.143, Bid:,2,69,1,99,2,Ask:,3,101,1,112,1,143,1,
754.714, Bid:,2,69,1,99,2,Ask:,3,100,1,112,1,143,1,
755.571, Bid:,2,69,1,99,1,Ask:,2,100,1,112,1,
755.571, Bid:,2,69,1,99,1,Ask:,3,100,1,112,1,127,1,
756.000, Bid:,3,69,1,87,1,99,1,Ask:,3,100,1,112,1,127,1,
756.857, Bid:,2,69,1,87,1,Ask:,2,112,1,127,1,
764.000, Bid:,1,87,1,Ask:,2,112,1,127,1,
764.429, Bid:,2,69,1,87,1,Ask:,2,112,1,127,1,
764.714, Bid:,2,69,1,87,1,Ask:,3,99,1,112,1,127,1,
775.714, Bid:,2,69,1,87,1,Ask:,2,99,1,112,1,
776.286, Bid:,2,69,1,87,1,Ask:,3,99,1,112,1,122,1,
779.571, Bid:,3,69,1,87,1,88,1,Ask:,3,99,1,112,1,122,1,
779.714, Bid:,3,69,1,87,1,89,1,Ask:,3,99,1,112,1,122,1,
780.714, Bid:,3,69,1,87,1,90,1,Ask:,3,99,1,112,1,122,1,
781.857, Bid:,3,69,1,87,1,91,1,Ask:,3,99,1,112,1,122,1,
783.143, Bid:,3,69,1,87,1,92,1,Ask:,3,99,1,112,1,122,1,
783.286, Bid:,3,69,1,87,1,93,1,Ask:,3,99,1,112,1,122,1,
783.857, Bid:,3,69,1,87,1,94,1,Ask:,3,99,1,112,1,122,1,
784.286, Bid:,3,69,1,87,1,95,1,Ask:,3,99,1,112,1,122,1,
785.857, Bid:,2,69,1,95,1,Ask:,2,99,1,122,1,
786.000, Bid:,3,69,1,83,1,95,1,Ask:,2,99,1,122,1,
786.429, Bid:,3,69,1,83,1,95,1,Ask:,2,99,2,122,1,
788.714, Bid:,2,69,1,95,1,Ask:,2,99,2,122,1,
788.714, Bid:,3,69,1,95,1,96,1,Ask:,2,99,2,122,1,
789.571, Bid:,3,69,1,96,1,97,1,Ask:,2,99,2,122,1,
790.571, Bid:,3,69,1,97,1,98,1,Ask:,2,99,2,122,1,
790.714, Bid:,2,69,1,98,1,Ask:,2,99,1,122,1,
791.571, Bid:,1,69,1,Ask:,1,122,1,
803.714, Bid:,1,69,1,Ask:,2,117,1,122,1,
805.143, Bid:,1,69,1,Ask:,3,99,1,117,1,122,1,
811.571, Bid:,2,69,1,70,1,Ask:,3,99,1,117,1,122,1,
813.429, Bid:,2,69,1,71,1,Ask:,3,99,1,117,1,122,1,
813.714, Bid:,2,69,1,72,1,Ask:,3,99,1,117,1,122,1,
814.429, Bid:,2,69,1,73,1,Ask:,3,99,1,117,1,122,1,
814.714, Bid:,2,69,1,74,1,Ask:,3,99,1,117,1,122,1,
815.571, Bid:,2,69,1,75,1,Ask:,3,99,1,117,1,122,1,
816.143, Bid:,1,75,1,Ask:,2,99,1,117,1,
816.143, Bid:,1,75,1,Ask:,3,99,1,117,1,152,1,
816.571, Bid:,1,76,1,Ask:,3,99,1,117,1,152,1,
816.714, Bid:,1,77,1,Ask:,3,99,1,117,1,152,1,
816.857, Bid:,1,78,1,Ask:,3,99,1,117,1,152,1,
817.000, Bid:,1,79,1,Ask:,3,99,1,117,1,152,1,
818.429, Bid:,2,52,1,79,1,Ask:,3,99,1,117,1,152,1,
818.857, Bid:,2,52,1,80,1,Ask:,3,99,1,117,1,152,1,
820.143, Bid:,2,52,1,81,1,Ask:,3,99,1,117,1,152,1,
820.857, Bid:,2,52,1,82,1,Ask:,3,99,1,117,1,152,1,
821.286, Bid:,2,52,1,83,1,Ask:,3,99,1,117,1,152,1,
822.000, Bid:,2,52,1,84,1,Ask:,3,99,1,117,1,152,1,
823.000, Bid:,2,52,1,85,1,Ask:,3,99,1,117,1,152,1,
823.429, Bid:,2,52,1,86,1,Ask:,3,99,1,117,1,152,1,
826.857, Bid:,1,86,1,Ask:,3,99,1,117,1,152,1,
827.714, Bid:,2,60,1,86,1,Ask:,3,99,1,117,1,152,1,
828.714, Bid:,2,60,1,87,1,Ask:,3,99,1,117,1,152,1,
829.714, Bid:,2,60,1,88,1,Ask:,3,99,1,117,1,152,1,
830.571, Bid:,2,60,1,89,1,Ask:,3,99,1,117,1,152,1,
831.571, Bid:,2,60,1,90,1,Ask:,3,99,1,117,1,152,1,
833.714, Bid:,2,60,1,90,1,Ask:,2,99,1,117,1,
833.714, Bid:,2,60,1,90,1,Ask:,3,99,1,117,1,134,1,
834.143, Bid:,2,60,1,91,1,Ask:,3,99,1,117,1,134,1,
834.571, Bid:,2,60,1,92,1,Ask:,3,99,1,117,1,134,1,
835.000, Bid:,2,60,1,93,1,Ask:,3,99,1,117,1,134,1,
835.429, Bid:,2,60,1,94,1,Ask:,3,99,1,117,1,134,1,
837.857, Bid:,2,60,1,94,1,Ask:,2,99,1,134,1,
838.000, Bid:,2,60,1,94,1,Ask:,3,99,1,102,1,134,1,
838.143, Bid:,2,60,1,95,1,Ask:,3,99,1,102,1,134,1,
838.571, Bid:,2,60,1,96,1,Ask:,3,99,1,102,1,134,1,
839.429, Bid:,2,60,1,97,1,Ask:,3,99,1,102,1,134,1,
840.143, Bid:,3,60,1,97,1,98,1,Ask:,3,99,1,102,1,134,1,
841.571, Bid:,2,60,1,98,1,Ask:,2,102,1,134,1,
841.714, Bid:,2,60,1,99,1,Ask:,2,102,1,134,1,
847.000, Bid:,2,60,1,99,2,Ask:,2,102,1,134,1,
847.429, Bid:,2,60,1,99,2,Ask:,3,101,1,102,1,134,1,
848.000, Bid:,1,99,2,Ask:,3,101,1,102,1,134,1,
848.857, Bid:,1,99,2,Ask:,3,100,1,102,1,134,1,
850.000, Bid:,1,99,1,Ask:,2,102,1,134,1,
850.143, Bid:,0,Ask:,2,102,1,134,1,
850.429, Bid:,1,99,1,Ask:,2,102,1,134,1,
851.143, Bid:,2,48,1,99,1,Ask:,2,102,1,134,1,
864.429, Bid:,2,48,1,99,1,Ask:,3,101,1,102,1,134,1,
864.571, Bid:,2,48,1,99,1,Ask:,3,100,1,102,1,134,1,
864.714, Bid:,1,48,1,Ask:,2,102,1,134,1,
866.286, Bid:,1,48,1,Ask:,1,102,1,
866.429, Bid:,1,48,1,Ask:,2,102,1,157,1,
876.714, Bid:,1,48,1,Ask:,1,157,1,
877.286, Bid:,2,48,1,95,1,Ask:,1,157,1,
877.857, Bid:,2,48,1,95,1,Ask:,2,99,1,157,1,
886.286, Bid:,3,48,1,95,1,96,1,Ask:,2,99,1,157,1,
888.000, Bid:,3,48,1,95,1,97,1,Ask:,2,99,1,157,1,
889.571, Bid:,3,48,1,95,1,98,1,Ask:,2,99,1,157,1,
890.429, Bid:,2,48,1,95,1,Ask:,1,157,1,
892.714, Bid:,2,48,1,95,1,Ask:,2,99,1,157,1,
897.429, Bid:,2,48,1,95,1,Ask:,3,99,1,108,1,157,1,
905.429, Bid:,1,48,1,Ask:,3,99,1,108,1,157,1,
906.857, Bid:,2,48,1,49,1,Ask:,3,99,1,108,1,157,1,
907.000, Bid:,1,49,1,Ask:,2,99,1,108,1,
907.000, Bid:,1,49,1,Ask:,3,99,1,108,1,158,1,
908.286, Bid:,1,50,1,Ask:,3,99,1,108,1,158,1,
908.571, Bid:,2,50,1,51,1,Ask:,3,99,1,108,1,158,1,
909.000, Bid:,2,50,1,52,1,Ask:,3,99,1,108,1,158,1,
909.143, Bid:,2,50,1,53,1,Ask:,3,99,1,108,1,158,1,
910.714, Bid:,2,53,1,54,1,Ask:,3,99,1,108,1,158,1,
911.000, Bid:,2,53,1,55,1,Ask:,3,99,1,108,1,158,1,
911.571, Bid:,2,55,1,56,1,Ask:,3,99,1,108,1,158,1,
911.857, Bid:,2,56,1,57,1,Ask:,3,99,1,108,1,158,1,
912.286, Bid:,2,57,1,58,1,Ask:,3,99,1,108,1,158,1,
912.571, Bid:,2,57,1,59,1,Ask:,3,99,1,108,1,158,1,
913.143, Bid:,2,57,1,60,1,Ask:,3,99,1,108,1,158,1,
915.143, Bid:,1,57,1,Ask:,3,99,1,108,1,158,1,
915.286, Bid:,0,Ask:,3,99,1,108,1,158,1,
915.286, Bid:,1,98,1,Ask:,3,99,1,108,1,158,1,
916.571, Bid:,2,42,1,98,1,Ask:,3,99,1,108,1,158,1,
917.714, Bid:,1,42,1,Ask:,2,108,1,158,1,
925.714, Bid:,1,42,1,Ask:,1,108,1,
925.714, Bid:,1,42,1,Ask:,2,108,1,125,1,
932.429, Bid:,1,42,1,Ask:,1,125,1,
933.429, Bid:,1,42,1,Ask:,2,99,1,125,1,
937.286, Bid:,2,42,1,43,1,Ask:,2,99,1,125,1,
937.429, Bid:,2,42,1,43,1,Ask:,2,99,2,125,1,
938.429, Bid:,2,42,1,44,1,Ask:,2,99,2,125,1,
938.857, Bid:,2,42,1,45,1,Ask:,2,99,2,125,1,
939.000, Bid:,2,42,1,46,1,Ask:,2,99,2,125,1,
940.714, Bid:,2,42,1,47,1,Ask:,2,99,2,125,1,
941.714, Bid:,2,42,1,48,1,Ask:,2,99,2,125,1,
941.857, Bid:,2,42,1,49,1,Ask:,2,99,2,125,1,
942.000, Bid:,2,42,1,50,1,Ask:,2,99,2,125,1,
942.143, Bid:,2,42,1,51,1,Ask:,2,99,2,125,1,
942.714, Bid:,2,42,1,52,1,Ask:,2,99,2,125,1,
942.857, Bid:,2,42,1,53,1,Ask:,2,99,2,125,1,
943.429, Bid:,2,42,1,54,1,Ask:,2,99,2,125,1,
944.000, Bid:,3,42,1,54,1,55,1,Ask:,2,99,2,125,1,
944.857, Bid:,3,42,1,54,1,56,1,Ask:,2,99,2,125,1,
945.143, Bid:,3,42,1,56,1,57,1,Ask:,2,99,2,125,1,
945.286, Bid:,3,42,1,56,1,58,1,Ask:,2,99,2,125,1,
945.429, Bid:,3,42,1,56,1,59,1,Ask:,2,99,2,125,1,
945.714, Bid:,2,56,1,59,1,Ask:,2,99,2,125,1,
946.429, Bid:,3,56,1,57,1,59,1,Ask:,2,99,2,125,1,
946.857, Bid:,3,56,1,57,1,60,1,Ask:,2,99,2,125,1,
947.286, Bid:,3,57,1,60,1,61,1,Ask:,2,99,2,125,1,
947.571, Bid:,3,57,1,60,1,62,1,Ask:,2,99,2,125,1,
948.000, Bid:,3,57,1,62,1,63,1,Ask:,2,99,2,125,1,
949.286, Bid:,3,57,1,63,1,64,1,Ask:,2,99,2,125,1,
949.429, Bid:,3,57,1,64,1,65,1,Ask:,2,99,2,125,1,
949.571, Bid:,3,57,1,65,1,66,1,Ask:,2,99,2,125,1,
949.714, Bid:,3,57,1,66,1,67,1,Ask:,2,99,2,125,1,
949.857, Bid:,3,57,1,66,1,68,1,Ask:,2,99,2,125,1,
950.143, Bid:,3,57,1,66,1,69,1,Ask:,2,99,2,125,1,
950.429, Bid:,3,57,1,66,1,70,1,Ask:,2,99,2,125,1,
951.000, Bid:,3,57,1,66,1,71,1,Ask:,2,99,2,125,1,
951.571, Bid:,3,57,1,66,1,71,1,Ask:,2,99,1,125,1,
951.571, Bid:,3,57,1,66,1,72,1,Ask:,2,99,1,125,1,
951.857, Bid:,3,57,1,66,1,72,1,Ask:,2,99,2,125,1,
952.429, Bid:,3,57,1,72,1,73,1,Ask:,2,99,2,125,1,
952.571, Bid:,3,57,1,72,1,74,1,Ask:,2,99,2,125,1,
953.000, Bid:,3,57,1,72,1,75,1,Ask:,2,99,2,125,1,
953.286, Bid:,3,57,1,72,1,76,1,Ask:,2,99,2,125,1,
953.571, Bid:,3,57,1,76,1,77,1,Ask:,2,99,2,125,1,
954.286, Bid:,3,57,1,77,1,78,1,Ask:,2,99,2,125,1,
954.429, Bid:,3,57,1,77,1,79,1,Ask:,2,99,2,125,1,
956.571, Bid:,3,57,1,79,1,80,1,Ask:,2,99,2,125,1,
956.857, Bid:,3,57,1,80,1,81,1,Ask:,2,99,2,125,1,
957.429, Bid:,3,57,1,81,1,82,1,Ask:,2,99,2,125,1,
957.571, Bid:,3,57,1,82,1,83,1,Ask:,2,99,2,125,1,
957.714, Bid:,3,57,1,82,1,84,1,Ask:,2,99,2,125,1,
958.000, Bid:,3,57,1,84,1,85,1,Ask:,2,99,2,125,1,
958.429, Bid:,3,57,1,85,1,86,1,Ask:,2,99,2,125,1,
958.571, Bid:,3,57,1,85,1,87,1,Ask:,2,99,2,125,1,
959.000, Bid:,3,57,1,85,1,88,1,Ask:,2,99,2,125,1,
959.571, Bid:,3,57,1,88,1,89,1,Ask:,2,99,2,125,1,
959.857, Bid:,3,57,1,88,1,90,1,Ask:,2,99,2,125,1,
960.714, Bid:,3,57,1,88,1,91,1,Ask:,2,99,2,125,1,
961.143, Bid:,3,57,1,91,1,92,1,Ask:,2,99,2,125,1,
961.571, Bid:,3,57,1,91,1,93,1,Ask:,2,99,2,125,1,
963.429, Bid:,3,57,1,93,1,94,1,Ask:,2,99,2,125,1,
963.571, Bid:,3,57,1,93,1,94,1,Ask:,2,99,1,125,1,
963.571, Bid:,3,57,1,93,1,95,1,Ask:,2,99,1,125,1,
963.714, Bid:,3,57,1,93,1,95,1,Ask:,2,99,2,125,1,
964.000, Bid:,2,57,1,95,2,Ask:,2,99,2,125,1,
964.571, Bid:,3,57,1,95,1,96,1,Ask:,2,99,2,125,1,
964.714, Bid:,3,57,1,95,1,97,1,Ask:,2,99,2,125,1,
965.000, Bid:,3,57,1,95,1,98,1,Ask:,2,99,2,125,1,
965.286, Bid:,2,57,1,95,1,Ask:,2,99,1,125,1,
967.571, Bid:,2,57,1,95,1,Ask:,1,99,1,
967.857, Bid:,2,57,1,95,1,Ask:,2,99,1,146,1,
969.143, Bid:,3,57,1,95,1,96,1,Ask:,2,99,1,146,1,
969.286, Bid:,3,57,1,95,1,97,1,Ask:,2,99,1,146,1,
970.000, Bid:,3,57,1,95,1,98,1,Ask:,2,99,1,146,1,
970.857, Bid:,2,57,1,98,1,Ask:,2,99,1,146,1,
970.857, Bid:,2,57,1,98,1,Ask:,1,146,1,
971.000, Bid:,2,57,1,99,1,Ask:,1,146,1,
976.429, Bid:,2,57,1,99,1,Ask:,0,
976.429, Bid:,2,57,1,100,1,Ask:,0,
976.714, Bid:,2,57,1,100,1,Ask:,1,125,1,
977.143, Bid:,2,57,1,99,1,Ask:,1,125,1,
983.714, Bid:,1,99,1,Ask:,1,125,1,
983.714, Bid:,2,75,1,99,1,Ask:,1,125,1,
990.286, Bid:,2,75,1,99,1,Ask:,2,124,1,125,1,
991.714, Bid:,2,75,1,99,1,Ask:,2,123,1,125,1,
992.714, Bid:,2,75,1,99,1,Ask:,2,122,1,125,1,
995.571, Bid:,2,75,1,99,1,Ask:,2,121,1,125,1,
995.857, Bid:,2,75,1,99,1,Ask:,2,120,1,125,1,
996.429, Bid:,2,75,1,99,1,Ask:,2,119,1,125,1,
996.714, Bid:,2,75,1,99,1,Ask:,2,118,1,125,1,
997.857, Bid:,1,75,1,Ask:,2,118,1,125,1,
997.857, Bid:,1,75,1,Ask:,2,99,1,125,1,
998.143, Bid:,2,75,1,76,1,Ask:,2,99,1,125,1,
999.000, Bid:,2,75,1,76,1,Ask:,2,99,2,125,1,
1000.286, Bid:,2,75,1,77,1,Ask:,2,99,2,125,1,
1000.429, Bid:,2,75,1,78,1,Ask:,2,99,2,125,1,
1000.857, Bid:,2,75,1,79,1,Ask:,2,99,2,125,1,
1004.571, Bid:,2,75,1,79,1,Ask:,2,99,1,125,1,
1004.714, Bid:,2,75,1,79,1,Ask:,3,99,1,103,1,125,1,
1004.857, Bid:,2,75,1,80,1,Ask:,3,99,1,103,1,125,1,
1005.143, Bid:,2,75,1,81,1,Ask:,3,99,1,103,1,125,1,
1007.286, Bid:,2,75,1,82,1,Ask:,3,99,1,103,1,125,1,
1008.000, Bid:,2,75,1,83,1,Ask:,3,99,1,103,1,125,1,
1008.857, Bid:,2,75,1,84,1,Ask:,3,99,1,103,1,125,1,
1009.714, Bid:,2,75,1,85,1,Ask:,3,99,1,103,1,125,1,
1013.571, Bid:,2,75,1,86,1,Ask:,3,99,1,103,1,125,1,
1015.429, Bid:,2,75,1,87,1,Ask:,3,99,1,103,1,125,1,
1016.286, Bid:,2,75,1,88,1,Ask:,3,99,1,103,1,125,1,
1016.429, Bid:,2,75,1,89,1,Ask:,3,99,1,103,1,125,1,
1016.714, Bid:,2,75,1,90,1,Ask:,3,99,1,103,1,125,1,
1017.000, Bid:,2,75,1,91,1,Ask:,3,99,1,103,1,125,1,
1018.000, Bid:,2,75,1,92,1,Ask:,3,99,1,103,1,125,1,
1019.429, Bid:,2,75,1,93,1,Ask:,3,99,1,103,1,125,1,
1019.571, Bid:,2,75,1,94,1,Ask:,3,99,1,103,1,125,1,
1020.143, Bid:,1,75,1,Ask:,3,99,1,103,1,125,1,
1020.571, Bid:,1,75,1,Ask:,2,103,1,125,1,
1020.571, Bid:,2,75,1,99,1,Ask:,2,103,1,125,1,
1024.286, Bid:,2,75,1,99,1,Ask:,3,102,1,103,1,125,1,
1026.286, Bid:,2,75,1,99,1,Ask:,3,101,1,103,1,125,1,
1027.429, Bid:,2,75,1,99,1,Ask:,3,100,1,103,1,125,1,
1027.571, Bid:,2,75,1,99,2,Ask:,3,100,1,103,1,125,1,
1027.714, Bid:,2,75,1,99,1,Ask:,2,103,1,125,1,
1028.143, Bid:,1,99,1,Ask:,1,103,1,
1028.143, Bid:,1,99,1,Ask:,2,103,1,159,1,
1028.286, Bid:,2,56,1,99,1,Ask:,2,103,1,159,1,
1033.143, Bid:,2,56,1,99,1,Ask:,1,103,1,
1033.143, Bid:,2,56,1,99,1,Ask:,2,103,1,144,1,
1034.571, Bid:,1,56,1,Ask:,2,103,1,144,1,
1034.714, Bid:,2,56,1,83,1,Ask:,2,103,1,144,1,
1052.143, Bid:,3,56,1,83,1,99,1,Ask:,2,103,1,144,1,
1053.143, Bid:,3,56,1,83,1,99,1,Ask:,3,102,1,103,1,144,1,
1053.429, Bid:,3,56,1,83,1,99,1,Ask:,3,101,1,103,1,144,1,
1054.143, Bid:,3,56,1,83,1,99,1,Ask:,3,100,1,103,1,144,1,
1055.286, Bid:,2,56,1,83,1,Ask:,2,103,1,144,1,
1058.429, Bid:,1,83,1,Ask:,1,144,1,
1058.857, Bid:,1,83,1,Ask:,2,120,1,144,1,
1062.714, Bid:,2,45,1,83,1,Ask:,2,120,1,144,1,
1070.429, Bid:,3,45,1,83,1,99,1,Ask:,2,120,1,144,1,
1075.429, Bid:,2,45,1,99,1,Ask:,2,120,1,144,1,
1078.143, Bid:,2,45,1,99,1,Ask:,1,144,1,
1078.143, Bid:,2,45,1,99,1,Ask:,2,143,1,144,1,
1079.000, Bid:,2,45,1,99,2,Ask:,2,143,1,144,1,
1079.143, Bid:,2,45,1,99,2,Ask:,2,142,1,144,1,
1079.286, Bid:,2,45,1,99,2,Ask:,2,141,1,144,1,
1079.857, Bid:,2,45,1,99,2,Ask:,2,140,1,144,1,
1080.000, Bid:,2,45,1,99,2,Ask:,3,139,1,140,1,144,1,
1080.143, Bid:,2,45,1,99,2,Ask:,3,138,1,139,1,144,1,
1081.000, Bid:,2,45,1,99,2,Ask:,3,137,1,138,1,144,1,
1081.143, Bid:,2,45,1,99,2,Ask:,3,136,1,138,1,144,1,
1081.857, Bid:,2,45,1,99,2,Ask:,3,135,1,138,1,144,1,
1082.143, Bid:,2,45,1,99,2,Ask:,3,134,1,138,1,144,1,
1082.429, Bid:,2,45,1,99,2,Ask:,3,133,1,134,1,144,1,
1082.857, Bid:,2,45,1,99,2,Ask:,3,132,1,134,1,144,1,
1083.143, Bid:,2,45,1,99,2,Ask:,3,131,1,132,1,144,1,
1083.571, Bid:,2,45,1,99,2,Ask:,3,130,1,132,1,144,1,
1084.000, Bid:,2,45,1,99,2,Ask:,3,129,1,130,1,144,1,
1084.571, Bid:,2,45,1,99,2,Ask:,3,128,1,130,1,144,1,
1084.857, Bid:,2,45,1,99,2,Ask:,3,127,1,130,1,144,1,
1085.143, Bid:,2,45,1,99,2,Ask:,3,126,1,127,1,144,1,
1085.286, Bid:,2,45,1,99,2,Ask:,3,125,1,127,1,144,1,
1085.571, Bid:,2,45,1,99,2,Ask:,3,124,1,127,1,144,1,
1086.000, Bid:,2,45,1,99,2,Ask:,3,123,1,127,1,144,1,
1086.143, Bid:,2,45,1,99,2,Ask:,3,122,1,123,1,144,1,
1086.571, Bid:,2,45,1,99,2,Ask:,3,121,1,122,1,144,1,
1088.714, Bid:,1,99,2,Ask:,2,121,1,122,1,
1088.714, Bid:,1,99,2,Ask:,2,120,1,122,1,
1088.857, Bid:,1,99,2,Ask:,2,119,1,122,1,
1089.286, Bid:,1,99,2,Ask:,3,119,1,122,1,129,1,
1089.571, Bid:,1,99,2,Ask:,3,118,1,122,1,129,1,
1090.143, Bid:,2,49,1,99,2,Ask:,3,118,1,122,1,129,1,
1090.714, Bid:,2,49,1,99,2,Ask:,3,117,1,118,1,129,1,
1091.286, Bid:,2,49,1,99,2,Ask:,3,116,1,117,1,129,1,
1091.429, Bid:,2,49,1,99,2,Ask:,3,115,1,117,1,129,1,
1091.714, Bid:,2,49,1,99,2,Ask:,3,114,1,117,1,129,1,
1091.857, Bid:,2,49,1,99,2,Ask:,3,114,1,116,1,129,1,
1092.429, Bid:,2,49,1,99,2,Ask:,3,113,1,116,1,129,1,
1093.143, Bid:,2,49,1,99,2,Ask:,3,112,1,116,1,129,1,
1093.286, Bid:,2,49,1,99,2,Ask:,3,111,1,116,1,129,1,
1093.429, Bid:,2,49,1,99,2,Ask:,3,110,1,116,1,129,1,
1093.571, Bid:,2,49,1,99,2,Ask:,3,109,1,116,1,129,1,
1098.143, Bid:,2,49,1,99,2,Ask:,2,109,1,129,1,
1098.286, Bid:,2,49,1,99,2,Ask:,2,108,1,129,1,
1099.000, Bid:,2,49,1,99,2,Ask:,3,107,1,108,1,129,1,
1099.571, Bid:,2,49,1,99,2,Ask:,3,106,1,108,1,129,1,
1099.714, Bid:,2,49,1,99,2,Ask:,3,105,1,108,1,129,1,
1100.000, Bid:,2,49,1,99,2,Ask:,3,104,1,108,1,129,1,
1100.286, Bid:,2,49,1,99,2,Ask:,3,103,1,104,1,129,1,
1100.571, Bid:,2,49,1,99,2,Ask:,3,102,1,103,1,129,1,
1101.714, Bid:,2,49,1,99,2,Ask:,3,101,1,102,1,129,1,
1101.857, Bid:,2,49,1,99,1,Ask:,3,101,1,102,1,129,1,
1102.286, Bid:,2,49,1,99,1,Ask:,3,100,1,102,1,129,1,
1102.571, Bid:,1,49,1,Ask:,2,100,1,129,1,
1103.000, Bid:,0,Ask:,2,100,1,129,1,
1103.000, Bid:,0,Ask:,2,99,1,129,1,
1103.143, Bid:,1,98,1,Ask:,2,99,1,129,1,
1103.286, Bid:,2,75,1,98,1,Ask:,2,99,1,129,1,
1104.429, Bid:,1,75,1,Ask:,1,129,1,
1116.286, Bid:,1,75,1,Ask:,2,99,1,129,1,
1119.000, Bid:,1,75,1,Ask:,1,99,1,
1119.143, Bid:,2,75,1,76,1,Ask:,1,99,1,
1119.571, Bid:,2,75,1,77,1,Ask:,1,99,1,
1119.857, Bid:,2,75,1,77,1,Ask:,2,99,1,123,1,
1121.714, Bid:,2,75,1,78,1,Ask:,2,99,1,123,1,
1122.143, Bid:,2,75,1,79,1,Ask:,2,99,1,123,1,
1122.571, Bid:,2,75,1,80,1,Ask:,2,99,1,123,1,
1123.286, Bid:,2,75,1,81,1,Ask:,2,99,1,123,1,
1123.714, Bid:,2,75,1,82,1,Ask:,2,99,1,123,1,
1124.143, Bid:,2,75,1,83,1,Ask:,2,99,1,123,1,
1124.571, Bid:,2,75,1,84,1,Ask:,2,99,1,123,1,
1126.571, Bid:,2,75,1,85,1,Ask:,2,99,1,123,1,
1126.714, Bid:,1,85,1,Ask:,2,99,1,123,1,
1127.286, Bid:,1,86,1,Ask:,2,99,1,123,1,
1127.571, Bid:,1,87,1,Ask:,2,99,1,123,1,
1128.143, Bid:,1,87,1,Ask:,1,99,1,
1128.143, Bid:,2,43,1,87,1,Ask:,1,99,1,
1128.571, Bid:,2,43,1,87,1,Ask:,2,99,1,129,1,
1130.286, Bid:,2,43,1,88,1,Ask:,2,99,1,129,1,
1131.286, Bid:,2,43,1,89,1,Ask:,2,99,1,129,1,
1132.429, Bid:,2,43,1,90,1,Ask:,2,99,1,129,1,
1133.000, Bid:,2,43,1,91,1,Ask:,2,99,1,129,1,
1133.429, Bid:,2,43,1,92,1,Ask:,2,99,1,129,1,
1133.857, Bid:,2,43,1,93,1,Ask:,2,99,1,129,1,
1134.000, Bid:,2,43,1,94,1,Ask:,2,99,1,129,1,
1134.286, Bid:,2,43,1,95,1,Ask:,2,99,1,129,1,
1135.000, Bid:,2,43,1,96,1,Ask:,2,99,1,129,1,
1135.429, Bid:,2,43,1,97,1,Ask:,2,99,1,129,1,
1136.714, Bid:,2,43,1,98,1,Ask:,2,99,1,129,1,
1137.000, Bid:,1,43,1,Ask:,1,129,1,
1140.571, Bid:,1,43,1,Ask:,2,99,1,129,1,
1145.571, Bid:,2,43,1,44,1,Ask:,2,99,1,129,1,
1147.286, Bid:,2,43,1,45,1,Ask:,2,99,1,129,1,
1147.429, Bid:,2,43,1,46,1,Ask:,2,99,1,129,1,
1148.143, Bid:,2,43,1,47,1,Ask:,2,99,1,129,1,
1148.571, Bid:,2,43,1,48,1,Ask:,2,99,1,129,1,
1149.429, Bid:,2,43,1,48,1,Ask:,2,99,2,129,1,
1149.714, Bid:,3,43,1,48,1,49,1,Ask:,2,99,2,129,1,
1150.000, Bid:,3,43,1,48,1,50,1,Ask:,2,99,2,129,1,
1150.286, Bid:,3,43,1,48,1,51,1,Ask:,2,99,2,129,1,
1150.857, Bid:,2,48,1,51,1,Ask:,2,99,2,129,1,
1150.857, Bid:,2,51,1,52,1,Ask:,2,99,2,129,1,
1151.000, Bid:,2,52,1,53,1,Ask:,2,99,2,129,1,
1152.286, Bid:,2,53,1,54,1,Ask:,2,99,2,129,1,
1152.714, Bid:,2,54,1,55,1,Ask:,2,99,2,129,1,
1152.857, Bid:,2,54,1,56,1,Ask:,2,99,2,129,1,
1153.286, Bid:,3,54,1,56,1,57,1,Ask:,2,99,2,129,1,
1154.143, Bid:,3,54,1,56,1,58,1,Ask:,2,99,2,129,1,
1154.714, Bid:,3,56,1,58,1,59,1,Ask:,2,99,2,129,1,
1155.000, Bid:,3,56,1,59,1,60,1,Ask:,2,99,2,129,1,
1155.429, Bid:,3,59,1,60,1,61,1,Ask:,2,99,2,129,1,
1155.571, Bid:,3,60,1,61,1,62,1,Ask:,2,99,2,129,1,
1155.857, Bid:,3,61,1,62,1,63,1,Ask:,2,99,2,129,1,
1156.143, Bid:,3,61,1,62,1,64,1,Ask:,2,99,2,129,1,
1157.143, Bid:,3,61,1,64,1,65,1,Ask:,2,99,2,129,1,
1157.714, Bid:,3,61,1,65,1,66,1,Ask:,2,99,2,129,1,
1157.857, Bid:,3,61,1,65,1,67,1,Ask:,2,99,2,129,1,
1158.000, Bid:,3,65,1,67,1,68,1,Ask:,2,99,2,129,1,
1158.286, Bid:,2,67,1,68,1,Ask:,2,99,2,129,1,
1158.286, Bid:,2,67,1,69,1,Ask:,2,99,2,129,1,
1159.000, Bid:,2,69,1,70,1,Ask:,2,99,2,129,1,
1159.286, Bid:,2,70,1,71,1,Ask:,2,99,2,129,1,
1159.571, Bid:,2,70,1,72,1,Ask:,2,99,2,129,1,
1160.000, Bid:,3,70,1,72,1,73,1,Ask:,2,99,2,129,1,
1160.714, Bid:,3,70,1,73,1,74,1,Ask:,2,99,2,129,1,
1160.857, Bid:,3,70,1,73,1,75,1,Ask:,2,99,2,129,1,
1161.143, Bid:,3,70,1,75,1,76,1,Ask:,2,99,2,129,1,
1161.286, Bid:,3,70,1,75,1,77,1,Ask:,2,99,2,129,1,
1161.857, Bid:,3,70,1,75,1,78,1,Ask:,2,99,2,129,1,
1162.286, Bid:,3,70,1,75,1,79,1,Ask:,2,99,2,129,1,
1162.429, Bid:,3,72,1,75,1,79,1,Ask:,2,99,2,129,1,
1163.286, Bid:,3,72,1,75,1,79,1,Ask:,2,99,1,129,1,
1163.429, Bid:,3,72,1,79,1,80,1,Ask:,2,99,1,129,1,
1163.714, Bid:,3,72,1,80,1,81,1,Ask:,2,99,1,129,1,
1164.000, Bid:,3,72,1,80,1,82,1,Ask:,2,99,1,129,1,
1164.143, Bid:,3,72,1,80,1,82,1,Ask:,3,99,1,109,1,129,1,
1165.000, Bid:,3,72,1,80,1,83,1,Ask:,3,99,1,109,1,129,1,
1165.429, Bid:,3,72,1,80,1,84,1,Ask:,3,99,1,109,1,129,1,
1165.857, Bid:,3,72,1,84,1,85,1,Ask:,3,99,1,109,1,129,1,
1166.714, Bid:,3,72,1,85,1,86,1,Ask:,3,99,1,109,1,129,1,
1167.714, Bid:,3,72,1,86,1,87,1,Ask:,3,99,1,109,1,129,1,
1168.000, Bid:,3,72,1,86,1,88,1,Ask:,3,99,1,109,1,129,1,
1168.286, Bid:,3,72,1,86,1,89,1,Ask:,3,99,1,109,1,129,1,
1168.429, Bid:,3,72,1,86,1,90,1,Ask:,3,99,1,109,1,129,1,
1169.000, Bid:,3,72,1,90,1,91,1,Ask:,3,99,1,109,1,129,1,
1169.429, Bid:,3,72,1,91,1,92,1,Ask:,3,99,1,109,1,129,1,
1169.571, Bid:,3,72,1,92,1,93,1,Ask:,3,99,1,109,1,129,1,
1170.000, Bid:,3,72,1,93,1,94,1,Ask:,3,99,1,109,1,129,1,
1170.143, Bid:,3,72,1,93,1,95,1,Ask:,3,99,1,109,1,129,1,
1170.857, Bid:,3,72,1,93,1,96,1,Ask:,3,99,1,109,1,129,1,
1171.571, Bid:,3,72,1,93,1,97,1,Ask:,3,99,1,109,1,129,1,
1171.857, Bid:,3,72,1,93,1,98,1,Ask:,3,99,1,109,1,129,1,
1173.429, Bid:,2,72,1,93,1,Ask:,2,109,1,129,1,
1174.571, Bid:,2,72,1,99,1,Ask:,2,109,1,129,1,
1176.571, Bid:,2,72,1,99,1,Ask:,3,108,1,109,1,129,1,
1177.571, Bid:,2,72,1,99,1,Ask:,3,107,1,109,1,129,1,
1178.286, Bid:,2,72,1,99,1,Ask:,3,106,1,109,1,129,1,
1179.571, Bid:,2,72,1,99,1,Ask:,2,106,1,109,1,
1179.714, Bid:,2,72,1,99,1,Ask:,2,105,1,109,1,
1180.000, Bid:,2,72,1,99,1,Ask:,2,104,1,109,1,
1180.286, Bid:,2,72,1,99,1,Ask:,3,104,1,109,1,145,1,
1180.571, Bid:,2,72,1,99,1,Ask:,3,103,1,109,1,145,1,
1181.286, Bid:,3,72,1,86,1,99,1,Ask:,3,103,1,109,1,145,1,
1183.000, Bid:,3,72,1,86,1,99,1,Ask:,3,102,1,109,1,145,1,
1184.714, Bid:,3,72,1,86,1,99,1,Ask:,3,101,1,109,1,145,1,
1185.286, Bid:,2,72,1,99,1,Ask:,3,101,1,109,1,145,1,
1186.000, Bid:,2,72,1,99,2,Ask:,3,101,1,109,1,145,1,
1188.143, Bid:,2,72,1,99,2,Ask:,3,100,1,109,1,145,1,
1189.286, Bid:,2,72,1,99,1,Ask:,2,109,1,145,1,
1192.143, Bid:,2,72,1,99,1,Ask:,1,145,1,
1192.857, Bid:,2,72,1,99,1,Ask:,2,144,1,145,1,
1195.571, Bid:,2,72,1,99,1,Ask:,2,143,1,145,1,
1196.857, Bid:,2,72,1,99,1,Ask:,2,142,1,145,1,
1197.429, Bid:,1,99,1,Ask:,2,142,1,145,1,
1198.286, Bid:,1,99,1,Ask:,2,141,1,145,1,
1198.571, Bid:,2,70,1,99,1,Ask:,2,141,1,145,1,
1198.857, Bid:,2,70,1,99,1,Ask:,2,140,1,145,1,
1199.571, Bid:,2,70,1,99,1,Ask:,2,139,1,145,1,
1201.143, Bid:,2,70,1,99,1,Ask:,2,138,1,145,1,
1201.286, Bid:,2,70,1,99,1,Ask:,3,137,1,138,1,145,1,
1201.429, Bid:,2,70,1,99,1,Ask:,3,136,1,138,1,145,1,
1202.429, Bid:,2,70,1,99,1,Ask:,3,135,1,136,1,145,1,
1202.857, Bid:,2,70,1,99,1,Ask:,3,134,1,136,1,145,1,
1203.714, Bid:,2,70,1,99,1,Ask:,3,133,1,136,1,145,1,
1204.714, Bid:,2,70,1,99,1,Ask:,3,132,1,133,1,145,1,
1205.000, Bid:,2,70,1,99,1,Ask:,3,131,1,132,1,145,1,
1205.429, Bid:,2,70,1,99,1,Ask:,3,130,1,131,1,145,1,
1206.714, Bid:,2,70,1,99,1,Ask:,3,129,1,130,1,145,1,
1207.143, Bid:,2,70,1,99,1,Ask:,3,128,1,130,1,145,1,
1207.714, Bid:,2,70,1,99,1,Ask:,3,127,1,130,1,145,1,
1208.714, Bid:,2,70,1,99,1,Ask:,3,126,1,130,1,145,1,
1209.000, Bid:,2,70,1,99,1,Ask:,3,125,1,126,1,145,1,
1209.571, Bid:,2,70,1,99,1,Ask:,3,124,1,125,1,145,1,
1209.857, Bid:,2,70,1,99,1,Ask:,2,124,1,125,1,
1210.143, Bid:,2,70,1,99,2,Ask:,2,124,1,125,1,
1210.429, Bid:,2,70,1,99,2,Ask:,2,123,1,124,1,
1210.714, Bid:,2,70,1,99,2,Ask:,2,122,1,124,1,
1211.000, Bid:,2,70,1,99,2,Ask:,2,121,1,122,1,
1211.143, Bid:,2,70,1,99,2,Ask:,2,120,1,121,1,
1211.429, Bid:,2,70,1,99,2,Ask:,3,120,1,121,1,150,1,
1211.571, Bid:,2,70,1,99,2,Ask:,3,119,1,121,1,150,1,
1212.000, Bid:,2,70,1,99,2,Ask:,3,118,1,119,1,150,1,
1212.286, Bid:,2,70,1,99,2,Ask:,3,117,1,118,1,150,1,
1212.571, Bid:,2,70,1,99,2,Ask:,3,116,1,117,1,150,1,
1213.000, Bid:,2,70,1,99,2,Ask:,3,115,1,116,1,150,1,
1214.000, Bid:,2,70,1,99,2,Ask:,3,114,1,115,1,150,1,
1214.286, Bid:,2,70,1,99,2,Ask:,2,114,1,115,1,
1214.571, Bid:,2,70,1,99,2,Ask:,2,113,1,114,1,
1214.857, Bid:,2,70,1,99,2,Ask:,2,112,1,114,1,
1215.143, Bid:,2,70,1,99,2,Ask:,3,112,1,114,1,136,1,
1215.857, Bid:,2,70,1,99,2,Ask:,3,111,1,114,1,136,1,
1216.571, Bid:,2,70,1,99,2,Ask:,3,110,1,114,1,136,1,
1216.714, Bid:,2,70,1,99,2,Ask:,3,109,1,110,1,136,1,
1217.000, Bid:,2,70,1,99,2,Ask:,3,108,1,110,1,136,1,
1217.429, Bid:,2,70,1,99,2,Ask:,3,107,1,108,1,136,1,
1217.571, Bid:,2,70,1,99,2,Ask:,3,106,1,108,1,136,1,
1217.714, Bid:,2,70,1,99,2,Ask:,3,105,1,108,1,136,1,
1217.857, Bid:,2,70,1,99,2,Ask:,3,104,1,108,1,136,1,
1218.857, Bid:,2,70,1,99,2,Ask:,3,103,1,104,1,136,1,
1219.286, Bid:,2,70,1,99,2,Ask:,3,102,1,103,1,136,1,
1219.857, Bid:,2,70,1,99,2,Ask:,3,101,1,103,1,136,1,
1220.143, Bid:,2,70,1,99,2,Ask:,3,100,1,101,1,136,1,
1220.286, Bid:,2,70,1,99,1,Ask:,2,101,1,136,1,
1221.000, Bid:,2,70,1,99,1,Ask:,2,100,1,136,1,
1222.571, Bid:,1,70,1,Ask:,1,136,1,
1230.286, Bid:,2,70,1,99,1,Ask:,1,136,1,
1235.571, Bid:,2,70,1,99,1,Ask:,2,135,1,136,1,
1236.000, Bid:,2,70,1,99,1,Ask:,2,134,1,136,1,
1237.000, Bid:,2,70,1,99,1,Ask:,2,133,1,136,1,
1237.286, Bid:,2,70,1,99,1,Ask:,2,132,1,136,1,
1238.143, Bid:,2,70,1,99,2,Ask:,2,132,1,136,1,
1239.429, Bid:,2,70,1,99,2,Ask:,2,131,1,136,1,
1239.571, Bid:,2,70,1,99,2,Ask:,2,130,1,136,1,
1240.143, Bid:,1,99,2,Ask:,2,130,1,136,1,
1240.286, Bid:,1,99,2,Ask:,3,129,1,130,1,136,1,
1240.714, Bid:,2,57,1,99,2,Ask:,3,129,1,130,1,136,1,
1240.857, Bid:,2,57,1,99,2,Ask:,3,128,1,130,1,136,1,
1242.000, Bid:,2,57,1,99,2,Ask:,3,127,1,128,1,136,1,
1242.286, Bid:,2,57,1,99,2,Ask:,3,126,1,127,1,136,1,
1243.000, Bid:,2,57,1,99,2,Ask:,3,125,1,127,1,136,1,
1244.000, Bid:,2,57,1,99,2,Ask:,3,124,1,125,1,136,1,
1244.143, Bid:,2,57,1,99,2,Ask:,3,123,1,124,1,136,1,
1244.286, Bid:,2,57,1,99,2,Ask:,3,122,1,124,1,136,1,
1244.714, Bid:,2,57,1,99,2,Ask:,3,121,1,122,1,136,1,
1245.143, Bid:,2,57,1,99,2,Ask:,3,120,1,122,1,136,1,
1245.571, Bid:,2,57,1,99,2,Ask:,3,119,1,120,1,136,1,
1245.714, Bid:,2,57,1,99,2,Ask:,3,118,1,119,1,136,1,
1246.714, Bid:,2,57,1,99,2,Ask:,3,117,1,118,1,136,1,
1247.000, Bid:,2,57,1,99,2,Ask:,3,116,1,117,1,136,1,
1247.571, Bid:,2,57,1,99,2,Ask:,3,115,1,117,1,136,1,
1247.857, Bid:,2,57,1,99,2,Ask:,3,114,1,117,1,136,1,
1248.429, Bid:,2,57,1,99,2,Ask:,3,113,1,117,1,136,1,
1248.571, Bid:,2,57,1,99,2,Ask:,3,112,1,117,1,136,1,
1248.857, Bid:,2,57,1,99,2,Ask:,3,111,1,112,1,136,1,
1250.714, Bid:,2,57,1,99,2,Ask:,3,110,1,112,1,136,1,
1250.857, Bid:,2,57,1,99,2,Ask:,3,109,1,112,1,136,1,
1252.286, Bid:,2,57,1,99,2,Ask:,3,108,1,112,1,136,1,
1252.714, Bid:,2,57,1,99,2,Ask:,3,107,1,108,1,136,1,
1253.143, Bid:,2,57,1,99,2,Ask:,3,106,1,107,1,136,1,
1253.857, Bid:,2,57,1,99,2,Ask:,3,105,1,106,1,136,1,
1254.286, Bid:,2,57,1,99,2,Ask:,2,106,1,136,1,
1254.571, Bid:,2,57,1,99,2,Ask:,2,105,1,136,1,
1254.714, Bid:,2,57,1,99,2,Ask:,3,105,1,120,1,136,1,
1255.429, Bid:,2,57,1,99,1,Ask:,3,105,1,120,1,136,1,
1255.429, Bid:,2,57,1,99,1,Ask:,3,104,1,120,1,136,1,
1255.857, Bid:,2,57,1,99,2,Ask:,3,104,1,120,1,136,1,
1256.000, Bid:,2,57,1,99,2,Ask:,3,103,1,120,1,136,1,
1257.857, Bid:,2,57,1,99,2,Ask:,3,102,1,120,1,136,1,
1258.286, Bid:,2,57,1,99,2,Ask:,3,101,1,120,1,136,1,
1258.429, Bid:,1,99,2,Ask:,3,101,1,120,1,136,1,
1258.571, Bid:,2,49,1,99,2,Ask:,3,101,1,120,1,136,1,
1258.714, Bid:,2,49,1,99,2,Ask:,3,100,1,120,1,136,1,
1259.000, Bid:,2,49,1,99,1,Ask:,2,120,1,136,1,
1265.857, Bid:,2,49,1,99,1,Ask:,3,119,1,120,1,136,1,
1266.286, Bid:,2,49,1,99,1,Ask:,3,118,1,120,1,136,1,
1266.857, Bid:,2,49,1,99,1,Ask:,3,117,1,120,1,136,1,
1267.143, Bid:,2,49,1,99,1,Ask:,3,116,1,120,1,136,1,
1267.714, Bid:,2,49,1,99,1,Ask:,3,115,1,120,1,136,1,
1268.571, Bid:,2,49,1,99,1,Ask:,3,114,1,120,1,136,1,
1269.571, Bid:,2,49,1,99,1,Ask:,3,113,1,120,1,136,1,
1270.000, Bid:,2,49,1,99,1,Ask:,3,112,1,120,1,136,1,
1270.429, Bid:,2,49,1,99,1,Ask:,2,112,1,120,1,
1270.714, Bid:,2,49,1,99,1,Ask:,2,111,1,120,1,
1270.857, Bid:,2,49,1,99,1,Ask:,3,111,1,120,1,159,1,
1271.143, Bid:,2,49,1,99,2,Ask:,3,111,1,120,1,159,1,
1271.286, Bid:,2,49,1,99,1,Ask:,3,111,1,120,1,159,1,
1271.429, Bid:,2,49,1,99,1,Ask:,3,110,1,120,1,159,1,
1272.286, Bid:,2,49,1,99,1,Ask:,3,109,1,120,1,159,1,
1272.429, Bid:,2,49,1,99,1,Ask:,3,108,1,120,1,159,1,
1272.714, Bid:,3,49,1,95,1,99,1,Ask:,3,108,1,120,1,159,1,
1273.143, Bid:,3,49,1,95,1,99,1,Ask:,3,107,1,120,1,159,1,
1274.000, Bid:,3,49,1,95,1,99,1,Ask:,3,106,1,120,1,159,1,
1275.000, Bid:,3,49,1,95,1,99,1,Ask:,3,105,1,120,1,159,1,
1275.857, Bid:,3,49,1,95,1,99,1,Ask:,3,104,1,120,1,159,1,
1278.857, Bid:,3,49,1,95,1,99,1,Ask:,3,103,1,120,1,159,1,
1279.143, Bid:,3,49,1,95,1,99,1,Ask:,3,102,1,120,1,159,1,
1282.000, Bid:,3,49,1,95,1,99,1,Ask:,3,101,1,120,1,159,1,
1282.143, Bid:,3,49,1,95,1,99,1,Ask:,2,101,1,120,1,
1282.143, Bid:,3,49,1,95,1,99,1,Ask:,3,101,1,120,1,125,1,
1282.286, Bid:,3,49,1,95,1,99,1,Ask:,2,120,1,125,1,
1284.286, Bid:,3,49,1,95,1,99,1,Ask:,3,119,1,120,1,125,1,
1285.143, Bid:,3,49,1,95,1,99,1,Ask:,3,118,1,120,1,125,1,
1285.286, Bid:,3,49,1,95,1,99,1,Ask:,3,117,1,120,1,125,1,
1286.000, Bid:,3,49,1,95,1,99,1,Ask:,3,116,1,120,1,125,1,
1287.000, Bid:,3,49,1,95,1,99,1,Ask:,3,115,1,120,1,125,1,
1287.143, Bid:,2,95,1,99,1,Ask:,3,115,1,120,1,125,1,
1288.000, Bid:,3,71,1,95,1,99,1,Ask:,3,115,1,120,1,125,1,
1288.286, Bid:,3,71,1,95,1,99,1,Ask:,3,114,1,120,1,125,1,
1288.714, Bid:,3,71,1,95,1,99,1,Ask:,3,113,1,120,1,125,1,
1290.143, Bid:,3,71,1,95,1,99,1,Ask:,3,112,1,120,1,125,1,
1291.286, Bid:,3,71,1,95,1,99,1,Ask:,3,111,1,120,1,125,1,
1291.857, Bid:,3,71,1,95,1,99,1,Ask:,3,110,1,120,1,125,1,
1292.143, Bid:,3,71,1,95,1,99,1,Ask:,3,109,1,120,1,125,1,
1292.286, Bid:,3,71,1,95,1,99,1,Ask:,3,108,1,120,1,125,1,
1294.429, Bid:,3,71,1,95,1,99,1,Ask:,3,107,1,120,1,125,1,
1295.429, Bid:,3,71,1,95,1,99,1,Ask:,3,106,1,120,1,125,1,
1296.429, Bid:,3,71,1,95,1,99,1,Ask:,3,105,1,120,1,125,1,
1296.571, Bid:,3,71,1,95,1,99,1,Ask:,3,104,1,120,1,125,1,
1298.000, Bid:,3,71,1,95,1,99,1,Ask:,3,103,1,120,1,125,1,
1299.286, Bid:,3,71,1,95,1,99,1,Ask:,3,102,1,120,1,125,1,
1300.714, Bid:,2,71,1,95,1,Ask:,2,102,1,125,1,
1300.857, Bid:,2,71,1,95,1,Ask:,2,99,1,125,1,
1301.000, Bid:,2,71,1,95,1,Ask:,2,99,2,125,1,
1301.429, Bid:,3,71,1,95,1,96,1,Ask:,2,99,2,125,1,
1302.571, Bid:,3,71,1,95,1,97,1,Ask:,2,99,2,125,1,
1303.429, Bid:,3,71,1,95,1,98,1,Ask:,2,99,2,125,1,
1303.857, Bid:,2,71,1,95,1,Ask:,2,99,1,125,1,
1314.571, Bid:,2,71,1,95,1,Ask:,1,125,1,
1314.714, Bid:,2,71,1,95,1,Ask:,2,99,1,125,1,
1316.000, Bid:,3,71,1,95,1,96,1,Ask:,2,99,1,125,1,
1318.000, Bid:,3,71,1,95,1,97,1,Ask:,2,99,1,125,1,
1318.571, Bid:,3,71,1,95,1,98,1,Ask:,2,99,1,125,1,
1319.857, Bid:,2,71,1,95,1,Ask:,1,125,1,
1325.857, Bid:,2,71,1,95,1,Ask:,2,99,1,125,1,
1328.857, Bid:,1,95,1,Ask:,2,99,1,125,1,
1329.571, Bid:,2,60,1,95,1,Ask:,2,99,1,125,1,
1331.000, Bid:,1,60,1,Ask:,1,99,1,
1331.429, Bid:,2,60,1,61,1,Ask:,1,99,1,
1332.429, Bid:,2,60,1,61,1,Ask:,2,99,1,143,1,
1333.571, Bid:,1,60,1,Ask:,2,99,1,143,1,
1334.286, Bid:,2,60,1,61,1,Ask:,2,99,1,143,1,
1334.571, Bid:,2,60,1,62,1,Ask:,2,99,1,143,1,
1335.714, Bid:,2,60,1,63,1,Ask:,2,99,1,143,1,
1336.000, Bid:,2,60,1,64,1,Ask:,2,99,1,143,1,
1336.143, Bid:,2,60,1,65,1,Ask:,2,99,1,143,1,
1336.429, Bid:,2,60,1,66,1,Ask:,2,99,1,143,1,
1336.714, Bid:,2,60,1,67,1,Ask:,2,99,1,143,1,
1339.571, Bid:,2,60,1,68,1,Ask:,2,99,1,143,1,
1340.571, Bid:,2,60,1,69,1,Ask:,2,99,1,143,1,
1341.000, Bid:,2,60,1,69,1,Ask:,2,99,2,143,1,
1341.571, Bid:,2,60,1,70,1,Ask:,2,99,2,143,1,
1342.571, Bid:,2,60,1,71,1,Ask:,2,99,2,143,1,
1342.714, Bid:,2,60,1,72,1,Ask:,2,99,2,143,1,
1343.143, Bid:,2,60,1,73,1,Ask:,2,99,2,143,1,
1343.429, Bid:,2,60,1,74,1,Ask:,2,99,2,143,1,
1343.571, Bid:,3,60,1,74,1,75,1,Ask:,2,99,2,143,1,
1343.714, Bid:,3,60,1,75,1,76,1,Ask:,2,99,2,143,1,
1343.857, Bid:,3,60,1,75,1,77,1,Ask:,2,99,2,143,1,
1344.000, Bid:,3,60,1,75,1,78,1,Ask:,2,99,2,143,1,
1346.000, Bid:,3,60,1,75,1,79,1,Ask:,2,99,2,143,1,
1347.429, Bid:,3,60,1,79,1,80,1,Ask:,2,99,2,143,1,
1347.857, Bid:,3,60,1,79,1,81,1,Ask:,2,99,2,143,1,
1349.000, Bid:,3,60,1,81,1,82,1,Ask:,2,99,2,143,1,
1349.286, Bid:,3,60,1,81,1,83,1,Ask:,2,99,2,143,1,
1349.429, Bid:,3,60,1,81,1,84,1,Ask:,2,99,2,143,1,
1349.714, Bid:,3,60,1,84,1,85,1,Ask:,2,99,2,143,1,
1350.143, Bid:,3,60,1,85,1,86,1,Ask:,2,99,2,143,1,
1350.571, Bid:,3,60,1,86,1,87,1,Ask:,2,99,2,143,1,
1350.857, Bid:,3,60,1,86,1,88,1,Ask:,2,99,2,143,1,
1351.000, Bid:,3,60,1,86,1,89,1,Ask:,2,99,2,143,1,
1351.143, Bid:,3,60,1,89,1,90,1,Ask:,2,99,2,143,1,
1352.000, Bid:,3,60,1,89,1,91,1,Ask:,2,99,2,143,1,
1353.429, Bid:,3,60,1,89,1,92,1,Ask:,2,99,2,143,1,
1353.714, Bid:,3,60,1,89,1,93,1,Ask:,2,99,2,143,1,
1353.857, Bid:,3,60,1,93,1,94,1,Ask:,2,99,2,143,1,
1354.000, Bid:,3,60,1,94,1,95,1,Ask:,2,99,2,143,1,
1354.857, Bid:,3,60,1,94,1,96,1,Ask:,2,99,2,143,1,
1355.571, Bid:,3,60,1,96,1,97,1,Ask:,2,99,2,143,1,
1356.000, Bid:,3,60,1,97,1,98,1,Ask:,2,99,2,143,1,
1356.571, Bid:,2,60,1,97,1,Ask:,2,99,1,143,1,
1356.857, Bid:,2,60,1,98,1,Ask:,2,99,1,143,1,
1358.143, Bid:,1,60,1,Ask:,1,143,1,
1360.857, Bid:,1,60,1,Ask:,0,
1361.286, Bid:,0,Ask:,0,
1361.286, Bid:,0,Ask:,1,126,1,
1361.429, Bid:,0,Ask:,2,125,1,126,1,
1362.000, Bid:,1,57,1,Ask:,2,125,1,126,1,
1362.429, Bid:,1,57,1,Ask:,2,99,1,126,1,
1363.857, Bid:,0,Ask:,2,99,1,126,1,
1364.429, Bid:,0,Ask:,2,98,1,126,1,
1364.571, Bid:,1,67,1,Ask:,2,98,1,126,1,
1365.000, Bid:,1,67,1,Ask:,2,99,1,126,1,
1372.143, Bid:,1,67,1,Ask:,2,99,2,126,1,
1378.857, Bid:,1,67,1,Ask:,1,99,2,
1379.429, Bid:,1,67,1,Ask:,2,99,2,145,1,
1389.143, Bid:,2,67,1,68,1,Ask:,2,99,2,145,1,
1391.571, Bid:,2,67,1,68,1,Ask:,2,99,1,145,1,
1392.714, Bid:,2,67,1,69,1,Ask:,2,99,1,145,1,
1392.857, Bid:,3,67,1,69,1,70,1,Ask:,2,99,1,145,1,
1393.000, Bid:,3,67,1,69,1,71,1,Ask:,2,99,1,145,1,
1393.286, Bid:,3,67,1,69,1,72,1,Ask:,2,99,1,145,1,
1393.571, Bid:,3,67,1,69,1,72,1,Ask:,2,99,2,145,1,
1393.857, Bid:,3,67,1,72,1,73,1,Ask:,2,99,2,145,1,
1395.143, Bid:,3,67,1,73,1,74,1,Ask:,2,99,2,145,1,
1395.286, Bid:,3,67,1,73,1,75,1,Ask:,2,99,2,145,1,
1396.286, Bid:,3,67,1,75,1,76,1,Ask:,2,99,2,145,1,
1396.429, Bid:,3,67,1,76,1,77,1,Ask:,2,99,2,145,1,
1397.143, Bid:,3,67,1,76,1,78,1,Ask:,2,99,2,145,1,
1397.571, Bid:,3,67,1,76,1,79,1,Ask:,2,99,2,145,1,
1397.714, Bid:,3,67,1,76,1,79,1,Ask:,1,99,2,
1397.857, Bid:,3,67,1,76,1,79,1,Ask:,2,99,2,151,1,
1398.143, Bid:,3,67,1,76,1,80,1,Ask:,2,99,2,151,1,
1398.286, Bid:,3,67,1,80,1,81,1,Ask:,2,99,2,151,1,
1398.714, Bid:,3,67,1,81,1,82,1,Ask:,2,99,2,151,1,
1399.714, Bid:,3,67,1,82,1,83,1,Ask:,2,99,2,151,1,
1400.571, Bid:,3,67,1,82,1,84,1,Ask:,2,99,2,151,1,
1401.000, Bid:,3,67,1,82,1,85,1,Ask:,2,99,2,151,1,
1401.714, Bid:,3,67,1,85,1,86,1,Ask:,2,99,2,151,1,
1403.571, Bid:,3,67,1,86,1,87,1,Ask:,2,99,2,151,1,
1403.714, Bid:,3,67,1,87,1,88,1,Ask:,2,99,2,151,1,
1404.000, Bid:,3,67,1,88,1,89,1,Ask:,2,99,2,151,1,
1404.143, Bid:,3,67,1,88,1,90,1,Ask:,2,99,2,151,1,
1404.286, Bid:,3,67,1,88,1,91,1,Ask:,2,99,2,151,1,
1404.857, Bid:,3,67,1,91,1,92,1,Ask:,2,99,2,151,1,
1405.429, Bid:,3,67,1,91,1,93,1,Ask:,2,99,2,151,1,
1406.143, Bid:,3,67,1,92,1,93,1,Ask:,2,99,2,151,1,
1406.571, Bid:,3,67,1,92,1,94,1,Ask:,2,99,2,151,1,
1406.857, Bid:,3,67,1,92,1,95,1,Ask:,2,99,2,151,1,
1407.286, Bid:,3,67,1,92,1,96,1,Ask:,2,99,2,151,1,
1409.143, Bid:,3,67,1,92,1,97,1,Ask:,2,99,2,151,1,
1410.571, Bid:,3,67,1,92,1,98,1,Ask:,2,99,2,151,1,
1411.000, Bid:,2,67,1,92,1,Ask:,2,99,1,151,1,
1413.571, Bid:,2,67,1,92,1,Ask:,2,99,2,151,1,
1416.286, Bid:,1,67,1,Ask:,2,99,2,151,1,
1417.714, Bid:,2,67,1,68,1,Ask:,2,99,2,151,1,
1419.000, Bid:,1,68,1,Ask:,2,99,2,151,1,
1419.714, Bid:,1,69,1,Ask:,2,99,2,151,1,
1420.000, Bid:,1,70,1,Ask:,2,99,2,151,1,
1420.143, Bid:,1,71,1,Ask:,2,99,2,151,1,
1420.286, Bid:,2,46,1,71,1,Ask:,2,99,2,151,1,
1420.429, Bid:,2,46,1,72,1,Ask:,2,99,2,151,1,
1420.571, Bid:,2,46,1,73,1,Ask:,2,99,2,151,1,
1421.857, Bid:,2,46,1,73,1,Ask:,2,99,1,151,1,
1422.000, Bid:,2,46,1,73,1,Ask:,2,99,2,151,1,
1422.143, Bid:,3,46,1,73,1,74,1,Ask:,2,99,2,151,1,
1422.571, Bid:,3,46,1,73,1,75,1,Ask:,2,99,2,151,1,
1423.429, Bid:,3,46,1,75,1,76,1,Ask:,2,99,2,151,1,
1424.286, Bid:,3,46,1,76,1,77,1,Ask:,2,99,2,151,1,
1424.429, Bid:,3,46,1,76,1,78,1,Ask:,2,99,2,151,1,
1425.000, Bid:,3,46,1,78,1,79,1,Ask:,2,99,2,151,1,
1425.143, Bid:,3,46,1,79,1,80,1,Ask:,2,99,2,151,1,
1425.286, Bid:,3,46,1,80,1,81,1,Ask:,2,99,2,151,1,
1425.571, Bid:,3,46,1,80,1,82,1,Ask:,2,99,2,151,1,
1425.714, Bid:,2,80,1,82,1,Ask:,2,99,2,151,1,
1426.000, Bid:,2,82,1,83,1,Ask:,2,99,2,151,1,
1426.857, Bid:,3,57,1,82,1,83,1,Ask:,2,99,2,151,1,
1427.000, Bid:,3,57,1,82,1,84,1,Ask:,2,99,2,151,1,
1428.429, Bid:,3,57,1,82,1,85,1,Ask:,2,99,2,151,1,
1429.286, Bid:,3,57,1,85,1,86,1,Ask:,2,99,2,151,1,
1429.571, Bid:,3,57,1,86,1,87,1,Ask:,2,99,2,151,1,
1430.000, Bid:,3,57,1,86,1,88,1,Ask:,2,99,2,151,1,
1431.000, Bid:,3,57,1,86,1,89,1,Ask:,2,99,2,151,1,
1432.143, Bid:,3,57,1,89,1,90,1,Ask:,2,99,2,151,1,
1432.857, Bid:,3,57,1,89,1,91,1,Ask:,2,99,2,151,1,
1433.286, Bid:,3,57,1,89,1,92,1,Ask:,2,99,2,151,1,
1433.571, Bid:,3,57,1,92,1,93,1,Ask:,2,99,2,151,1,
1433.714, Bid:,3,57,1,92,1,94,1,Ask:,2,99,2,151,1,
1434.286, Bid:,3,57,1,93,1,94,1,Ask:,2,99,2,151,1,
1435.286, Bid:,3,57,1,93,1,94,1,Ask:,2,99,1,151,1,
1435.714, Bid:,3,57,1,93,1,94,1,Ask:,2,99,2,151,1,
1436.286, Bid:,3,57,1,93,1,95,1,Ask:,2,99,2,151,1,
1437.143, Bid:,3,57,1,93,1,96,1,Ask:,2,99,2,151,1,
1437.857, Bid:,3,57,1,93,1,97,1,Ask:,2,99,2,151,1,
1438.143, Bid:,3,57,1,93,1,98,1,Ask:,2,99,2,151,1,
1438.714, Bid:,2,57,1,93,1,Ask:,2,99,1,151,1,
1444.571, Bid:,2,57,1,93,1,Ask:,2,99,2,151,1,
1449.143, Bid:,3,57,1,93,1,94,1,Ask:,2,99,2,151,1,
1449.857, Bid:,3,57,1,93,1,95,1,Ask:,2,99,2,151,1,
1451.286, Bid:,3,57,1,93,1,96,1,Ask:,2,99,2,151,1,
1452.143, Bid:,2,57,1,96,1,Ask:,1,99,2,
1452.429, Bid:,2,57,1,97,1,Ask:,1,99,2,
1452.714, Bid:,2,57,1,97,1,Ask:,2,99,2,155,1,
1452.857, Bid:,2,57,1,98,1,Ask:,2,99,2,155,1,
1453.000, Bid:,3,57,1,89,1,98,1,Ask:,2,99,2,155,1,
1453.714, Bid:,2,57,1,89,1,Ask:,2,99,1,155,1,
1459.429, Bid:,2,57,1,89,1,Ask:,3,99,1,112,1,155,1,
1466.000, Bid:,3,57,1,89,1,90,1,Ask:,3,99,1,112,1,155,1,
1468.571, Bid:,3,57,1,89,1,91,1,Ask:,3,99,1,112,1,155,1,
1468.857, Bid:,3,57,1,89,1,92,1,Ask:,3,99,1,112,1,155,1,
1469.571, Bid:,3,57,1,89,1,93,1,Ask:,3,99,1,112,1,155,1,
1470.143, Bid:,3,57,1,89,1,94,1,Ask:,3,99,1,112,1,155,1,
1471.714, Bid:,3,57,1,89,1,95,1,Ask:,3,99,1,112,1,155,1,
1472.286, Bid:,3,57,1,89,1,96,1,Ask:,3,99,1,112,1,155,1,
1473.000, Bid:,3,57,1,89,1,97,1,Ask:,3,99,1,112,1,155,1,
1474.571, Bid:,3,57,1,89,1,98,1,Ask:,3,99,1,112,1,155,1,
1474.714, Bid:,3,57,1,89,1,98,1,Ask:,2,112,1,155,1,
1474.714, Bid:,3,57,1,89,1,99,1,Ask:,2,112,1,155,1,
1475.714, Bid:,3,57,1,89,1,99,1,Ask:,3,111,1,112,1,155,1,
1476.000, Bid:,3,57,1,89,1,99,1,Ask:,3,110,1,112,1,155,1,
1476.857, Bid:,3,57,1,89,1,99,1,Ask:,3,109,1,112,1,155,1,
1477.714, Bid:,3,57,1,89,1,99,1,Ask:,3,108,1,112,1,155,1,
1478.000, Bid:,3,57,1,89,1,99,1,Ask:,3,107,1,112,1,155,1,
1479.143, Bid:,3,57,1,89,1,99,1,Ask:,3,106,1,112,1,155,1,
1479.286, Bid:,2,89,1,99,1,Ask:,3,106,1,112,1,155,1,
1479.429, Bid:,2,89,1,99,1,Ask:,3,105,1,112,1,155,1,
1480.714, Bid:,3,61,1,89,1,99,1,Ask:,3,105,1,112,1,155,1,
1481.429, Bid:,3,61,1,89,1,99,1,Ask:,3,104,1,112,1,155,1,
1481.571, Bid:,3,61,1,89,1,99,1,Ask:,3,103,1,112,1,155,1,
1481.714, Bid:,3,61,1,89,1,99,1,Ask:,3,102,1,112,1,155,1,
1481.857, Bid:,3,61,1,89,1,99,1,Ask:,3,101,1,112,1,155,1,
1482.429, Bid:,2,61,1,99,1,Ask:,2,101,1,112,1,
1482.429, Bid:,2,61,1,99,1,Ask:,2,100,1,112,1,
1482.857, Bid:,1,61,1,Ask:,1,112,1,
1483.714, Bid:,2,61,1,95,1,Ask:,1,112,1,
1484.000, Bid:,2,61,1,95,1,Ask:,2,112,1,159,1,
1487.286, Bid:,3,61,1,95,1,99,1,Ask:,2,112,1,159,1,
1492.286, Bid:,3,61,1,95,1,99,1,Ask:,1,159,1,
1493.000, Bid:,3,61,1,95,1,99,1,Ask:,2,158,1,159,1,
1493.857, Bid:,3,61,1,95,1,99,1,Ask:,2,157,1,159,1,
1496.000, Bid:,3,61,1,95,1,99,1,Ask:,2,156,1,159,1,
1496.571, Bid:,3,61,1,95,1,99,1,Ask:,2,155,1,159,1,
1496.857, Bid:,3,61,1,95,1,99,1,Ask:,2,154,1,159,1,
1500.143, Bid:,2,61,1,99,1,Ask:,2,154,1,159,1,
1500.286, Bid:,3,61,1,82,1,99,1,Ask:,2,154,1,159,1,
1501.429, Bid:,3,61,1,82,1,99,1,Ask:,2,153,1,159,1,
1504.429, Bid:,3,61,1,82,1,99,1,Ask:,2,152,1,159,1,
1505.000, Bid:,3,61,1,82,1,99,1,Ask:,2,151,1,159,1,
1506.714, Bid:,3,61,1,82,1,99,1,Ask:,3,150,1,151,1,159,1,
1507.000, Bid:,3,61,1,82,1,99,1,Ask:,3,149,1,151,1,159,1,
1507.286, Bid:,3,61,1,82,1,99,1,Ask:,3,148,1,149,1,159,1,
1507.429, Bid:,3,61,1,82,1,99,1,Ask:,3,147,1,149,1,159,1,
1507.714, Bid:,3,61,1,82,1,99,1,Ask:,3,146,1,149,1,159,1,
1508.143, Bid:,3,61,1,82,1,99,1,Ask:,3,145,1,146,1,159,1,
1508.286, Bid:,3,61,1,82,1,99,1,Ask:,3,144,1,146,1,159,1,
1508.429, Bid:,3,61,1,82,1,99,1,Ask:,3,143,1,146,1,159,1,
1508.571, Bid:,3,61,1,82,1,99,1,Ask:,3,142,1,143,1,159,1,
1508.714, Bid:,3,61,1,82,1,99,1,Ask:,3,141,1,143,1,159,1,
1509.000, Bid:,3,61,1,82,1,99,1,Ask:,3,140,1,143,1,159,1,
1509.571, Bid:,3,61,1,82,1,99,1,Ask:,3,139,1,140,1,159,1,
1510.143, Bid:,3,61,1,82,1,99,1,Ask:,3,138,1,139,1,159,1,
1510.429, Bid:,3,61,1,82,1,99,1,Ask:,3,137,1,138,1,159,1,
1510.571, Bid:,3,61,1,82,1,99,1,Ask:,3,136,1,137,1,159,1,
1510.857, Bid:,3,61,1,82,1,99,1,Ask:,3,135,1,137,1,159,1,
1511.429, Bid:,3,61,1,82,1,99,1,Ask:,3,134,1,135,1,159,1,
1511.571, Bid:,3,61,1,82,1,99,1,Ask:,3,133,1,135,1,159,1,
1511.857, Bid:,3,61,1,82,1,99,1,Ask:,3,132,1,135,1,159,1,
1512.000, Bid:,3,61,1,82,1,99,1,Ask:,3,131,1,132,1,159,1,
1512.429, Bid:,3,61,1,82,1,99,1,Ask:,3,130,1,131,1,159,1,
1512.714, Bid:,2,82,1,99,1,Ask:,2,130,1,131,1,
1512.714, Bid:,2,82,1,99,1,Ask:,2,129,1,131,1,
1513.000, Bid:,2,82,1,99,1,Ask:,3,129,1,131,1,153,1,
1513.714, Bid:,2,82,1,99,1,Ask:,3,128,1,131,1,153,1,
1514.286, Bid:,2,82,1,99,1,Ask:,3,127,1,128,1,153,1,
1515.000, Bid:,3,72,1,82,1,99,1,Ask:,3,127,1,128,1,153,1,
1515.286, Bid:,3,72,1,82,1,99,1,Ask:,3,126,1,127,1,153,1,
1516.000, Bid:,3,72,1,82,1,99,1,Ask:,3,125,1,126,1,153,1,
1516.143, Bid:,3,72,1,82,1,99,1,Ask:,3,124,1,125,1,153,1,
1516.571, Bid:,3,72,1,82,1,99,1,Ask:,3,123,1,125,1,153,1,
1516.714, Bid:,3,72,1,82,1,99,1,Ask:,3,122,1,125,1,153,1,
1517.286, Bid:,3,72,1,82,1,99,1,Ask:,3,121,1,122,1,153,1,
1518.857, Bid:,3,72,1,82,1,99,1,Ask:,3,120,1,122,1,153,1,
1519.571, Bid:,3,72,1,82,1,99,1,Ask:,3,119,1,120,1,153,1,
1520.571, Bid:,3,72,1,82,1,99,1,Ask:,3,118,1,120,1,153,1,
1523.429, Bid:,3,72,1,82,1,99,1,Ask:,3,117,1,120,1,153,1,
1523.714, Bid:,3,72,1,82,1,99,1,Ask:,3,116,1,120,1,153,1,
1527.429, Bid:,3,72,1,82,1,99,1,Ask:,3,115,1,120,1,153,1,
1527.857, Bid:,3,72,1,82,1,99,1,Ask:,3,114,1,120,1,153,1,
1529.714, Bid:,3,72,1,82,1,99,1,Ask:,3,113,1,120,1,153,1,
1529.857, Bid:,3,72,1,82,1,99,1,Ask:,3,112,1,120,1,153,1,
1530.857, Bid:,3,72,1,82,1,99,1,Ask:,3,111,1,120,1,153,1,
1531.714, Bid:,2,72,1,82,1,Ask:,3,111,1,120,1,153,1,
1531.714, Bid:,3,72,1,82,1,99,1,Ask:,3,111,1,120,1,153,1,
1532.143, Bid:,3,72,1,82,1,99,1,Ask:,2,120,1,153,1,
1532.286, Bid:,3,72,1,82,1,99,1,Ask:,3,119,1,120,1,153,1,
1533.571, Bid:,3,72,1,82,1,99,1,Ask:,3,118,1,120,1,153,1,
1534.286, Bid:,3,72,1,82,1,99,1,Ask:,3,117,1,120,1,153,1,
1534.429, Bid:,3,72,1,82,1,99,1,Ask:,3,116,1,120,1,153,1,
1534.571, Bid:,3,72,1,82,1,99,1,Ask:,3,115,1,120,1,153,1,
1534.714, Bid:,3,72,1,82,1,99,1,Ask:,3,114,1,120,1,153,1,
1535.571, Bid:,3,72,1,82,1,99,1,Ask:,2,114,1,153,1,
1535.714, Bid:,3,72,1,82,1,99,1,Ask:,2,113,1,153,1,
1536.571, Bid:,3,72,1,82,1,99,1,Ask:,3,112,1,113,1,153,1,
1537.286, Bid:,3,72,1,82,1,99,1,Ask:,3,111,1,112,1,153,1,
1537.714, Bid:,3,72,1,82,1,99,1,Ask:,3,110,1,112,1,153,1,
1538.000, Bid:,3,72,1,82,1,99,1,Ask:,3,109,1,112,1,153,1,
1538.857, Bid:,3,72,1,82,1,99,1,Ask:,3,108,1,109,1,153,1,
1539.714, Bid:,3,72,1,82,1,99,1,Ask:,3,107,1,109,1,153,1,
1540.000, Bid:,3,72,1,82,1,99,1,Ask:,3,106,1,107,1,153,1,
1540.143, Bid:,3,72,1,82,1,99,1,Ask:,3,105,1,107,1,153,1,
1540.571, Bid:,3,72,1,82,1,99,1,Ask:,3,104,1,105,1,153,1,
1542.571, Bid:,3,72,1,82,1,99,1,Ask:,3,103,1,104,1,153,1,
1542.714, Bid:,3,72,1,82,1,99,1,Ask:,3,102,1,104,1,153,1,
1543.000, Bid:,2,72,1,99,1,Ask:,2,102,1,104,1,
1543.000, Bid:,3,72,1,94,1,99,1,Ask:,2,102,1,104,1,
1543.857, Bid:,3,72,1,94,1,99,1,Ask:,1,102,1,
1543.857, Bid:,3,72,1,94,1,99,1,Ask:,2,102,1,146,1,
1544.571, Bid:,3,72,1,94,1,99,1,Ask:,3,101,1,102,1,146,1,
1544.714, Bid:,3,72,1,94,1,99,1,Ask:,3,100,1,102,1,146,1,
1545.714, Bid:,2,72,1,94,1,Ask:,2,100,1,146,1,
1545.857, Bid:,2,72,1,94,1,Ask:,2,99,1,146,1,
1552.286, Bid:,2,72,1,94,1,Ask:,2,99,2,146,1,
1559.143, Bid:,1,94,1,Ask:,2,99,2,146,1,
1561.000, Bid:,2,52,1,94,1,Ask:,2,99,2,146,1,
1566.286, Bid:,3,52,1,94,1,95,1,Ask:,2,99,2,146,1,
1566.429, Bid:,3,52,1,94,1,96,1,Ask:,2,99,2,146,1,
1567.714, Bid:,3,52,1,94,1,97,1,Ask:,2,99,2,146,1,
1568.714, Bid:,3,52,1,94,1,98,1,Ask:,2,99,2,146,1,
1569.143, Bid:,2,52,1,94,1,Ask:,2,99,1,146,1,
1573.286, Bid:,1,52,1,Ask:,1,99,1,
1573.286, Bid:,2,52,1,53,1,Ask:,1,99,1,
1574.143, Bid:,2,52,1,54,1,Ask:,1,99,1,
1575.000, Bid:,2,52,1,54,1,Ask:,2,99,1,152,1,
1575.286, Bid:,2,52,1,55,1,Ask:,2,99,1,152,1,
1575.857, Bid:,2,52,1,56,1,Ask:,2,99,1,152,1,
1576.000, Bid:,2,52,1,57,1,Ask:,2,99,1,152,1,
1578.714, Bid:,2,52,1,58,1,Ask:,2,99,1,152,1,
1580.429, Bid:,2,52,1,59,1,Ask:,2,99,1,152,1,
1580.714, Bid:,2,52,1,60,1,Ask:,2,99,1,152,1,
1580.857, Bid:,2,52,1,61,1,Ask:,2,99,1,152,1,
1581.429, Bid:,2,52,1,62,1,Ask:,2,99,1,152,1,
1582.000, Bid:,2,52,1,63,1,Ask:,2,99,1,152,1,
1582.286, Bid:,2,52,1,63,1,Ask:,3,99,1,119,1,152,1,
1582.571, Bid:,2,52,1,64,1,Ask:,3,99,1,119,1,152,1,
1583.714, Bid:,2,52,1,65,1,Ask:,3,99,1,119,1,152,1,
1584.857, Bid:,2,52,1,66,1,Ask:,3,99,1,119,1,152,1,
1585.000, Bid:,2,52,1,67,1,Ask:,3,99,1,119,1,152,1,
1585.571, Bid:,2,52,1,68,1,Ask:,3,99,1,119,1,152,1,
1588.143, Bid:,2,52,1,69,1,Ask:,3,99,1,119,1,152,1,
1589.143, Bid:,2,52,1,70,1,Ask:,3,99,1,119,1,152,1,
1589.857, Bid:,2,52,1,71,1,Ask:,3,99,1,119,1,152,1,
1591.143, Bid:,2,52,1,72,1,Ask:,3,99,1,119,1,152,1,
1591.429, Bid:,2,52,1,73,1,Ask:,3,99,1,119,1,152,1,
1591.857, Bid:,2,52,1,74,1,Ask:,3,99,1,119,1,152,1,
1592.143, Bid:,2,52,1,75,1,Ask:,3,99,1,119,1,152,1,
1593.429, Bid:,2,52,1,75,1,Ask:,2,119,1,152,1,
1594.000, Bid:,2,52,1,99,1,Ask:,2,119,1,152,1,
1594.429, Bid:,2,52,1,99,1,Ask:,3,118,1,119,1,152,1,
1595.286, Bid:,2,52,1,99,1,Ask:,3,117,1,119,1,152,1,
1597.714, Bid:,2,52,1,99,1,Ask:,3,116,1,119,1,152,1,
1598.571, Bid:,1,99,1,Ask:,3,116,1,119,1,152,1,
1598.857, Bid:,1,99,1,Ask:,3,115,1,119,1,152,1,
1600.571, Bid:,1,99,1,Ask:,3,114,1,119,1,152,1,
1601.571, Bid:,1,99,1,Ask:,3,113,1,119,1,152,1,
1602.000, Bid:,2,45,1,99,1,Ask:,3,113,1,119,1,152,1,
1602.857, Bid:,2,45,1,99,1,Ask:,3,112,1,119,1,152,1,
1603.000, Bid:,1,45,1,Ask:,3,112,1,119,1,152,1,
1603.429, Bid:,2,45,1,90,1,Ask:,3,112,1,119,1,152,1,
1603.571, Bid:,2,45,1,90,1,Ask:,2,112,1,119,1,
1603.571, Bid:,2,45,1,90,1,Ask:,2,99,1,119,1,
1603.857, Bid:,3,45,1,90,1,91,1,Ask:,2,99,1,119,1,
1604.571, Bid:,3,45,1,90,1,91,1,Ask:,3,99,1,119,1,154,1,
1605.000, Bid:,3,45,1,90,1,92,1,Ask:,3,99,1,119,1,154,1,
1605.429, Bid:,3,45,1,90,1,93,1,Ask:,3,99,1,119,1,154,1,
1606.286, Bid:,3,45,1,90,1,94,1,Ask:,3,99,1,119,1,154,1,
1607.143, Bid:,3,45,1,90,1,95,1,Ask:,3,99,1,119,1,154,1,
1607.429, Bid:,3,45,1,90,1,96,1,Ask:,3,99,1,119,1,154,1,
1609.286, Bid:,3,45,1,90,1,97,1,Ask:,3,99,1,119,1,154,1,
1612.286, Bid:,3,45,1,90,1,98,1,Ask:,3,99,1,119,1,154,1,
1612.857, Bid:,2,45,1,98,1,Ask:,3,99,1,119,1,154,1,
1613.286, Bid:,1,45,1,Ask:,2,119,1,154,1,
1613.429, Bid:,2,45,1,81,1,Ask:,2,119,1,154,1,
1615.000, Bid:,2,45,1,81,1,Ask:,3,99,1,119,1,154,1,
1618.143, Bid:,2,45,1,81,1,Ask:,2,99,1,154,1,
1618.857, Bid:,2,45,1,81,1,Ask:,2,99,2,154,1,
1627.857, Bid:,3,45,1,81,1,82,1,Ask:,2,99,2,154,1,
1629.286, Bid:,3,45,1,81,1,83,1,Ask:,2,99,2,154,1,
1630.714, Bid:,3,45,1,81,1,84,1,Ask:,2,99,2,154,1,
1633.857, Bid:,2,81,1,84,1,Ask:,1,99,2,
1633.857, Bid:,3,74,1,81,1,84,1,Ask:,1,99,2,
1634.000, Bid:,3,74,1,81,1,84,1,Ask:,2,99,2,127,1,
1635.429, Bid:,3,74,1,81,1,85,1,Ask:,2,99,2,127,1,
1636.286, Bid:,3,74,1,81,1,86,1,Ask:,2,99,2,127,1,
1636.429, Bid:,3,74,1,81,1,87,1,Ask:,2,99,2,127,1,
1636.714, Bid:,2,81,1,87,1,Ask:,2,99,2,127,1,
1637.429, Bid:,2,81,1,88,1,Ask:,2,99,2,127,1,
1637.714, Bid:,2,81,1,89,1,Ask:,2,99,2,127,1,
1637.857, Bid:,2,81,1,90,1,Ask:,2,99,2,127,1,
1638.000, Bid:,2,81,1,91,1,Ask:,2,99,2,127,1,
1638.143, Bid:,3,46,1,81,1,91,1,Ask:,2,99,2,127,1,
1640.286, Bid:,3,46,1,81,1,92,1,Ask:,2,99,2,127,1,
1641.286, Bid:,3,46,1,81,1,93,1,Ask:,2,99,2,127,1,
1642.571, Bid:,3,46,1,81,1,94,1,Ask:,2,99,2,127,1,
1643.143, Bid:,3,46,1,81,1,95,1,Ask:,2,99,2,127,1,
1643.429, Bid:,3,46,1,81,1,96,1,Ask:,2,99,2,127,1,
1643.714, Bid:,3,46,1,81,1,97,1,Ask:,2,99,2,127,1,
1644.714, Bid:,3,46,1,81,1,97,1,Ask:,1,99,2,
1645.000, Bid:,3,46,1,81,1,97,1,Ask:,2,99,2,150,1,
1645.571, Bid:,3,46,1,81,1,97,1,Ask:,2,99,1,150,1,
1645.571, Bid:,3,46,1,81,1,97,1,Ask:,2,99,2,150,1,
1646.714, Bid:,3,46,1,81,1,98,1,Ask:,2,99,2,150,1,
1648.000, Bid:,2,46,1,81,1,Ask:,2,99,1,150,1,
1654.286, Bid:,3,46,1,81,1,82,1,Ask:,2,99,1,150,1,
1654.571, Bid:,3,46,1,81,1,83,1,Ask:,2,99,1,150,1,
1655.000, Bid:,3,46,1,81,1,84,1,Ask:,2,99,1,150,1,
1655.286, Bid:,3,46,1,81,1,85,1,Ask:,2,99,1,150,1,
1657.857, Bid:,3,46,1,81,1,86,1,Ask:,2,99,1,150,1,
1658.000, Bid:,3,46,1,81,1,87,1,Ask:,2,99,1,150,1,
1659.714, Bid:,3,46,1,81,1,88,1,Ask:,2,99,1,150,1,
1660.143, Bid:,3,46,1,81,1,89,1,Ask:,2,99,1,150,1,
1660.857, Bid:,3,46,1,81,1,90,1,Ask:,2,99,1,150,1,
1664.143, Bid:,2,46,1,90,1,Ask:,2,99,1,150,1,
1664.143, Bid:,2,46,1,91,1,Ask:,2,99,1,150,1,
1664.429, Bid:,3,46,1,86,1,91,1,Ask:,2,99,1,150,1,
1664.571, Bid:,3,46,1,86,1,92,1,Ask:,2,99,1,150,1,
1665.000, Bid:,3,46,1,86,1,92,1,Ask:,3,99,1,106,1,150,1,
1665.429, Bid:,3,46,1,86,1,93,1,Ask:,3,99,1,106,1,150,1,
1665.571, Bid:,3,46,1,86,1,94,1,Ask:,3,99,1,106,1,150,1,
1666.429, Bid:,3,46,1,86,1,95,1,Ask:,3,99,1,106,1,150,1,
1666.857, Bid:,3,46,1,86,1,96,1,Ask:,3,99,1,106,1,150,1,
1667.857, Bid:,3,46,1,86,1,97,1,Ask:,3,99,1,106,1,150,1,
1668.286, Bid:,3,46,1,86,1,97,1,Ask:,2,99,1,106,1,
1668.714, Bid:,3,46,1,86,1,98,1,Ask:,2,99,1,106,1,
1669.143, Bid:,2,46,1,86,1,Ask:,1,106,1,
1670.286, Bid:,2,46,1,86,1,Ask:,2,106,1,135,1,
1676.571, Bid:,1,86,1,Ask:,2,106,1,135,1,
1678.286, Bid:,2,70,1,86,1,Ask:,2,106,1,135,1,
1687.571, Bid:,3,70,1,86,1,99,1,Ask:,2,106,1,135,1,
1689.857, Bid:,3,70,1,86,1,99,1,Ask:,3,105,1,106,1,135,1,
1690.000, Bid:,3,70,1,86,1,99,1,Ask:,3,104,1,106,1,135,1,
1690.286, Bid:,3,70,1,86,1,99,1,Ask:,3,103,1,106,1,135,1,
1690.714, Bid:,3,70,1,86,1,99,1,Ask:,3,102,1,106,1,135,1,
1691.000, Bid:,3,70,1,86,1,99,1,Ask:,3,101,1,106,1,135,1,
1691.571, Bid:,3,70,1,86,1,99,1,Ask:,3,100,1,106,1,135,1,
1693.429, Bid:,2,70,1,86,1,Ask:,2,106,1,135,1,
1694.429, Bid:,1,70,1,Ask:,1,135,1,
1694.429, Bid:,2,70,1,97,1,Ask:,1,135,1,
1695.857, Bid:,2,70,1,97,1,Ask:,2,108,1,135,1,
1697.714, Bid:,2,70,1,97,1,Ask:,3,99,1,108,1,135,1,
1700.571, Bid:,3,70,1,97,1,98,1,Ask:,3,99,1,108,1,135,1,
1701.286, Bid:,2,70,1,97,1,Ask:,2,108,1,135,1,
1723.143, Bid:,1,70,1,Ask:,2,108,1,135,1,
1723.857, Bid:,1,70,1,Ask:,1,108,1,
1724.000, Bid:,2,70,1,99,1,Ask:,1,108,1,
1724.143, Bid:,2,70,1,99,1,Ask:,2,108,1,128,1,
1724.714, Bid:,1,99,1,Ask:,1,128,1,
1724.714, Bid:,2,50,1,99,1,Ask:,1,128,1,
1727.429, Bid:,2,50,1,99,1,Ask:,2,127,1,128,1,
1728.571, Bid:,2,50,1,99,1,Ask:,2,126,1,128,1,
1729.143, Bid:,2,50,1,99,1,Ask:,2,125,1,128,1,
1729.571, Bid:,2,50,1,99,1,Ask:,2,124,1,128,1,
1730.143, Bid:,2,50,1,99,1,Ask:,2,123,1,128,1,
1730.714, Bid:,2,50,1,99,1,Ask:,3,122,1,123,1,128,1,
1732.571, Bid:,2,50,1,99,1,Ask:,3,121,1,123,1,128,1,
1733.143, Bid:,2,50,1,99,1,Ask:,3,120,1,121,1,128,1,
1733.286, Bid:,2,50,1,99,1,Ask:,3,119,1,121,1,128,1,
1733.429, Bid:,2,50,1,99,1,Ask:,3,118,1,119,1,128,1,
1733.571, Bid:,2,50,1,99,1,Ask:,3,117,1,119,1,128,1,
1733.714, Bid:,2,50,1,99,1,Ask:,3,116,1,117,1,128,1,
1734.286, Bid:,2,50,1,99,1,Ask:,3,115,1,117,1,128,1,
1734.429, Bid:,2,50,1,99,1,Ask:,3,114,1,117,1,128,1,
1735.143, Bid:,2,50,1,99,1,Ask:,3,113,1,117,1,128,1,
1736.000, Bid:,2,50,1,99,1,Ask:,3,112,1,113,1,128,1,
1736.429, Bid:,2,50,1,99,1,Ask:,3,111,1,112,1,128,1,
1737.143, Bid:,2,50,1,99,1,Ask:,3,110,1,111,1,128,1,
1737.714, Bid:,2,50,1,99,1,Ask:,3,109,1,111,1,128,1,
1738.571, Bid:,2,50,1,99,1,Ask:,3,108,1,109,1,128,1,
1738.714, Bid:,2,50,1,99,1,Ask:,3,107,1,108,1,128,1,
1739.000, Bid:,2,50,1,99,2,Ask:,3,107,1,108,1,128,1,
1740.143, Bid:,2,50,1,99,2,Ask:,3,106,1,107,1,128,1,
1740.429, Bid:,2,50,1,99,2,Ask:,3,105,1,106,1,128,1,
1742.286, Bid:,2,50,1,99,2,Ask:,3,104,1,105,1,128,1,
1742.429, Bid:,2,50,1,99,2,Ask:,2,105,1,128,1,
1743.571, Bid:,2,50,1,99,2,Ask:,3,104,1,105,1,128,1,
1743.857, Bid:,2,50,1,99,2,Ask:,3,103,1,104,1,128,1,
1744.000, Bid:,2,50,1,99,2,Ask:,3,102,1,103,1,128,1,
1744.429, Bid:,2,50,1,99,2,Ask:,3,101,1,102,1,128,1,
1745.143, Bid:,2,50,1,99,2,Ask:,3,100,1,102,1,128,1,
1746.571, Bid:,2,50,1,99,1,Ask:,2,100,1,128,1,
1747.714, Bid:,1,50,1,Ask:,1,128,1,
1753.429, Bid:,0,Ask:,1,128,1,
1754.000, Bid:,1,72,1,Ask:,1,128,1,
1755.000, Bid:,1,72,1,Ask:,0,
1755.000, Bid:,1,72,1,Ask:,1,133,1,
1757.143, Bid:,2,72,1,86,1,Ask:,1,133,1,
1760.857, Bid:,1,86,1,Ask:,1,133,1,
1761.429, Bid:,2,44,1,86,1,Ask:,1,133,1,
1764.714, Bid:,2,44,1,86,1,Ask:,0,
1765.000, Bid:,2,44,1,86,1,Ask:,1,146,1,
1767.143, Bid:,2,44,1,86,1,Ask:,2,99,1,146,1,
1776.143, Bid:,3,44,1,86,1,87,1,Ask:,2,99,1,146,1,
1777.714, Bid:,3,44,1,86,1,88,1,Ask:,2,99,1,146,1,
1778.286, Bid:,3,44,1,86,1,89,1,Ask:,2,99,1,146,1,
1778.571, Bid:,3,44,1,86,1,90,1,Ask:,2,99,1,146,1,
1780.143, Bid:,3,44,1,86,1,91,1,Ask:,2,99,1,146,1,
1782.429, Bid:,3,44,1,86,1,92,1,Ask:,2,99,1,146,1,
1783.000, Bid:,3,44,1,86,1,93,1,Ask:,2,99,1,146,1,
1783.429, Bid:,3,44,1,86,1,94,1,Ask:,2,99,1,146,1,
1783.571, Bid:,3,44,1,86,1,95,1,Ask:,2,99,1,146,1,
1783.857, Bid:,3,44,1,86,1,96,1,Ask:,2,99,1,146,1,
1784.000, Bid:,3,44,1,86,1,97,1,Ask:,2,99,1,146,1,
1784.429, Bid:,3,44,1,86,1,98,1,Ask:,2,99,1,146,1,
1785.286, Bid:,2,44,1,98,1,Ask:,2,99,1,146,1,
1785.286, Bid:,1,44,1,Ask:,1,146,1,
1785.714, Bid:,2,44,1,99,1,Ask:,1,146,1,
1788.000, Bid:,2,44,1,99,1,Ask:,2,145,1,146,1,
1788.571, Bid:,2,44,1,99,1,Ask:,2,144,1,146,1,
1790.429, Bid:,2,44,1,99,1,Ask:,2,143,1,146,1,
1791.143, Bid:,2,44,1,99,1,Ask:,2,142,1,146,1,
1791.286, Bid:,2,44,1,99,1,Ask:,2,141,1,146,1,
1791.857, Bid:,2,44,1,99,1,Ask:,2,140,1,146,1,
1793.143, Bid:,2,44,1,99,1,Ask:,2,139,1,146,1,
1794.286, Bid:,2,44,1,99,1,Ask:,2,138,1,146,1,
1798.143, Bid:,2,44,1,99,1,Ask:,2,137,1,146,1,
1799.571, Bid:,2,44,1,99,1,Ask:,2,136,1,146,1,
1799.857, Bid:,2,44,1,99,1,Ask:,2,135,1,146,1,
1801.714, Bid:,2,44,1,99,1,Ask:,2,134,1,146,1,
1802.143, Bid:,1,99,1,Ask:,2,134,1,146,1,
1802.571, Bid:,1,99,1,Ask:,1,134,1,
1802.714, Bid:,2,41,1,99,1,Ask:,1,134,1,
1803.571, Bid:,2,41,1,99,1,Ask:,2,134,1,152,1,
1803.714, Bid:,2,41,1,99,1,Ask:,2,133,1,152,1,
1804.286, Bid:,2,41,1,99,1,Ask:,2,132,1,152,1,
1805.143, Bid:,2,41,1,99,1,Ask:,2,131,1,152,1,
1805.429, Bid:,2,41,1,99,1,Ask:,1,152,1,
1805.857, Bid:,2,41,1,99,1,Ask:,2,151,1,152,1,
1806.000, Bid:,2,41,1,99,1,Ask:,2,150,1,152,1,
1807.714, Bid:,2,41,1,99,1,Ask:,2,149,1,152,1,
1808.000, Bid:,2,41,1,99,1,Ask:,2,148,1,152,1,
1808.143, Bid:,2,41,1,99,1,Ask:,2,147,1,152,1,
1808.857, Bid:,2,41,1,99,1,Ask:,2,146,1,152,1,
1810.714, Bid:,2,41,1,99,1,Ask:,2,145,1,152,1,
1812.143, Bid:,2,41,1,99,1,Ask:,2,144,1,152,1,
1812.571, Bid:,2,41,1,99,1,Ask:,2,143,1,152,1,
1813.429, Bid:,2,41,1,99,1,Ask:,2,142,1,152,1,
1815.429, Bid:,1,41,1,Ask:,2,142,1,152,1,
1815.571, Bid:,2,41,1,99,1,Ask:,2,142,1,152,1,
1815.857, Bid:,2,41,1,99,1,Ask:,3,141,1,142,1,152,1,
1816.000, Bid:,2,41,1,99,1,Ask:,3,140,1,142,1,152,1,
1816.286, Bid:,2,41,1,99,1,Ask:,3,139,1,140,1,152,1,
1816.571, Bid:,2,41,1,99,2,Ask:,3,139,1,140,1,152,1,
1817.429, Bid:,2,41,1,99,2,Ask:,3,138,1,140,1,152,1,
1817.571, Bid:,2,41,1,99,2,Ask:,3,137,1,138,1,152,1,
1818.429, Bid:,2,41,1,99,2,Ask:,3,136,1,137,1,152,1,
1819.429, Bid:,2,41,1,99,2,Ask:,3,135,1,136,1,152,1,
1819.857, Bid:,2,41,1,99,2,Ask:,3,134,1,135,1,152,1,
1820.143, Bid:,2,41,1,99,2,Ask:,3,133,1,134,1,152,1,
1820.429, Bid:,2,41,1,99,2,Ask:,3,132,1,134,1,152,1,
1822.429, Bid:,2,41,1,99,2,Ask:,3,131,1,132,1,152,1,
1823.286, Bid:,2,41,1,99,2,Ask:,3,130,1,131,1,152,1,
1823.429, Bid:,2,41,1,99,2,Ask:,3,129,1,131,1,152,1,
1824.429, Bid:,2,41,1,99,2,Ask:,3,128,1,131,1,152,1,
1825.000, Bid:,2,41,1,99,2,Ask:,3,127,1,128,1,152,1,
1825.429, Bid:,2,41,1,99,2,Ask:,3,126,1,128,1,152,1,
1825.571, Bid:,2,41,1,99,2,Ask:,3,125,1,126,1,152,1,
1826.143, Bid:,2,41,1,99,2,Ask:,3,124,1,126,1,152,1,
1826.857, Bid:,2,41,1,99,2,Ask:,3,123,1,126,1,152,1,
1827.000, Bid:,2,41,1,99,2,Ask:,3,122,1,126,1,152,1,
1827.429, Bid:,2,41,1,99,1,Ask:,3,122,1,126,1,152,1,
1827.429, Bid:,2,41,1,99,1,Ask:,3,121,1,122,1,152,1,
1827.571, Bid:,2,41,1,99,2,Ask:,3,121,1,122,1,152,1,
1828.000, Bid:,2,41,1,99,2,Ask:,3,120,1,121,1,152,1,
1829.143, Bid:,2,41,1,99,2,Ask:,3,119,1,121,1,152,1,
1829.714, Bid:,2,41,1,99,2,Ask:,3,118,1,121,1,152,1,
1830.286, Bid:,2,41,1,99,2,Ask:,3,117,1,121,1,152,1,
1831.286, Bid:,2,41,1,99,2,Ask:,3,116,1,121,1,152,1,
1831.714, Bid:,2,41,1,99,2,Ask:,3,115,1,116,1,152,1,
1832.143, Bid:,2,41,1,99,2,Ask:,3,114,1,116,1,152,1,
1832.286, Bid:,2,41,1,99,2,Ask:,3,113,1,116,1,152,1,
1832.429, Bid:,2,41,1,99,2,Ask:,3,112,1,116,1,152,1,
1832.571, Bid:,2,41,1,99,2,Ask:,3,111,1,112,1,152,1,
1833.286, Bid:,2,41,1,99,2,Ask:,2,111,1,112,1,
1833.429, Bid:,2,41,1,99,2,Ask:,2,110,1,111,1,
1833.714, Bid:,2,41,1,99,2,Ask:,2,109,1,110,1,
1833.857, Bid:,2,41,1,99,2,Ask:,2,108,1,110,1,
1834.000, Bid:,2,41,1,99,2,Ask:,3,108,1,110,1,142,1,
1834.286, Bid:,2,41,1,99,2,Ask:,3,107,1,110,1,142,1,
1836.000, Bid:,2,41,1,99,2,Ask:,3,106,1,110,1,142,1,
1836.571, Bid:,2,41,1,99,2,Ask:,3,105,1,110,1,142,1,
1837.571, Bid:,2,41,1,99,2,Ask:,3,104,1,110,1,142,1,
1837.857, Bid:,2,41,1,99,2,Ask:,2,104,1,142,1,
1837.857, Bid:,2,41,1,99,2,Ask:,3,104,1,110,1,142,1,
1840.857, Bid:,2,41,1,99,2,Ask:,3,103,1,110,1,142,1,
1844.143, Bid:,1,99,2,Ask:,3,103,1,110,1,142,1,
1844.143, Bid:,1,99,2,Ask:,3,102,1,110,1,142,1,
1844.429, Bid:,2,71,1,99,2,Ask:,3,102,1,110,1,142,1,
1845.714, Bid:,2,71,1,99,2,Ask:,3,101,1,110,1,142,1,
1845.857, Bid:,2,71,1,99,1,Ask:,2,110,1,142,1,
1846.000, Bid:,2,71,1,99,1,Ask:,3,109,1,110,1,142,1,
1846.429, Bid:,2,71,1,99,2,Ask:,3,109,1,110,1,142,1,
1846.714, Bid:,2,71,1,99,2,Ask:,3,108,1,110,1,142,1,
1847.143, Bid:,2,71,1,99,2,Ask:,3,107,1,110,1,142,1,
1847.286, Bid:,2,71,1,99,2,Ask:,3,106,1,110,1,142,1,
1847.857, Bid:,2,71,1,99,2,Ask:,3,105,1,110,1,142,1,
1848.714, Bid:,2,71,1,99,2,Ask:,2,105,1,110,1,
1848.714, Bid:,2,71,1,99,2,Ask:,3,105,1,110,1,159,1,
1851.000, Bid:,2,71,1,99,2,Ask:,3,104,1,110,1,159,1,
1851.714, Bid:,2,71,1,99,2,Ask:,3,103,1,110,1,159,1,
1851.857, Bid:,2,71,1,99,2,Ask:,3,102,1,110,1,159,1,
1853.286, Bid:,2,71,1,99,2,Ask:,2,110,1,159,1,
1853.429, Bid:,2,71,1,99,2,Ask:,3,109,1,110,1,159,1,
1855.286, Bid:,2,71,1,99,1,Ask:,3,109,1,110,1,159,1,
1855.714, Bid:,2,71,1,99,1,Ask:,3,108,1,110,1,159,1,
1855.857, Bid:,3,71,1,95,1,99,1,Ask:,3,108,1,110,1,159,1,
1856.000, Bid:,3,71,1,95,1,99,1,Ask:,3,107,1,110,1,159,1,
1857.571, Bid:,3,71,1,95,1,99,1,Ask:,3,106,1,110,1,159,1,
1859.857, Bid:,3,71,1,95,1,99,1,Ask:,3,105,1,110,1,159,1,
1861.429, Bid:,3,71,1,95,1,99,1,Ask:,3,104,1,110,1,159,1,
1861.571, Bid:,3,71,1,95,1,99,1,Ask:,3,103,1,110,1,159,1,
1863.286, Bid:,3,71,1,95,1,99,1,Ask:,3,102,1,110,1,159,1,
1865.143, Bid:,3,71,1,95,1,99,1,Ask:,3,101,1,110,1,159,1,
1865.429, Bid:,3,71,1,95,1,99,1,Ask:,3,100,1,110,1,159,1,
1865.714, Bid:,2,71,1,95,1,Ask:,2,110,1,159,1,
1868.429, Bid:,3,71,1,95,1,99,1,Ask:,2,110,1,159,1,
1876.143, Bid:,2,95,1,99,1,Ask:,1,159,1,
1876.143, Bid:,2,95,1,99,1,Ask:,2,158,1,159,1,
1876.429, Bid:,2,95,1,99,1,Ask:,2,157,1,159,1,
1877.000, Bid:,3,42,1,95,1,99,1,Ask:,2,157,1,159,1,
1878.429, Bid:,3,42,1,95,1,99,1,Ask:,2,156,1,159,1,
1879.143, Bid:,3,42,1,95,1,99,1,Ask:,2,155,1,159,1,
1879.714, Bid:,3,42,1,95,1,99,1,Ask:,2,154,1,159,1,
1880.571, Bid:,3,42,1,95,1,99,1,Ask:,2,153,1,159,1,
1881.429, Bid:,3,42,1,95,1,99,1,Ask:,1,159,1,
1881.571, Bid:,2,42,1,99,1,Ask:,1,159,1,
1881.857, Bid:,2,42,1,99,2,Ask:,1,159,1,
1883.143, Bid:,1,99,2,Ask:,1,159,1,
1883.143, Bid:,1,99,2,Ask:,2,158,1,159,1,
1883.286, Bid:,1,99,2,Ask:,2,157,1,159,1,
1883.714, Bid:,2,44,1,99,2,Ask:,2,157,1,159,1,
1885.857, Bid:,2,44,1,99,2,Ask:,2,156,1,159,1,
1891.143, Bid:,2,44,1,99,2,Ask:,2,155,1,159,1,
1892.714, Bid:,2,44,1,99,2,Ask:,2,154,1,159,1,
1894.714, Bid:,2,44,1,99,2,Ask:,2,153,1,159,1,
1896.143, Bid:,2,44,1,99,2,Ask:,2,152,1,159,1,
1897.857, Bid:,2,44,1,99,2,Ask:,2,151,1,159,1,
1898.286, Bid:,2,44,1,99,2,Ask:,2,150,1,159,1,
1901.286, Bid:,2,44,1,99,2,Ask:,2,149,1,159,1,
1901.429, Bid:,2,44,1,99,2,Ask:,2,148,1,159,1,
1902.000, Bid:,2,44,1,99,2,Ask:,2,147,1,159,1,
1902.571, Bid:,2,44,1,99,2,Ask:,1,147,1,
1904.000, Bid:,2,44,1,99,2,Ask:,1,146,1,
1905.000, Bid:,2,44,1,99,2,Ask:,1,145,1,
1905.286, Bid:,2,44,1,99,2,Ask:,2,144,1,145,1,
1905.429, Bid:,2,44,1,99,2,Ask:,2,143,1,145,1,
1906.429, Bid:,2,44,1,99,1,Ask:,2,143,1,145,1,
1906.429, Bid:,2,44,1,99,1,Ask:,2,142,1,143,1,
1906.571, Bid:,2,44,1,99,1,Ask:,2,141,1,143,1,
1906.857, Bid:,2,44,1,99,1,Ask:,3,140,1,141,1,143,1,
1907.143, Bid:,2,44,1,99,2,Ask:,3,140,1,141,1,143,1,
1907.286, Bid:,2,44,1,99,2,Ask:,3,139,1,141,1,143,1,
1908.143, Bid:,2,44,1,99,2,Ask:,3,138,1,139,1,141,1,
1908.429, Bid:,2,44,1,99,2,Ask:,3,137,1,139,1,141,1,
1908.571, Bid:,2,44,1,99,2,Ask:,3,136,1,137,1,139,1,
1909.429, Bid:,2,44,1,99,2,Ask:,3,135,1,136,1,139,1,
1910.143, Bid:,2,44,1,99,2,Ask:,3,134,1,135,1,139,1,
1910.286, Bid:,2,44,1,99,2,Ask:,3,133,1,135,1,139,1,
1910.429, Bid:,2,44,1,99,2,Ask:,3,132,1,135,1,139,1,
1911.286, Bid:,2,44,1,99,2,Ask:,3,131,1,135,1,139,1,
1911.429, Bid:,2,44,1,99,2,Ask:,3,130,1,131,1,135,1,
1912.286, Bid:,2,44,1,99,2,Ask:,3,129,1,130,1,135,1,
1912.714, Bid:,2,44,1,99,2,Ask:,3,128,1,130,1,135,1,
1913.571, Bid:,2,44,1,99,2,Ask:,3,127,1,128,1,135,1,
1914.000, Bid:,2,44,1,99,2,Ask:,3,126,1,127,1,135,1,
1914.143, Bid:,2,44,1,99,2,Ask:,3,125,1,127,1,135,1,
1914.714, Bid:,2,44,1,99,2,Ask:,3,124,1,125,1,135,1,
1915.143, Bid:,2,44,1,99,2,Ask:,3,123,1,124,1,135,1,
1916.000, Bid:,2,44,1,99,2,Ask:,3,122,1,123,1,135,1,
1916.143, Bid:,2,44,1,99,2,Ask:,3,121,1,122,1,135,1,
1917.000, Bid:,2,44,1,99,2,Ask:,3,120,1,122,1,135,1,
1917.429, Bid:,2,44,1,99,2,Ask:,3,119,1,120,1,135,1,
1918.000, Bid:,2,44,1,99,2,Ask:,3,118,1,120,1,135,1,
1918.286, Bid:,2,44,1,99,2,Ask:,3,117,1,120,1,135,1,
1918.429, Bid:,2,44,1,99,2,Ask:,3,116,1,120,1,135,1,
1918.571, Bid:,2,44,1,99,2,Ask:,3,115,1,116,1,135,1,
1918.714, Bid:,2,44,1,99,2,Ask:,3,114,1,116,1,135,1,
1919.286, Bid:,2,44,1,99,2,Ask:,3,113,1,116,1,135,1,
1920.143, Bid:,2,44,1,99,2,Ask:,3,112,1,116,1,135,1,
1921.143, Bid:,2,44,1,99,2,Ask:,3,111,1,112,1,135,1,
1921.286, Bid:,2,44,1,99,2,Ask:,3,110,1,112,1,135,1,
1921.571, Bid:,2,44,1,99,2,Ask:,3,109,1,110,1,135,1,
1921.857, Bid:,2,44,1,99,2,Ask:,3,108,1,110,1,135,1,
1922.286, Bid:,2,44,1,99,2,Ask:,3,107,1,108,1,135,1,
1922.571, Bid:,2,44,1,99,2,Ask:,3,106,1,107,1,135,1,
1922.714, Bid:,2,44,1,99,2,Ask:,3,105,1,106,1,135,1,
1922.857, Bid:,2,44,1,99,2,Ask:,3,104,1,105,1,135,1,
1923.143, Bid:,2,44,1,99,2,Ask:,3,103,1,104,1,135,1,
1923.286, Bid:,2,44,1,99,2,Ask:,3,102,1,104,1,135,1,
1923.429, Bid:,2,44,1,99,2,Ask:,3,101,1,102,1,135,1,
1925.286, Bid:,2,44,1,99,2,Ask:,3,100,1,101,1,135,1,
1929.571, Bid:,1,99,2,Ask:,3,100,1,101,1,135,1,
1930.143, Bid:,2,66,1,99,2,Ask:,3,100,1,101,1,135,1,
1931.857, Bid:,2,66,1,99,1,Ask:,3,100,1,101,1,135,1,
1932.143, Bid:,1,66,1,Ask:,2,101,1,135,1,
1932.429, Bid:,2,66,1,99,1,Ask:,2,101,1,135,1,
1935.857, Bid:,2,66,1,99,1,Ask:,3,100,1,101,1,135,1,
1936.571, Bid:,2,66,1,99,1,Ask:,2,100,1,135,1,
1936.714, Bid:,2,66,1,99,1,Ask:,1,100,1,
1936.714, Bid:,2,66,1,99,1,Ask:,2,100,1,110,1,
1937.143, Bid:,3,66,1,95,1,99,1,Ask:,2,100,1,110,1,
1937.571, Bid:,2,66,1,95,1,Ask:,1,110,1,
1937.714, Bid:,2,66,1,95,1,Ask:,2,110,1,137,1,
1945.714, Bid:,1,66,1,Ask:,2,110,1,137,1,
1946.429, Bid:,2,66,1,99,1,Ask:,2,110,1,137,1,
1956.143, Bid:,2,66,1,99,1,Ask:,1,137,1,
1956.143, Bid:,2,66,1,99,1,Ask:,2,136,1,137,1,
1957.286, Bid:,2,66,1,99,1,Ask:,2,135,1,137,1,
1961.857, Bid:,2,66,1,99,1,Ask:,2,134,1,137,1,
1964.429, Bid:,2,66,1,99,1,Ask:,2,133,1,137,1,
1964.571, Bid:,2,66,1,99,1,Ask:,1,133,1,
1964.714, Bid:,2,66,1,99,1,Ask:,2,132,1,133,1,
1964.857, Bid:,2,66,1,99,2,Ask:,2,132,1,133,1,
1965.286, Bid:,2,66,1,99,2,Ask:,2,131,1,133,1,
1965.857, Bid:,2,66,1,99,2,Ask:,2,130,1,131,1,
1966.143, Bid:,2,66,1,99,2,Ask:,2,129,1,131,1,
1966.286, Bid:,2,66,1,99,2,Ask:,2,128,1,131,1,
1966.571, Bid:,2,66,1,99,2,Ask:,2,127,1,131,1,
1966.714, Bid:,2,66,1,99,2,Ask:,2,126,1,131,1,
1967.000, Bid:,1,99,2,Ask:,2,126,1,131,1,
1968.143, Bid:,1,99,2,Ask:,3,125,1,126,1,131,1,
1968.714, Bid:,1,99,2,Ask:,3,124,1,125,1,131,1,
1968.857, Bid:,1,99,2,Ask:,3,123,1,124,1,131,1,
1969.571, Bid:,2,49,1,99,2,Ask:,3,123,1,124,1,131,1,
1969.857, Bid:,2,49,1,99,2,Ask:,2,123,1,131,1,
1970.571, Bid:,2,49,1,99,2,Ask:,2,122,1,131,1,
1971.143, Bid:,2,49,1,99,2,Ask:,2,121,1,131,1,
1972.000, Bid:,2,49,1,99,2,Ask:,3,120,1,121,1,131,1,
1972.286, Bid:,2,49,1,99,2,Ask:,3,119,1,120,1,131,1,
1972.571, Bid:,2,49,1,99,2,Ask:,3,118,1,119,1,131,1,
1974.143, Bid:,2,49,1,99,2,Ask:,3,117,1,119,1,131,1,
1974.571, Bid:,2,49,1,99,2,Ask:,3,116,1,117,1,131,1,
1974.857, Bid:,2,49,1,99,1,Ask:,3,116,1,117,1,131,1,
1975.000, Bid:,2,49,1,99,2,Ask:,3,116,1,117,1,131,1,
1975.143, Bid:,2,49,1,99,2,Ask:,3,115,1,117,1,131,1,
1975.714, Bid:,2,49,1,99,2,Ask:,3,114,1,115,1,131,1,
1976.143, Bid:,2,49,1,99,2,Ask:,3,113,1,114,1,131,1,
1976.286, Bid:,2,49,1,99,2,Ask:,3,112,1,114,1,131,1,
1976.714, Bid:,2,49,1,99,2,Ask:,3,111,1,114,1,131,1,
1978.286, Bid:,2,49,1,99,2,Ask:,3,110,1,111,1,131,1,
1978.714, Bid:,2,49,1,99,2,Ask:,3,109,1,111,1,131,1,
1979.143, Bid:,2,49,1,99,2,Ask:,3,108,1,109,1,131,1,
1979.429, Bid:,2,49,1,99,2,Ask:,3,107,1,109,1,131,1,
1979.714, Bid:,2,49,1,99,2,Ask:,3,106,1,109,1,131,1,
1979.857, Bid:,2,49,1,99,2,Ask:,3,105,1,106,1,131,1,
1980.429, Bid:,2,49,1,99,2,Ask:,3,104,1,106,1,131,1,
1980.571, Bid:,2,49,1,99,2,Ask:,3,103,1,106,1,131,1,
1981.143, Bid:,2,49,1,99,2,Ask:,3,102,1,103,1,131,1,
1981.714, Bid:,2,49,1,99,2,Ask:,2,102,2,131,1,
1981.857, Bid:,2,49,1,99,2,Ask:,3,101,1,102,1,131,1,
1982.429, Bid:,2,49,1,99,2,Ask:,3,100,1,102,1,131,1,
1983.000, Bid:,2,49,1,99,1,Ask:,2,102,1,131,1,
1988.571, Bid:,1,99,1,Ask:,2,102,1,131,1,
1988.571, Bid:,2,55,1,99,1,Ask:,2,102,1,131,1,
1992.000, Bid:,2,55,1,99,1,Ask:,1,102,1,
1993.714, Bid:,2,55,1,99,1,Ask:,2,102,1,143,1,
1997.714, Bid:,2,55,1,99,1,Ask:,3,101,1,102,1,143,1,
1998.429, Bid:,2,55,1,99,1,Ask:,3,100,1,102,1,143,1,
1999.714, Bid:,1,55,1,Ask:,2,102,1,143,1,
2000.714, Bid:,2,55,1,99,1,Ask:,2,102,1,143,1,
2004.714, Bid:,2,55,1,99,1,Ask:,3,101,1,102,1,143,1,
2005.429, Bid:,1,99,1,Ask:,3,101,1,102,1,143,1,
2005.429, Bid:,1,99,1,Ask:,3,100,1,102,1,143,1,
2005.571, Bid:,2,49,1,99,1,Ask:,3,100,1,102,1,143,1,
2006.143, Bid:,1,49,1,Ask:,2,102,1,143,1,
2017.286, Bid:,1,49,1,Ask:,1,102,1,
2017.857, Bid:,1,49,1,Ask:,2,102,1,143,1,
2027.571, Bid:,1,49,1,Ask:,1,143,1,
2027.571, Bid:,1,49,1,Ask:,2,99,1,143,1,
2028.143, Bid:,2,49,1,50,1,Ask:,2,99,1,143,1,
2029.143, Bid:,2,49,1,51,1,Ask:,2,99,1,143,1,
2029.429, Bid:,2,49,1,52,1,Ask:,2,99,1,143,1,
2030.143, Bid:,2,49,1,53,1,Ask:,2,99,1,143,1,
2030.571, Bid:,2,49,1,54,1,Ask:,2,99,1,143,1,
2030.857, Bid:,2,49,1,55,1,Ask:,2,99,1,143,1,
2031.000, Bid:,2,49,1,56,1,Ask:,2,99,1,143,1,
2035.143, Bid:,2,49,1,57,1,Ask:,2,99,1,143,1,
2035.714, Bid:,2,49,1,58,1,Ask:,2,99,1,143,1,
2036.143, Bid:,2,49,1,59,1,Ask:,2,99,1,143,1,
2039.714, Bid:,2,49,1,59,1,Ask:,1,143,1,
2040.286, Bid:,2,49,1,59,1,Ask:,2,113,1,143,1,
2042.143, Bid:,2,49,1,90,1,Ask:,2,113,1,143,1,
2046.000, Bid:,1,49,1,Ask:,2,113,1,143,1,
2047.143, Bid:,2,49,1,80,1,Ask:,2,113,1,143,1,
2054.143, Bid:,2,49,1,80,1,Ask:,1,113,1,
2054.143, Bid:,2,49,1,80,1,Ask:,2,113,1,120,1,
2056.857, Bid:,1,80,1,Ask:,2,113,1,120,1,
2057.286, Bid:,2,60,1,80,1,Ask:,2,113,1,120,1,
2059.143, Bid:,2,60,1,80,1,Ask:,3,99,1,113,1,120,1,
2059.857, Bid:,3,60,1,80,1,81,1,Ask:,3,99,1,113,1,120,1,
2060.000, Bid:,3,60,1,80,1,82,1,Ask:,3,99,1,113,1,120,1,
2060.857, Bid:,3,60,1,80,1,83,1,Ask:,3,99,1,113,1,120,1,
2062.000, Bid:,3,60,1,80,1,83,1,Ask:,2,99,1,113,1,
2062.429, Bid:,3,60,1,80,1,83,1,Ask:,3,99,1,113,1,137,1,
2063.286, Bid:,3,60,1,80,1,84,1,Ask:,3,99,1,113,1,137,1,
2064.143, Bid:,3,60,1,80,1,85,1,Ask:,3,99,1,113,1,137,1,
2065.571, Bid:,3,60,1,80,1,86,1,Ask:,3,99,1,113,1,137,1,
2065.714, Bid:,3,60,1,80,1,87,1,Ask:,3,99,1,113,1,137,1,
2067.000, Bid:,3,60,1,80,1,88,1,Ask:,3,99,1,113,1,137,1,
2068.857, Bid:,3,60,1,80,1,89,1,Ask:,3,99,1,113,1,137,1,
2069.429, Bid:,3,60,1,80,1,90,1,Ask:,3,99,1,113,1,137,1,
2070.429, Bid:,3,60,1,80,1,91,1,Ask:,3,99,1,113,1,137,1,
2070.571, Bid:,3,60,1,80,1,92,1,Ask:,3,99,1,113,1,137,1,
2071.143, Bid:,3,60,1,80,1,93,1,Ask:,3,99,1,113,1,137,1,
2071.714, Bid:,3,60,1,80,1,94,1,Ask:,3,99,1,113,1,137,1,
2073.000, Bid:,3,60,1,80,1,95,1,Ask:,3,99,1,113,1,137,1,
2073.857, Bid:,3,60,1,80,1,96,1,Ask:,3,99,1,113,1,137,1,
2074.857, Bid:,3,60,1,80,1,97,1,Ask:,3,99,1,113,1,137,1,
2076.429, Bid:,3,60,1,80,1,98,1,Ask:,3,99,1,113,1,137,1,
2076.714, Bid:,2,60,1,80,1,Ask:,2,113,1,137,1,
2082.429, Bid:,1,60,1,Ask:,2,113,1,137,1,
2082.714, Bid:,2,60,1,99,1,Ask:,2,113,1,137,1,
2083.286, Bid:,1,99,1,Ask:,2,113,1,137,1,
2083.286, Bid:,2,80,1,99,1,Ask:,2,113,1,137,1,
2084.286, Bid:,2,80,1,99,1,Ask:,3,112,1,113,1,137,1,
2085.286, Bid:,2,80,1,99,1,Ask:,3,111,1,113,1,137,1,
2087.714, Bid:,2,80,1,99,1,Ask:,3,110,1,113,1,137,1,
2087.857, Bid:,2,80,1,99,1,Ask:,2,110,1,137,1,
2088.571, Bid:,2,80,1,99,1,Ask:,3,109,1,110,1,137,1,
2088.857, Bid:,2,80,1,99,1,Ask:,3,108,1,109,1,137,1,
2089.000, Bid:,2,80,1,99,2,Ask:,3,108,1,109,1,137,1,
2089.429, Bid:,2,80,1,99,2,Ask:,3,107,1,109,1,137,1,
2089.714, Bid:,2,80,1,99,2,Ask:,3,106,1,107,1,137,1,
2089.857, Bid:,2,80,1,99,2,Ask:,3,105,1,107,1,137,1,
2090.714, Bid:,2,80,1,99,2,Ask:,3,104,1,105,1,137,1,
2091.286, Bid:,2,80,1,99,2,Ask:,3,103,1,105,1,137,1,
2092.286, Bid:,2,80,1,99,2,Ask:,3,102,1,105,1,137,1,
2092.571, Bid:,2,80,1,99,2,Ask:,3,101,1,102,1,137,1,
2093.000, Bid:,2,80,1,99,2,Ask:,3,100,1,101,1,137,1,
2093.143, Bid:,2,80,1,99,1,Ask:,2,100,1,137,1,
2093.429, Bid:,1,80,1,Ask:,1,137,1,
2108.000, Bid:,1,80,1,Ask:,2,99,1,137,1,
2109.714, Bid:,2,80,1,81,1,Ask:,2,99,1,137,1,
2110.857, Bid:,2,80,1,82,1,Ask:,2,99,1,137,1,
2111.143, Bid:,2,80,1,83,1,Ask:,2,99,1,137,1,
2111.571, Bid:,2,80,1,83,1,Ask:,1,99,1,
2111.571, Bid:,2,80,1,83,1,Ask:,2,99,1,138,1,
2112.571, Bid:,2,80,1,84,1,Ask:,2,99,1,138,1,
2112.714, Bid:,1,84,1,Ask:,2,99,1,138,1,
2114.000, Bid:,2,71,1,84,1,Ask:,2,99,1,138,1,
2114.143, Bid:,2,71,1,85,1,Ask:,2,99,1,138,1,
2114.714, Bid:,2,71,1,86,1,Ask:,2,99,1,138,1,
2116.714, Bid:,2,71,1,87,1,Ask:,2,99,1,138,1,
2117.571, Bid:,2,71,1,88,1,Ask:,2,99,1,138,1,
2117.714, Bid:,2,71,1,89,1,Ask:,2,99,1,138,1,
2118.000, Bid:,2,71,1,89,1,Ask:,2,99,2,138,1,
2118.286, Bid:,2,71,1,90,1,Ask:,2,99,2,138,1,
2119.714, Bid:,3,71,1,82,1,90,1,Ask:,2,99,2,138,1,
2120.714, Bid:,3,71,1,82,1,91,1,Ask:,2,99,2,138,1,
2121.429, Bid:,2,82,1,91,1,Ask:,2,99,2,138,1,
2121.429, Bid:,2,82,1,92,1,Ask:,2,99,2,138,1,
2122.571, Bid:,3,43,1,82,1,92,1,Ask:,2,99,2,138,1,
2123.286, Bid:,3,43,1,82,1,93,1,Ask:,2,99,2,138,1,
2124.143, Bid:,3,43,1,82,1,94,1,Ask:,2,99,2,138,1,
2124.429, Bid:,3,43,1,82,1,95,1,Ask:,2,99,2,138,1,
2124.857, Bid:,3,43,1,82,1,96,1,Ask:,2,99,2,138,1,
2126.286, Bid:,3,43,1,82,1,97,1,Ask:,2,99,2,138,1,
2127.000, Bid:,3,43,1,82,1,98,1,Ask:,2,99,2,138,1,
2127.714, Bid:,2,43,1,82,1,Ask:,2,99,1,138,1,
2132.143, Bid:,2,43,1,82,1,Ask:,1,138,1,
2132.714, Bid:,2,43,1,82,1,Ask:,2,105,1,138,1,
2133.714, Bid:,2,43,1,82,1,Ask:,1,105,1,
2134.143, Bid:,2,43,1,82,1,Ask:,2,105,1,131,1,
2142.143, Bid:,1,43,1,Ask:,2,105,1,131,1,
2143.000, Bid:,2,43,1,99,1,Ask:,2,105,1,131,1,
2148.143, Bid:,2,43,1,99,2,Ask:,2,105,1,131,1,
2150.857, Bid:,2,43,1,99,2,Ask:,3,104,1,105,1,131,1,
2151.714, Bid:,2,43,1,99,2,Ask:,3,103,1,105,1,131,1,
2151.857, Bid:,2,43,1,99,2,Ask:,2,105,1,131,1,
2152.571, Bid:,2,43,1,99,2,Ask:,3,104,1,105,1,131,1,
2152.714, Bid:,2,43,1,99,2,Ask:,3,103,1,105,1,131,1,
2152.857, Bid:,2,43,1,99,2,Ask:,3,102,1,105,1,131,1,
2154.000, Bid:,2,43,1,99,2,Ask:,3,101,1,105,1,131,1,
2155.571, Bid:,2,43,1,99,2,Ask:,3,100,1,105,1,131,1,
2156.857, Bid:,2,43,1,99,1,Ask:,2,105,1,131,1,
2161.286, Bid:,2,43,1,99,2,Ask:,2,105,1,131,1,
2173.857, Bid:,2,43,1,99,1,Ask:,2,105,1,131,1,
2175.000, Bid:,2,43,1,99,2,Ask:,2,105,1,131,1,
2176.429, Bid:,2,43,1,99,2,Ask:,1,105,1,
2176.714, Bid:,2,43,1,99,2,Ask:,2,105,1,120,1,
2178.286, Bid:,1,99,2,Ask:,1,120,1,
2179.000, Bid:,2,40,1,99,2,Ask:,1,120,1,
2179.571, Bid:,2,40,1,99,2,Ask:,2,119,1,120,1,
2180.000, Bid:,2,40,1,99,2,Ask:,2,118,1,120,1,
2180.857, Bid:,2,40,1,99,2,Ask:,2,117,1,120,1,
2182.571, Bid:,2,40,1,99,2,Ask:,2,116,1,120,1,
2183.000, Bid:,2,40,1,99,2,Ask:,2,115,1,120,1,
2183.571, Bid:,2,40,1,99,2,Ask:,2,114,1,120,1,
2183.857, Bid:,2,40,1,99,2,Ask:,2,113,1,120,1,
2185.000, Bid:,2,40,1,99,2,Ask:,2,112,1,120,1,
2185.286, Bid:,2,40,1,99,2,Ask:,3,111,1,112,1,120,1,
2186.714, Bid:,2,40,1,99,2,Ask:,3,110,1,112,1,120,1,
2187.286, Bid:,2,40,1,99,2,Ask:,3,109,1,112,1,120,1,
2187.429, Bid:,2,40,1,99,2,Ask:,3,108,1,112,1,120,1,
2187.571, Bid:,2,40,1,99,2,Ask:,3,107,1,112,1,120,1,
2187.714, Bid:,2,40,1,99,2,Ask:,3,106,1,107,1,120,1,
2188.143, Bid:,2,40,1,99,2,Ask:,3,105,1,107,1,120,1,
2188.429, Bid:,2,40,1,99,2,Ask:,3,104,1,107,1,120,1,
2188.857, Bid:,2,40,1,99,2,Ask:,3,103,1,107,1,120,1,
2189.571, Bid:,2,40,1,99,2,Ask:,3,102,1,107,1,120,1,
2190.429, Bid:,2,40,1,99,2,Ask:,3,101,1,102,1,120,1,
2192.000, Bid:,2,40,1,99,2,Ask:,3,100,1,102,1,120,1,
2192.286, Bid:,2,40,1,99,1,Ask:,2,102,1,120,1,
2196.714, Bid:,3,40,1,98,1,99,1,Ask:,2,102,1,120,1,
2204.429, Bid:,3,40,1,98,1,99,1,Ask:,1,120,1,
2204.714, Bid:,3,40,1,98,1,99,1,Ask:,2,119,1,120,1,
2205.143, Bid:,3,40,1,98,1,99,1,Ask:,2,118,1,120,1,
2205.571, Bid:,3,40,1,98,1,99,1,Ask:,2,117,1,120,1,
2205.714, Bid:,3,40,1,98,1,99,1,Ask:,2,116,1,120,1,
2206.571, Bid:,2,98,1,99,1,Ask:,2,116,1,120,1,
2207.143, Bid:,3,70,1,98,1,99,1,Ask:,2,116,1,120,1,
2207.286, Bid:,3,70,1,98,1,99,1,Ask:,2,115,1,120,1,
2207.857, Bid:,3,70,1,98,1,99,1,Ask:,2,114,1,120,1,
2208.429, Bid:,2,70,1,98,1,Ask:,1,114,1,
2208.571, Bid:,2,70,1,98,1,Ask:,1,99,1,
2208.714, Bid:,2,70,1,98,1,Ask:,2,99,1,149,1,
2209.286, Bid:,2,70,1,98,1,Ask:,1,149,1,
2213.714, Bid:,3,70,1,98,1,99,1,Ask:,1,149,1,
2231.000, Bid:,2,70,1,99,1,Ask:,1,149,1,
2231.714, Bid:,2,70,1,99,2,Ask:,1,149,1,
2233.429, Bid:,2,70,1,99,2,Ask:,2,148,1,149,1,
2234.429, Bid:,2,70,1,99,2,Ask:,2,147,1,149,1,
2235.000, Bid:,2,70,1,99,2,Ask:,2,146,1,149,1,
2236.571, Bid:,2,70,1,99,2,Ask:,3,145,1,146,1,149,1,
2237.000, Bid:,2,70,1,99,2,Ask:,3,144,1,146,1,149,1,
2237.429, Bid:,2,70,1,99,2,Ask:,3,143,1,146,1,149,1,
2238.143, Bid:,2,70,1,99,2,Ask:,3,142,1,143,1,149,1,
2238.286, Bid:,2,70,1,99,2,Ask:,3,141,1,142,1,149,1,
2238.571, Bid:,1,99,2,Ask:,2,141,1,142,1,
2238.714, Bid:,2,64,1,99,2,Ask:,2,141,1,142,1,
2238.857, Bid:,2,64,1,99,2,Ask:,2,140,1,141,1,
2239.857, Bid:,2,64,1,99,2,Ask:,2,139,1,141,1,
2240.571, Bid:,2,64,1,99,2,Ask:,3,138,1,139,1,141,1,
2240.857, Bid:,2,64,1,99,2,Ask:,3,137,1,138,1,141,1,
2241.000, Bid:,2,64,1,99,2,Ask:,3,136,1,137,1,138,1,
2241.286, Bid:,2,64,1,99,2,Ask:,3,135,1,137,1,138,1,
2241.571, Bid:,2,64,1,99,2,Ask:,2,135,1,138,1,
2241.571, Bid:,2,64,1,99,2,Ask:,2,134,1,135,1,
2241.714, Bid:,2,64,1,99,2,Ask:,2,133,1,135,1,
2242.429, Bid:,2,64,1,99,2,Ask:,3,132,1,133,1,135,1,
2242.571, Bid:,2,64,1,99,2,Ask:,3,131,1,132,1,133,1,
2242.714, Bid:,2,64,1,99,2,Ask:,3,130,1,131,1,132,1,
2242.857, Bid:,2,64,1,99,2,Ask:,3,129,1,131,1,132,1,
2243.286, Bid:,2,64,1,99,2,Ask:,3,128,1,129,1,131,1,
2243.429, Bid:,2,64,1,99,2,Ask:,3,127,1,128,1,129,1,
2243.571, Bid:,2,64,1,99,2,Ask:,3,126,1,128,1,129,1,
2243.714, Bid:,2,64,1,99,2,Ask:,3,125,1,126,1,129,1,
2243.857, Bid:,2,64,1,99,2,Ask:,3,124,1,125,1,126,1,
2244.000, Bid:,2,64,1,99,2,Ask:,3,123,1,124,1,126,1,
2244.286, Bid:,2,64,1,99,2,Ask:,3,122,1,124,1,126,1,
2244.714, Bid:,2,64,1,99,2,Ask:,3,121,1,122,1,124,1,
2244.857, Bid:,2,64,1,99,2,Ask:,3,120,1,122,1,124,1,
2245.000, Bid:,2,64,1,99,2,Ask:,3,120,1,122,1,123,1,
2246.571, Bid:,2,64,1,99,2,Ask:,3,119,1,120,1,123,1,
2247.000, Bid:,2,64,1,99,2,Ask:,3,118,1,120,1,123,1,
2247.143, Bid:,2,64,1,99,2,Ask:,3,117,1,118,1,123,1,
2247.429, Bid:,2,64,1,99,2,Ask:,3,116,1,117,1,123,1,
2248.857, Bid:,2,64,1,99,2,Ask:,3,115,1,117,1,123,1,
2249.429, Bid:,2,64,1,99,2,Ask:,3,114,1,117,1,123,1,
2250.429, Bid:,2,64,1,99,2,Ask:,3,113,1,114,1,123,1,
2250.571, Bid:,2,64,1,99,2,Ask:,3,112,1,114,1,123,1,
2250.857, Bid:,2,64,1,99,2,Ask:,3,111,1,114,1,123,1,
2251.143, Bid:,2,64,1,99,2,Ask:,3,110,1,114,1,123,1,
2251.571, Bid:,2,64,1,99,2,Ask:,3,109,1,114,1,123,1,
2252.286, Bid:,2,64,1,99,2,Ask:,3,108,1,114,1,123,1,
2253.571, Bid:,2,64,1,99,2,Ask:,3,107,1,114,1,123,1,
2254.714, Bid:,2,64,1,99,2,Ask:,3,106,1,114,1,123,1,
2256.000, Bid:,2,64,1,99,2,Ask:,2,106,1,114,1,
2256.429, Bid:,2,64,1,99,2,Ask:,3,106,1,114,1,142,1,
2257.286, Bid:,2,64,1,99,2,Ask:,3,105,1,114,1,142,1,
2257.571, Bid:,1,99,2,Ask:,3,105,1,114,1,142,1,
2257.714, Bid:,2,64,1,99,2,Ask:,3,105,1,114,1,142,1,
2258.000, Bid:,2,64,1,99,1,Ask:,3,105,1,114,1,142,1,
2258.571, Bid:,2,64,1,99,2,Ask:,3,105,1,114,1,142,1,
2261.000, Bid:,2,64,1,99,2,Ask:,3,104,1,114,1,142,1,
2262.714, Bid:,2,64,1,99,2,Ask:,3,103,1,114,1,142,1,
2263.143, Bid:,2,64,1,99,2,Ask:,3,102,1,114,1,142,1,
2264.429, Bid:,2,64,1,99,2,Ask:,3,101,1,114,1,142,1,
2264.857, Bid:,2,64,1,99,2,Ask:,3,100,1,114,1,142,1,
2268.571, Bid:,2,64,1,99,1,Ask:,2,114,1,142,1,
2269.000, Bid:,2,64,1,99,1,Ask:,3,113,1,114,1,142,1,
2269.429, Bid:,2,64,1,99,2,Ask:,3,113,1,114,1,142,1,
2271.000, Bid:,2,64,1,99,2,Ask:,3,112,1,114,1,142,1,
2271.857, Bid:,2,64,1,99,2,Ask:,3,111,1,114,1,142,1,
2272.143, Bid:,2,64,1,99,2,Ask:,3,110,1,114,1,142,1,
2273.429, Bid:,2,64,1,99,2,Ask:,3,109,1,114,1,142,1,
2273.857, Bid:,2,64,1,99,2,Ask:,3,108,1,114,1,142,1,
2274.143, Bid:,2,64,1,99,2,Ask:,3,107,1,114,1,142,1,
2275.429, Bid:,2,64,1,99,2,Ask:,3,106,1,114,1,142,1,
2277.286, Bid:,2,64,1,99,2,Ask:,3,105,1,114,1,142,1,
2277.429, Bid:,2,64,1,99,2,Ask:,3,104,1,114,1,142,1,
2278.000, Bid:,2,64,1,99,2,Ask:,3,103,1,114,1,142,1,
2278.714, Bid:,2,64,1,99,2,Ask:,3,102,1,114,1,142,1,
2279.286, Bid:,2,64,1,99,2,Ask:,3,101,1,114,1,142,1,
2280.000, Bid:,2,64,1,99,2,Ask:,3,100,1,114,1,142,1,
2281.000, Bid:,2,64,1,99,1,Ask:,2,114,1,142,1,
2281.429, Bid:,1,64,1,Ask:,2,114,1,142,1,
2281.429, Bid:,2,64,1,99,1,Ask:,2,114,1,142,1,
2290.714, Bid:,2,64,1,99,1,Ask:,1,142,1,
2291.714, Bid:,2,64,1,99,1,Ask:,2,141,1,142,1,
2291.857, Bid:,2,64,1,99,1,Ask:,2,140,1,142,1,
2292.000, Bid:,2,64,1,99,1,Ask:,2,139,1,142,1,
2292.143, Bid:,2,64,1,99,1,Ask:,2,138,1,142,1,
2292.286, Bid:,2,64,1,99,1,Ask:,2,137,1,142,1,
2294.429, Bid:,2,64,1,99,1,Ask:,3,136,1,137,1,142,1,
2294.571, Bid:,2,64,1,99,1,Ask:,3,135,1,136,1,142,1,
2294.857, Bid:,2,64,1,99,1,Ask:,3,134,1,136,1,142,1,
2295.000, Bid:,2,64,1,99,1,Ask:,3,133,1,136,1,142,1,
2296.286, Bid:,2,64,1,99,1,Ask:,3,132,1,133,1,142,1,
2296.429, Bid:,2,64,1,99,1,Ask:,3,131,1,133,1,142,1,
2296.571, Bid:,1,99,1,Ask:,3,131,1,133,1,142,1,
2297.143, Bid:,1,99,1,Ask:,3,130,1,131,1,142,1,
2297.429, Bid:,2,54,1,99,1,Ask:,3,130,1,131,1,142,1,
2298.429, Bid:,2,54,1,99,1,Ask:,3,129,1,131,1,142,1,
2298.714, Bid:,2,54,1,99,1,Ask:,3,128,1,131,1,142,1,
2298.857, Bid:,2,54,1,99,1,Ask:,2,128,1,131,1,
2299.000, Bid:,2,54,1,99,1,Ask:,3,128,1,131,1,153,1,
2299.571, Bid:,2,54,1,99,1,Ask:,3,127,1,128,1,153,1,
2299.714, Bid:,2,54,1,99,1,Ask:,3,126,1,128,1,153,1,
2299.857, Bid:,2,54,1,99,1,Ask:,3,125,1,128,1,153,1,
2300.000, Bid:,2,54,1,99,2,Ask:,3,125,1,128,1,153,1,
2300.857, Bid:,2,54,1,99,2,Ask:,2,128,1,153,1,
2302.571, Bid:,2,54,1,99,2,Ask:,2,127,1,153,1,
2303.000, Bid:,2,54,1,99,2,Ask:,3,126,1,127,1,153,1,
2303.429, Bid:,2,54,1,99,2,Ask:,3,125,1,126,1,153,1,
2304.000, Bid:,2,54,1,99,1,Ask:,3,125,1,126,1,153,1,
2304.571, Bid:,2,54,1,99,1,Ask:,3,124,1,125,1,153,1,
2305.143, Bid:,2,54,1,99,1,Ask:,3,123,1,124,1,153,1,
2305.429, Bid:,3,54,1,81,1,99,1,Ask:,3,123,1,124,1,153,1,
2305.714, Bid:,3,54,1,81,1,99,1,Ask:,3,122,1,124,1,153,1,
2307.143, Bid:,3,54,1,81,1,99,1,Ask:,3,121,1,124,1,153,1,
2307.286, Bid:,3,54,1,81,1,99,1,Ask:,3,120,1,121,1,153,1,
2308.143, Bid:,3,54,1,81,1,99,1,Ask:,3,119,1,121,1,153,1,
2308.429, Bid:,3,54,1,81,1,99,1,Ask:,3,118,1,121,1,153,1,
2309.000, Bid:,3,54,1,81,1,99,1,Ask:,3,117,1,121,1,153,1,
2309.857, Bid:,3,54,1,81,1,99,1,Ask:,3,116,1,117,1,153,1,
2310.714, Bid:,3,54,1,81,1,99,1,Ask:,3,115,1,116,1,153,1,
2311.000, Bid:,3,54,1,81,1,99,1,Ask:,3,114,1,116,1,153,1,
2311.143, Bid:,3,54,1,81,1,99,1,Ask:,3,113,1,114,1,153,1,
2311.286, Bid:,3,54,1,81,1,99,1,Ask:,3,112,1,114,1,153,1,
2312.000, Bid:,3,54,1,81,1,99,1,Ask:,3,111,1,112,1,153,1,
2312.429, Bid:,3,54,1,81,1,99,1,Ask:,3,110,1,111,1,153,1,
2312.571, Bid:,3,54,1,81,1,99,1,Ask:,3,109,1,110,1,153,1,
2313.429, Bid:,3,54,1,81,1,99,1,Ask:,3,108,1,110,1,153,1,
2314.714, Bid:,3,54,1,81,1,99,1,Ask:,3,107,1,110,1,153,1,
2314.857, Bid:,3,54,1,81,1,99,1,Ask:,3,106,1,110,1,153,1,
2315.286, Bid:,3,54,1,81,1,99,1,Ask:,3,105,1,110,1,153,1,
2315.857, Bid:,3,54,1,81,1,99,1,Ask:,3,104,1,110,1,153,1,
2317.000, Bid:,3,54,1,81,1,99,1,Ask:,3,103,1,110,1,153,1,
2317.143, Bid:,3,54,1,81,1,99,1,Ask:,3,102,1,110,1,153,1,
2317.714, Bid:,3,54,1,81,1,99,1,Ask:,3,101,1,110,1,153,1,
2318.143, Bid:,3,54,1,81,1,99,1,Ask:,3,100,1,110,1,153,1,
2319.000, Bid:,2,54,1,81,1,Ask:,2,110,1,153,1,
2322.571, Bid:,2,54,1,81,1,Ask:,1,153,1,
2325.857, Bid:,2,54,1,81,1,Ask:,2,99,1,153,1,
2328.000, Bid:,1,81,1,Ask:,2,99,1,153,1,
2328.000, Bid:,2,71,1,81,1,Ask:,2,99,1,153,1,
2329.000, Bid:,2,71,1,81,1,Ask:,1,99,1,
2329.000, Bid:,3,71,1,81,1,82,1,Ask:,1,99,1,
2329.286, Bid:,3,71,1,81,1,82,1,Ask:,2,99,1,127,1,
2331.429, Bid:,3,71,1,81,1,83,1,Ask:,2,99,1,127,1,
2331.571, Bid:,3,71,1,81,1,84,1,Ask:,2,99,1,127,1,
2332.714, Bid:,3,71,1,81,1,85,1,Ask:,2,99,1,127,1,
2334.286, Bid:,3,71,1,81,1,86,1,Ask:,2,99,1,127,1,
2338.143, Bid:,3,71,1,81,1,87,1,Ask:,2,99,1,127,1,
2338.429, Bid:,3,71,1,81,1,88,1,Ask:,2,99,1,127,1,
2339.143, Bid:,3,71,1,81,1,89,1,Ask:,2,99,1,127,1,
2339.286, Bid:,3,71,1,81,1,90,1,Ask:,2,99,1,127,1,
2339.857, Bid:,3,71,1,81,1,91,1,Ask:,2,99,1,127,1,
2340.571, Bid:,3,71,1,81,1,92,1,Ask:,2,99,1,127,1,
2341.429, Bid:,3,71,1,81,1,93,1,Ask:,2,99,1,127,1,
2341.714, Bid:,3,71,1,81,1,94,1,Ask:,2,99,1,127,1,
2342.286, Bid:,2,71,1,94,1,Ask:,2,99,1,127,1,
2342.286, Bid:,3,71,1,92,1,94,1,Ask:,2,99,1,127,1,
2343.143, Bid:,3,71,1,92,1,95,1,Ask:,2,99,1,127,1,
2344.429, Bid:,3,71,1,92,1,95,1,Ask:,1,127,1,
2345.000, Bid:,3,71,1,92,1,99,1,Ask:,1,127,1,
2345.286, Bid:,3,71,1,92,1,99,1,Ask:,2,126,1,127,1,
2346.714, Bid:,3,71,1,92,1,99,1,Ask:,2,125,1,127,1,
2347.429, Bid:,3,71,1,92,1,99,1,Ask:,2,124,1,127,1,
2348.143, Bid:,3,71,1,92,1,99,1,Ask:,2,123,1,127,1,
2348.571, Bid:,3,71,1,92,1,99,1,Ask:,1,123,1,
2348.571, Bid:,3,71,1,92,1,99,1,Ask:,1,122,1,
2348.714, Bid:,3,71,1,92,1,99,1,Ask:,2,122,1,133,1,
2349.000, Bid:,3,71,1,92,1,99,1,Ask:,2,121,1,133,1,
2349.571, Bid:,2,92,1,99,1,Ask:,2,121,1,133,1,
2350.857, Bid:,3,74,1,92,1,99,1,Ask:,2,121,1,133,1,
2351.286, Bid:,3,74,1,92,1,99,1,Ask:,2,120,1,133,1,
2351.429, Bid:,3,74,1,92,1,99,1,Ask:,2,119,1,133,1,
2352.571, Bid:,3,74,1,92,1,99,1,Ask:,2,118,1,133,1,
2353.000, Bid:,3,74,1,92,1,99,1,Ask:,2,117,1,133,1,
2354.286, Bid:,3,74,1,92,1,99,1,Ask:,2,116,1,133,1,
2354.429, Bid:,3,74,1,92,1,99,1,Ask:,2,115,1,133,1,
2356.429, Bid:,3,74,1,92,1,99,1,Ask:,2,114,1,133,1,
2358.429, Bid:,3,74,1,92,1,99,1,Ask:,2,113,1,133,1,
2359.143, Bid:,2,74,1,92,1,Ask:,2,113,1,133,1,
2359.143, Bid:,2,74,1,92,1,Ask:,2,106,1,133,1,
2359.286, Bid:,3,74,1,92,1,99,1,Ask:,2,106,1,133,1,
2360.571, Bid:,3,74,1,92,1,99,1,Ask:,3,105,1,106,1,133,1,
2361.000, Bid:,3,74,1,92,1,99,1,Ask:,3,104,1,106,1,133,1,
2361.429, Bid:,3,74,1,92,1,99,1,Ask:,3,103,1,106,1,133,1,
2362.857, Bid:,3,74,1,92,1,99,1,Ask:,3,102,1,106,1,133,1,
2363.571, Bid:,3,74,1,92,1,99,1,Ask:,3,101,1,106,1,133,1,
2365.857, Bid:,3,74,1,92,1,99,1,Ask:,3,100,1,106,1,133,1,
2366.857, Bid:,2,74,1,92,1,Ask:,2,106,1,133,1,
2375.571, Bid:,2,74,1,92,1,Ask:,1,106,1,
2375.571, Bid:,2,74,1,92,1,Ask:,2,106,1,133,1,
2377.857, Bid:,2,74,1,92,1,Ask:,1,133,1,
2378.143, Bid:,2,74,1,92,1,Ask:,2,109,1,133,1,
2383.429, Bid:,1,92,1,Ask:,2,109,1,133,1,
2384.286, Bid:,2,92,1,99,1,Ask:,2,109,1,133,1,
2384.714, Bid:,3,79,1,92,1,99,1,Ask:,2,109,1,133,1,
2389.286, Bid:,2,79,1,99,1,Ask:,2,109,1,133,1,
2390.000, Bid:,2,79,1,99,1,Ask:,3,108,1,109,1,133,1,
2391.429, Bid:,2,79,1,99,2,Ask:,3,108,1,109,1,133,1,
2394.000, Bid:,2,79,1,99,2,Ask:,3,107,1,109,1,133,1,
2394.143, Bid:,2,79,1,99,2,Ask:,3,106,1,109,1,133,1,
2395.143, Bid:,1,99,2,Ask:,3,106,1,109,1,133,1,
2396.000, Bid:,2,51,1,99,2,Ask:,3,106,1,109,1,133,1,
2396.286, Bid:,2,51,1,99,2,Ask:,3,105,1,109,1,133,1,
2397.286, Bid:,2,51,1,99,2,Ask:,3,104,1,109,1,133,1,
2399.143, Bid:,2,51,1,99,2,Ask:,3,103,1,109,1,133,1,
2400.000, Bid:,2,51,1,99,2,Ask:,3,102,1,109,1,133,1,
2402.714, Bid:,2,51,1,99,1,Ask:,3,102,1,109,1,133,1,
2402.714, Bid:,2,51,1,99,1,Ask:,3,101,1,109,1,133,1,
2403.143, Bid:,2,51,1,99,2,Ask:,3,101,1,109,1,133,1,
2405.000, Bid:,2,51,1,99,2,Ask:,3,100,1,109,1,133,1,
2406.143, Bid:,2,51,1,99,1,Ask:,2,109,1,133,1,
2418.286, Bid:,2,51,1,99,1,Ask:,1,133,1,
2419.429, Bid:,2,51,1,99,1,Ask:,0,
2419.429, Bid:,3,51,1,99,1,100,1,Ask:,0,
2419.714, Bid:,3,51,1,99,1,100,1,Ask:,1,101,1,
2419.857, Bid:,2,51,1,99,1,Ask:,0,
2420.286, Bid:,2,51,1,99,1,Ask:,1,100,1,
2421.571, Bid:,2,51,1,99,1,Ask:,2,100,1,146,1,
2421.857, Bid:,1,99,1,Ask:,2,100,1,146,1,
2423.000, Bid:,2,65,1,99,1,Ask:,2,100,1,146,1,
2428.000, Bid:,2,65,1,99,1,Ask:,2,100,2,146,1,
2433.286, Bid:,2,65,1,99,2,Ask:,2,100,2,146,1,
2439.143, Bid:,2,65,1,99,2,Ask:,2,100,1,146,1,
2440.571, Bid:,2,65,1,99,2,Ask:,2,100,2,146,1,
2449.571, Bid:,2,65,1,99,1,Ask:,1,100,2,
2450.429, Bid:,2,65,1,99,2,Ask:,1,100,2,
2451.571, Bid:,2,65,1,99,2,Ask:,2,100,2,138,1,
2469.571, Bid:,1,99,2,Ask:,2,100,2,138,1,
2471.571, Bid:,2,43,1,99,2,Ask:,2,100,2,138,1,
2472.857, Bid:,2,43,1,99,2,Ask:,2,100,1,138,1,
2473.429, Bid:,2,43,1,99,2,Ask:,3,100,1,101,1,138,1,
2477.857, Bid:,2,43,1,99,1,Ask:,3,100,1,101,1,138,1,
2478.000, Bid:,2,43,1,99,2,Ask:,3,100,1,101,1,138,1,
2479.714, Bid:,2,43,1,99,1,Ask:,2,101,1,138,1,
2479.714, Bid:,2,43,1,99,1,Ask:,3,100,1,101,1,138,1,
2480.000, Bid:,2,43,1,99,2,Ask:,3,100,1,101,1,138,1,
2503.571, Bid:,2,43,1,99,1,Ask:,3,100,1,101,1,138,1,
2504.429, Bid:,3,43,1,93,1,99,1,Ask:,3,100,1,101,1,138,1,
2504.571, Bid:,3,43,1,93,1,99,1,Ask:,2,100,1,101,1,
2505.714, Bid:,3,43,1,93,1,99,1,Ask:,3,100,1,101,1,146,1,
2506.000, Bid:,2,43,1,93,1,Ask:,3,100,1,101,1,146,1,
2506.000, Bid:,3,43,1,93,1,99,1,Ask:,3,100,1,101,1,146,1,
2508.857, Bid:,3,43,1,93,1,99,1,Ask:,2,100,1,146,1,
2509.857, Bid:,2,93,1,99,1,Ask:,1,146,1,
2510.000, Bid:,2,93,1,99,1,Ask:,2,100,1,146,1,
2511.571, Bid:,2,93,1,99,1,Ask:,2,100,2,146,1,
2512.571, Bid:,3,65,1,93,1,99,1,Ask:,2,100,2,146,1,
2516.571, Bid:,3,65,1,93,1,99,1,Ask:,2,100,1,146,1,
2516.571, Bid:,3,65,1,93,1,99,1,Ask:,2,100,2,146,1,
2524.857, Bid:,2,65,1,93,1,Ask:,2,100,2,146,1,
2524.857, Bid:,2,65,1,93,1,Ask:,3,99,1,100,1,146,1,
2525.571, Bid:,2,65,1,93,1,Ask:,2,99,2,146,1,
2526.286, Bid:,3,65,1,93,1,94,1,Ask:,2,99,2,146,1,
2528.429, Bid:,3,65,1,93,1,94,1,Ask:,1,99,2,
2528.429, Bid:,3,65,1,93,1,95,1,Ask:,1,99,2,
2528.714, Bid:,3,65,1,93,1,96,1,Ask:,1,99,2,
2529.000, Bid:,3,65,1,93,1,96,1,Ask:,2,99,2,139,1,
2530.000, Bid:,3,65,1,93,1,97,1,Ask:,2,99,2,139,1,
2532.000, Bid:,3,65,1,93,1,98,1,Ask:,2,99,2,139,1,
2532.143, Bid:,2,93,1,98,1,Ask:,2,99,2,139,1,
2532.429, Bid:,3,73,1,93,1,98,1,Ask:,2,99,2,139,1,
2534.429, Bid:,2,73,1,93,1,Ask:,2,99,1,139,1,
2540.000, Bid:,1,73,1,Ask:,2,99,1,139,1,
2540.286, Bid:,1,73,1,Ask:,3,99,1,120,1,139,1,
2540.571, Bid:,2,73,1,74,1,Ask:,3,99,1,120,1,139,1,
2540.714, Bid:,2,73,1,75,1,Ask:,3,99,1,120,1,139,1,
2541.286, Bid:,2,73,1,76,1,Ask:,3,99,1,120,1,139,1,
2541.429, Bid:,2,73,1,77,1,Ask:,3,99,1,120,1,139,1,
2543.143, Bid:,2,73,1,78,1,Ask:,3,99,1,120,1,139,1,
2543.571, Bid:,2,73,1,79,1,Ask:,3,99,1,120,1,139,1,
2543.857, Bid:,2,73,1,80,1,Ask:,3,99,1,120,1,139,1,
2544.000, Bid:,2,73,1,81,1,Ask:,3,99,1,120,1,139,1,
2544.571, Bid:,2,73,1,82,1,Ask:,3,99,1,120,1,139,1,
2544.857, Bid:,2,73,1,83,1,Ask:,3,99,1,120,1,139,1,
2545.286, Bid:,2,73,1,84,1,Ask:,3,99,1,120,1,139,1,
2546.857, Bid:,2,73,1,85,1,Ask:,3,99,1,120,1,139,1,
2547.857, Bid:,2,73,1,86,1,Ask:,3,99,1,120,1,139,1,
2551.143, Bid:,2,73,1,87,1,Ask:,3,99,1,120,1,139,1,
2552.143, Bid:,2,73,1,88,1,Ask:,3,99,1,120,1,139,1,
2552.286, Bid:,2,73,1,89,1,Ask:,3,99,1,120,1,139,1,
2552.714, Bid:,3,73,1,89,1,90,1,Ask:,3,99,1,120,1,139,1,
2552.857, Bid:,3,73,1,89,1,91,1,Ask:,3,99,1,120,1,139,1,
2553.143, Bid:,3,73,1,89,1,92,1,Ask:,3,99,1,120,1,139,1,
2553.429, Bid:,3,73,1,89,1,93,1,Ask:,3,99,1,120,1,139,1,
2554.000, Bid:,3,73,1,89,1,94,1,Ask:,3,99,1,120,1,139,1,
2554.571, Bid:,3,73,1,94,1,95,1,Ask:,3,99,1,120,1,139,1,
2554.857, Bid:,3,73,1,94,1,96,1,Ask:,3,99,1,120,1,139,1,
2555.571, Bid:,3,73,1,96,1,97,1,Ask:,3,99,1,120,1,139,1,
2556.000, Bid:,3,73,1,97,1,98,1,Ask:,3,99,1,120,1,139,1,
2556.286, Bid:,2,73,1,98,1,Ask:,2,120,1,139,1,
2559.714, Bid:,1,98,1,Ask:,2,120,1,139,1,
2560.286, Bid:,2,40,1,98,1,Ask:,2,120,1,139,1,
2563.000, Bid:,2,40,1,98,1,Ask:,3,99,1,120,1,139,1,
2567.857, Bid:,2,40,1,98,1,Ask:,2,99,1,120,1,
2568.429, Bid:,2,40,1,98,1,Ask:,3,99,1,120,1,160,1,
2570.143, Bid:,1,40,1,Ask:,2,99,1,160,1,
2570.714, Bid:,1,40,1,Ask:,3,99,1,101,1,160,1,
2571.571, Bid:,2,40,1,41,1,Ask:,3,99,1,101,1,160,1,
2573.000, Bid:,2,40,1,42,1,Ask:,3,99,1,101,1,160,1,
2574.571, Bid:,2,40,1,43,1,Ask:,3,99,1,101,1,160,1,
2575.143, Bid:,2,40,1,44,1,Ask:,3,99,1,101,1,160,1,
2578.143, Bid:,2,40,1,45,1,Ask:,3,99,1,101,1,160,1,
2578.571, Bid:,2,40,1,46,1,Ask:,3,99,1,101,1,160,1,
2579.000, Bid:,2,40,1,47,1,Ask:,3,99,1,101,1,160,1,
2580.286, Bid:,2,40,1,48,1,Ask:,3,99,1,101,1,160,1,
2580.857, Bid:,3,40,1,48,1,49,1,Ask:,3,99,1,101,1,160,1,
2581.429, Bid:,3,40,1,49,1,50,1,Ask:,3,99,1,101,1,160,1,
2581.571, Bid:,3,40,1,49,1,51,1,Ask:,3,99,1,101,1,160,1,
2581.857, Bid:,3,40,1,49,1,52,1,Ask:,3,99,1,101,1,160,1,
2582.000, Bid:,3,40,1,49,1,53,1,Ask:,3,99,1,101,1,160,1,
2582.143, Bid:,3,40,1,53,1,54,1,Ask:,3,99,1,101,1,160,1,
2582.286, Bid:,3,40,1,54,1,55,1,Ask:,3,99,1,101,1,160,1,
2583.429, Bid:,3,40,1,54,1,56,1,Ask:,3,99,1,101,1,160,1,
2583.714, Bid:,3,40,1,56,1,57,1,Ask:,3,99,1,101,1,160,1,
2584.000, Bid:,3,40,1,56,1,58,1,Ask:,3,99,1,101,1,160,1,
2584.286, Bid:,3,40,1,56,1,59,1,Ask:,3,99,1,101,1,160,1,
2584.429, Bid:,3,40,1,59,1,60,1,Ask:,3,99,1,101,1,160,1,
2584.714, Bid:,3,40,1,59,1,61,1,Ask:,3,99,1,101,1,160,1,
2584.857, Bid:,3,40,1,59,1,62,1,Ask:,3,99,1,101,1,160,1,
2585.000, Bid:,3,40,1,62,1,63,1,Ask:,3,99,1,101,1,160,1,
2585.143, Bid:,3,40,1,63,1,64,1,Ask:,3,99,1,101,1,160,1,
2585.429, Bid:,3,40,1,64,1,65,1,Ask:,3,99,1,101,1,160,1,
2585.571, Bid:,3,40,1,65,1,66,1,Ask:,3,99,1,101,1,160,1,
2585.714, Bid:,3,40,1,65,1,67,1,Ask:,3,99,1,101,1,160,1,
2586.000, Bid:,3,40,1,67,1,68,1,Ask:,3,99,1,101,1,160,1,
2586.286, Bid:,3,40,1,68,1,69,1,Ask:,3,99,1,101,1,160,1,
2587.286, Bid:,3,40,1,68,1,69,1,Ask:,2,101,1,160,1,
2587.857, Bid:,3,40,1,68,1,99,1,Ask:,2,101,1,160,1,
2588.000, Bid:,3,40,1,68,1,99,1,Ask:,3,100,1,101,1,160,1,
2589.714, Bid:,2,40,1,68,1,Ask:,3,100,1,101,1,160,1,
2589.857, Bid:,3,40,1,68,1,99,1,Ask:,3,100,1,101,1,160,1,
2591.714, Bid:,2,40,1,99,2,Ask:,3,100,1,101,1,160,1,
2598.286, Bid:,2,40,1,99,2,Ask:,2,100,1,160,1,
2598.857, Bid:,2,40,1,99,2,Ask:,3,100,1,101,1,160,1,
2600.286, Bid:,1,99,2,Ask:,2,100,1,101,1,
2600.286, Bid:,2,76,1,99,2,Ask:,2,100,1,101,1,
2601.000, Bid:,2,76,1,99,2,Ask:,3,100,1,101,1,160,1,
2605.857, Bid:,2,76,1,99,2,Ask:,2,100,1,160,1,
2606.429, Bid:,2,76,1,99,2,Ask:,2,100,2,160,1,
2611.429, Bid:,1,99,2,Ask:,2,100,2,160,1,
2611.571, Bid:,2,50,1,99,2,Ask:,2,100,2,160,1,
2614.286, Bid:,2,50,1,99,1,Ask:,2,100,2,160,1,
2614.857, Bid:,2,50,1,99,2,Ask:,2,100,2,160,1,
2626.000, Bid:,2,50,1,99,2,Ask:,2,100,1,160,1,
2626.857, Bid:,2,50,1,99,2,Ask:,2,100,2,160,1,
2630.429, Bid:,2,50,1,99,1,Ask:,1,100,2,
2630.429, Bid:,2,50,1,99,2,Ask:,1,100,2,
2631.286, Bid:,2,50,1,99,2,Ask:,2,100,2,121,1,
2632.571, Bid:,2,50,1,99,2,Ask:,2,100,1,121,1,
2633.000, Bid:,2,50,1,99,2,Ask:,3,100,1,120,1,121,1,
2645.143, Bid:,2,50,1,99,1,Ask:,3,100,1,120,1,121,1,
2646.714, Bid:,2,50,1,99,2,Ask:,3,100,1,120,1,121,1,
2647.429, Bid:,1,99,2,Ask:,3,100,1,120,1,121,1,
2648.143, Bid:,2,74,1,99,2,Ask:,3,100,1,120,1,121,1,
2654.857, Bid:,2,74,1,99,2,Ask:,2,100,1,120,1,
2654.857, Bid:,2,74,1,99,2,Ask:,3,100,1,120,1,160,1,
2660.571, Bid:,2,74,1,99,1,Ask:,2,120,1,160,1,
2660.857, Bid:,2,74,1,99,2,Ask:,2,120,1,160,1,
2662.000, Bid:,2,74,1,99,2,Ask:,3,100,1,120,1,160,1,
2664.143, Bid:,2,74,1,99,1,Ask:,3,100,1,120,1,160,1,
2665.429, Bid:,2,74,1,99,2,Ask:,3,100,1,120,1,160,1,
2665.857, Bid:,2,74,1,99,2,Ask:,2,100,1,160,1,
2666.429, Bid:,2,74,1,99,2,Ask:,2,100,2,160,1,
2670.000, Bid:,2,74,1,99,2,Ask:,1,100,2,
2672.286, Bid:,2,74,1,99,2,Ask:,2,100,2,149,1,
2676.000, Bid:,1,99,2,Ask:,2,100,2,149,1,
2676.429, Bid:,2,80,1,99,2,Ask:,2,100,2,149,1,
2690.714, Bid:,2,80,1,99,1,Ask:,2,100,1,149,1,
2691.000, Bid:,2,80,1,99,2,Ask:,2,100,1,149,1,
2691.286, Bid:,2,80,1,99,2,Ask:,1,149,1,
2691.571, Bid:,2,80,1,99,2,Ask:,2,100,1,149,1,
2692.429, Bid:,2,80,1,99,2,Ask:,2,100,2,149,1,
2713.143, Bid:,2,80,1,99,1,Ask:,2,100,2,149,1,
2714.571, Bid:,2,80,1,99,2,Ask:,2,100,2,149,1,
2716.429, Bid:,2,80,1,99,1,Ask:,2,100,2,149,1,
2716.429, Bid:,2,80,1,99,2,Ask:,2,100,2,149,1,
2720.857, Bid:,1,99,2,Ask:,1,100,1,
2720.857, Bid:,1,99,2,Ask:,2,100,1,124,1,
2721.000, Bid:,1,99,2,Ask:,2,100,2,124,1,
2721.143, Bid:,2,71,1,99,2,Ask:,2,100,2,124,1,
2730.714, Bid:,2,71,1,99,2,Ask:,2,100,1,124,1,
2731.143, Bid:,2,71,1,99,1,Ask:,2,100,1,124,1,
2731.571, Bid:,2,71,1,99,1,Ask:,2,100,2,124,1,
2732.143, Bid:,2,71,1,99,2,Ask:,2,100,2,124,1,
2737.571, Bid:,2,71,1,99,1,Ask:,2,100,2,124,1,
2738.143, Bid:,3,71,1,92,1,99,1,Ask:,2,100,2,124,1,
2745.571, Bid:,3,71,1,92,1,99,1,Ask:,2,100,1,124,1,
2746.000, Bid:,3,71,1,92,1,99,1,Ask:,3,100,1,104,1,124,1,
2751.000, Bid:,2,92,1,99,1,Ask:,2,100,1,104,1,
2751.000, Bid:,3,74,1,92,1,99,1,Ask:,2,100,1,104,1,
2751.143, Bid:,3,74,1,92,1,99,1,Ask:,3,100,1,104,1,125,1,
2757.143, Bid:,2,74,1,99,1,Ask:,3,100,1,104,1,125,1,
2757.857, Bid:,3,74,1,92,1,99,1,Ask:,3,100,1,104,1,125,1,
2766.000, Bid:,3,74,1,92,1,99,1,Ask:,2,100,1,104,1,
2766.286, Bid:,3,74,1,92,1,99,1,Ask:,3,100,1,104,1,141,1,
2771.000, Bid:,3,74,1,92,1,99,1,Ask:,2,104,1,141,1,
2771.000, Bid:,3,74,1,92,1,99,1,Ask:,3,100,1,104,1,141,1,
2778.286, Bid:,2,74,1,92,1,Ask:,3,100,1,104,1,141,1,
2778.857, Bid:,2,74,1,92,1,Ask:,3,99,1,104,1,141,1,
2779.000, Bid:,3,74,1,92,1,93,1,Ask:,3,99,1,104,1,141,1,
2780.143, Bid:,3,74,1,92,1,94,1,Ask:,3,99,1,104,1,141,1,
2781.143, Bid:,2,92,1,94,1,Ask:,2,99,1,141,1,
2781.143, Bid:,3,69,1,92,1,94,1,Ask:,2,99,1,141,1,
2781.286, Bid:,3,69,1,92,1,95,1,Ask:,2,99,1,141,1,
2781.714, Bid:,3,69,1,92,1,96,1,Ask:,2,99,1,141,1,
2781.857, Bid:,3,69,1,92,1,97,1,Ask:,2,99,1,141,1,
2782.286, Bid:,3,69,1,92,1,97,1,Ask:,2,99,2,141,1,
2784.429, Bid:,3,69,1,92,1,98,1,Ask:,2,99,2,141,1,
2787.571, Bid:,2,69,1,92,1,Ask:,2,99,1,141,1,
2792.143, Bid:,2,69,1,92,1,Ask:,1,99,1,
2793.571, Bid:,3,69,1,92,1,93,1,Ask:,1,99,1,
2793.857, Bid:,3,69,1,92,1,94,1,Ask:,1,99,1,
2794.286, Bid:,3,69,1,92,1,95,1,Ask:,1,99,1,
2794.857, Bid:,3,69,1,92,1,96,1,Ask:,1,99,1,
2795.286, Bid:,3,69,1,92,1,96,1,Ask:,2,99,1,150,1,
2795.714, Bid:,3,69,1,92,1,97,1,Ask:,2,99,1,150,1,
2795.857, Bid:,3,69,1,92,1,98,1,Ask:,2,99,1,150,1,
2796.286, Bid:,2,69,1,92,1,Ask:,1,150,1,
2801.143, Bid:,2,69,1,92,1,Ask:,2,108,1,150,1,
2810.429, Bid:,1,92,1,Ask:,2,108,1,150,1,
2810.571, Bid:,2,45,1,92,1,Ask:,2,108,1,150,1,
2811.286, Bid:,1,45,1,Ask:,2,108,1,150,1,
2811.429, Bid:,1,45,1,Ask:,3,99,1,108,1,150,1,
2812.714, Bid:,2,45,1,46,1,Ask:,3,99,1,108,1,150,1,
2813.286, Bid:,2,45,1,47,1,Ask:,3,99,1,108,1,150,1,
2813.429, Bid:,2,45,1,48,1,Ask:,3,99,1,108,1,150,1,
2813.714, Bid:,2,45,1,49,1,Ask:,3,99,1,108,1,150,1,
2814.143, Bid:,2,45,1,50,1,Ask:,3,99,1,108,1,150,1,
2815.000, Bid:,2,45,1,51,1,Ask:,3,99,1,108,1,150,1,
2815.143, Bid:,2,45,1,52,1,Ask:,3,99,1,108,1,150,1,
2815.714, Bid:,2,45,1,53,1,Ask:,3,99,1,108,1,150,1,
2815.857, Bid:,2,45,1,54,1,Ask:,3,99,1,108,1,150,1,
2817.429, Bid:,2,45,1,55,1,Ask:,3,99,1,108,1,150,1,
2818.286, Bid:,2,45,1,56,1,Ask:,3,99,1,108,1,150,1,
2819.429, Bid:,2,45,1,57,1,Ask:,3,99,1,108,1,150,1,
2825.286, Bid:,2,45,1,57,1,Ask:,2,99,1,108,1,
2826.143, Bid:,2,45,1,57,1,Ask:,3,99,1,108,1,131,1,
2826.286, Bid:,2,45,1,58,1,Ask:,3,99,1,108,1,131,1,
2826.429, Bid:,2,45,1,59,1,Ask:,3,99,1,108,1,131,1,
2826.714, Bid:,2,45,1,60,1,Ask:,3,99,1,108,1,131,1,
2828.857, Bid:,2,45,1,61,1,Ask:,3,99,1,108,1,131,1,
2829.000, Bid:,2,45,1,62,1,Ask:,3,99,1,108,1,131,1,
2830.000, Bid:,2,45,1,63,1,Ask:,3,99,1,108,1,131,1,
2830.714, Bid:,2,45,1,63,1,Ask:,2,99,1,131,1,
2830.857, Bid:,2,45,1,64,1,Ask:,2,99,1,131,1,
2831.143, Bid:,3,45,1,64,1,65,1,Ask:,2,99,1,131,1,
2832.000, Bid:,3,45,1,65,1,66,1,Ask:,2,99,1,131,1,
2832.143, Bid:,2,65,1,66,1,Ask:,2,99,1,131,1,
2832.143, Bid:,2,65,1,67,1,Ask:,2,99,1,131,1,
2832.286, Bid:,2,65,1,67,1,Ask:,3,99,1,118,1,131,1,
2832.429, Bid:,2,65,1,68,1,Ask:,3,99,1,118,1,131,1,
2832.571, Bid:,2,65,1,69,1,Ask:,3,99,1,118,1,131,1,
2832.714, Bid:,3,54,1,65,1,69,1,Ask:,3,99,1,118,1,131,1,
2833.286, Bid:,3,54,1,65,1,70,1,Ask:,3,99,1,118,1,131,1,
2833.429, Bid:,3,54,1,70,1,71,1,Ask:,3,99,1,118,1,131,1,
2833.571, Bid:,3,54,1,70,1,72,1,Ask:,3,99,1,118,1,131,1,
2833.714, Bid:,3,54,1,72,1,73,1,Ask:,3,99,1,118,1,131,1,
2834.286, Bid:,3,54,1,72,1,74,1,Ask:,3,99,1,118,1,131,1,
2834.429, Bid:,3,54,1,74,1,75,1,Ask:,3,99,1,118,1,131,1,
2835.000, Bid:,3,54,1,74,1,76,1,Ask:,3,99,1,118,1,131,1,
2835.143, Bid:,3,54,1,76,1,77,1,Ask:,3,99,1,118,1,131,1,
2835.286, Bid:,3,54,1,76,1,78,1,Ask:,3,99,1,118,1,131,1,
2836.429, Bid:,3,54,1,76,1,79,1,Ask:,3,99,1,118,1,131,1,
2837.000, Bid:,3,54,1,79,1,80,1,Ask:,3,99,1,118,1,131,1,
2837.429, Bid:,3,54,1,79,1,81,1,Ask:,3,99,1,118,1,131,1,
2838.000, Bid:,3,54,1,79,1,82,1,Ask:,3,99,1,118,1,131,1,
2838.143, Bid:,3,54,1,82,1,83,1,Ask:,3,99,1,118,1,131,1,
2838.286, Bid:,3,54,1,82,1,84,1,Ask:,3,99,1,118,1,131,1,
2838.857, Bid:,3,54,1,82,1,85,1,Ask:,3,99,1,118,1,131,1,
2839.429, Bid:,3,54,1,85,1,86,1,Ask:,3,99,1,118,1,131,1,
2839.714, Bid:,3,54,1,86,1,87,1,Ask:,3,99,1,118,1,131,1,
2839.857, Bid:,3,54,1,87,1,88,1,Ask:,3,99,1,118,1,131,1,
2840.143, Bid:,3,54,1,87,1,89,1,Ask:,3,99,1,118,1,131,1,
2841.143, Bid:,3,54,1,89,1,90,1,Ask:,3,99,1,118,1,131,1,
2841.429, Bid:,2,54,1,89,1,Ask:,2,118,1,131,1,
2841.429, Bid:,2,54,1,99,1,Ask:,2,118,1,131,1,
2842.429, Bid:,3,54,1,93,1,99,1,Ask:,2,118,1,131,1,
2844.429, Bid:,3,54,1,93,1,99,1,Ask:,3,100,1,118,1,131,1,
2845.429, Bid:,3,54,1,93,1,99,1,Ask:,2,100,1,131,1,
2845.857, Bid:,3,54,1,93,1,99,1,Ask:,3,100,1,110,1,131,1,
2847.714, Bid:,2,54,1,93,1,Ask:,2,110,1,131,1,
2848.143, Bid:,3,54,1,93,1,99,1,Ask:,2,110,1,131,1,
2849.143, Bid:,3,54,1,93,1,99,1,Ask:,3,100,1,110,1,131,1,
2854.571, Bid:,2,54,1,99,1,Ask:,3,100,1,110,1,131,1,
2855.714, Bid:,3,54,1,81,1,99,1,Ask:,3,100,1,110,1,131,1,
2871.571, Bid:,2,81,1,99,1,Ask:,2,100,1,110,1,
2872.286, Bid:,2,81,1,99,1,Ask:,3,100,1,110,1,137,1,
2872.714, Bid:,3,44,1,81,1,99,1,Ask:,3,100,1,110,1,137,1,
2873.143, Bid:,2,44,1,81,1,Ask:,3,100,1,110,1,137,1,
2873.143, Bid:,3,44,1,81,1,99,1,Ask:,3,100,1,110,1,137,1,
2882.571, Bid:,3,44,1,81,1,99,1,Ask:,2,100,1,110,1,
2883.143, Bid:,3,44,1,81,1,99,1,Ask:,3,100,1,110,1,152,1,
2885.000, Bid:,2,81,1,99,1,Ask:,3,100,1,110,1,152,1,
2885.714, Bid:,3,75,1,81,1,99,1,Ask:,3,100,1,110,1,152,1,
2895.000, Bid:,3,75,1,81,1,99,1,Ask:,2,110,1,152,1,
2895.143, Bid:,3,75,1,81,1,99,1,Ask:,3,100,1,110,1,152,1,
2901.714, Bid:,2,75,1,99,1,Ask:,2,100,1,152,1,
2902.286, Bid:,2,75,1,99,1,Ask:,2,100,2,152,1,
2902.857, Bid:,1,75,1,Ask:,2,100,2,152,1,
2902.857, Bid:,1,75,1,Ask:,3,99,1,100,1,152,1,
2903.143, Bid:,1,75,1,Ask:,2,99,2,152,1,
2903.429, Bid:,2,75,1,76,1,Ask:,2,99,2,152,1,
2904.143, Bid:,3,75,1,76,1,77,1,Ask:,2,99,2,152,1,
2904.286, Bid:,3,75,1,76,1,78,1,Ask:,2,99,2,152,1,
2904.714, Bid:,3,75,1,76,1,79,1,Ask:,2,99,2,152,1,
2905.429, Bid:,3,75,1,79,1,80,1,Ask:,2,99,2,152,1,
2905.571, Bid:,3,75,1,80,1,81,1,Ask:,2,99,2,152,1,
2905.857, Bid:,3,75,1,80,1,82,1,Ask:,2,99,2,152,1,
2906.429, Bid:,3,75,1,81,1,82,1,Ask:,2,99,2,152,1,
2906.571, Bid:,3,75,1,81,1,83,1,Ask:,2,99,2,152,1,
2907.000, Bid:,3,75,1,81,1,84,1,Ask:,2,99,2,152,1,
2907.714, Bid:,3,75,1,81,1,85,1,Ask:,2,99,2,152,1,
2908.000, Bid:,3,75,1,81,1,86,1,Ask:,2,99,2,152,1,
2908.286, Bid:,3,75,1,81,1,87,1,Ask:,2,99,2,152,1,
2909.571, Bid:,3,75,1,81,1,88,1,Ask:,2,99,2,152,1,
2910.143, Bid:,3,75,1,81,1,89,1,Ask:,2,99,2,152,1,
2910.429, Bid:,3,75,1,81,1,90,1,Ask:,2,99,2,152,1,
2910.571, Bid:,3,75,1,81,1,91,1,Ask:,2,99,2,152,1,
2912.000, Bid:,3,75,1,81,1,92,1,Ask:,2,99,2,152,1,
2912.857, Bid:,3,75,1,81,1,93,1,Ask:,2,99,2,152,1,
2916.714, Bid:,2,81,1,93,1,Ask:,2,99,2,152,1,
2916.714, Bid:,2,81,1,94,1,Ask:,2,99,2,152,1,
2918.000, Bid:,2,81,1,95,1,Ask:,2,99,2,152,1,
2918.286, Bid:,3,44,1,81,1,95,1,Ask:,2,99,2,152,1,
2918.429, Bid:,3,44,1,81,1,96,1,Ask:,2,99,2,152,1,
2919.000, Bid:,3,44,1,81,1,97,1,Ask:,2,99,2,152,1,
2920.286, Bid:,3,44,1,81,1,98,1,Ask:,2,99,2,152,1,
2923.000, Bid:,3,44,1,81,1,98,1,Ask:,2,99,1,152,1,
2923.286, Bid:,3,44,1,81,1,98,1,Ask:,2,99,2,152,1,
2923.857, Bid:,2,44,1,81,1,Ask:,2,99,1,152,1,
2928.571, Bid:,2,44,1,81,1,Ask:,3,99,1,108,1,152,1,
2931.857, Bid:,1,44,1,Ask:,2,99,1,108,1,
2931.857, Bid:,1,44,1,Ask:,3,99,1,108,1,120,1,
2932.429, Bid:,1,44,1,Ask:,2,108,1,120,1,
2932.714, Bid:,2,44,1,97,1,Ask:,2,108,1,120,1,
2933.000, Bid:,2,44,1,97,1,Ask:,3,99,1,108,1,120,1,
2938.143, Bid:,3,44,1,97,1,98,1,Ask:,3,99,1,108,1,120,1,
2939.000, Bid:,3,44,1,97,1,98,1,Ask:,2,99,1,108,1,
2939.286, Bid:,2,44,1,97,1,Ask:,1,108,1,
2940.571, Bid:,2,44,1,97,1,Ask:,2,108,1,160,1,
2950.571, Bid:,1,44,1,Ask:,2,108,1,160,1,
2950.857, Bid:,2,44,1,81,1,Ask:,2,108,1,160,1,
2962.000, Bid:,1,81,1,Ask:,1,160,1,
2963.000, Bid:,1,81,1,Ask:,2,99,1,160,1,
2966.143, Bid:,2,71,1,81,1,Ask:,2,99,1,160,1,
2968.571, Bid:,3,71,1,81,1,82,1,Ask:,2,99,1,160,1,
2969.143, Bid:,3,71,1,81,1,83,1,Ask:,2,99,1,160,1,
2969.286, Bid:,3,71,1,81,1,84,1,Ask:,2,99,1,160,1,
2969.857, Bid:,3,71,1,81,1,85,1,Ask:,2,99,1,160,1,
2970.000, Bid:,3,71,1,81,1,86,1,Ask:,2,99,1,160,1,
2971.571, Bid:,2,81,1,86,1,Ask:,2,99,1,160,1,
2973.000, Bid:,2,81,1,87,1,Ask:,2,99,1,160,1,
2973.143, Bid:,3,80,1,81,1,87,1,Ask:,2,99,1,160,1,
2973.571, Bid:,3,80,1,81,1,88,1,Ask:,2,99,1,160,1,
2974.429, Bid:,3,80,1,81,1,89,1,Ask:,2,99,1,160,1,
2974.714, Bid:,3,80,1,81,1,90,1,Ask:,2,99,1,160,1,
2974.857, Bid:,3,80,1,81,1,91,1,Ask:,2,99,1,160,1,
2975.143, Bid:,3,80,1,81,1,92,1,Ask:,2,99,1,160,1,
2975.571, Bid:,3,80,1,81,1,92,1,Ask:,1,99,1,
2975.714, Bid:,3,80,1,81,1,93,1,Ask:,1,99,1,
2975.857, Bid:,3,80,1,81,1,94,1,Ask:,1,99,1,
2976.429, Bid:,3,80,1,81,1,95,1,Ask:,1,99,1,
2976.571, Bid:,3,80,1,81,1,96,1,Ask:,1,99,1,
2977.000, Bid:,3,80,1,81,1,97,1,Ask:,1,99,1,
2977.286, Bid:,3,80,1,81,1,97,1,Ask:,2,99,1,121,1,
2977.571, Bid:,3,80,1,81,1,98,1,Ask:,2,99,1,121,1,
2977.714, Bid:,2,80,1,81,1,Ask:,1,121,1,
2984.857, Bid:,2,80,1,81,1,Ask:,2,105,1,121,1,
2992.143, Bid:,1,80,1,Ask:,2,105,1,121,1,
2993.429, Bid:,2,80,1,99,1,Ask:,2,105,1,121,1,
2995.000, Bid:,2,80,1,99,1,Ask:,3,104,1,105,1,121,1,
2996.429, Bid:,2,80,1,99,2,Ask:,3,104,1,105,1,121,1,
2996.714, Bid:,2,80,1,99,2,Ask:,3,103,1,105,1,121,1,
2997.429, Bid:,2,80,1,99,2,Ask:,3,102,1,105,1,121,1,
2997.857, Bid:,2,80,1,99,2,Ask:,3,101,1,105,1,121,1,
2999.429, Bid:,2,80,1,99,2,Ask:,3,100,1,105,1,121,1,
3000.143, Bid:,2,80,1,99,1,Ask:,2,105,1,121,1,
3001.429, Bid:,2,80,1,99,1,Ask:,1,105,1,
3001.857, Bid:,2,80,1,99,1,Ask:,2,105,1,134,1,
3018.429, Bid:,2,80,1,99,2,Ask:,2,105,1,134,1,
3022.286, Bid:,1,99,2,Ask:,1,134,1,
3022.571, Bid:,2,42,1,99,2,Ask:,1,134,1,
3023.429, Bid:,2,42,1,99,2,Ask:,2,133,1,134,1,
3023.857, Bid:,2,42,1,99,2,Ask:,2,132,1,134,1,
3024.000, Bid:,2,42,1,99,2,Ask:,2,131,1,134,1,
3025.714, Bid:,2,42,1,99,2,Ask:,2,130,1,134,1,
3026.143, Bid:,2,42,1,99,2,Ask:,2,129,1,134,1,
3028.000, Bid:,2,42,1,99,2,Ask:,2,128,1,134,1,
3029.286, Bid:,2,42,1,99,2,Ask:,2,127,1,134,1,
3030.000, Bid:,2,42,1,99,2,Ask:,1,134,1,
3030.143, Bid:,2,42,1,99,2,Ask:,2,133,1,134,1,
3030.286, Bid:,2,42,1,99,2,Ask:,2,132,1,134,1,
3030.714, Bid:,2,42,1,99,2,Ask:,2,131,1,134,1,
3031.143, Bid:,2,42,1,99,2,Ask:,2,130,1,134,1,
3031.571, Bid:,2,42,1,99,2,Ask:,2,129,1,134,1,
3031.714, Bid:,2,42,1,99,2,Ask:,2,128,1,134,1,
3032.714, Bid:,2,42,1,99,2,Ask:,2,127,1,134,1,
3033.143, Bid:,2,42,1,99,2,Ask:,2,126,1,134,1,
3034.286, Bid:,2,42,1,99,2,Ask:,2,125,1,134,1,
3035.000, Bid:,2,42,1,99,2,Ask:,2,124,1,134,1,
3037.857, Bid:,2,42,1,99,2,Ask:,2,123,1,134,1,
3038.429, Bid:,2,42,1,99,1,Ask:,2,123,1,134,1,
3038.857, Bid:,2,42,1,99,2,Ask:,2,123,1,134,1,
3043.571, Bid:,2,42,1,99,2,Ask:,2,122,1,134,1,
3044.143, Bid:,2,42,1,99,2,Ask:,2,121,1,134,1,
3044.286, Bid:,2,42,1,99,2,Ask:,2,120,1,134,1,
3044.714, Bid:,2,42,1,99,2,Ask:,1,120,1,
3045.857, Bid:,2,42,1,99,2,Ask:,1,119,1,
3046.571, Bid:,2,42,1,99,2,Ask:,2,119,1,135,1,
3046.857, Bid:,2,42,1,99,2,Ask:,2,118,1,135,1,
3047.429, Bid:,2,42,1,99,2,Ask:,2,117,1,135,1,
3047.857, Bid:,2,42,1,99,2,Ask:,2,116,1,135,1,
3048.857, Bid:,2,42,1,99,2,Ask:,2,115,1,135,1,
3049.286, Bid:,2,42,1,99,2,Ask:,2,114,1,135,1,
3050.143, Bid:,2,42,1,99,2,Ask:,2,113,1,135,1,
3050.286, Bid:,2,42,1,99,2,Ask:,2,112,1,135,1,
3051.000, Bid:,1,99,2,Ask:,2,112,1,135,1,
3051.286, Bid:,1,99,2,Ask:,2,111,1,135,1,
3051.429, Bid:,2,46,1,99,2,Ask:,2,111,1,135,1,
3051.857, Bid:,2,46,1,99,2,Ask:,2,110,1,135,1,
3052.286, Bid:,2,46,1,99,2,Ask:,2,109,1,135,1,
3052.429, Bid:,2,46,1,99,1,Ask:,2,109,1,135,1,
3052.429, Bid:,2,46,1,99,1,Ask:,2,108,1,135,1,
3052.857, Bid:,3,46,1,97,1,99,1,Ask:,2,108,1,135,1,
3053.000, Bid:,2,97,1,99,1,Ask:,2,108,1,135,1,
3053.143, Bid:,2,97,1,99,1,Ask:,3,107,1,108,1,135,1,
3053.286, Bid:,2,97,1,99,1,Ask:,3,106,1,107,1,135,1,
3053.571, Bid:,2,97,1,99,1,Ask:,3,105,1,106,1,135,1,
3054.143, Bid:,2,97,1,99,1,Ask:,3,104,1,106,1,135,1,
3054.286, Bid:,2,97,1,99,1,Ask:,2,106,1,135,1,
3054.286, Bid:,2,97,1,99,1,Ask:,2,105,1,135,1,
3054.429, Bid:,2,97,1,99,1,Ask:,2,104,1,135,1,
3054.857, Bid:,3,80,1,97,1,99,1,Ask:,2,104,1,135,1,
3055.857, Bid:,3,80,1,97,1,99,1,Ask:,3,103,1,104,1,135,1,
3056.429, Bid:,3,80,1,97,1,99,1,Ask:,3,102,1,104,1,135,1,
3056.857, Bid:,3,80,1,97,1,99,1,Ask:,3,101,1,104,1,135,1,
3057.429, Bid:,3,80,1,97,1,99,1,Ask:,3,100,1,104,1,135,1,
3057.857, Bid:,2,80,1,97,1,Ask:,2,100,1,135,1,
3058.429, Bid:,2,80,1,97,1,Ask:,2,99,1,135,1,
3070.429, Bid:,3,80,1,97,1,98,1,Ask:,2,99,1,135,1,
3070.571, Bid:,2,80,1,97,1,Ask:,1,135,1,
3081.571, Bid:,2,80,1,97,1,Ask:,0,
3082.571, Bid:,1,80,1,Ask:,0,
3083.000, Bid:,1,80,1,Ask:,1,122,1,
3083.857, Bid:,2,80,1,97,1,Ask:,1,122,1,
3086.000, Bid:,2,80,1,97,1,Ask:,2,99,1,122,1,
3095.857, Bid:,2,80,1,97,1,Ask:,1,122,1,
3097.857, Bid:,2,80,1,97,1,Ask:,2,102,1,122,1,
3107.286, Bid:,1,97,1,Ask:,2,102,1,122,1,
3109.429, Bid:,2,72,1,97,1,Ask:,2,102,1,122,1,
3111.857, Bid:,1,72,1,Ask:,2,102,1,122,1,
3112.286, Bid:,1,72,1,Ask:,1,102,1,
3112.714, Bid:,2,72,1,99,1,Ask:,1,102,1,
3113.000, Bid:,2,72,1,99,1,Ask:,2,102,1,152,1,
3113.143, Bid:,2,72,1,99,1,Ask:,3,101,1,102,1,152,1,
3113.714, Bid:,3,72,1,86,1,99,1,Ask:,3,101,1,102,1,152,1,
3113.857, Bid:,3,72,1,86,1,99,1,Ask:,3,100,1,102,1,152,1,
3115.571, Bid:,2,72,1,86,1,Ask:,2,102,1,152,1,
3116.857, Bid:,3,72,1,86,1,99,1,Ask:,2,102,1,152,1,
3120.429, Bid:,3,72,1,86,1,99,1,Ask:,1,102,1,
3121.857, Bid:,3,72,1,86,1,99,1,Ask:,2,102,1,132,1,
3128.143, Bid:,3,72,1,86,1,99,1,Ask:,1,132,1,
3128.286, Bid:,3,72,1,86,1,99,1,Ask:,2,131,1,132,1,
3128.571, Bid:,2,72,1,99,1,Ask:,2,131,1,132,1,
3128.857, Bid:,2,72,1,99,2,Ask:,2,131,1,132,1,
3129.286, Bid:,2,72,1,99,2,Ask:,2,130,1,132,1,
3129.857, Bid:,2,72,1,99,2,Ask:,2,129,1,132,1,
3131.286, Bid:,2,72,1,99,2,Ask:,2,128,1,132,1,
3133.143, Bid:,2,72,1,99,2,Ask:,2,127,1,132,1,
3135.714, Bid:,2,72,1,99,2,Ask:,2,126,1,132,1,
3135.857, Bid:,2,72,1,99,2,Ask:,2,125,1,132,1,
3136.000, Bid:,2,72,1,99,2,Ask:,2,124,1,132,1,
3136.429, Bid:,2,72,1,99,2,Ask:,2,123,1,132,1,
3137.000, Bid:,2,72,1,99,2,Ask:,2,122,1,132,1,
3137.143, Bid:,2,72,1,99,2,Ask:,2,121,1,132,1,
3137.857, Bid:,2,72,1,99,2,Ask:,2,120,1,132,1,
3139.143, Bid:,2,72,1,99,2,Ask:,2,119,1,132,1,
3142.143, Bid:,2,72,1,99,2,Ask:,2,118,1,132,1,
3142.857, Bid:,1,99,2,Ask:,2,118,1,132,1,
3143.143, Bid:,1,99,2,Ask:,2,117,1,132,1,
3143.429, Bid:,2,71,1,99,2,Ask:,2,117,1,132,1,
3144.429, Bid:,2,71,1,99,2,Ask:,2,116,1,132,1,
3144.714, Bid:,2,71,1,99,2,Ask:,2,115,1,132,1,
3145.429, Bid:,2,71,1,99,2,Ask:,2,114,1,132,1,
3145.571, Bid:,2,71,1,99,1,Ask:,2,114,1,132,1,
3145.714, Bid:,1,71,1,Ask:,2,114,1,132,1,
3146.143, Bid:,2,71,1,99,1,Ask:,2,114,1,132,1,
3146.857, Bid:,2,71,1,99,1,Ask:,3,113,1,114,1,132,1,
3147.429, Bid:,2,71,1,99,1,Ask:,3,112,1,114,1,132,1,
3148.429, Bid:,2,71,1,99,2,Ask:,3,112,1,114,1,132,1,
3149.286, Bid:,2,71,1,99,2,Ask:,3,111,1,114,1,132,1,
3149.571, Bid:,2,71,1,99,2,Ask:,3,110,1,114,1,132,1,
3150.000, Bid:,2,71,1,99,2,Ask:,3,109,1,114,1,132,1,
3153.000, Bid:,2,71,1,99,2,Ask:,3,108,1,114,1,132,1,
3154.714, Bid:,2,71,1,99,2,Ask:,3,107,1,114,1,132,1,
3156.286, Bid:,2,71,1,99,2,Ask:,3,106,1,114,1,132,1,
3156.857, Bid:,2,71,1,99,2,Ask:,3,105,1,114,1,132,1,
3157.429, Bid:,2,71,1,99,2,Ask:,3,104,1,114,1,132,1,
3158.429, Bid:,2,71,1,99,2,Ask:,3,103,1,114,1,132,1,
3158.714, Bid:,2,71,1,99,2,Ask:,3,102,1,114,1,132,1,
3160.000, Bid:,2,71,1,99,2,Ask:,3,101,1,114,1,132,1,
3160.571, Bid:,2,71,1,99,2,Ask:,3,100,1,114,1,132,1,
3161.000, Bid:,2,71,1,99,1,Ask:,2,114,1,132,1,
3167.143, Bid:,2,71,1,99,1,Ask:,3,113,1,114,1,132,1,
3168.571, Bid:,2,71,1,99,1,Ask:,3,112,1,114,1,132,1,
3168.714, Bid:,2,71,1,99,1,Ask:,3,111,1,114,1,132,1,
3169.429, Bid:,2,71,1,99,1,Ask:,3,110,1,114,1,132,1,
3169.857, Bid:,2,71,1,99,1,Ask:,2,110,1,114,1,
3170.000, Bid:,2,71,1,99,1,Ask:,3,110,1,114,1,156,1,
3170.429, Bid:,2,71,1,99,1,Ask:,3,109,1,114,1,156,1,
3171.571, Bid:,2,71,1,99,1,Ask:,3,108,1,114,1,156,1,
3171.714, Bid:,2,71,1,99,1,Ask:,3,107,1,114,1,156,1,
3172.000, Bid:,2,71,1,99,1,Ask:,3,106,1,114,1,156,1,
3172.571, Bid:,2,71,1,99,1,Ask:,3,105,1,114,1,156,1,
3172.714, Bid:,2,71,1,99,1,Ask:,3,104,1,114,1,156,1,
3173.000, Bid:,1,99,1,Ask:,2,104,1,156,1,
3173.000, Bid:,2,48,1,99,1,Ask:,2,104,1,156,1,
3173.571, Bid:,2,48,1,99,1,Ask:,2,103,1,156,1,
3174.429, Bid:,2,48,1,99,1,Ask:,2,102,1,156,1,
3174.571, Bid:,2,48,1,99,1,Ask:,2,101,1,156,1,
3175.000, Bid:,2,48,1,99,1,Ask:,2,100,1,156,1,
3175.286, Bid:,1,48,1,Ask:,1,156,1,
3176.571, Bid:,1,48,1,Ask:,2,99,1,156,1,
3177.571, Bid:,1,48,1,Ask:,1,99,1,
3178.000, Bid:,1,48,1,Ask:,2,99,1,142,1,
3183.000, Bid:,0,Ask:,2,99,1,142,1,
3183.429, Bid:,0,Ask:,2,98,1,142,1,
3183.714, Bid:,0,Ask:,2,97,1,142,1,
3184.000, Bid:,1,66,1,Ask:,2,97,1,142,1,
3186.000, Bid:,1,66,1,Ask:,2,99,1,142,1,
3187.143, Bid:,1,66,1,Ask:,1,142,1,
3187.143, Bid:,1,66,1,Ask:,2,109,1,142,1,
3195.714, Bid:,2,66,1,87,1,Ask:,2,109,1,142,1,
3204.286, Bid:,3,66,1,87,1,99,1,Ask:,2,109,1,142,1,
3205.286, Bid:,3,66,1,87,1,99,1,Ask:,3,108,1,109,1,142,1,
3206.143, Bid:,2,66,1,99,1,Ask:,3,108,1,109,1,142,1,
3206.143, Bid:,2,66,1,99,1,Ask:,3,107,1,109,1,142,1,
3206.286, Bid:,2,66,1,99,1,Ask:,3,106,1,109,1,142,1,
3206.571, Bid:,3,66,1,94,1,99,1,Ask:,3,106,1,109,1,142,1,
3207.571, Bid:,3,66,1,94,1,99,1,Ask:,3,105,1,109,1,142,1,
3208.714, Bid:,3,66,1,94,1,99,1,Ask:,3,104,1,109,1,142,1,
3209.000, Bid:,3,66,1,94,1,99,1,Ask:,3,103,1,109,1,142,1,
3211.143, Bid:,3,66,1,94,1,99,1,Ask:,3,102,1,109,1,142,1,
3212.286, Bid:,3,66,1,94,1,99,1,Ask:,3,101,1,109,1,142,1,
3212.429, Bid:,3,66,1,94,1,99,1,Ask:,3,100,1,109,1,142,1,
3213.143, Bid:,2,66,1,94,1,Ask:,2,109,1,142,1,
3225.714, Bid:,2,66,1,94,1,Ask:,1,109,1,
3225.857, Bid:,2,66,1,94,1,Ask:,2,109,1,134,1,
3229.429, Bid:,2,66,1,94,1,Ask:,1,134,1,
3230.714, Bid:,2,66,1,94,1,Ask:,2,108,1,134,1,
3233.286, Bid:,1,94,1,Ask:,2,108,1,134,1,
3233.286, Bid:,2,50,1,94,1,Ask:,2,108,1,134,1,
3234.000, Bid:,3,50,1,94,1,99,1,Ask:,2,108,1,134,1,
3234.857, Bid:,3,50,1,94,1,99,1,Ask:,3,107,1,108,1,134,1,
3235.000, Bid:,3,50,1,94,1,99,1,Ask:,3,106,1,108,1,134,1,
3235.429, Bid:,3,50,1,94,1,99,1,Ask:,3,105,1,108,1,134,1,
3235.571, Bid:,3,50,1,94,1,99,1,Ask:,3,104,1,108,1,134,1,
3236.857, Bid:,3,50,1,94,1,99,1,Ask:,3,103,1,108,1,134,1,
3238.429, Bid:,3,50,1,94,1,99,1,Ask:,3,102,1,108,1,134,1,
3238.571, Bid:,3,50,1,94,1,99,1,Ask:,3,101,1,108,1,134,1,
3239.143, Bid:,3,50,1,94,1,99,1,Ask:,3,100,1,108,1,134,1,
3239.714, Bid:,2,50,1,99,1,Ask:,3,100,1,108,1,134,1,
3239.857, Bid:,3,50,1,96,1,99,1,Ask:,3,100,1,108,1,134,1,
3241.429, Bid:,2,50,1,96,1,Ask:,2,108,1,134,1,
3253.286, Bid:,2,50,1,96,1,Ask:,1,134,1,
3255.714, Bid:,2,50,1,96,1,Ask:,2,113,1,134,1,
3261.714, Bid:,1,96,1,Ask:,2,113,1,134,1,
3261.714, Bid:,2,58,1,96,1,Ask:,2,113,1,134,1,
3263.429, Bid:,2,58,1,96,1,Ask:,1,113,1,
3263.714, Bid:,3,58,1,96,1,99,1,Ask:,1,113,1,
3263.857, Bid:,3,58,1,96,1,99,1,Ask:,2,113,1,124,1,
3268.143, Bid:,2,58,1,99,1,Ask:,2,113,1,124,1,
3269.571, Bid:,2,58,1,99,2,Ask:,2,113,1,124,1,
3271.429, Bid:,2,58,1,99,2,Ask:,1,124,1,
3272.714, Bid:,2,58,1,99,2,Ask:,2,123,1,124,1,
3273.000, Bid:,2,58,1,99,2,Ask:,2,122,1,124,1,
3274.000, Bid:,2,58,1,99,2,Ask:,2,121,1,124,1,
3274.571, Bid:,2,58,1,99,2,Ask:,2,120,1,124,1,
3275.000, Bid:,2,58,1,99,2,Ask:,2,119,1,124,1,
3276.286, Bid:,2,58,1,99,2,Ask:,2,118,1,124,1,
3277.143, Bid:,2,58,1,99,2,Ask:,2,117,1,124,1,
3277.571, Bid:,2,58,1,99,2,Ask:,2,116,1,124,1,
3277.714, Bid:,2,58,1,99,2,Ask:,2,115,1,124,1,
3279.714, Bid:,2,58,1,99,2,Ask:,2,114,1,124,1,
3280.429, Bid:,2,58,1,99,2,Ask:,2,113,1,124,1,
3281.143, Bid:,2,58,1,99,2,Ask:,2,112,1,124,1,
3282.143, Bid:,2,58,1,99,2,Ask:,2,111,1,124,1,
3282.857, Bid:,2,58,1,99,2,Ask:,2,110,1,124,1,
3283.286, Bid:,2,58,1,99,2,Ask:,2,109,1,124,1,
3283.714, Bid:,2,58,1,99,2,Ask:,2,108,1,124,1,
3284.143, Bid:,1,99,2,Ask:,2,108,1,124,1,
3284.429, Bid:,1,99,2,Ask:,2,107,1,124,1,
3285.000, Bid:,2,55,1,99,2,Ask:,2,107,1,124,1,
3285.143, Bid:,2,55,1,99,2,Ask:,2,106,1,124,1,
3286.571, Bid:,2,55,1,99,2,Ask:,2,105,1,124,1,
3286.714, Bid:,2,55,1,99,2,Ask:,2,104,1,124,1,
3286.857, Bid:,2,55,1,99,2,Ask:,2,103,1,124,1,
3289.571, Bid:,2,55,1,99,2,Ask:,2,102,1,124,1,
3289.714, Bid:,2,55,1,99,2,Ask:,2,101,1,124,1,
3291.429, Bid:,2,55,1,99,2,Ask:,3,100,1,101,1,124,1,
3291.571, Bid:,2,55,1,99,1,Ask:,2,101,1,124,1,
3292.429, Bid:,2,55,1,99,1,Ask:,2,100,1,124,1,
3293.571, Bid:,2,55,1,99,1,Ask:,1,100,1,
3294.143, Bid:,2,55,1,99,2,Ask:,1,100,1,
3295.000, Bid:,2,55,1,99,1,Ask:,0,
3295.714, Bid:,1,55,1,Ask:,0,
3296.000, Bid:,1,55,1,Ask:,1,126,1,
3297.714, Bid:,2,55,1,99,1,Ask:,1,126,1,
3300.429, Bid:,1,99,1,Ask:,1,126,1,
3301.286, Bid:,2,64,1,99,1,Ask:,1,126,1,
3323.857, Bid:,2,64,1,99,1,Ask:,2,125,1,126,1,
3324.000, Bid:,2,64,1,99,1,Ask:,3,124,1,125,1,126,1,
3324.286, Bid:,2,64,1,99,1,Ask:,3,123,1,125,1,126,1,
3324.857, Bid:,2,64,1,99,2,Ask:,3,123,1,125,1,126,1,
3325.143, Bid:,2,64,1,99,2,Ask:,3,122,1,123,1,126,1,
3325.286, Bid:,2,64,1,99,2,Ask:,3,121,1,122,1,126,1,
3325.571, Bid:,2,64,1,99,2,Ask:,3,120,1,122,1,126,1,
3326.429, Bid:,1,99,2,Ask:,3,120,1,122,1,126,1,
3326.857, Bid:,1,99,2,Ask:,3,119,1,120,1,126,1,
3327.143, Bid:,1,99,2,Ask:,3,118,1,120,1,126,1,
3327.571, Bid:,2,41,1,99,2,Ask:,3,118,1,120,1,126,1,
3328.429, Bid:,2,41,1,99,2,Ask:,3,117,1,118,1,126,1,
3328.571, Bid:,2,41,1,99,2,Ask:,3,116,1,117,1,126,1,
3329.000, Bid:,2,41,1,99,2,Ask:,3,115,1,117,1,126,1,
3329.571, Bid:,2,41,1,99,1,Ask:,2,115,1,117,1,
3329.714, Bid:,2,41,1,99,1,Ask:,2,114,1,117,1,
3330.000, Bid:,2,41,1,99,1,Ask:,3,114,1,117,1,144,1,
3330.714, Bid:,2,41,1,99,2,Ask:,3,114,1,117,1,144,1,
3330.857, Bid:,2,41,1,99,2,Ask:,3,113,1,114,1,144,1,
3331.857, Bid:,2,41,1,99,2,Ask:,3,112,1,113,1,144,1,
3332.000, Bid:,2,41,1,99,2,Ask:,3,111,1,112,1,144,1,
3332.143, Bid:,2,41,1,99,2,Ask:,3,110,1,111,1,144,1,
3332.286, Bid:,2,41,1,99,2,Ask:,3,109,1,110,1,144,1,
3332.429, Bid:,2,41,1,99,2,Ask:,3,108,1,110,1,144,1,
3333.286, Bid:,2,41,1,99,2,Ask:,3,107,1,110,1,144,1,
3333.429, Bid:,2,41,1,99,2,Ask:,3,106,1,107,1,144,1,
3334.429, Bid:,2,41,1,99,2,Ask:,3,105,1,107,1,144,1,
3335.571, Bid:,2,41,1,99,2,Ask:,3,104,1,105,1,144,1,
3335.714, Bid:,2,41,1,99,2,Ask:,3,103,1,104,1,144,1,
3336.000, Bid:,2,41,1,99,2,Ask:,3,102,1,104,1,144,1,
3336.857, Bid:,2,41,1,99,2,Ask:,3,101,1,104,1,144,1,
3337.714, Bid:,2,41,1,99,2,Ask:,3,100,1,101,1,144,1,
3337.857, Bid:,2,41,1,99,1,Ask:,2,101,1,144,1,
3338.571, Bid:,2,41,1,99,1,Ask:,2,100,1,144,1,
3339.000, Bid:,1,41,1,Ask:,1,144,1,
3346.000, Bid:,1,41,1,Ask:,2,115,1,144,1,
3353.857, Bid:,1,41,1,Ask:,3,99,1,115,1,144,1,
3354.714, Bid:,2,41,1,42,1,Ask:,3,99,1,115,1,144,1,
3354.857, Bid:,2,41,1,43,1,Ask:,3,99,1,115,1,144,1,
3355.714, Bid:,2,41,1,44,1,Ask:,3,99,1,115,1,144,1,
3358.429, Bid:,2,41,1,44,1,Ask:,2,99,1,115,1,
3358.571, Bid:,2,41,1,44,1,Ask:,3,99,1,115,1,138,1,
3358.857, Bid:,1,41,1,Ask:,3,99,1,115,1,138,1,
3360.143, Bid:,2,41,1,42,1,Ask:,3,99,1,115,1,138,1,
3361.000, Bid:,2,41,1,43,1,Ask:,3,99,1,115,1,138,1,
3364.571, Bid:,2,41,1,44,1,Ask:,3,99,1,115,1,138,1,
3365.000, Bid:,2,41,1,45,1,Ask:,3,99,1,115,1,138,1,
3368.857, Bid:,2,41,1,45,1,Ask:,2,99,1,138,1,
3368.857, Bid:,2,41,1,45,1,Ask:,3,99,1,105,1,138,1,
3369.857, Bid:,2,41,1,46,1,Ask:,3,99,1,105,1,138,1,
3371.714, Bid:,2,41,1,47,1,Ask:,3,99,1,105,1,138,1,
3371.857, Bid:,2,41,1,48,1,Ask:,3,99,1,105,1,138,1,
3373.000, Bid:,2,41,1,49,1,Ask:,3,99,1,105,1,138,1,
3373.429, Bid:,2,41,1,50,1,Ask:,3,99,1,105,1,138,1,
3374.143, Bid:,2,41,1,51,1,Ask:,3,99,1,105,1,138,1,
3376.000, Bid:,2,41,1,52,1,Ask:,3,99,1,105,1,138,1,
3377.714, Bid:,2,41,1,53,1,Ask:,3,99,1,105,1,138,1,
3378.571, Bid:,2,41,1,54,1,Ask:,3,99,1,105,1,138,1,
3379.857, Bid:,2,41,1,55,1,Ask:,3,99,1,105,1,138,1,
3381.286, Bid:,1,55,1,Ask:,3,99,1,105,1,138,1,
3382.000, Bid:,1,56,1,Ask:,3,99,1,105,1,138,1,
3382.286, Bid:,1,57,1,Ask:,3,99,1,105,1,138,1,
3382.714, Bid:,1,58,1,Ask:,3,99,1,105,1,138,1,
3383.000, Bid:,1,59,1,Ask:,3,99,1,105,1,138,1,
3384.000, Bid:,1,59,1,Ask:,2,105,1,138,1,
3384.000, Bid:,2,44,1,59,1,Ask:,2,105,1,138,1,
3384.429, Bid:,2,44,1,59,1,Ask:,3,99,1,105,1,138,1,
3384.571, Bid:,2,44,1,60,1,Ask:,3,99,1,105,1,138,1,
3386.857, Bid:,3,44,1,60,1,61,1,Ask:,3,99,1,105,1,138,1,
3388.143, Bid:,3,44,1,60,1,62,1,Ask:,3,99,1,105,1,138,1,
3388.571, Bid:,3,44,1,60,1,63,1,Ask:,3,99,1,105,1,138,1,
3388.714, Bid:,3,44,1,63,1,64,1,Ask:,3,99,1,105,1,138,1,
3389.143, Bid:,3,44,1,64,1,65,1,Ask:,3,99,1,105,1,138,1,
3390.143, Bid:,3,44,1,65,1,66,1,Ask:,3,99,1,105,1,138,1,
3391.000, Bid:,3,44,1,66,1,67,1,Ask:,3,99,1,105,1,138,1,
3391.571, Bid:,3,44,1,66,1,68,1,Ask:,3,99,1,105,1,138,1,
3391.714, Bid:,3,44,1,68,1,69,1,Ask:,3,99,1,105,1,138,1,
3392.143, Bid:,3,44,1,68,1,70,1,Ask:,3,99,1,105,1,138,1,
3392.714, Bid:,3,44,1,68,1,71,1,Ask:,3,99,1,105,1,138,1,
3393.571, Bid:,3,44,1,68,1,72,1,Ask:,3,99,1,105,1,138,1,
3394.714, Bid:,3,44,1,72,1,73,1,Ask:,3,99,1,105,1,138,1,
3394.857, Bid:,3,44,1,73,1,74,1,Ask:,3,99,1,105,1,138,1,
3395.143, Bid:,3,44,1,74,1,75,1,Ask:,3,99,1,105,1,138,1,
3395.571, Bid:,3,44,1,75,1,76,1,Ask:,3,99,1,105,1,138,1,
3395.857, Bid:,3,44,1,75,1,77,1,Ask:,3,99,1,105,1,138,1,
3396.000, Bid:,3,44,1,75,1,78,1,Ask:,3,99,1,105,1,138,1,
3396.143, Bid:,3,44,1,75,1,79,1,Ask:,3,99,1,105,1,138,1,
3396.286, Bid:,3,44,1,79,1,80,1,Ask:,3,99,1,105,1,138,1,
3397.143, Bid:,3,44,1,79,1,81,1,Ask:,3,99,1,105,1,138,1,
3397.286, Bid:,3,44,1,79,1,82,1,Ask:,3,99,1,105,1,138,1,
3397.429, Bid:,3,44,1,82,1,83,1,Ask:,3,99,1,105,1,138,1,
3398.000, Bid:,3,44,1,82,1,84,1,Ask:,3,99,1,105,1,138,1,
3398.143, Bid:,3,44,1,84,1,85,1,Ask:,3,99,1,105,1,138,1,
3398.429, Bid:,3,44,1,84,1,86,1,Ask:,3,99,1,105,1,138,1,
3398.714, Bid:,3,44,1,84,1,87,1,Ask:,3,99,1,105,1,138,1,
3399.571, Bid:,3,44,1,87,1,88,1,Ask:,3,99,1,105,1,138,1,
3400.000, Bid:,2,87,1,88,1,Ask:,3,99,1,105,1,138,1,
3400.286, Bid:,2,88,1,89,1,Ask:,3,99,1,105,1,138,1,
3400.571, Bid:,2,88,1,90,1,Ask:,3,99,1,105,1,138,1,
3401.000, Bid:,3,68,1,88,1,90,1,Ask:,3,99,1,105,1,138,1,
3401.143, Bid:,3,68,1,90,1,91,1,Ask:,3,99,1,105,1,138,1,
3401.429, Bid:,3,68,1,91,1,92,1,Ask:,3,99,1,105,1,138,1,
3401.571, Bid:,3,68,1,92,1,93,1,Ask:,3,99,1,105,1,138,1,
3402.143, Bid:,3,68,1,92,1,94,1,Ask:,3,99,1,105,1,138,1,
3402.286, Bid:,3,68,1,94,1,95,1,Ask:,3,99,1,105,1,138,1,
3402.714, Bid:,3,68,1,95,1,96,1,Ask:,3,99,1,105,1,138,1,
3403.143, Bid:,3,68,1,96,1,97,1,Ask:,3,99,1,105,1,138,1,
3403.286, Bid:,3,68,1,97,1,98,1,Ask:,3,99,1,105,1,138,1,
3403.571, Bid:,2,68,1,98,1,Ask:,2,105,1,138,1,
3404.857, Bid:,2,68,1,99,1,Ask:,2,105,1,138,1,
3405.857, Bid:,3,68,1,85,1,99,1,Ask:,2,105,1,138,1,
3406.714, Bid:,3,68,1,85,1,99,1,Ask:,3,104,1,105,1,138,1,
3407.429, Bid:,3,68,1,85,1,99,1,Ask:,3,103,1,105,1,138,1,
3407.714, Bid:,3,68,1,85,1,99,1,Ask:,2,103,1,105,1,
3407.857, Bid:,3,68,1,85,1,99,1,Ask:,2,102,1,105,1,
3409.000, Bid:,3,68,1,85,1,99,1,Ask:,2,101,1,105,1,
3409.286, Bid:,3,68,1,85,1,99,1,Ask:,3,101,1,105,1,131,1,
3411.857, Bid:,3,68,1,85,1,99,1,Ask:,3,100,1,105,1,131,1,
3412.143, Bid:,2,68,1,85,1,Ask:,2,105,1,131,1,
3414.143, Bid:,2,68,1,85,1,Ask:,1,131,1,
3414.857, Bid:,3,68,1,85,1,99,1,Ask:,1,131,1,
3415.286, Bid:,3,68,1,85,1,99,1,Ask:,2,130,1,131,1,
3416.143, Bid:,3,68,1,85,1,99,1,Ask:,1,130,1,
3416.143, Bid:,3,68,1,85,1,99,1,Ask:,2,130,1,135,1,
3418.000, Bid:,3,68,1,85,1,99,1,Ask:,2,129,1,135,1,
3418.143, Bid:,3,68,1,85,1,99,1,Ask:,2,128,1,135,1,
3418.571, Bid:,3,68,1,85,1,99,1,Ask:,2,127,1,135,1,
3418.714, Bid:,3,68,1,85,1,99,1,Ask:,2,126,1,135,1,
3419.000, Bid:,3,68,1,85,1,99,1,Ask:,2,125,1,135,1,
3419.286, Bid:,3,68,1,85,1,99,1,Ask:,2,124,1,135,1,
3421.000, Bid:,3,68,1,85,1,99,1,Ask:,2,123,1,135,1,
3421.143, Bid:,3,68,1,85,1,99,1,Ask:,2,122,1,135,1,
3421.286, Bid:,3,68,1,85,1,99,1,Ask:,2,121,1,135,1,
3422.429, Bid:,3,68,1,85,1,99,1,Ask:,2,120,1,135,1,
3423.857, Bid:,3,68,1,85,1,99,1,Ask:,2,119,1,135,1,
3424.000, Bid:,3,68,1,85,1,99,1,Ask:,2,118,1,135,1,
3424.714, Bid:,3,68,1,85,1,99,1,Ask:,2,117,1,135,1,
3426.143, Bid:,3,68,1,85,1,99,1,Ask:,2,116,1,135,1,
3426.857, Bid:,3,68,1,85,1,99,1,Ask:,2,115,1,135,1,
3427.286, Bid:,2,85,1,99,1,Ask:,2,115,1,135,1,
3427.429, Bid:,2,85,1,99,1,Ask:,2,114,1,135,1,
3429.714, Bid:,3,60,1,85,1,99,1,Ask:,2,114,1,135,1,
3437.000, Bid:,3,60,1,85,1,99,1,Ask:,1,135,1,
3437.286, Bid:,3,60,1,85,1,99,1,Ask:,2,134,1,135,1,
3437.429, Bid:,3,60,1,85,1,99,1,Ask:,2,133,1,135,1,
3437.571, Bid:,3,60,1,85,1,99,1,Ask:,2,132,1,135,1,
3438.000, Bid:,3,60,1,85,1,99,1,Ask:,2,131,1,135,1,
3438.143, Bid:,3,60,1,85,1,99,1,Ask:,2,130,1,135,1,
3441.429, Bid:,3,60,1,85,1,99,1,Ask:,2,129,1,135,1,
3441.714, Bid:,2,60,1,85,1,Ask:,2,129,1,135,1,
3442.000, Bid:,3,60,1,85,1,99,1,Ask:,2,129,1,135,1,
3442.571, Bid:,3,60,1,85,1,99,1,Ask:,2,128,1,135,1,
3443.429, Bid:,3,60,1,85,1,99,1,Ask:,2,127,1,135,1,
3444.286, Bid:,2,60,1,99,1,Ask:,2,127,1,135,1,
3444.286, Bid:,2,60,1,99,2,Ask:,2,127,1,135,1,
3444.571, Bid:,2,60,1,99,2,Ask:,2,126,1,135,1,
3444.714, Bid:,2,60,1,99,2,Ask:,3,125,1,126,1,135,1,
3445.143, Bid:,2,60,1,99,2,Ask:,3,124,1,125,1,135,1,
3445.571, Bid:,2,60,1,99,2,Ask:,3,123,1,124,1,135,1,
3445.714, Bid:,2,60,1,99,2,Ask:,3,122,1,124,1,135,1,
3445.857, Bid:,2,60,1,99,2,Ask:,3,121,1,122,1,135,1,
3446.429, Bid:,2,60,1,99,2,Ask:,3,120,1,121,1,135,1,
3447.143, Bid:,2,60,1,99,2,Ask:,3,119,1,121,1,135,1,
3447.286, Bid:,2,60,1,99,2,Ask:,3,118,1,121,1,135,1,
3448.000, Bid:,2,60,1,99,2,Ask:,3,117,1,118,1,135,1,
3448.429, Bid:,2,60,1,99,2,Ask:,3,116,1,117,1,135,1,
3448.714, Bid:,2,60,1,99,2,Ask:,3,115,1,117,1,135,1,
3449.143, Bid:,2,60,1,99,2,Ask:,3,114,1,115,1,135,1,
3449.714, Bid:,2,60,1,99,2,Ask:,3,113,1,115,1,135,1,
3450.000, Bid:,2,60,1,99,2,Ask:,3,112,1,115,1,135,1,
3450.857, Bid:,2,60,1,99,2,Ask:,3,111,1,112,1,135,1,
3451.000, Bid:,2,60,1,99,2,Ask:,3,110,1,112,1,135,1,
3451.286, Bid:,2,60,1,99,2,Ask:,3,109,1,110,1,135,1,
3451.857, Bid:,2,60,1,99,2,Ask:,3,108,1,109,1,135,1,
3452.143, Bid:,2,60,1,99,2,Ask:,3,107,1,108,1,135,1,
3452.714, Bid:,2,60,1,99,2,Ask:,3,106,1,107,1,135,1,
3453.143, Bid:,2,60,1,99,2,Ask:,3,105,1,107,1,135,1,
3453.571, Bid:,2,60,1,99,2,Ask:,3,104,1,107,1,135,1,
3454.143, Bid:,2,60,1,99,2,Ask:,3,103,1,107,1,135,1,
3454.857, Bid:,2,60,1,99,2,Ask:,3,102,1,103,1,135,1,
3455.143, Bid:,2,60,1,99,2,Ask:,3,101,1,103,1,135,1,
3456.286, Bid:,2,60,1,99,2,Ask:,3,100,1,103,1,135,1,
3456.429, Bid:,2,60,1,99,1,Ask:,2,103,1,135,1,
3457.000, Bid:,2,60,1,99,1,Ask:,2,102,1,135,1,
3457.571, Bid:,2,60,1,99,1,Ask:,2,101,1,135,1,
3461.714, Bid:,2,60,1,99,1,Ask:,2,100,1,135,1,
3462.000, Bid:,1,60,1,Ask:,1,135,1,
3463.714, Bid:,2,60,1,85,1,Ask:,1,135,1,
3464.714, Bid:,1,85,1,Ask:,1,135,1,
3465.714, Bid:,2,79,1,85,1,Ask:,1,135,1,
3469.143, Bid:,2,79,1,85,1,Ask:,0,
3469.286, Bid:,2,79,1,85,1,Ask:,1,133,1,
3470.429, Bid:,2,79,1,85,1,Ask:,2,99,1,133,1,
3474.429, Bid:,2,79,1,85,1,Ask:,2,99,2,133,1,
3475.857, Bid:,3,79,1,85,1,86,1,Ask:,2,99,2,133,1,
3476.429, Bid:,3,79,1,85,1,87,1,Ask:,2,99,2,133,1,
3479.286, Bid:,3,79,1,85,1,88,1,Ask:,2,99,2,133,1,
3479.429, Bid:,2,85,1,88,1,Ask:,2,99,2,133,1,
3479.571, Bid:,3,53,1,85,1,88,1,Ask:,2,99,2,133,1,
3479.857, Bid:,3,53,1,85,1,89,1,Ask:,2,99,2,133,1,
3480.286, Bid:,3,53,1,85,1,90,1,Ask:,2,99,2,133,1,
3483.571, Bid:,3,53,1,85,1,90,1,Ask:,1,99,2,
3483.857, Bid:,3,53,1,85,1,90,1,Ask:,2,99,2,139,1,
3489.143, Bid:,3,53,1,85,1,90,1,Ask:,2,99,1,139,1,
3489.429, Bid:,3,53,1,85,1,91,1,Ask:,2,99,1,139,1,
3490.143, Bid:,3,53,1,85,1,91,1,Ask:,2,99,2,139,1,
3491.286, Bid:,3,53,1,85,1,92,1,Ask:,2,99,2,139,1,
3492.000, Bid:,3,53,1,85,1,93,1,Ask:,2,99,2,139,1,
3493.429, Bid:,3,53,1,85,1,94,1,Ask:,2,99,2,139,1,
3493.714, Bid:,2,53,1,94,1,Ask:,2,99,2,139,1,
3494.000, Bid:,3,53,1,94,1,95,1,Ask:,2,99,2,139,1,
3494.429, Bid:,3,53,1,95,1,96,1,Ask:,2,99,2,139,1,
3494.571, Bid:,3,53,1,96,1,97,1,Ask:,2,99,2,139,1,
3495.000, Bid:,3,53,1,97,1,98,1,Ask:,2,99,2,139,1,
3496.143, Bid:,2,53,1,98,1,Ask:,2,99,1,139,1,
3496.286, Bid:,1,53,1,Ask:,1,139,1,
3504.571, Bid:,2,53,1,99,1,Ask:,1,139,1,
3505.143, Bid:,2,53,1,99,1,Ask:,2,138,1,139,1,
3505.286, Bid:,2,53,1,99,1,Ask:,2,137,1,139,1,
3506.571, Bid:,2,53,1,99,1,Ask:,2,136,1,139,1,
3507.714, Bid:,2,53,1,99,1,Ask:,2,135,1,139,1,
3511.000, Bid:,2,53,1,99,1,Ask:,2,134,1,139,1,
3511.571, Bid:,2,53,1,99,1,Ask:,2,133,1,139,1,
3511.857, Bid:,1,53,1,Ask:,2,133,1,139,1,
3512.143, Bid:,2,53,1,99,1,Ask:,2,133,1,139,1,
3512.714, Bid:,2,53,1,99,1,Ask:,2,132,1,139,1,
3513.286, Bid:,2,53,1,99,1,Ask:,2,131,1,139,1,
3516.571, Bid:,2,53,1,99,1,Ask:,2,130,1,139,1,
3517.429, Bid:,2,53,1,99,1,Ask:,2,129,1,139,1,
3518.714, Bid:,2,53,1,99,1,Ask:,2,128,1,139,1,
3520.286, Bid:,2,53,1,99,1,Ask:,2,127,1,139,1,
3520.571, Bid:,2,53,1,99,1,Ask:,2,126,1,139,1,
3520.857, Bid:,2,53,1,99,1,Ask:,2,125,1,139,1,
3522.143, Bid:,2,53,1,99,1,Ask:,2,124,1,139,1,
3522.429, Bid:,2,53,1,99,1,Ask:,1,139,1,
3523.714, Bid:,2,53,1,99,1,Ask:,2,138,1,139,1,
3526.143, Bid:,2,53,1,99,1,Ask:,2,137,1,139,1,
3528.000, Bid:,2,53,1,99,1,Ask:,2,136,1,139,1,
3528.571, Bid:,2,53,1,99,1,Ask:,2,135,1,139,1,
3528.857, Bid:,2,53,1,99,1,Ask:,2,134,1,139,1,
3529.857, Bid:,2,53,1,99,1,Ask:,2,133,1,139,1,
3530.714, Bid:,2,53,1,99,1,Ask:,2,132,1,139,1,
3532.000, Bid:,2,53,1,99,1,Ask:,2,131,1,139,1,
3532.714, Bid:,2,53,1,99,1,Ask:,1,131,1,
3533.714, Bid:,3,53,1,81,1,99,1,Ask:,1,131,1,
3534.143, Bid:,3,53,1,81,1,99,1,Ask:,1,130,1,
3534.429, Bid:,3,53,1,81,1,99,1,Ask:,1,129,1,
3534.714, Bid:,2,81,1,99,1,Ask:,1,129,1,
3534.857, Bid:,2,81,1,99,1,Ask:,2,129,1,151,1,
3535.000, Bid:,2,81,1,99,1,Ask:,3,128,1,129,1,151,1,
3535.143, Bid:,3,49,1,81,1,99,1,Ask:,3,128,1,129,1,151,1,
3536.143, Bid:,3,49,1,81,1,99,1,Ask:,3,127,1,128,1,151,1,
3536.429, Bid:,3,49,1,81,1,99,1,Ask:,3,126,1,128,1,151,1,
3536.714, Bid:,3,49,1,81,1,99,1,Ask:,3,125,1,128,1,151,1,
3537.000, Bid:,2,49,1,81,1,Ask:,3,125,1,128,1,151,1,
3537.286, Bid:,2,49,1,81,1,Ask:,3,115,1,128,1,151,1,
3538.286, Bid:,3,49,1,81,1,99,1,Ask:,3,115,1,128,1,151,1,
3541.571, Bid:,3,49,1,81,1,99,1,Ask:,2,115,1,128,1,
3541.714, Bid:,3,49,1,81,1,99,1,Ask:,2,114,1,115,1,
3541.857, Bid:,3,49,1,81,1,99,1,Ask:,2,113,1,115,1,
3542.429, Bid:,3,49,1,81,1,99,1,Ask:,2,112,1,115,1,
3542.571, Bid:,3,49,1,81,1,99,1,Ask:,3,112,1,115,1,151,1,
3543.286, Bid:,3,49,1,81,1,99,1,Ask:,3,111,1,115,1,151,1,
3543.571, Bid:,3,49,1,81,1,99,1,Ask:,3,110,1,115,1,151,1,
3544.143, Bid:,3,49,1,81,1,99,1,Ask:,3,109,1,115,1,151,1,
3544.286, Bid:,3,49,1,81,1,99,1,Ask:,3,108,1,115,1,151,1,
3545.143, Bid:,3,49,1,81,1,99,1,Ask:,3,107,1,115,1,151,1,
3545.286, Bid:,3,49,1,81,1,99,1,Ask:,3,106,1,115,1,151,1,
3545.857, Bid:,3,49,1,81,1,99,1,Ask:,3,105,1,115,1,151,1,
3546.286, Bid:,3,49,1,81,1,99,1,Ask:,3,104,1,115,1,151,1,
3546.429, Bid:,3,49,1,81,1,99,1,Ask:,3,103,1,115,1,151,1,
3547.714, Bid:,3,49,1,81,1,99,1,Ask:,3,102,1,115,1,151,1,
3548.857, Bid:,3,49,1,81,1,99,1,Ask:,2,115,1,151,1,
3549.714, Bid:,3,49,1,81,1,99,1,Ask:,3,114,1,115,1,151,1,
3550.857, Bid:,3,49,1,81,1,99,1,Ask:,3,113,1,115,1,151,1,
3551.714, Bid:,3,49,1,81,1,99,1,Ask:,3,112,1,115,1,151,1,
3552.143, Bid:,3,49,1,81,1,99,1,Ask:,3,111,1,115,1,151,1,
3553.143, Bid:,3,49,1,81,1,99,1,Ask:,3,110,1,115,1,151,1,
3557.429, Bid:,3,49,1,81,1,99,1,Ask:,3,109,1,115,1,151,1,
3558.000, Bid:,3,49,1,81,1,99,1,Ask:,3,108,1,115,1,151,1,
3560.429, Bid:,3,49,1,81,1,99,1,Ask:,3,107,1,115,1,151,1,
3561.571, Bid:,3,49,1,81,1,99,1,Ask:,3,106,1,115,1,151,1,
3562.571, Bid:,3,49,1,81,1,99,1,Ask:,3,105,1,115,1,151,1,
3563.000, Bid:,3,49,1,81,1,99,1,Ask:,3,104,1,115,1,151,1,
3564.429, Bid:,3,49,1,81,1,99,1,Ask:,3,103,1,115,1,151,1,
3564.571, Bid:,3,49,1,81,1,99,1,Ask:,3,102,1,115,1,151,1,
3564.714, Bid:,2,49,1,99,1,Ask:,3,102,1,115,1,151,1,
3564.857, Bid:,1,99,1,Ask:,2,102,1,151,1,
3564.857, Bid:,1,99,1,Ask:,2,101,1,151,1,
3565.000, Bid:,1,99,1,Ask:,3,101,1,117,1,151,1,
3565.286, Bid:,1,99,2,Ask:,3,101,1,117,1,151,1,
3565.429, Bid:,1,99,2,Ask:,3,100,1,117,1,151,1,
3565.857, Bid:,1,99,1,Ask:,2,117,1,151,1,
3566.857, Bid:,2,66,1,99,1,Ask:,2,117,1,151,1,
3567.429, Bid:,2,66,1,99,1,Ask:,1,117,1,
3567.714, Bid:,2,66,1,99,1,Ask:,2,117,1,147,1,
3576.286, Bid:,2,66,1,99,2,Ask:,2,117,1,147,1,
3592.857, Bid:,2,66,1,99,2,Ask:,1,147,1,
3593.143, Bid:,2,66,1,99,1,Ask:,1,147,1,
3593.143, Bid:,2,66,1,99,2,Ask:,1,147,1,
3594.000, Bid:,2,66,1,99,2,Ask:,2,146,1,147,1,
3595.000, Bid:,1,99,2,Ask:,2,146,1,147,1,
3595.143, Bid:,2,59,1,99,2,Ask:,2,146,1,147,1,
3595.571, Bid:,2,59,1,99,2,Ask:,3,145,1,146,1,147,1,
3595.857, Bid:,2,59,1,99,2,Ask:,3,144,1,146,1,147,1,
3596.000, Bid:,2,59,1,99,2,Ask:,3,143,1,144,1,147,1,
3597.000, Bid:,2,59,1,99,2,Ask:,3,142,1,144,1,147,1,
3597.286, Bid:,2,59,1,99,2,Ask:,3,141,1,142,1,147,1,
3597.571, Bid:,2,59,1,99,2,Ask:,3,140,1,142,1,147,1,
3597.857, Bid:,2,59,1,99,2,Ask:,3,139,1,140,1,147,1,
3598.000, Bid:,2,59,1,99,2,Ask:,3,138,1,139,1,147,1,
3598.143, Bid:,2,59,1,99,2,Ask:,3,137,1,138,1,147,1,
3598.429, Bid:,2,59,1,99,2,Ask:,3,136,1,138,1,147,1,
3598.571, Bid:,2,59,1,99,2,Ask:,3,135,1,138,1,147,1,
3599.143, Bid:,2,59,1,99,2,Ask:,3,134,1,138,1,147,1,
3599.286, Bid:,2,59,1,99,2,Ask:,3,133,1,134,1,147,1,
3599.571, Bid:,2,59,1,99,2,Ask:,3,132,1,133,1,147,1,
3599.714, Bid:,2,59,1,99,1,Ask:,3,132,1,133,1,147,1,
3599.714, Bid:,2,59,1,99,1,Ask:,3,131,1,133,1,147,1,
3599.857, Bid:,2,59,1,99,1,Ask:,3,130,1,131,1,147,1,
3600.143, Bid:,2,59,1,99,1,Ask:,3,129,1,130,1,147,1,
3600.286, Bid:,2,59,1,99,1,Ask:,3,128,1,129,1,147,1,
3600.429, Bid:,2,59,1,99,1,Ask:,3,127,1,128,1,147,1,
3601.429, Bid:,2,59,1,99,1,Ask:,3,126,1,128,1,147,1,
3602.571, Bid:,2,59,1,99,1,Ask:,3,125,1,128,1,147,1,
3602.714, Bid:,2,59,1,99,2,Ask:,3,125,1,128,1,147,1,
3603.000, Bid:,2,59,1,99,2,Ask:,3,124,1,128,1,147,1,
3604.000, Bid:,2,59,1,99,2,Ask:,3,123,1,124,1,147,1,
3604.571, Bid:,2,59,1,99,2,Ask:,3,122,1,124,1,147,1,
3605.429, Bid:,2,59,1,99,2,Ask:,3,121,1,124,1,147,1,
3605.714, Bid:,2,59,1,99,2,Ask:,3,120,1,124,1,147,1,
3606.571, Bid:,2,59,1,99,2,Ask:,3,119,1,120,1,147,1,
3606.714, Bid:,2,59,1,99,2,Ask:,3,118,1,120,1,147,1,
3607.429, Bid:,2,59,1,99,2,Ask:,3,117,1,118,1,147,1,
3607.714, Bid:,2,59,1,99,2,Ask:,3,116,1,118,1,147,1,
3608.143, Bid:,2,59,1,99,2,Ask:,3,115,1,118,1,147,1,
3608.429, Bid:,2,59,1,99,2,Ask:,2,115,1,147,1,
3608.857, Bid:,2,59,1,99,2,Ask:,2,115,2,147,1,
3609.857, Bid:,2,59,1,99,2,Ask:,3,114,1,115,1,147,1,
3610.000, Bid:,2,59,1,99,2,Ask:,3,113,1,115,1,147,1,
3612.571, Bid:,2,59,1,99,2,Ask:,3,112,1,115,1,147,1,
3612.714, Bid:,2,59,1,99,2,Ask:,3,111,1,115,1,147,1,
3614.000, Bid:,2,59,1,99,2,Ask:,3,110,1,115,1,147,1,
3614.143, Bid:,2,59,1,99,2,Ask:,3,109,1,115,1,147,1,
3614.286, Bid:,2,59,1,99,2,Ask:,3,108,1,115,1,147,1,
3614.429, Bid:,2,59,1,99,2,Ask:,3,107,1,115,1,147,1,
3615.000, Bid:,2,59,1,99,2,Ask:,3,106,1,115,1,147,1,
3616.000, Bid:,1,99,2,Ask:,3,106,1,115,1,147,1,
3616.143, Bid:,1,99,2,Ask:,3,105,1,115,1,147,1,
3616.571, Bid:,1,99,2,Ask:,3,104,1,115,1,147,1,
3616.857, Bid:,1,99,2,Ask:,3,103,1,115,1,147,1,
3617.286, Bid:,2,78,1,99,2,Ask:,3,103,1,115,1,147,1,
3617.571, Bid:,2,78,1,99,2,Ask:,3,102,1,115,1,147,1,
3617.714, Bid:,2,78,1,99,2,Ask:,2,115,1,147,1,
3619.286, Bid:,2,78,1,99,2,Ask:,3,114,1,115,1,147,1,
3620.429, Bid:,2,78,1,99,2,Ask:,3,113,1,115,1,147,1,
3620.571, Bid:,2,78,1,99,2,Ask:,3,112,1,115,1,147,1,
3621.571, Bid:,2,78,1,99,2,Ask:,3,111,1,115,1,147,1,
3622.429, Bid:,2,78,1,99,2,Ask:,3,110,1,115,1,147,1,
3624.000, Bid:,2,78,1,99,2,Ask:,3,109,1,115,1,147,1,
3625.143, Bid:,2,78,1,99,1,Ask:,2,109,1,115,1,
3625.429, Bid:,2,78,1,99,2,Ask:,2,109,1,115,1,
3626.000, Bid:,2,78,1,99,2,Ask:,3,109,1,115,1,129,1,
3626.143, Bid:,2,78,1,99,2,Ask:,3,108,1,115,1,129,1,
3627.143, Bid:,2,78,1,99,2,Ask:,3,107,1,115,1,129,1,
3627.571, Bid:,2,78,1,99,2,Ask:,3,106,1,115,1,129,1,
3627.714, Bid:,2,78,1,99,2,Ask:,3,105,1,115,1,129,1,
3628.000, Bid:,2,78,1,99,2,Ask:,3,104,1,115,1,129,1,
3629.429, Bid:,2,78,1,99,2,Ask:,3,103,1,115,1,129,1,
3630.143, Bid:,2,78,1,99,2,Ask:,3,102,1,115,1,129,1,
3630.571, Bid:,2,78,1,99,2,Ask:,3,101,1,115,1,129,1,
3631.571, Bid:,2,78,1,99,2,Ask:,3,100,1,115,1,129,1,
3633.429, Bid:,2,78,1,99,1,Ask:,2,115,1,129,1,
3643.571, Bid:,1,99,1,Ask:,2,115,1,129,1,
3643.714, Bid:,1,99,1,Ask:,1,115,1,
3643.714, Bid:,1,99,1,Ask:,2,115,1,152,1,
3644.000, Bid:,2,65,1,99,1,Ask:,2,115,1,152,1,
3652.286, Bid:,1,65,1,Ask:,2,115,1,152,1,
3652.571, Bid:,2,65,1,99,1,Ask:,2,115,1,152,1,
3653.286, Bid:,2,65,1,99,1,Ask:,1,152,1,
3654.857, Bid:,2,65,1,99,1,Ask:,2,151,1,152,1,
3655.857, Bid:,2,65,1,99,1,Ask:,3,150,1,151,1,152,1,
3656.000, Bid:,2,65,1,99,1,Ask:,3,149,1,150,1,152,1,
3656.143, Bid:,2,65,1,99,1,Ask:,3,148,1,150,1,152,1,
3656.286, Bid:,3,65,1,88,1,99,1,Ask:,3,148,1,150,1,152,1,
3656.429, Bid:,3,65,1,88,1,99,1,Ask:,3,147,1,148,1,152,1,
3656.857, Bid:,3,65,1,88,1,99,1,Ask:,3,146,1,147,1,152,1,
3658.714, Bid:,3,65,1,88,1,99,1,Ask:,3,145,1,147,1,152,1,
3659.143, Bid:,3,65,1,88,1,99,1,Ask:,3,144,1,147,1,152,1,
3659.286, Bid:,3,65,1,88,1,99,1,Ask:,3,143,1,144,1,152,1,
3659.429, Bid:,3,65,1,88,1,99,1,Ask:,3,142,1,143,1,152,1,
3659.571, Bid:,3,65,1,88,1,99,1,Ask:,3,141,1,143,1,152,1,
3660.143, Bid:,3,65,1,88,1,99,1,Ask:,3,140,1,143,1,152,1,
3660.286, Bid:,3,65,1,88,1,99,1,Ask:,2,140,1,152,1,
3660.429, Bid:,3,65,1,88,1,99,1,Ask:,3,139,1,140,1,152,1,
3660.714, Bid:,3,65,1,88,1,99,1,Ask:,3,138,1,139,1,152,1,
3660.857, Bid:,3,65,1,88,1,99,1,Ask:,3,137,1,139,1,152,1,
3661.000, Bid:,3,65,1,88,1,99,1,Ask:,3,136,1,139,1,152,1,
3661.143, Bid:,3,65,1,88,1,99,1,Ask:,3,135,1,136,1,152,1,
3661.286, Bid:,3,65,1,88,1,99,1,Ask:,3,134,1,135,1,152,1,
3661.429, Bid:,3,65,1,88,1,99,1,Ask:,3,133,1,135,1,152,1,
3661.571, Bid:,3,65,1,88,1,99,1,Ask:,3,132,1,135,1,152,1,
3662.286, Bid:,3,65,1,88,1,99,1,Ask:,3,131,1,135,1,152,1,
3662.857, Bid:,3,65,1,88,1,99,1,Ask:,3,130,1,131,1,152,1,
3663.000, Bid:,3,65,1,88,1,99,1,Ask:,3,129,1,130,1,152,1,
3663.571, Bid:,3,65,1,88,1,99,1,Ask:,3,128,1,129,1,152,1,
3664.143, Bid:,3,65,1,88,1,99,1,Ask:,3,127,1,129,1,152,1,
3664.714, Bid:,3,65,1,88,1,99,1,Ask:,3,126,1,129,1,152,1,
3665.714, Bid:,2,65,1,88,1,Ask:,3,126,1,129,1,152,1,
3665.714, Bid:,2,65,1,88,1,Ask:,3,103,1,126,1,152,1,
3666.143, Bid:,2,65,1,88,1,Ask:,3,99,1,103,1,152,1,
3666.429, Bid:,3,65,1,88,1,89,1,Ask:,3,99,1,103,1,152,1,
3666.714, Bid:,3,65,1,88,1,90,1,Ask:,3,99,1,103,1,152,1,
3677.571, Bid:,3,65,1,88,1,91,1,Ask:,3,99,1,103,1,152,1,
3677.857, Bid:,3,65,1,88,1,92,1,Ask:,3,99,1,103,1,152,1,
3678.286, Bid:,3,65,1,88,1,92,1,Ask:,2,99,1,103,1,
3678.429, Bid:,3,65,1,88,1,93,1,Ask:,2,99,1,103,1,
3678.714, Bid:,2,65,1,93,1,Ask:,2,99,1,103,1,
3678.714, Bid:,2,65,1,93,1,Ask:,3,99,1,103,1,154,1,
3678.857, Bid:,3,65,1,93,1,94,1,Ask:,3,99,1,103,1,154,1,
3679.143, Bid:,3,65,1,94,1,95,1,Ask:,3,99,1,103,1,154,1,
3679.286, Bid:,3,65,1,94,1,96,1,Ask:,3,99,1,103,1,154,1,
3679.571, Bid:,3,65,1,96,1,97,1,Ask:,3,99,1,103,1,154,1,
3680.857, Bid:,3,65,1,97,1,98,1,Ask:,3,99,1,103,1,154,1,
3682.286, Bid:,2,65,1,97,1,Ask:,2,103,1,154,1,
3685.429, Bid:,1,97,1,Ask:,1,154,1,
3685.571, Bid:,2,51,1,97,1,Ask:,1,154,1,
3687.857, Bid:,2,51,1,97,1,Ask:,2,99,1,154,1,
3706.714, Bid:,1,97,1,Ask:,2,99,1,154,1,
3707.571, Bid:,2,44,1,97,1,Ask:,2,99,1,154,1,
3709.857, Bid:,2,44,1,97,1,Ask:,1,154,1,
3710.000, Bid:,2,44,1,97,1,Ask:,2,99,1,154,1,
3710.714, Bid:,1,44,1,Ask:,2,99,1,154,1,
3711.286, Bid:,2,44,1,45,1,Ask:,2,99,1,154,1,
3711.714, Bid:,2,44,1,45,1,Ask:,2,99,2,154,1,
3713.571, Bid:,2,44,1,46,1,Ask:,2,99,2,154,1,
3714.143, Bid:,2,44,1,47,1,Ask:,2,99,2,154,1,
3714.286, Bid:,2,44,1,48,1,Ask:,2,99,2,154,1,
3715.571, Bid:,2,44,1,48,1,Ask:,1,99,2,
3715.714, Bid:,2,44,1,48,1,Ask:,2,99,2,124,1,
3716.000, Bid:,3,44,1,48,1,49,1,Ask:,2,99,2,124,1,
3717.286, Bid:,3,44,1,49,1,50,1,Ask:,2,99,2,124,1,
3717.429, Bid:,3,44,1,49,1,51,1,Ask:,2,99,2,124,1,
3717.714, Bid:,3,44,1,51,1,52,1,Ask:,2,99,2,124,1,
3718.143, Bid:,3,44,1,52,1,53,1,Ask:,2,99,2,124,1,
3718.286, Bid:,3,44,1,52,1,53,1,Ask:,2,99,1,124,1,
3718.429, Bid:,3,44,1,52,1,54,1,Ask:,2,99,1,124,1,
3719.000, Bid:,3,44,1,52,1,54,1,Ask:,3,99,1,119,1,124,1,
3719.429, Bid:,3,44,1,54,1,55,1,Ask:,3,99,1,119,1,124,1,
3720.286, Bid:,3,44,1,54,1,56,1,Ask:,3,99,1,119,1,124,1,
3721.571, Bid:,3,44,1,54,1,57,1,Ask:,3,99,1,119,1,124,1,
3722.000, Bid:,3,44,1,57,1,58,1,Ask:,3,99,1,119,1,124,1,
3723.143, Bid:,3,44,1,58,1,59,1,Ask:,3,99,1,119,1,124,1,
3723.286, Bid:,3,44,1,59,1,60,1,Ask:,3,99,1,119,1,124,1,
3724.143, Bid:,3,44,1,60,1,61,1,Ask:,3,99,1,119,1,124,1,
3724.286, Bid:,3,44,1,61,1,62,1,Ask:,3,99,1,119,1,124,1,
3725.429, Bid:,3,44,1,61,1,63,1,Ask:,3,99,1,119,1,124,1,
3725.571, Bid:,3,44,1,61,1,64,1,Ask:,3,99,1,119,1,124,1,
3726.714, Bid:,3,44,1,64,1,65,1,Ask:,3,99,1,119,1,124,1,
3727.429, Bid:,3,44,1,64,1,66,1,Ask:,3,99,1,119,1,124,1,
3728.571, Bid:,3,44,1,64,1,67,1,Ask:,3,99,1,119,1,124,1,
3729.000, Bid:,3,44,1,64,1,68,1,Ask:,3,99,1,119,1,124,1,
3729.286, Bid:,3,44,1,64,1,69,1,Ask:,3,99,1,119,1,124,1,
3729.429, Bid:,3,44,1,69,1,70,1,Ask:,3,99,1,119,1,124,1,
3729.857, Bid:,3,44,1,69,1,71,1,Ask:,3,99,1,119,1,124,1,
3731.143, Bid:,3,44,1,69,1,72,1,Ask:,3,99,1,119,1,124,1,
3731.714, Bid:,3,44,1,72,1,73,1,Ask:,3,99,1,119,1,124,1,
3731.857, Bid:,3,44,1,73,1,74,1,Ask:,3,99,1,119,1,124,1,
3732.143, Bid:,3,44,1,74,1,75,1,Ask:,3,99,1,119,1,124,1,
3732.286, Bid:,3,44,1,74,1,76,1,Ask:,3,99,1,119,1,124,1,
3734.000, Bid:,3,44,1,76,1,77,1,Ask:,3,99,1,119,1,124,1,
3734.286, Bid:,3,44,1,76,1,78,1,Ask:,3,99,1,119,1,124,1,
3734.571, Bid:,3,44,1,78,1,79,1,Ask:,3,99,1,119,1,124,1,
3735.143, Bid:,3,44,1,79,1,80,1,Ask:,3,99,1,119,1,124,1,
3736.000, Bid:,3,44,1,80,1,81,1,Ask:,3,99,1,119,1,124,1,
3736.143, Bid:,3,44,1,80,1,82,1,Ask:,3,99,1,119,1,124,1,
3736.429, Bid:,3,44,1,82,1,83,1,Ask:,3,99,1,119,1,124,1,
3736.571, Bid:,3,44,1,83,1,84,1,Ask:,3,99,1,119,1,124,1,
3737.429, Bid:,3,44,1,84,1,85,1,Ask:,3,99,1,119,1,124,1,
3737.571, Bid:,2,44,1,85,1,Ask:,3,99,1,119,1,124,1,
3737.714, Bid:,2,44,1,86,1,Ask:,3,99,1,119,1,124,1,
3738.000, Bid:,1,44,1,Ask:,3,99,1,119,1,124,1,
3738.143, Bid:,2,44,1,45,1,Ask:,3,99,1,119,1,124,1,
3738.286, Bid:,3,44,1,45,1,46,1,Ask:,3,99,1,119,1,124,1,
3738.857, Bid:,3,44,1,46,1,47,1,Ask:,3,99,1,119,1,124,1,
3739.143, Bid:,3,44,1,46,1,48,1,Ask:,3,99,1,119,1,124,1,
3739.714, Bid:,3,44,1,48,1,49,1,Ask:,3,99,1,119,1,124,1,
3739.857, Bid:,3,44,1,49,1,50,1,Ask:,3,99,1,119,1,124,1,
3740.143, Bid:,3,44,1,50,1,51,1,Ask:,3,99,1,119,1,124,1,
3741.000, Bid:,3,44,1,51,1,52,1,Ask:,3,99,1,119,1,124,1,
3741.429, Bid:,3,44,1,51,1,52,1,Ask:,2,99,1,119,1,
3741.571, Bid:,3,44,1,51,1,52,1,Ask:,3,99,1,119,1,140,1,
3742.000, Bid:,3,44,1,52,1,53,1,Ask:,3,99,1,119,1,140,1,
3742.429, Bid:,3,44,1,52,1,54,1,Ask:,3,99,1,119,1,140,1,
3742.714, Bid:,3,44,1,54,1,55,1,Ask:,3,99,1,119,1,140,1,
3742.857, Bid:,3,44,1,54,1,56,1,Ask:,3,99,1,119,1,140,1,
3743.286, Bid:,3,44,1,56,1,57,1,Ask:,3,99,1,119,1,140,1,
3743.571, Bid:,3,44,1,57,1,58,1,Ask:,3,99,1,119,1,140,1,
3743.714, Bid:,3,44,1,58,1,59,1,Ask:,3,99,1,119,1,140,1,
3743.857, Bid:,3,44,1,59,1,60,1,Ask:,3,99,1,119,1,140,1,
3744.143, Bid:,3,44,1,60,1,61,1,Ask:,3,99,1,119,1,140,1,
3744.857, Bid:,3,44,1,61,1,62,1,Ask:,3,99,1,119,1,140,1,
3745.143, Bid:,3,44,1,62,1,63,1,Ask:,3,99,1,119,1,140,1,
3745.571, Bid:,3,44,1,63,1,64,1,Ask:,3,99,1,119,1,140,1,
3745.714, Bid:,2,63,1,64,1,Ask:,2,119,1,140,1,
3745.714, Bid:,2,63,1,99,1,Ask:,2,119,1,140,1,
3746.286, Bid:,1,99,1,Ask:,2,119,1,140,1,
3746.429, Bid:,2,57,1,99,1,Ask:,2,119,1,140,1,
3746.714, Bid:,2,57,1,99,1,Ask:,3,118,1,119,1,140,1,
3748.000, Bid:,2,57,1,99,2,Ask:,3,118,1,119,1,140,1,
3748.571, Bid:,2,57,1,99,2,Ask:,3,117,1,119,1,140,1,
3749.000, Bid:,2,57,1,99,2,Ask:,3,116,1,119,1,140,1,
3749.143, Bid:,2,57,1,99,2,Ask:,2,116,1,119,1,
3749.429, Bid:,2,57,1,99,2,Ask:,3,116,1,119,1,122,1,
3749.857, Bid:,2,57,1,99,2,Ask:,2,119,1,122,1,
3750.429, Bid:,2,57,1,99,2,Ask:,3,118,1,119,1,122,1,
3750.714, Bid:,2,57,1,99,2,Ask:,3,117,1,119,1,122,1,
3751.857, Bid:,2,57,1,99,2,Ask:,3,116,1,119,1,122,1,
3754.286, Bid:,2,57,1,99,2,Ask:,3,115,1,119,1,122,1,
3755.857, Bid:,2,57,1,99,2,Ask:,3,114,1,119,1,122,1,
3758.000, Bid:,1,99,2,Ask:,3,114,1,119,1,122,1,
3758.714, Bid:,1,99,2,Ask:,3,113,1,119,1,122,1,
3759.286, Bid:,2,63,1,99,2,Ask:,3,113,1,119,1,122,1,
3759.429, Bid:,2,63,1,99,2,Ask:,3,112,1,119,1,122,1,
3760.000, Bid:,2,63,1,99,2,Ask:,3,111,1,119,1,122,1,
3760.429, Bid:,2,63,1,99,2,Ask:,3,110,1,119,1,122,1,
3761.143, Bid:,2,63,1,99,2,Ask:,3,109,1,119,1,122,1,
3763.857, Bid:,2,63,1,99,2,Ask:,3,108,1,119,1,122,1,
3766.571, Bid:,2,63,1,99,2,Ask:,3,107,1,119,1,122,1,
3771.286, Bid:,2,63,1,99,2,Ask:,3,106,1,119,1,122,1,
3771.857, Bid:,2,63,1,99,2,Ask:,3,105,1,119,1,122,1,
3772.000, Bid:,2,63,1,99,2,Ask:,3,104,1,119,1,122,1,
3772.857, Bid:,2,63,1,99,2,Ask:,3,103,1,119,1,122,1,
3773.143, Bid:,2,63,1,99,2,Ask:,3,102,1,119,1,122,1,
3774.000, Bid:,2,63,1,99,2,Ask:,3,101,1,119,1,122,1,
3774.286, Bid:,2,63,1,99,2,Ask:,3,100,1,119,1,122,1,
3774.429, Bid:,2,63,1,99,1,Ask:,2,119,1,122,1,
3775.857, Bid:,2,63,1,99,1,Ask:,1,122,1,
3776.143, Bid:,2,63,1,99,2,Ask:,1,122,1,
3776.571, Bid:,2,63,1,99,2,Ask:,0,
3776.857, Bid:,3,63,1,99,1,100,1,Ask:,0,
3777.143, Bid:,3,63,1,100,1,101,1,Ask:,0,
3777.286, Bid:,3,63,1,100,1,102,1,Ask:,0,
3777.429, Bid:,3,63,1,102,1,103,1,Ask:,0,
3777.571, Bid:,2,63,1,103,1,Ask:,0,
3777.714, Bid:,2,63,1,104,1,Ask:,0,
3777.857, Bid:,3,63,1,104,1,105,1,Ask:,0,
3778.286, Bid:,3,63,1,104,1,105,1,Ask:,1,118,1,
3778.429, Bid:,3,63,1,99,1,104,1,Ask:,1,118,1,
3778.571, Bid:,2,63,1,99,2,Ask:,1,118,1,
3779.000, Bid:,2,63,1,99,2,Ask:,2,118,1,130,1,
3789.857, Bid:,2,63,1,99,2,Ask:,1,130,1,
3791.857, Bid:,2,63,1,99,2,Ask:,2,129,1,130,1,
3793.000, Bid:,2,63,1,99,2,Ask:,2,128,1,130,1,
3794.857, Bid:,2,63,1,99,2,Ask:,2,127,1,130,1,
3796.286, Bid:,2,63,1,99,2,Ask:,2,126,1,130,1,
3797.143, Bid:,2,63,1,99,2,Ask:,2,125,1,130,1,
3797.571, Bid:,2,63,1,99,2,Ask:,2,124,1,130,1,
3797.714, Bid:,2,63,1,99,2,Ask:,2,123,1,130,1,
3798.571, Bid:,2,63,1,99,2,Ask:,2,122,1,130,1,
3799.429, Bid:,2,63,1,99,2,Ask:,2,121,1,130,1,
3799.857, Bid:,2,63,1,99,2,Ask:,2,120,1,130,1,
3800.286, Bid:,2,63,1,99,2,Ask:,2,119,1,130,1,
3800.429, Bid:,2,63,1,99,2,Ask:,2,118,1,130,1,
3800.857, Bid:,2,63,1,99,2,Ask:,2,117,1,130,1,
3801.143, Bid:,2,63,1,99,2,Ask:,2,116,1,130,1,
3802.571, Bid:,2,63,1,99,2,Ask:,2,115,1,130,1,
3802.714, Bid:,2,63,1,99,2,Ask:,2,114,1,130,1,
3803.286, Bid:,2,63,1,99,1,Ask:,2,114,1,130,1,
3803.714, Bid:,2,63,1,99,2,Ask:,2,114,1,130,1,
3804.000, Bid:,2,63,1,99,2,Ask:,2,113,1,130,1,
3804.571, Bid:,2,63,1,99,2,Ask:,2,112,1,130,1,
3805.143, Bid:,2,63,1,99,2,Ask:,2,111,1,130,1,
3805.429, Bid:,2,63,1,99,2,Ask:,2,110,1,130,1,
3805.714, Bid:,2,63,1,99,2,Ask:,2,109,1,130,1,
3805.857, Bid:,2,63,1,99,2,Ask:,2,108,1,130,1,
3806.000, Bid:,1,99,2,Ask:,2,108,1,130,1,
3806.000, Bid:,1,99,2,Ask:,3,107,1,108,1,130,1,
3806.857, Bid:,2,77,1,99,2,Ask:,3,107,1,108,1,130,1,
3807.571, Bid:,2,77,1,99,2,Ask:,3,106,1,108,1,130,1,
3808.714, Bid:,2,77,1,99,2,Ask:,3,105,1,106,1,130,1,
3809.286, Bid:,2,77,1,99,2,Ask:,3,104,1,105,1,130,1,
3809.571, Bid:,2,77,1,99,2,Ask:,3,103,1,104,1,130,1,
3809.714, Bid:,2,77,1,99,2,Ask:,3,102,1,104,1,130,1,
3813.286, Bid:,2,77,1,99,2,Ask:,3,101,1,102,1,130,1,
3813.429, Bid:,2,77,1,99,2,Ask:,3,100,1,102,1,130,1,
3815.429, Bid:,2,77,1,99,1,Ask:,2,100,1,130,1,
3815.714, Bid:,1,77,1,Ask:,1,130,1,
3822.714, Bid:,2,77,1,88,1,Ask:,1,130,1,
3826.143, Bid:,2,77,1,88,1,Ask:,0,
3829.143, Bid:,2,77,1,88,1,Ask:,1,160,1,
3834.000, Bid:,3,77,1,88,1,99,1,Ask:,1,160,1,
3836.143, Bid:,2,88,1,99,1,Ask:,1,160,1,
3836.429, Bid:,2,88,1,99,1,Ask:,2,159,1,160,1,
3836.571, Bid:,2,88,1,99,1,Ask:,3,158,1,159,1,160,1,
3837.714, Bid:,3,72,1,88,1,99,1,Ask:,3,158,1,159,1,160,1,
3838.000, Bid:,3,72,1,88,1,99,1,Ask:,3,157,1,158,1,160,1,
3838.143, Bid:,3,72,1,88,1,99,1,Ask:,3,156,1,158,1,160,1,
3838.429, Bid:,3,72,1,88,1,99,1,Ask:,3,155,1,156,1,160,1,
3839.000, Bid:,3,72,1,88,1,99,1,Ask:,3,154,1,155,1,160,1,
3840.000, Bid:,3,72,1,88,1,99,1,Ask:,3,153,1,154,1,160,1,
3840.857, Bid:,3,72,1,88,1,99,1,Ask:,3,152,1,153,1,160,1,
3842.143, Bid:,3,72,1,88,1,99,1,Ask:,2,153,1,160,1,
3842.286, Bid:,2,72,1,88,1,Ask:,2,153,1,160,1,
3843.000, Bid:,3,72,1,88,1,99,1,Ask:,2,153,1,160,1,
3843.429, Bid:,3,72,1,88,1,99,1,Ask:,3,152,1,153,1,160,1,
3843.571, Bid:,3,72,1,88,1,99,1,Ask:,3,151,1,152,1,160,1,
3843.714, Bid:,3,72,1,88,1,99,1,Ask:,3,150,1,152,1,160,1,
3844.714, Bid:,3,72,1,88,1,99,1,Ask:,3,149,1,152,1,160,1,
3845.143, Bid:,3,72,1,88,1,99,1,Ask:,2,152,1,160,1,
3845.143, Bid:,3,72,1,88,1,99,1,Ask:,3,151,1,152,1,160,1,
3845.429, Bid:,3,72,1,88,1,99,1,Ask:,3,150,1,151,1,160,1,
3845.857, Bid:,3,72,1,88,1,99,1,Ask:,3,149,1,150,1,160,1,
3846.286, Bid:,3,72,1,88,1,99,1,Ask:,3,148,1,150,1,160,1,
3846.429, Bid:,3,72,1,88,1,99,1,Ask:,3,147,1,150,1,160,1,
3846.571, Bid:,3,72,1,88,1,99,1,Ask:,3,146,1,147,1,160,1,
3848.286, Bid:,3,72,1,88,1,99,1,Ask:,3,145,1,146,1,160,1,
3848.571, Bid:,3,72,1,88,1,99,1,Ask:,3,144,1,145,1,160,1,
3848.714, Bid:,3,72,1,88,1,99,1,Ask:,3,143,1,144,1,160,1,
3849.143, Bid:,3,72,1,88,1,99,1,Ask:,3,142,1,144,1,160,1,
3849.286, Bid:,3,72,1,88,1,99,1,Ask:,3,141,1,144,1,160,1,
3849.571, Bid:,3,72,1,88,1,99,1,Ask:,3,140,1,141,1,160,1,
3849.857, Bid:,3,72,1,88,1,99,1,Ask:,3,139,1,141,1,160,1,
3850.000, Bid:,3,72,1,88,1,99,1,Ask:,3,138,1,139,1,160,1,
3850.429, Bid:,3,72,1,88,1,99,1,Ask:,3,137,1,139,1,160,1,
3851.857, Bid:,3,72,1,88,1,99,1,Ask:,3,136,1,137,1,160,1,
3852.286, Bid:,3,72,1,88,1,99,1,Ask:,3,135,1,137,1,160,1,
3852.714, Bid:,3,72,1,88,1,99,1,Ask:,3,134,1,137,1,160,1,
3853.000, Bid:,3,72,1,88,1,99,1,Ask:,3,133,1,137,1,160,1,
3853.857, Bid:,3,72,1,88,1,99,1,Ask:,3,132,1,133,1,160,1,
3854.000, Bid:,3,72,1,88,1,99,1,Ask:,3,131,1,132,1,160,1,
3854.714, Bid:,3,72,1,88,1,99,1,Ask:,3,130,1,132,1,160,1,
3854.857, Bid:,3,72,1,88,1,99,1,Ask:,3,129,1,130,1,160,1,
3855.000, Bid:,3,72,1,88,1,99,1,Ask:,3,128,1,130,1,160,1,
3855.429, Bid:,3,72,1,88,1,99,1,Ask:,3,127,1,130,1,160,1,
3856.286, Bid:,3,72,1,88,1,99,1,Ask:,3,126,1,130,1,160,1,
3857.429, Bid:,3,72,1,88,1,99,1,Ask:,3,125,1,126,1,160,1,
3858.000, Bid:,3,72,1,88,1,99,1,Ask:,3,124,1,125,1,160,1,
3858.857, Bid:,2,72,1,99,1,Ask:,3,124,1,125,1,160,1,
3859.143, Bid:,2,72,1,99,1,Ask:,3,123,1,124,1,160,1,
3859.286, Bid:,2,72,1,99,1,Ask:,3,122,1,124,1,160,1,
3859.429, Bid:,2,72,1,99,2,Ask:,3,122,1,124,1,160,1,
3860.000, Bid:,2,72,1,99,2,Ask:,3,121,1,122,1,160,1,
3861.571, Bid:,2,72,1,99,2,Ask:,3,120,1,122,1,160,1,
3861.714, Bid:,2,72,1,99,2,Ask:,3,119,1,120,1,160,1,
3861.857, Bid:,2,72,1,99,2,Ask:,3,118,1,119,1,160,1,
3862.429, Bid:,2,72,1,99,2,Ask:,3,117,1,119,1,160,1,
3864.000, Bid:,2,72,1,99,2,Ask:,3,116,1,119,1,160,1,
3865.571, Bid:,2,72,1,99,2,Ask:,3,115,1,119,1,160,1,
3866.286, Bid:,1,99,2,Ask:,2,115,1,119,1,
3866.571, Bid:,1,99,2,Ask:,3,115,1,119,1,126,1,
3867.000, Bid:,2,61,1,99,2,Ask:,3,115,1,119,1,126,1,
3867.429, Bid:,2,61,1,99,2,Ask:,3,114,1,119,1,126,1,
3868.429, Bid:,2,61,1,99,2,Ask:,3,113,1,119,1,126,1,
3868.571, Bid:,2,61,1,99,2,Ask:,3,112,1,119,1,126,1,
3868.714, Bid:,2,61,1,99,2,Ask:,3,111,1,119,1,126,1,
3868.857, Bid:,2,61,1,99,1,Ask:,3,111,1,119,1,126,1,
3868.857, Bid:,2,61,1,99,2,Ask:,3,111,1,119,1,126,1,
3869.000, Bid:,2,61,1,99,2,Ask:,2,111,1,126,1,
3869.000, Bid:,2,61,1,99,2,Ask:,3,110,1,111,1,126,1,
3869.143, Bid:,2,61,1,99,2,Ask:,3,109,1,110,1,126,1,
3869.286, Bid:,2,61,1,99,2,Ask:,3,108,1,110,1,126,1,
3869.714, Bid:,2,61,1,99,2,Ask:,3,107,1,110,1,126,1,
3870.143, Bid:,2,61,1,99,2,Ask:,3,106,1,110,1,126,1,
3872.286, Bid:,2,61,1,99,2,Ask:,3,105,1,110,1,126,1,
3872.429, Bid:,2,61,1,99,2,Ask:,3,104,1,105,1,126,1,
3873.286, Bid:,2,61,1,99,2,Ask:,3,103,1,105,1,126,1,
3874.143, Bid:,2,61,1,99,2,Ask:,3,102,1,103,1,126,1,
3875.571, Bid:,2,61,1,99,2,Ask:,3,101,1,103,1,126,1,
3876.286, Bid:,2,61,1,99,2,Ask:,3,100,1,103,1,126,1,
3876.571, Bid:,2,61,1,99,1,Ask:,2,100,1,126,1,
3878.000, Bid:,1,61,1,Ask:,1,126,1,
3878.429, Bid:,1,61,1,Ask:,0,
3878.429, Bid:,1,61,1,Ask:,1,130,1,
3885.714, Bid:,0,Ask:,1,130,1,
3886.857, Bid:,1,72,1,Ask:,1,130,1,
3897.143, Bid:,2,72,1,99,1,Ask:,1,130,1,
3900.000, Bid:,2,72,1,99,1,Ask:,2,129,1,130,1,
3900.286, Bid:,2,72,1,99,1,Ask:,2,128,1,130,1,
3901.571, Bid:,2,72,1,99,1,Ask:,2,127,1,130,1,
3902.429, Bid:,2,72,1,99,1,Ask:,2,126,1,130,1,
3904.000, Bid:,2,72,1,99,1,Ask:,2,125,1,130,1,
3904.429, Bid:,2,72,1,99,1,Ask:,2,124,1,130,1,
3905.286, Bid:,2,72,1,99,1,Ask:,2,123,1,130,1,
3905.857, Bid:,1,99,1,Ask:,2,123,1,130,1,
3906.429, Bid:,2,70,1,99,1,Ask:,2,123,1,130,1,
3907.857, Bid:,2,70,1,99,1,Ask:,2,122,1,130,1,
3908.143, Bid:,2,70,1,99,1,Ask:,2,121,1,130,1,
3909.143, Bid:,2,70,1,99,1,Ask:,2,120,1,130,1,
3909.857, Bid:,2,70,1,99,1,Ask:,2,119,1,130,1,
3910.286, Bid:,2,70,1,99,1,Ask:,2,118,1,130,1,
3911.143, Bid:,2,70,1,99,1,Ask:,2,117,1,130,1,
3911.714, Bid:,1,70,1,Ask:,2,117,1,130,1,
3911.714, Bid:,2,70,1,99,1,Ask:,2,117,1,130,1,
3913.143, Bid:,2,70,1,99,1,Ask:,2,116,1,130,1,
3913.429, Bid:,2,70,1,99,1,Ask:,1,116,1,
3914.143, Bid:,2,70,1,99,1,Ask:,2,116,1,121,1,
3914.571, Bid:,2,70,1,99,1,Ask:,2,115,1,121,1,
3915.714, Bid:,2,70,1,99,1,Ask:,2,114,1,121,1,
3916.429, Bid:,2,70,1,99,1,Ask:,2,113,1,121,1,
3916.714, Bid:,2,70,1,99,1,Ask:,2,112,1,121,1,
3917.429, Bid:,2,70,1,99,1,Ask:,2,111,1,121,1,
3918.571, Bid:,2,70,1,99,1,Ask:,2,110,1,121,1,
3919.714, Bid:,2,70,1,99,1,Ask:,2,109,1,121,1,
3921.714, Bid:,2,70,1,99,1,Ask:,2,108,1,121,1,
3922.000, Bid:,2,70,1,99,1,Ask:,2,107,1,121,1,
3922.143, Bid:,2,70,1,99,1,Ask:,1,121,1,
3922.143, Bid:,2,70,1,99,1,Ask:,2,120,1,121,1,
3922.714, Bid:,2,70,1,99,1,Ask:,2,119,1,121,1,
3922.857, Bid:,2,70,1,99,1,Ask:,2,118,1,121,1,
3923.429, Bid:,2,70,1,99,1,Ask:,2,117,1,121,1,
3924.000, Bid:,2,70,1,99,1,Ask:,2,116,1,121,1,
3924.143, Bid:,2,70,1,99,1,Ask:,2,115,1,121,1,
3924.286, Bid:,2,70,1,99,1,Ask:,2,114,1,121,1,
3925.429, Bid:,2,70,1,99,1,Ask:,2,113,1,121,1,
3925.714, Bid:,2,70,1,99,1,Ask:,2,112,1,121,1,
3926.286, Bid:,2,70,1,99,1,Ask:,2,111,1,121,1,
3927.000, Bid:,2,70,1,99,1,Ask:,2,110,1,121,1,
3927.429, Bid:,3,70,1,92,1,99,1,Ask:,2,110,1,121,1,
3927.714, Bid:,3,70,1,92,1,99,1,Ask:,3,110,1,112,1,121,1,
3930.714, Bid:,3,70,1,92,1,99,1,Ask:,3,109,1,112,1,121,1,
3931.000, Bid:,3,70,1,92,1,99,1,Ask:,3,108,1,112,1,121,1,
3931.714, Bid:,3,70,1,92,1,99,1,Ask:,3,107,1,112,1,121,1,
3932.143, Bid:,3,70,1,92,1,99,1,Ask:,3,106,1,112,1,121,1,
3933.000, Bid:,3,70,1,92,1,99,1,Ask:,3,105,1,112,1,121,1,
3933.286, Bid:,3,70,1,92,1,99,1,Ask:,3,104,1,112,1,121,1,
3933.429, Bid:,3,70,1,92,1,99,1,Ask:,3,103,1,112,1,121,1,
3934.286, Bid:,3,70,1,92,1,99,1,Ask:,3,102,1,112,1,121,1,
3934.429, Bid:,3,70,1,92,1,99,1,Ask:,3,101,1,112,1,121,1,
3934.571, Bid:,3,70,1,92,1,99,1,Ask:,3,100,1,112,1,121,1,
3935.000, Bid:,2,70,1,92,1,Ask:,2,112,1,121,1,
3936.714, Bid:,1,92,1,Ask:,2,112,1,121,1,
3936.714, Bid:,2,55,1,92,1,Ask:,2,112,1,121,1,
3941.571, Bid:,2,55,1,92,1,Ask:,3,99,1,112,1,121,1,
3945.571, Bid:,1,55,1,Ask:,3,99,1,112,1,121,1,
3945.857, Bid:,1,55,1,Ask:,2,99,1,121,1,
3945.857, Bid:,1,55,1,Ask:,3,99,1,118,1,121,1,
3948.000, Bid:,2,55,1,56,1,Ask:,3,99,1,118,1,121,1,
3949.143, Bid:,2,55,1,57,1,Ask:,3,99,1,118,1,121,1,
3951.143, Bid:,2,55,1,58,1,Ask:,3,99,1,118,1,121,1,
3951.571, Bid:,2,55,1,59,1,Ask:,3,99,1,118,1,121,1,
3952.857, Bid:,2,55,1,60,1,Ask:,3,99,1,118,1,121,1,
3954.714, Bid:,2,55,1,61,1,Ask:,3,99,1,118,1,121,1,
3954.857, Bid:,2,55,1,62,1,Ask:,3,99,1,118,1,121,1,
3955.000, Bid:,2,55,1,63,1,Ask:,3,99,1,118,1,121,1,
3955.857, Bid:,2,55,1,64,1,Ask:,3,99,1,118,1,121,1,
3956.571, Bid:,2,55,1,65,1,Ask:,3,99,1,118,1,121,1,
3956.714, Bid:,2,55,1,65,1,Ask:,2,99,1,118,1,
3957.286, Bid:,3,55,1,65,1,66,1,Ask:,2,99,1,118,1,
3957.429, Bid:,3,55,1,65,1,67,1,Ask:,2,99,1,118,1,
3957.857, Bid:,3,55,1,65,1,68,1,Ask:,2,99,1,118,1,
3958.000, Bid:,3,55,1,68,1,69,1,Ask:,2,99,1,118,1,
3958.143, Bid:,3,55,1,69,1,70,1,Ask:,2,99,1,118,1,
3958.286, Bid:,3,55,1,69,1,70,1,Ask:,3,99,1,118,1,125,1,
3958.857, Bid:,3,55,1,69,1,71,1,Ask:,3,99,1,118,1,125,1,
3959.000, Bid:,3,55,1,69,1,72,1,Ask:,3,99,1,118,1,125,1,
3959.571, Bid:,3,55,1,72,1,73,1,Ask:,3,99,1,118,1,125,1,
3960.000, Bid:,3,55,1,72,1,74,1,Ask:,3,99,1,118,1,125,1,
3960.286, Bid:,3,55,1,72,1,75,1,Ask:,3,99,1,118,1,125,1,
3960.714, Bid:,3,55,1,75,1,76,1,Ask:,3,99,1,118,1,125,1,
3960.857, Bid:,3,55,1,75,1,77,1,Ask:,3,99,1,118,1,125,1,
3961.429, Bid:,3,55,1,75,1,78,1,Ask:,3,99,1,118,1,125,1,
3961.857, Bid:,3,55,1,78,1,79,1,Ask:,3,99,1,118,1,125,1,
3962.286, Bid:,3,55,1,78,1,80,1,Ask:,3,99,1,118,1,125,1,
3963.000, Bid:,3,55,1,78,1,81,1,Ask:,3,99,1,118,1,125,1,
3963.429, Bid:,3,55,1,81,1,82,1,Ask:,3,99,1,118,1,125,1,
3963.714, Bid:,3,55,1,82,1,83,1,Ask:,3,99,1,118,1,125,1,
3964.143, Bid:,3,55,1,82,1,84,1,Ask:,3,99,1,118,1,125,1,
3964.714, Bid:,3,55,1,84,1,85,1,Ask:,3,99,1,118,1,125,1,
3965.286, Bid:,3,55,1,84,1,86,1,Ask:,3,99,1,118,1,125,1,
3966.000, Bid:,3,55,1,86,1,87,1,Ask:,3,99,1,118,1,125,1,
3966.143, Bid:,3,55,1,87,1,88,1,Ask:,3,99,1,118,1,125,1,
3966.286, Bid:,3,55,1,87,1,88,1,Ask:,2,99,1,125,1,
3966.286, Bid:,3,55,1,87,1,88,1,Ask:,2,99,2,125,1,
3966.429, Bid:,3,55,1,87,1,89,1,Ask:,2,99,2,125,1,
3966.857, Bid:,2,87,1,89,1,Ask:,2,99,2,125,1,
3967.143, Bid:,3,55,1,87,1,89,1,Ask:,2,99,2,125,1,
3968.143, Bid:,3,55,1,89,1,90,1,Ask:,2,99,2,125,1,
3968.429, Bid:,3,55,1,90,1,91,1,Ask:,2,99,2,125,1,
3968.714, Bid:,3,55,1,90,1,92,1,Ask:,2,99,2,125,1,
3969.000, Bid:,3,55,1,90,1,93,1,Ask:,2,99,2,125,1,
3969.143, Bid:,3,55,1,93,1,94,1,Ask:,2,99,2,125,1,
3969.286, Bid:,3,55,1,94,1,95,1,Ask:,2,99,2,125,1,
3969.571, Bid:,3,55,1,94,1,96,1,Ask:,2,99,2,125,1,
3970.000, Bid:,3,55,1,96,1,97,1,Ask:,2,99,2,125,1,
3970.429, Bid:,3,55,1,96,1,98,1,Ask:,2,99,2,125,1,
3970.857, Bid:,2,55,1,98,1,Ask:,2,99,1,125,1,
3971.143, Bid:,1,55,1,Ask:,1,125,1,
3974.000, Bid:,2,55,1,90,1,Ask:,1,125,1,
3983.000, Bid:,2,55,1,90,1,Ask:,0,
3985.143, Bid:,2,55,1,90,1,Ask:,1,150,1,
3987.286, Bid:,2,55,1,90,1,Ask:,2,99,1,150,1,
3987.714, Bid:,1,55,1,Ask:,2,99,1,150,1,
3987.714, Bid:,2,55,1,56,1,Ask:,2,99,1,150,1,
3988.143, Bid:,2,55,1,56,1,Ask:,3,99,1,109,1,150,1,
3988.429, Bid:,3,55,1,56,1,57,1,Ask:,3,99,1,109,1,150,1,
3988.857, Bid:,2,56,1,57,1,Ask:,3,99,1,109,1,150,1,
3988.857, Bid:,2,56,1,58,1,Ask:,3,99,1,109,1,150,1,
3989.000, Bid:,2,58,1,59,1,Ask:,3,99,1,109,1,150,1,
3989.286, Bid:,3,53,1,58,1,59,1,Ask:,3,99,1,109,1,150,1,
3989.429, Bid:,3,53,1,58,1,60,1,Ask:,3,99,1,109,1,150,1,
3989.571, Bid:,3,53,1,60,1,61,1,Ask:,3,99,1,109,1,150,1,
3989.857, Bid:,3,53,1,60,1,62,1,Ask:,3,99,1,109,1,150,1,
3990.000, Bid:,3,53,1,62,1,63,1,Ask:,3,99,1,109,1,150,1,
3990.429, Bid:,3,53,1,62,1,64,1,Ask:,3,99,1,109,1,150,1,
3990.571, Bid:,3,53,1,62,1,65,1,Ask:,3,99,1,109,1,150,1,
3991.286, Bid:,3,53,1,65,1,66,1,Ask:,3,99,1,109,1,150,1,
3991.714, Bid:,3,53,1,66,1,67,1,Ask:,3,99,1,109,1,150,1,
3991.857, Bid:,3,53,1,66,1,68,1,Ask:,3,99,1,109,1,150,1,
3992.143, Bid:,3,53,1,66,1,69,1,Ask:,3,99,1,109,1,150,1,
3992.286, Bid:,3,53,1,69,1,70,1,Ask:,3,99,1,109,1,150,1,
3992.714, Bid:,3,53,1,70,1,71,1,Ask:,3,99,1,109,1,150,1,
3993.000, Bid:,3,53,1,70,1,72,1,Ask:,3,99,1,109,1,150,1,
3993.286, Bid:,3,53,1,72,1,73,1,Ask:,3,99,1,109,1,150,1,
3995.143, Bid:,3,53,1,73,1,74,1,Ask:,3,99,1,109,1,150,1,
3995.286, Bid:,3,53,1,73,1,75,1,Ask:,3,99,1,109,1,150,1,
3995.714, Bid:,3,53,1,73,1,76,1,Ask:,3,99,1,109,1,150,1,
3995.857, Bid:,3,53,1,76,1,77,1,Ask:,3,99,1,109,1,150,1,
3996.143, Bid:,3,53,1,76,1,78,1,Ask:,3,99,1,109,1,150,1,
3996.571, Bid:,3,53,1,76,1,78,1,Ask:,2,99,1,109,1,
3996.714, Bid:,3,53,1,76,1,78,1,Ask:,3,99,1,109,1,143,1,
3997.143, Bid:,3,53,1,76,1,79,1,Ask:,3,99,1,109,1,143,1,
3999.000, Bid:,3,53,1,76,1,80,1,Ask:,3,99,1,109,1,143,1,
3999.286, Bid:,3,53,1,76,1,81,1,Ask:,3,99,1,109,1,143,1,
4000.429, Bid:,3,53,1,80,1,81,1,Ask:,3,99,1,109,1,143,1,
4000.571, Bid:,3,53,1,80,1,82,1,Ask:,3,99,1,109,1,143,1,
4001.000, Bid:,3,53,1,80,1,83,1,Ask:,3,99,1,109,1,143,1,
4002.857, Bid:,3,53,1,80,1,84,1,Ask:,3,99,1,109,1,143,1,
4003.714, Bid:,3,53,1,80,1,85,1,Ask:,3,99,1,109,1,143,1,
4004.714, Bid:,3,53,1,80,1,86,1,Ask:,3,99,1,109,1,143,1,
4005.429, Bid:,3,53,1,80,1,87,1,Ask:,3,99,1,109,1,143,1,
4005.714, Bid:,3,53,1,80,1,88,1,Ask:,3,99,1,109,1,143,1,
4009.714, Bid:,3,53,1,80,1,89,1,Ask:,3,99,1,109,1,143,1,
4012.000, Bid:,3,53,1,80,1,90,1,Ask:,3,99,1,109,1,143,1,
4013.143, Bid:,3,53,1,80,1,91,1,Ask:,3,99,1,109,1,143,1,
4013.857, Bid:,3,53,1,80,1,92,1,Ask:,3,99,1,109,1,143,1,
4014.143, Bid:,3,53,1,80,1,93,1,Ask:,3,99,1,109,1,143,1,
4014.571, Bid:,3,53,1,80,1,94,1,Ask:,3,99,1,109,1,143,1,
4016.286, Bid:,3,53,1,80,1,95,1,Ask:,3,99,1,109,1,143,1,
4017.000, Bid:,2,53,1,80,1,Ask:,2,109,1,143,1,
4017.286, Bid:,3,53,1,80,1,99,1,Ask:,2,109,1,143,1,
4017.714, Bid:,3,53,1,80,1,99,1,Ask:,3,108,1,109,1,143,1,
4018.714, Bid:,3,53,1,80,1,99,1,Ask:,3,107,1,109,1,143,1,
4019.714, Bid:,3,53,1,80,1,99,1,Ask:,3,106,1,109,1,143,1,
4021.000, Bid:,3,53,1,80,1,99,1,Ask:,3,105,1,109,1,143,1,
4022.714, Bid:,2,53,1,80,1,Ask:,3,105,1,109,1,143,1,
4022.857, Bid:,2,53,1,80,1,Ask:,3,99,1,109,1,143,1,
4023.143, Bid:,3,53,1,80,1,81,1,Ask:,3,99,1,109,1,143,1,
4024.857, Bid:,3,53,1,80,1,82,1,Ask:,3,99,1,109,1,143,1,
4025.286, Bid:,3,53,1,80,1,83,1,Ask:,3,99,1,109,1,143,1,
4026.000, Bid:,3,53,1,80,1,84,1,Ask:,3,99,1,109,1,143,1,
4026.571, Bid:,3,53,1,80,1,85,1,Ask:,3,99,1,109,1,143,1,
4026.857, Bid:,3,53,1,80,1,85,1,Ask:,2,99,1,143,1,
4027.571, Bid:,3,53,1,80,1,86,1,Ask:,2,99,1,143,1,
4027.714, Bid:,3,53,1,80,1,86,1,Ask:,3,99,1,114,1,143,1,
4028.857, Bid:,3,53,1,80,1,87,1,Ask:,3,99,1,114,1,143,1,
4029.429, Bid:,3,53,1,80,1,87,1,Ask:,2,99,1,114,1,
4029.714, Bid:,3,53,1,80,1,88,1,Ask:,2,99,1,114,1,
4030.143, Bid:,3,53,1,80,1,89,1,Ask:,2,99,1,114,1,
4031.286, Bid:,3,53,1,80,1,90,1,Ask:,2,99,1,114,1,
4031.429, Bid:,3,53,1,80,1,91,1,Ask:,2,99,1,114,1,
4031.714, Bid:,3,53,1,80,1,91,1,Ask:,3,99,1,114,1,132,1,
4034.286, Bid:,3,53,1,80,1,92,1,Ask:,3,99,1,114,1,132,1,
4035.429, Bid:,3,53,1,80,1,93,1,Ask:,3,99,1,114,1,132,1,
4035.714, Bid:,3,53,1,80,1,94,1,Ask:,3,99,1,114,1,132,1,
4036.571, Bid:,2,80,1,94,1,Ask:,3,99,1,114,1,132,1,
4036.714, Bid:,2,80,1,95,1,Ask:,3,99,1,114,1,132,1,
4036.857, Bid:,3,51,1,80,1,95,1,Ask:,3,99,1,114,1,132,1,
4038.571, Bid:,3,51,1,80,1,96,1,Ask:,3,99,1,114,1,132,1,
4041.571, Bid:,3,51,1,80,1,97,1,Ask:,3,99,1,114,1,132,1,
4041.857, Bid:,3,51,1,80,1,98,1,Ask:,3,99,1,114,1,132,1,
4042.571, Bid:,2,51,1,80,1,Ask:,2,114,1,132,1,
4047.143, Bid:,1,51,1,Ask:,2,114,1,132,1,
4047.286, Bid:,1,51,1,Ask:,3,99,1,114,1,132,1,
4047.571, Bid:,2,51,1,52,1,Ask:,3,99,1,114,1,132,1,
4047.714, Bid:,2,51,1,53,1,Ask:,3,99,1,114,1,132,1,
4048.143, Bid:,2,51,1,54,1,Ask:,3,99,1,114,1,132,1,
4048.571, Bid:,2,51,1,55,1,Ask:,3,99,1,114,1,132,1,
4049.143, Bid:,2,51,1,56,1,Ask:,3,99,1,114,1,132,1,
4049.286, Bid:,2,51,1,57,1,Ask:,3,99,1,114,1,132,1,
4049.571, Bid:,2,51,1,58,1,Ask:,3,99,1,114,1,132,1,
4049.714, Bid:,2,51,1,59,1,Ask:,3,99,1,114,1,132,1,
4050.714, Bid:,2,51,1,60,1,Ask:,3,99,1,114,1,132,1,
4051.286, Bid:,2,51,1,61,1,Ask:,3,99,1,114,1,132,1,
4052.714, Bid:,2,51,1,61,1,Ask:,2,114,1,132,1,
4053.286, Bid:,2,51,1,61,1,Ask:,3,99,1,114,1,132,1,
4053.857, Bid:,2,51,1,62,1,Ask:,3,99,1,114,1,132,1,
4054.571, Bid:,1,62,1,Ask:,3,99,1,114,1,132,1,
4055.571, Bid:,2,55,1,62,1,Ask:,3,99,1,114,1,132,1,
4055.857, Bid:,2,55,1,63,1,Ask:,3,99,1,114,1,132,1,
4056.286, Bid:,2,55,1,64,1,Ask:,3,99,1,114,1,132,1,
4057.143, Bid:,2,55,1,65,1,Ask:,3,99,1,114,1,132,1,
4058.286, Bid:,2,55,1,66,1,Ask:,3,99,1,114,1,132,1,
4059.143, Bid:,2,55,1,67,1,Ask:,3,99,1,114,1,132,1,
4059.429, Bid:,2,55,1,68,1,Ask:,3,99,1,114,1,132,1,
4059.857, Bid:,2,55,1,69,1,Ask:,3,99,1,114,1,132,1,
4060.286, Bid:,2,55,1,70,1,Ask:,3,99,1,114,1,132,1,
4061.571, Bid:,2,55,1,71,1,Ask:,3,99,1,114,1,132,1,
4061.857, Bid:,2,55,1,72,1,Ask:,3,99,1,114,1,132,1,
4062.143, Bid:,2,55,1,73,1,Ask:,3,99,1,114,1,132,1,
4063.143, Bid:,2,55,1,74,1,Ask:,3,99,1,114,1,132,1,
4063.857, Bid:,2,55,1,75,1,Ask:,3,99,1,114,1,132,1,
4065.714, Bid:,2,55,1,76,1,Ask:,3,99,1,114,1,132,1,
4066.429, Bid:,2,55,1,77,1,Ask:,3,99,1,114,1,132,1,
4066.714, Bid:,2,55,1,78,1,Ask:,3,99,1,114,1,132,1,
4066.857, Bid:,2,55,1,79,1,Ask:,3,99,1,114,1,132,1,
4067.286, Bid:,2,55,1,80,1,Ask:,3,99,1,114,1,132,1,
4068.286, Bid:,2,55,1,81,1,Ask:,3,99,1,114,1,132,1,
4068.429, Bid:,2,55,1,82,1,Ask:,3,99,1,114,1,132,1,
4069.429, Bid:,3,55,1,82,1,83,1,Ask:,3,99,1,114,1,132,1,
4070.714, Bid:,3,55,1,82,1,83,1,Ask:,2,99,1,114,1,
4070.857, Bid:,3,55,1,83,1,84,1,Ask:,2,99,1,114,1,
4071.429, Bid:,3,55,1,83,1,85,1,Ask:,2,99,1,114,1,
4071.857, Bid:,3,55,1,85,1,86,1,Ask:,2,99,1,114,1,
4072.571, Bid:,3,55,1,86,1,87,1,Ask:,2,99,1,114,1,
4072.714, Bid:,3,55,1,86,1,88,1,Ask:,2,99,1,114,1,
4072.857, Bid:,3,55,1,86,1,88,1,Ask:,3,99,1,114,1,158,1,
4073.286, Bid:,3,55,1,86,1,89,1,Ask:,3,99,1,114,1,158,1,
4073.429, Bid:,3,55,1,86,1,90,1,Ask:,3,99,1,114,1,158,1,
4073.571, Bid:,3,55,1,86,1,91,1,Ask:,3,99,1,114,1,158,1,
4074.000, Bid:,3,55,1,86,1,92,1,Ask:,3,99,1,114,1,158,1,
4075.000, Bid:,3,55,1,86,1,93,1,Ask:,3,99,1,114,1,158,1,
4075.143, Bid:,3,55,1,93,1,94,1,Ask:,3,99,1,114,1,158,1,
4075.286, Bid:,3,55,1,94,1,95,1,Ask:,3,99,1,114,1,158,1,
4076.571, Bid:,3,55,1,95,1,96,1,Ask:,3,99,1,114,1,158,1,
4077.286, Bid:,2,55,1,96,1,Ask:,2,99,1,158,1,
4077.429, Bid:,3,55,1,96,1,97,1,Ask:,2,99,1,158,1,
4077.714, Bid:,3,55,1,96,1,97,1,Ask:,2,99,2,158,1,
4078.857, Bid:,3,55,1,96,1,97,1,Ask:,2,99,1,158,1,
4078.857, Bid:,3,55,1,97,1,98,1,Ask:,2,99,1,158,1,
4079.000, Bid:,3,55,1,97,1,98,1,Ask:,2,99,2,158,1,
4079.857, Bid:,2,55,1,98,1,Ask:,2,99,1,158,1,
4080.286, Bid:,1,55,1,Ask:,1,158,1,
4082.429, Bid:,2,55,1,99,1,Ask:,1,158,1,
4086.714, Bid:,2,55,1,99,1,Ask:,2,157,1,158,1,
4087.429, Bid:,2,55,1,99,1,Ask:,2,156,1,158,1,
4088.571, Bid:,2,55,1,99,1,Ask:,2,155,1,158,1,
4089.000, Bid:,2,55,1,99,1,Ask:,2,154,1,158,1,
4089.571, Bid:,2,55,1,99,1,Ask:,2,153,1,158,1,
4089.714, Bid:,2,55,1,99,1,Ask:,2,152,1,158,1,
4090.429, Bid:,2,55,1,99,1,Ask:,2,151,1,158,1,
4090.857, Bid:,2,55,1,99,1,Ask:,2,150,1,158,1,
4091.000, Bid:,2,55,1,99,1,Ask:,2,149,1,158,1,
4092.000, Bid:,2,55,1,99,1,Ask:,2,148,1,158,1,
4092.571, Bid:,2,55,1,99,1,Ask:,2,147,1,158,1,
4093.857, Bid:,2,55,1,99,1,Ask:,2,146,1,158,1,
4095.571, Bid:,2,55,1,99,1,Ask:,2,145,1,158,1,
4095.714, Bid:,2,55,1,99,1,Ask:,2,144,1,158,1,
4096.286, Bid:,2,55,1,99,1,Ask:,2,143,1,158,1,
4097.000, Bid:,2,55,1,99,1,Ask:,2,142,1,158,1,
4098.000, Bid:,2,55,1,99,1,Ask:,2,141,1,158,1,
4100.429, Bid:,2,55,1,99,1,Ask:,2,140,1,158,1,
4101.571, Bid:,1,99,1,Ask:,2,140,1,158,1,
4101.571, Bid:,1,99,1,Ask:,2,139,1,158,1,
4101.857, Bid:,1,99,1,Ask:,2,138,1,158,1,
4102.000, Bid:,2,80,1,99,1,Ask:,2,138,1,158,1,
4102.143, Bid:,2,80,1,99,1,Ask:,2,137,1,158,1,
4102.286, Bid:,2,80,1,99,1,Ask:,2,136,1,158,1,
4106.429, Bid:,2,80,1,99,1,Ask:,2,135,1,158,1,
4107.429, Bid:,2,80,1,99,1,Ask:,1,135,1,
4107.571, Bid:,2,80,1,99,1,Ask:,2,135,1,159,1,
4107.714, Bid:,2,80,1,99,1,Ask:,2,134,1,159,1,
4108.143, Bid:,2,80,1,99,1,Ask:,2,133,1,159,1,
4108.571, Bid:,2,80,1,99,1,Ask:,1,133,1,
4109.143, Bid:,2,80,1,99,1,Ask:,2,133,1,142,1,
4109.286, Bid:,2,80,1,99,2,Ask:,2,133,1,142,1,
4109.714, Bid:,2,80,1,99,2,Ask:,2,132,1,142,1,
4111.000, Bid:,2,80,1,99,2,Ask:,2,131,1,142,1,
4111.714, Bid:,2,80,1,99,2,Ask:,2,130,1,142,1,
4111.857, Bid:,2,80,1,99,2,Ask:,2,129,1,142,1,
4112.571, Bid:,2,80,1,99,2,Ask:,2,128,1,142,1,
4113.429, Bid:,2,80,1,99,2,Ask:,2,127,1,142,1,
4113.714, Bid:,2,80,1,99,2,Ask:,2,126,1,142,1,
4115.000, Bid:,2,80,1,99,2,Ask:,2,125,1,142,1,
4115.714, Bid:,2,80,1,99,1,Ask:,2,125,1,142,1,
4115.714, Bid:,3,80,1,95,1,99,1,Ask:,2,125,1,142,1,
4117.000, Bid:,3,80,1,95,1,99,1,Ask:,2,124,1,142,1,
4117.143, Bid:,3,80,1,95,1,99,1,Ask:,2,123,1,142,1,
4117.714, Bid:,3,80,1,95,1,99,1,Ask:,2,122,1,142,1,
4118.000, Bid:,3,80,1,95,1,99,1,Ask:,2,121,1,142,1,
4118.857, Bid:,3,80,1,95,1,99,1,Ask:,2,120,1,142,1,
4120.286, Bid:,3,80,1,95,1,99,1,Ask:,2,119,1,142,1,
4120.571, Bid:,3,80,1,95,1,99,1,Ask:,2,118,1,142,1,
4121.000, Bid:,3,80,1,95,1,99,1,Ask:,2,117,1,142,1,
4121.571, Bid:,2,95,1,99,1,Ask:,2,117,1,142,1,
4121.857, Bid:,3,66,1,95,1,99,1,Ask:,2,117,1,142,1,
4123.286, Bid:,3,66,1,95,1,99,1,Ask:,2,116,1,142,1,
4123.857, Bid:,3,66,1,95,1,99,1,Ask:,2,115,1,142,1,
4124.143, Bid:,3,66,1,95,1,99,1,Ask:,2,114,1,142,1,
4124.286, Bid:,3,66,1,95,1,99,1,Ask:,2,113,1,142,1,
4125.857, Bid:,3,66,1,95,1,99,1,Ask:,2,112,1,142,1,
4127.571, Bid:,3,66,1,95,1,99,1,Ask:,2,111,1,142,1,
4128.143, Bid:,3,66,1,95,1,99,1,Ask:,1,142,1,
4130.286, Bid:,3,66,1,95,1,99,1,Ask:,2,141,1,142,1,
4131.571, Bid:,3,66,1,95,1,99,1,Ask:,2,140,1,142,1,
4132.429, Bid:,3,66,1,95,1,99,1,Ask:,2,139,1,142,1,
4132.571, Bid:,3,66,1,95,1,99,1,Ask:,2,138,1,142,1,
4132.857, Bid:,3,66,1,95,1,99,1,Ask:,2,137,1,142,1,
4137.286, Bid:,3,66,1,95,1,99,1,Ask:,2,136,1,142,1,
4137.714, Bid:,2,66,1,95,1,Ask:,2,136,1,142,1,
4137.714, Bid:,3,66,1,95,1,99,1,Ask:,2,136,1,142,1,
4138.714, Bid:,3,66,1,95,1,99,1,Ask:,2,135,1,142,1,
4139.000, Bid:,3,66,1,95,1,99,1,Ask:,3,134,1,135,1,142,1,
4140.429, Bid:,3,66,1,95,1,99,1,Ask:,3,133,1,134,1,142,1,
4140.857, Bid:,3,66,1,95,1,99,1,Ask:,3,132,1,133,1,142,1,
4141.429, Bid:,3,66,1,95,1,99,1,Ask:,3,131,1,133,1,142,1,
4141.571, Bid:,3,66,1,95,1,99,1,Ask:,3,130,1,131,1,142,1,
4142.286, Bid:,3,66,1,95,1,99,1,Ask:,3,129,1,130,1,142,1,
4143.000, Bid:,3,66,1,95,1,99,1,Ask:,3,128,1,129,1,142,1,
4143.143, Bid:,3,66,1,95,1,99,1,Ask:,3,127,1,128,1,142,1,
4143.286, Bid:,3,66,1,95,1,99,1,Ask:,3,126,1,128,1,142,1,
4144.000, Bid:,3,66,1,95,1,99,1,Ask:,3,125,1,128,1,142,1,
4144.286, Bid:,3,66,1,95,1,99,1,Ask:,3,124,1,125,1,142,1,
4145.714, Bid:,3,66,1,95,1,99,1,Ask:,3,123,1,124,1,142,1,
4145.857, Bid:,3,66,1,95,1,99,1,Ask:,3,122,1,124,1,142,1,
4146.000, Bid:,3,66,1,95,1,99,1,Ask:,2,122,1,142,1,
4146.143, Bid:,3,66,1,95,1,99,1,Ask:,3,121,1,122,1,142,1,
4146.429, Bid:,3,66,1,95,1,99,1,Ask:,3,120,1,121,1,142,1,
4146.571, Bid:,3,66,1,95,1,99,1,Ask:,3,119,1,120,1,142,1,
4146.714, Bid:,3,66,1,95,1,99,1,Ask:,3,118,1,119,1,142,1,
4146.857, Bid:,3,66,1,95,1,99,1,Ask:,3,117,1,119,1,142,1,
4147.000, Bid:,2,66,1,95,1,Ask:,3,117,1,119,1,142,1,
4147.286, Bid:,2,66,1,95,1,Ask:,3,99,1,119,1,142,1,
4147.571, Bid:,3,66,1,95,1,96,1,Ask:,3,99,1,119,1,142,1,
4148.000, Bid:,3,66,1,95,1,96,1,Ask:,2,99,2,142,1,
4148.714, Bid:,3,66,1,95,1,97,1,Ask:,2,99,2,142,1,
4149.429, Bid:,3,66,1,95,1,98,1,Ask:,2,99,2,142,1,
4149.857, Bid:,2,66,1,95,1,Ask:,2,99,1,142,1,
4159.857, Bid:,1,66,1,Ask:,2,99,1,142,1,
4161.143, Bid:,2,66,1,67,1,Ask:,2,99,1,142,1,
4161.714, Bid:,2,66,1,68,1,Ask:,2,99,1,142,1,
4162.429, Bid:,2,66,1,69,1,Ask:,2,99,1,142,1,
4162.571, Bid:,2,66,1,69,1,Ask:,1,99,1,
4162.714, Bid:,2,66,1,69,1,Ask:,2,99,1,143,1,
4164.000, Bid:,2,66,1,70,1,Ask:,2,99,1,143,1,
4166.857, Bid:,2,66,1,71,1,Ask:,2,99,1,143,1,
4168.000, Bid:,1,71,1,Ask:,2,99,1,143,1,
4168.143, Bid:,1,72,1,Ask:,2,99,1,143,1,
4168.429, Bid:,1,72,1,Ask:,2,99,2,143,1,
4168.857, Bid:,2,72,1,73,1,Ask:,2,99,2,143,1,
4171.000, Bid:,2,73,1,74,1,Ask:,2,99,2,143,1,
4171.714, Bid:,2,73,1,75,1,Ask:,2,99,2,143,1,
4172.571, Bid:,2,73,1,76,1,Ask:,2,99,2,143,1,
4172.857, Bid:,2,73,1,77,1,Ask:,2,99,2,143,1,
4173.286, Bid:,2,73,1,78,1,Ask:,2,99,2,143,1,
4174.571, Bid:,2,73,1,78,1,Ask:,2,99,1,143,1,
4174.857, Bid:,2,73,1,78,1,Ask:,3,99,1,113,1,143,1,
4175.000, Bid:,2,73,1,79,1,Ask:,3,99,1,113,1,143,1,
4178.143, Bid:,2,73,1,80,1,Ask:,3,99,1,113,1,143,1,
4178.857, Bid:,1,73,1,Ask:,3,99,1,113,1,143,1,
4179.429, Bid:,2,73,1,74,1,Ask:,3,99,1,113,1,143,1,
4180.286, Bid:,2,73,1,75,1,Ask:,3,99,1,113,1,143,1,
4180.429, Bid:,2,73,1,76,1,Ask:,3,99,1,113,1,143,1,
4183.714, Bid:,2,73,1,77,1,Ask:,3,99,1,113,1,143,1,
4183.857, Bid:,2,73,1,78,1,Ask:,3,99,1,113,1,143,1,
4184.000, Bid:,2,73,1,78,1,Ask:,2,113,1,143,1,
4184.143, Bid:,2,73,1,78,1,Ask:,3,99,1,113,1,143,1,
4185.143, Bid:,2,73,1,79,1,Ask:,3,99,1,113,1,143,1,
4185.857, Bid:,2,73,1,80,1,Ask:,3,99,1,113,1,143,1,
4186.286, Bid:,2,73,1,81,1,Ask:,3,99,1,113,1,143,1,
4187.000, Bid:,2,73,1,82,1,Ask:,3,99,1,113,1,143,1,
4187.857, Bid:,2,73,1,83,1,Ask:,3,99,1,113,1,143,1,
4190.857, Bid:,2,73,1,84,1,Ask:,3,99,1,113,1,143,1,
4191.143, Bid:,2,73,1,85,1,Ask:,3,99,1,113,1,143,1,
4191.571, Bid:,2,73,1,86,1,Ask:,3,99,1,113,1,143,1,
4192.857, Bid:,2,73,1,87,1,Ask:,3,99,1,113,1,143,1,
4193.429, Bid:,2,73,1,88,1,Ask:,3,99,1,113,1,143,1,
4193.857, Bid:,2,73,1,89,1,Ask:,3,99,1,113,1,143,1,
4196.571, Bid:,1,89,1,Ask:,3,99,1,113,1,143,1,
4197.429, Bid:,2,51,1,89,1,Ask:,3,99,1,113,1,143,1,
4198.286, Bid:,2,51,1,89,1,Ask:,2,99,1,113,1,
4200.429, Bid:,2,51,1,89,1,Ask:,3,99,1,113,1,154,1,
4201.000, Bid:,3,51,1,89,1,90,1,Ask:,3,99,1,113,1,154,1,
4201.286, Bid:,2,51,1,90,1,Ask:,3,99,1,113,1,154,1,
4201.286, Bid:,2,51,1,91,1,Ask:,3,99,1,113,1,154,1,
4201.429, Bid:,2,51,1,91,2,Ask:,3,99,1,113,1,154,1,
4202.143, Bid:,3,51,1,91,1,92,1,Ask:,3,99,1,113,1,154,1,
4202.286, Bid:,3,51,1,91,1,93,1,Ask:,3,99,1,113,1,154,1,
4203.286, Bid:,3,51,1,91,1,93,1,Ask:,2,99,1,154,1,
4203.571, Bid:,3,51,1,91,1,93,1,Ask:,2,99,2,154,1,
4204.000, Bid:,3,51,1,91,1,94,1,Ask:,2,99,2,154,1,
4204.429, Bid:,3,51,1,91,1,95,1,Ask:,2,99,2,154,1,
4205.143, Bid:,3,51,1,91,1,96,1,Ask:,2,99,2,154,1,
4205.571, Bid:,3,51,1,91,1,97,1,Ask:,2,99,2,154,1,
4205.857, Bid:,3,51,1,91,1,98,1,Ask:,2,99,2,154,1,
4207.571, Bid:,2,51,1,91,1,Ask:,2,99,1,154,1,
4215.000, Bid:,3,51,1,91,1,92,1,Ask:,2,99,1,154,1,
4215.714, Bid:,3,51,1,91,1,93,1,Ask:,2,99,1,154,1,
4216.000, Bid:,3,51,1,91,1,94,1,Ask:,2,99,1,154,1,
4216.286, Bid:,3,51,1,91,1,95,1,Ask:,2,99,1,154,1,
4217.429, Bid:,3,51,1,91,1,96,1,Ask:,2,99,1,154,1,
4218.714, Bid:,3,51,1,91,1,97,1,Ask:,2,99,1,154,1,
4221.000, Bid:,3,51,1,91,1,98,1,Ask:,2,99,1,154,1,
4222.000, Bid:,2,51,1,91,1,Ask:,1,154,1,
4227.286, Bid:,2,51,1,91,1,Ask:,0,
4227.857, Bid:,2,51,1,91,1,Ask:,1,128,1,
4228.571, Bid:,1,91,1,Ask:,1,128,1,
4229.000, Bid:,2,76,1,91,1,Ask:,1,128,1,
4229.714, Bid:,2,76,1,91,1,Ask:,2,99,1,128,1,
4236.571, Bid:,3,76,1,91,1,92,1,Ask:,2,99,1,128,1,
4237.143, Bid:,3,76,1,91,1,93,1,Ask:,2,99,1,128,1,
4237.714, Bid:,3,76,1,91,1,94,1,Ask:,2,99,1,128,1,
4238.000, Bid:,3,76,1,91,1,95,1,Ask:,2,99,1,128,1,
4240.286, Bid:,3,76,1,91,1,96,1,Ask:,2,99,1,128,1,
4243.143, Bid:,2,91,1,96,1,Ask:,2,99,1,128,1,
4243.286, Bid:,3,44,1,91,1,96,1,Ask:,2,99,1,128,1,
4243.714, Bid:,3,44,1,91,1,97,1,Ask:,2,99,1,128,1,
4243.857, Bid:,3,44,1,91,1,97,1,Ask:,1,128,1,
4244.286, Bid:,3,44,1,91,1,97,1,Ask:,2,99,1,128,1,
4245.286, Bid:,3,44,1,91,1,98,1,Ask:,2,99,1,128,1,
4246.286, Bid:,2,44,1,91,1,Ask:,1,128,1,
4250.143, Bid:,2,44,1,91,1,Ask:,0,
4251.714, Bid:,2,44,1,91,1,Ask:,1,137,1,
4258.857, Bid:,1,44,1,Ask:,1,137,1,
4258.857, Bid:,2,44,1,90,1,Ask:,1,137,1,
4261.143, Bid:,2,44,1,90,1,Ask:,2,99,1,137,1,
4262.857, Bid:,3,44,1,90,1,91,1,Ask:,2,99,1,137,1,
4263.286, Bid:,3,44,1,90,1,92,1,Ask:,2,99,1,137,1,
4264.714, Bid:,3,44,1,90,1,93,1,Ask:,2,99,1,137,1,
4266.429, Bid:,3,44,1,90,1,94,1,Ask:,2,99,1,137,1,
4267.286, Bid:,3,44,1,90,1,95,1,Ask:,2,99,1,137,1,
4267.857, Bid:,3,44,1,90,1,95,1,Ask:,1,137,1,
4268.000, Bid:,3,44,1,90,1,95,1,Ask:,2,99,1,137,1,
4269.571, Bid:,3,44,1,90,1,96,1,Ask:,2,99,1,137,1,
4269.714, Bid:,3,44,1,90,1,97,1,Ask:,2,99,1,137,1,
4270.000, Bid:,3,44,1,90,1,98,1,Ask:,2,99,1,137,1,
4271.571, Bid:,3,44,1,90,1,98,1,Ask:,1,99,1,
4272.143, Bid:,2,44,1,90,1,Ask:,0,
4273.857, Bid:,2,44,1,90,1,Ask:,1,133,1,
4282.857, Bid:,1,90,1,Ask:,1,133,1,
4284.429, Bid:,2,45,1,90,1,Ask:,1,133,1,
4289.143, Bid:,1,45,1,Ask:,1,133,1,
4289.143, Bid:,2,45,1,89,1,Ask:,1,133,1,
4291.000, Bid:,2,45,1,89,1,Ask:,2,99,1,133,1,
4305.857, Bid:,1,89,1,Ask:,2,99,1,133,1,
4306.429, Bid:,1,89,1,Ask:,1,99,1,
4307.429, Bid:,2,64,1,89,1,Ask:,1,99,1,
4309.000, Bid:,2,64,1,89,1,Ask:,2,99,1,135,1,
4311.000, Bid:,2,64,1,89,1,Ask:,3,99,1,104,1,135,1,
4314.000, Bid:,1,64,1,Ask:,3,99,1,104,1,135,1,
4314.143, Bid:,2,64,1,65,1,Ask:,3,99,1,104,1,135,1,
4314.429, Bid:,2,64,1,66,1,Ask:,3,99,1,104,1,135,1,
4315.429, Bid:,2,64,1,67,1,Ask:,3,99,1,104,1,135,1,
4315.571, Bid:,2,64,1,68,1,Ask:,3,99,1,104,1,135,1,
4315.714, Bid:,2,64,1,69,1,Ask:,3,99,1,104,1,135,1,
4316.857, Bid:,2,64,1,70,1,Ask:,3,99,1,104,1,135,1,
4318.857, Bid:,2,64,1,71,1,Ask:,3,99,1,104,1,135,1,
4319.429, Bid:,2,64,1,71,1,Ask:,2,104,1,135,1,
4319.571, Bid:,3,64,1,71,1,99,1,Ask:,2,104,1,135,1,
4319.714, Bid:,3,64,1,71,1,99,1,Ask:,3,103,1,104,1,135,1,
4320.429, Bid:,3,64,1,80,1,99,1,Ask:,3,103,1,104,1,135,1,
4320.857, Bid:,3,64,1,80,1,99,1,Ask:,3,102,1,104,1,135,1,
4321.857, Bid:,3,64,1,80,1,99,1,Ask:,3,101,1,104,1,135,1,
4322.143, Bid:,3,64,1,80,1,99,1,Ask:,3,100,1,104,1,135,1,
4322.286, Bid:,2,64,1,80,1,Ask:,2,104,1,135,1,
4330.429, Bid:,1,64,1,Ask:,2,104,1,135,1,
4332.000, Bid:,2,64,1,99,1,Ask:,2,104,1,135,1,
4334.000, Bid:,2,64,1,99,1,Ask:,1,104,1,
4335.286, Bid:,2,64,1,99,1,Ask:,2,104,1,120,1,
4337.429, Bid:,2,64,1,99,1,Ask:,3,103,1,104,1,120,1,
4339.571, Bid:,2,64,1,99,1,Ask:,3,102,1,104,1,120,1,
4340.714, Bid:,2,64,1,99,1,Ask:,3,101,1,104,1,120,1,
4341.429, Bid:,2,64,1,99,1,Ask:,3,100,1,104,1,120,1,
4344.571, Bid:,1,64,1,Ask:,2,104,1,120,1,
4348.000, Bid:,2,64,1,99,1,Ask:,2,104,1,120,1,
4349.714, Bid:,1,99,1,Ask:,1,120,1,
4350.000, Bid:,1,99,1,Ask:,2,119,1,120,1,
4350.143, Bid:,1,99,1,Ask:,2,118,1,120,1,
4350.286, Bid:,1,99,1,Ask:,2,117,1,120,1,
4350.429, Bid:,2,68,1,99,1,Ask:,2,117,1,120,1,
4353.143, Bid:,2,68,1,99,1,Ask:,2,116,1,120,1,
4353.857, Bid:,2,68,1,99,1,Ask:,2,115,1,120,1,
4355.429, Bid:,2,68,1,99,1,Ask:,1,120,1,
4355.857, Bid:,2,68,1,99,1,Ask:,2,119,1,120,1,
4356.143, Bid:,1,68,1,Ask:,2,119,1,120,1,
4356.429, Bid:,1,68,1,Ask:,2,108,1,120,1,
4356.571, Bid:,2,68,1,99,1,Ask:,2,108,1,120,1,
4362.000, Bid:,2,68,1,99,1,Ask:,3,107,1,108,1,120,1,
4362.429, Bid:,2,68,1,99,1,Ask:,3,106,1,108,1,120,1,
4363.286, Bid:,2,68,1,99,1,Ask:,3,105,1,108,1,120,1,
4363.571, Bid:,2,68,1,99,1,Ask:,3,104,1,108,1,120,1,
4363.857, Bid:,2,68,1,99,1,Ask:,3,103,1,108,1,120,1,
4365.000, Bid:,2,68,1,99,1,Ask:,3,102,1,108,1,120,1,
4366.429, Bid:,2,68,1,99,1,Ask:,3,101,1,108,1,120,1,
4366.714, Bid:,2,68,1,99,1,Ask:,3,100,1,108,1,120,1,
4366.857, Bid:,1,68,1,Ask:,2,108,1,120,1,
4378.000, Bid:,2,68,1,99,1,Ask:,2,108,1,120,1,
4380.000, Bid:,1,99,1,Ask:,1,108,1,
4380.714, Bid:,2,46,1,99,1,Ask:,1,108,1,
4381.571, Bid:,2,46,1,99,1,Ask:,2,108,1,155,1,
4391.571, Bid:,2,46,1,99,1,Ask:,1,108,1,
4395.429, Bid:,2,46,1,99,1,Ask:,2,108,1,138,1,
4403.857, Bid:,2,46,1,99,2,Ask:,2,108,1,138,1,
4409.714, Bid:,2,46,1,99,2,Ask:,3,107,1,108,1,138,1,
4409.857, Bid:,2,46,1,99,2,Ask:,3,106,1,108,1,138,1,
4410.000, Bid:,2,46,1,99,2,Ask:,3,105,1,108,1,138,1,
4410.143, Bid:,1,99,2,Ask:,3,105,1,108,1,138,1,
4410.286, Bid:,1,99,1,Ask:,2,105,1,138,1,
4410.286, Bid:,2,82,1,99,1,Ask:,2,105,1,138,1,
4410.571, Bid:,2,82,1,99,1,Ask:,3,104,1,105,1,138,1,
4410.714, Bid:,1,82,1,Ask:,3,104,1,105,1,138,1,
4410.714, Bid:,1,82,1,Ask:,3,99,1,104,1,138,1,
4411.000, Bid:,1,82,1,Ask:,2,99,2,138,1,
4411.571, Bid:,2,63,1,82,1,Ask:,2,99,2,138,1,
4412.429, Bid:,2,63,1,82,1,Ask:,2,99,1,138,1,
4412.429, Bid:,3,63,1,82,1,83,1,Ask:,2,99,1,138,1,
4412.857, Bid:,3,63,1,82,1,83,1,Ask:,2,99,2,138,1,
4413.857, Bid:,3,63,1,82,1,84,1,Ask:,2,99,2,138,1,
4414.143, Bid:,3,63,1,82,1,85,1,Ask:,2,99,2,138,1,
4414.571, Bid:,3,63,1,82,1,86,1,Ask:,2,99,2,138,1,
4414.857, Bid:,3,63,1,82,1,87,1,Ask:,2,99,2,138,1,
4417.000, Bid:,3,63,1,82,1,88,1,Ask:,2,99,2,138,1,
4417.714, Bid:,3,63,1,82,1,89,1,Ask:,2,99,2,138,1,
4418.143, Bid:,3,63,1,82,1,90,1,Ask:,2,99,2,138,1,
4418.857, Bid:,3,63,1,82,1,91,1,Ask:,2,99,2,138,1,
4419.143, Bid:,3,63,1,82,1,91,1,Ask:,1,99,2,
4419.429, Bid:,3,63,1,82,1,91,1,Ask:,2,99,2,128,1,
4420.429, Bid:,3,63,1,82,1,92,1,Ask:,2,99,2,128,1,
4420.571, Bid:,3,63,1,82,1,93,1,Ask:,2,99,2,128,1,
4420.714, Bid:,3,63,1,82,1,94,1,Ask:,2,99,2,128,1,
4422.571, Bid:,3,63,1,82,1,95,1,Ask:,2,99,2,128,1,
4426.714, Bid:,3,63,1,82,1,96,1,Ask:,2,99,2,128,1,
4428.429, Bid:,3,63,1,82,1,97,1,Ask:,2,99,2,128,1,
4429.000, Bid:,3,63,1,82,1,98,1,Ask:,2,99,2,128,1,
4429.286, Bid:,2,63,1,82,1,Ask:,2,99,1,128,1,
4431.286, Bid:,1,82,1,Ask:,2,99,1,128,1,
4431.429, Bid:,2,44,1,82,1,Ask:,2,99,1,128,1,
4440.571, Bid:,1,44,1,Ask:,2,99,1,128,1,
4440.714, Bid:,2,44,1,45,1,Ask:,2,99,1,128,1,
4440.857, Bid:,2,44,1,46,1,Ask:,2,99,1,128,1,
4441.286, Bid:,2,44,1,47,1,Ask:,2,99,1,128,1,
4441.714, Bid:,2,44,1,48,1,Ask:,2,99,1,128,1,
4441.857, Bid:,2,44,1,48,1,Ask:,3,99,1,118,1,128,1,
4442.286, Bid:,2,44,1,49,1,Ask:,3,99,1,118,1,128,1,
4443.000, Bid:,2,44,1,50,1,Ask:,3,99,1,118,1,128,1,
4444.429, Bid:,2,44,1,51,1,Ask:,3,99,1,118,1,128,1,
4445.571, Bid:,3,44,1,51,1,52,1,Ask:,3,99,1,118,1,128,1,
4445.857, Bid:,3,44,1,52,1,53,1,Ask:,3,99,1,118,1,128,1,
4446.286, Bid:,3,44,1,52,1,54,1,Ask:,3,99,1,118,1,128,1,
4446.714, Bid:,3,44,1,54,1,55,1,Ask:,3,99,1,118,1,128,1,
4446.857, Bid:,3,44,1,54,1,56,1,Ask:,3,99,1,118,1,128,1,
4447.000, Bid:,3,44,1,56,1,57,1,Ask:,3,99,1,118,1,128,1,
4447.429, Bid:,3,44,1,57,1,58,1,Ask:,3,99,1,118,1,128,1,
4448.143, Bid:,3,44,1,57,1,59,1,Ask:,3,99,1,118,1,128,1,
4449.429, Bid:,3,44,1,57,1,60,1,Ask:,3,99,1,118,1,128,1,
4450.286, Bid:,3,44,1,57,1,61,1,Ask:,3,99,1,118,1,128,1,
4451.143, Bid:,3,44,1,61,1,62,1,Ask:,3,99,1,118,1,128,1,
4452.571, Bid:,3,44,1,61,1,63,1,Ask:,3,99,1,118,1,128,1,
4453.000, Bid:,3,44,1,61,1,64,1,Ask:,3,99,1,118,1,128,1,
4453.143, Bid:,3,44,1,61,1,65,1,Ask:,3,99,1,118,1,128,1,
4453.571, Bid:,3,44,1,65,1,66,1,Ask:,3,99,1,118,1,128,1,
4454.000, Bid:,3,44,1,65,1,67,1,Ask:,3,99,1,118,1,128,1,
4454.286, Bid:,3,44,1,67,1,68,1,Ask:,3,99,1,118,1,128,1,
4454.571, Bid:,2,67,1,68,1,Ask:,3,99,1,118,1,128,1,
4454.571, Bid:,3,67,1,68,1,69,1,Ask:,3,99,1,118,1,128,1,
4454.714, Bid:,3,68,1,69,1,70,1,Ask:,3,99,1,118,1,128,1,
4454.857, Bid:,3,68,1,69,1,71,1,Ask:,3,99,1,118,1,128,1,
4455.286, Bid:,3,68,1,71,1,72,1,Ask:,3,99,1,118,1,128,1,
4455.571, Bid:,3,71,1,72,1,73,1,Ask:,3,99,1,118,1,128,1,
4455.714, Bid:,3,71,1,72,1,74,1,Ask:,3,99,1,118,1,128,1,
4455.857, Bid:,3,71,1,72,1,75,1,Ask:,3,99,1,118,1,128,1,
4456.000, Bid:,3,72,1,75,1,76,1,Ask:,3,99,1,118,1,128,1,
4456.143, Bid:,3,72,1,76,1,77,1,Ask:,3,99,1,118,1,128,1,
4456.286, Bid:,3,72,1,76,1,78,1,Ask:,3,99,1,118,1,128,1,
4456.429, Bid:,3,72,1,76,1,79,1,Ask:,3,99,1,118,1,128,1,
4456.571, Bid:,3,72,1,76,1,80,1,Ask:,3,99,1,118,1,128,1,
4456.714, Bid:,2,76,2,80,1,Ask:,3,99,1,118,1,128,1,
4456.857, Bid:,2,76,2,81,1,Ask:,3,99,1,118,1,128,1,
4457.000, Bid:,2,76,2,82,1,Ask:,3,99,1,118,1,128,1,
4457.143, Bid:,3,76,1,82,1,83,1,Ask:,3,99,1,118,1,128,1,
4457.571, Bid:,3,76,1,83,1,84,1,Ask:,3,99,1,118,1,128,1,
4457.857, Bid:,3,76,1,84,1,85,1,Ask:,3,99,1,118,1,128,1,
4458.286, Bid:,3,76,1,84,1,86,1,Ask:,3,99,1,118,1,128,1,
4458.429, Bid:,3,76,1,84,1,87,1,Ask:,3,99,1,118,1,128,1,
4459.286, Bid:,3,76,1,87,1,88,1,Ask:,3,99,1,118,1,128,1,
4459.429, Bid:,3,76,1,88,1,89,1,Ask:,3,99,1,118,1,128,1,
4459.571, Bid:,3,76,1,88,1,90,1,Ask:,3,99,1,118,1,128,1,
4459.714, Bid:,3,76,1,88,1,91,1,Ask:,3,99,1,118,1,128,1,
4460.429, Bid:,3,76,1,91,1,92,1,Ask:,3,99,1,118,1,128,1,
4461.714, Bid:,3,76,1,92,1,93,1,Ask:,3,99,1,118,1,128,1,
4462.143, Bid:,2,76,1,93,2,Ask:,3,99,1,118,1,128,1,
4463.286, Bid:,3,76,1,93,1,94,1,Ask:,3,99,1,118,1,128,1,
4463.429, Bid:,3,76,1,93,1,94,1,Ask:,2,118,1,128,1,
4463.714, Bid:,3,76,1,93,1,94,1,Ask:,3,99,1,118,1,128,1,
4465.000, Bid:,3,76,1,93,1,95,1,Ask:,3,99,1,118,1,128,1,
4466.571, Bid:,3,76,1,93,1,96,1,Ask:,3,99,1,118,1,128,1,
4466.857, Bid:,3,76,1,93,1,97,1,Ask:,3,99,1,118,1,128,1,
4467.857, Bid:,3,76,1,93,1,98,1,Ask:,3,99,1,118,1,128,1,
4468.429, Bid:,2,76,1,93,1,Ask:,2,118,1,128,1,
4469.714, Bid:,2,76,1,93,1,Ask:,1,118,1,
4470.857, Bid:,1,76,1,Ask:,0,
4470.857, Bid:,1,76,1,Ask:,1,99,1,
4471.000, Bid:,1,76,1,Ask:,2,99,1,158,1,
4471.143, Bid:,2,76,1,77,1,Ask:,2,99,1,158,1,
4471.714, Bid:,2,76,1,78,1,Ask:,2,99,1,158,1,
4472.143, Bid:,2,76,1,79,1,Ask:,2,99,1,158,1,
4473.000, Bid:,2,76,1,80,1,Ask:,2,99,1,158,1,
4474.286, Bid:,2,76,1,81,1,Ask:,2,99,1,158,1,
4475.571, Bid:,2,76,1,82,1,Ask:,2,99,1,158,1,
4475.714, Bid:,1,76,1,Ask:,2,99,1,158,1,
4476.286, Bid:,2,76,1,77,1,Ask:,2,99,1,158,1,
4477.286, Bid:,2,76,1,78,1,Ask:,2,99,1,158,1,
4477.429, Bid:,3,76,1,78,1,79,1,Ask:,2,99,1,158,1,
4477.714, Bid:,3,76,1,79,1,80,1,Ask:,2,99,1,158,1,
4477.857, Bid:,3,76,1,79,1,81,1,Ask:,2,99,1,158,1,
4478.429, Bid:,3,76,1,81,1,82,1,Ask:,2,99,1,158,1,
4478.714, Bid:,3,76,1,82,1,83,1,Ask:,2,99,1,158,1,
4479.000, Bid:,3,76,1,83,1,84,1,Ask:,2,99,1,158,1,
4479.143, Bid:,3,76,1,83,1,85,1,Ask:,2,99,1,158,1,
4479.429, Bid:,3,76,1,83,1,86,1,Ask:,2,99,1,158,1,
4479.714, Bid:,3,76,1,83,1,87,1,Ask:,2,99,1,158,1,
4479.857, Bid:,3,76,1,87,1,88,1,Ask:,2,99,1,158,1,
4480.286, Bid:,3,76,1,87,1,89,1,Ask:,2,99,1,158,1,
4481.000, Bid:,3,76,1,87,1,89,1,Ask:,1,99,1,
4481.000, Bid:,3,76,1,89,1,90,1,Ask:,1,99,1,
4481.143, Bid:,3,76,1,90,1,91,1,Ask:,1,99,1,
4481.286, Bid:,3,76,1,90,1,91,1,Ask:,2,99,1,124,1,
4482.714, Bid:,3,76,1,90,1,92,1,Ask:,2,99,1,124,1,
4482.857, Bid:,3,76,1,92,1,93,1,Ask:,2,99,1,124,1,
4483.000, Bid:,3,76,1,92,1,93,1,Ask:,2,99,2,124,1,
4483.286, Bid:,3,76,1,93,1,94,1,Ask:,2,99,2,124,1,
4483.429, Bid:,3,76,1,94,1,95,1,Ask:,2,99,2,124,1,
4483.857, Bid:,3,76,1,94,1,96,1,Ask:,2,99,2,124,1,
4484.143, Bid:,3,76,1,96,1,97,1,Ask:,2,99,2,124,1,
4484.286, Bid:,3,76,1,96,1,98,1,Ask:,2,99,2,124,1,
4484.857, Bid:,2,76,1,96,1,Ask:,2,99,1,124,1,
4485.286, Bid:,2,76,1,97,1,Ask:,2,99,1,124,1,
4485.857, Bid:,2,76,1,98,1,Ask:,2,99,1,124,1,
4487.143, Bid:,1,76,1,Ask:,1,124,1,
4501.143, Bid:,0,Ask:,1,124,1,
4501.143, Bid:,0,Ask:,2,123,1,124,1,
4501.429, Bid:,1,45,1,Ask:,2,123,1,124,1,
4501.714, Bid:,1,45,1,Ask:,2,108,1,124,1,
4503.714, Bid:,0,Ask:,2,108,1,124,1,
4504.000, Bid:,1,59,1,Ask:,2,108,1,124,1,
4511.286, Bid:,1,59,1,Ask:,1,108,1,
4511.429, Bid:,1,59,1,Ask:,2,108,1,135,1,
4513.857, Bid:,1,59,1,Ask:,3,99,1,108,1,135,1,
4518.857, Bid:,2,59,1,60,1,Ask:,3,99,1,108,1,135,1,
4519.143, Bid:,2,59,1,61,1,Ask:,3,99,1,108,1,135,1,
4521.143, Bid:,2,59,1,62,1,Ask:,3,99,1,108,1,135,1,
4521.286, Bid:,2,59,1,63,1,Ask:,3,99,1,108,1,135,1,
4522.714, Bid:,2,59,1,64,1,Ask:,3,99,1,108,1,135,1,
4523.000, Bid:,2,59,1,65,1,Ask:,3,99,1,108,1,135,1,
4525.000, Bid:,2,59,1,66,1,Ask:,3,99,1,108,1,135,1,
4525.714, Bid:,2,59,1,67,1,Ask:,3,99,1,108,1,135,1,
4529.143, Bid:,2,59,1,68,1,Ask:,3,99,1,108,1,135,1,
4529.286, Bid:,2,59,1,69,1,Ask:,3,99,1,108,1,135,1,
4529.714, Bid:,2,59,1,70,1,Ask:,3,99,1,108,1,135,1,
4530.000, Bid:,2,59,1,71,1,Ask:,3,99,1,108,1,135,1,
4530.429, Bid:,2,59,1,72,1,Ask:,3,99,1,108,1,135,1,
4531.429, Bid:,2,59,1,72,1,Ask:,2,99,1,135,1,
4531.571, Bid:,2,59,1,72,1,Ask:,2,99,2,135,1,
4532.000, Bid:,3,59,1,72,1,73,1,Ask:,2,99,2,135,1,
4532.429, Bid:,3,59,1,73,1,74,1,Ask:,2,99,2,135,1,
4532.571, Bid:,3,59,1,73,1,75,1,Ask:,2,99,2,135,1,
4533.286, Bid:,3,59,1,75,1,76,1,Ask:,2,99,2,135,1,
4534.143, Bid:,3,59,1,75,1,77,1,Ask:,2,99,2,135,1,
4534.286, Bid:,3,59,1,77,1,78,1,Ask:,2,99,2,135,1,
4534.714, Bid:,3,59,1,78,1,79,1,Ask:,2,99,2,135,1,
4535.000, Bid:,3,59,1,78,1,80,1,Ask:,2,99,2,135,1,
4535.286, Bid:,3,59,1,78,1,80,1,Ask:,2,99,1,135,1,
4535.429, Bid:,3,59,1,78,1,81,1,Ask:,2,99,1,135,1,
4535.571, Bid:,3,59,1,81,1,82,1,Ask:,2,99,1,135,1,
4535.857, Bid:,3,59,1,81,1,82,1,Ask:,2,99,2,135,1,
4536.143, Bid:,3,59,1,82,1,83,1,Ask:,2,99,2,135,1,
4536.286, Bid:,3,59,1,83,1,84,1,Ask:,2,99,2,135,1,
4536.429, Bid:,3,59,1,84,1,85,1,Ask:,2,99,2,135,1,
4537.857, Bid:,3,59,1,85,1,86,1,Ask:,2,99,2,135,1,
4538.429, Bid:,3,59,1,86,1,87,1,Ask:,2,99,2,135,1,
4539.000, Bid:,3,59,1,86,1,88,1,Ask:,2,99,2,135,1,
4540.143, Bid:,3,59,1,86,1,89,1,Ask:,2,99,2,135,1,
4540.286, Bid:,3,59,1,89,1,90,1,Ask:,2,99,2,135,1,
4540.857, Bid:,3,59,1,90,1,91,1,Ask:,2,99,2,135,1,
4541.000, Bid:,3,59,1,90,1,92,1,Ask:,2,99,2,135,1,
4541.143, Bid:,3,59,1,92,1,93,1,Ask:,2,99,2,135,1,
4543.000, Bid:,3,59,1,93,1,94,1,Ask:,2,99,2,135,1,
4543.286, Bid:,3,59,1,93,1,95,1,Ask:,2,99,2,135,1,
4543.857, Bid:,3,59,1,95,1,96,1,Ask:,2,99,2,135,1,
4544.429, Bid:,3,59,1,95,1,97,1,Ask:,2,99,2,135,1,
4545.286, Bid:,3,59,1,97,1,98,1,Ask:,2,99,2,135,1,
4545.571, Bid:,2,59,1,97,1,Ask:,2,99,1,135,1,
4546.857, Bid:,1,59,1,Ask:,2,99,1,135,1,
4547.286, Bid:,2,59,1,60,1,Ask:,2,99,1,135,1,
4547.857, Bid:,2,59,1,61,1,Ask:,2,99,1,135,1,
4550.571, Bid:,2,59,1,62,1,Ask:,2,99,1,135,1,
4551.714, Bid:,2,59,1,63,1,Ask:,2,99,1,135,1,
4552.000, Bid:,2,59,1,64,1,Ask:,2,99,1,135,1,
4552.286, Bid:,3,59,1,64,1,65,1,Ask:,2,99,1,135,1,
4552.857, Bid:,3,59,1,65,1,66,1,Ask:,2,99,1,135,1,
4553.000, Bid:,3,59,1,65,1,67,1,Ask:,2,99,1,135,1,
4554.000, Bid:,3,59,1,65,1,68,1,Ask:,2,99,1,135,1,
4555.286, Bid:,3,59,1,65,1,69,1,Ask:,2,99,1,135,1,
4555.429, Bid:,3,59,1,65,1,70,1,Ask:,2,99,1,135,1,
4555.714, Bid:,3,59,1,65,1,71,1,Ask:,2,99,1,135,1,
4556.714, Bid:,3,59,1,71,1,72,1,Ask:,2,99,1,135,1,
4558.429, Bid:,3,59,1,71,1,73,1,Ask:,2,99,1,135,1,
4558.571, Bid:,3,59,1,73,1,74,1,Ask:,2,99,1,135,1,
4559.000, Bid:,3,59,1,74,1,75,1,Ask:,2,99,1,135,1,
4560.286, Bid:,3,59,1,75,1,76,1,Ask:,2,99,1,135,1,
4560.714, Bid:,3,59,1,75,1,77,1,Ask:,2,99,1,135,1,
4560.857, Bid:,3,59,1,75,1,77,1,Ask:,1,99,1,
4560.857, Bid:,3,59,1,77,1,78,1,Ask:,1,99,1,
4561.000, Bid:,3,59,1,77,1,78,1,Ask:,2,99,1,146,1,
4561.286, Bid:,3,59,1,78,1,79,1,Ask:,2,99,1,146,1,
4561.714, Bid:,2,78,1,79,1,Ask:,2,99,1,146,1,
4562.429, Bid:,3,76,1,78,1,79,1,Ask:,2,99,1,146,1,
4562.571, Bid:,3,76,1,78,1,79,1,Ask:,2,99,2,146,1,
4563.857, Bid:,3,76,1,78,1,80,1,Ask:,2,99,2,146,1,
4564.000, Bid:,3,76,1,78,1,81,1,Ask:,2,99,2,146,1,
4565.000, Bid:,3,76,1,78,1,82,1,Ask:,2,99,2,146,1,
4565.714, Bid:,3,76,1,78,1,83,1,Ask:,2,99,2,146,1,
4566.286, Bid:,3,76,1,78,1,84,1,Ask:,2,99,2,146,1,
4567.857, Bid:,3,76,1,78,1,85,1,Ask:,2,99,2,146,1,
4568.429, Bid:,3,76,1,78,1,86,1,Ask:,2,99,2,146,1,
4568.714, Bid:,2,76,1,78,1,Ask:,2,99,2,146,1,
4568.857, Bid:,2,76,1,79,1,Ask:,2,99,2,146,1,
4569.143, Bid:,3,76,1,79,1,80,1,Ask:,2,99,2,146,1,
4569.571, Bid:,3,76,1,79,1,81,1,Ask:,2,99,2,146,1,
4571.000, Bid:,3,76,1,81,1,82,1,Ask:,2,99,2,146,1,
4571.286, Bid:,3,76,1,81,1,83,1,Ask:,2,99,2,146,1,
4571.429, Bid:,3,76,1,83,1,84,1,Ask:,2,99,2,146,1,
4571.857, Bid:,3,76,1,84,1,85,1,Ask:,2,99,2,146,1,
4572.000, Bid:,3,76,1,85,1,86,1,Ask:,2,99,2,146,1,
4572.286, Bid:,3,76,1,85,1,87,1,Ask:,2,99,2,146,1,
4573.286, Bid:,3,76,1,85,1,88,1,Ask:,2,99,2,146,1,
4573.857, Bid:,3,76,1,85,1,89,1,Ask:,2,99,2,146,1,
4574.000, Bid:,3,76,1,89,1,90,1,Ask:,2,99,2,146,1,
4574.143, Bid:,3,76,1,89,1,91,1,Ask:,2,99,2,146,1,
4575.143, Bid:,3,76,1,89,1,92,1,Ask:,2,99,2,146,1,
4575.286, Bid:,3,76,1,89,1,93,1,Ask:,2,99,2,146,1,
4576.571, Bid:,3,76,1,93,1,94,1,Ask:,2,99,2,146,1,
4576.857, Bid:,3,76,1,93,1,94,1,Ask:,1,99,2,
4577.000, Bid:,3,76,1,94,1,95,1,Ask:,1,99,2,
4577.571, Bid:,3,76,1,95,1,96,1,Ask:,1,99,2,
4577.857, Bid:,3,76,1,96,1,97,1,Ask:,1,99,2,
4578.000, Bid:,3,76,1,96,1,98,1,Ask:,1,99,2,
4578.429, Bid:,2,76,1,98,1,Ask:,1,99,1,
4578.571, Bid:,1,76,1,Ask:,0,
4579.143, Bid:,1,76,1,Ask:,1,155,1,
4583.429, Bid:,2,76,1,99,1,Ask:,1,155,1,
4585.429, Bid:,2,76,1,99,1,Ask:,2,154,1,155,1,
4587.714, Bid:,2,76,1,99,1,Ask:,2,153,1,155,1,
4588.286, Bid:,2,76,1,99,1,Ask:,2,152,1,155,1,
4588.857, Bid:,2,76,1,99,1,Ask:,2,151,1,155,1,
4589.429, Bid:,2,76,1,99,1,Ask:,2,150,1,155,1,
4591.286, Bid:,2,76,1,99,1,Ask:,2,149,1,155,1,
4591.571, Bid:,2,76,1,99,1,Ask:,2,148,1,155,1,
4592.000, Bid:,1,99,1,Ask:,2,148,1,155,1,
4592.143, Bid:,2,80,1,99,1,Ask:,2,148,1,155,1,
4592.286, Bid:,2,80,1,99,1,Ask:,2,147,1,155,1,
4592.429, Bid:,2,80,1,99,1,Ask:,3,146,1,147,1,155,1,
4592.714, Bid:,2,80,1,99,1,Ask:,3,145,1,146,1,155,1,
4592.857, Bid:,2,80,1,99,1,Ask:,3,144,1,145,1,155,1,
4593.429, Bid:,2,80,1,99,1,Ask:,3,143,1,145,1,155,1,
4593.571, Bid:,2,80,1,99,1,Ask:,3,142,1,143,1,155,1,
4594.286, Bid:,2,80,1,99,1,Ask:,3,141,1,143,1,155,1,
4594.429, Bid:,2,80,1,99,1,Ask:,3,140,1,143,1,155,1,
4594.571, Bid:,2,80,1,99,1,Ask:,3,139,1,143,1,155,1,
4595.000, Bid:,2,80,1,99,1,Ask:,2,139,1,155,1,
4595.000, Bid:,2,80,1,99,1,Ask:,3,138,1,139,1,155,1,
4595.286, Bid:,2,80,1,99,1,Ask:,3,137,1,139,1,155,1,
4596.000, Bid:,2,80,1,99,1,Ask:,3,136,1,139,1,155,1,
4596.286, Bid:,2,80,1,99,1,Ask:,3,135,1,136,1,155,1,
4597.143, Bid:,2,80,1,99,1,Ask:,3,134,1,136,1,155,1,
4598.429, Bid:,2,80,1,99,1,Ask:,3,133,1,134,1,155,1,
4598.571, Bid:,2,80,1,99,1,Ask:,3,132,1,133,1,155,1,
4599.571, Bid:,2,80,1,99,1,Ask:,3,131,1,132,1,155,1,
4600.000, Bid:,2,80,1,99,1,Ask:,3,130,1,131,1,155,1,
4602.429, Bid:,2,80,1,99,1,Ask:,3,129,1,131,1,155,1,
4602.571, Bid:,2,80,1,99,1,Ask:,3,128,1,129,1,155,1,
4602.857, Bid:,2,80,1,99,1,Ask:,3,127,1,129,1,155,1,
4603.429, Bid:,2,80,1,99,1,Ask:,3,126,1,127,1,155,1,
4604.143, Bid:,2,80,1,99,1,Ask:,3,125,1,126,1,155,1,
4604.429, Bid:,2,80,1,99,1,Ask:,3,124,1,126,1,155,1,
4604.571, Bid:,2,80,1,99,1,Ask:,3,123,1,124,1,155,1,
4604.714, Bid:,2,80,1,99,1,Ask:,3,122,1,124,1,155,1,
4605.571, Bid:,2,80,1,99,1,Ask:,3,121,1,122,1,155,1,
4605.714, Bid:,2,80,1,99,1,Ask:,3,120,1,121,1,155,1,
4606.143, Bid:,2,80,1,99,1,Ask:,3,119,1,121,1,155,1,
4607.000, Bid:,2,80,1,99,1,Ask:,3,118,1,121,1,155,1,
4607.286, Bid:,2,80,1,99,1,Ask:,2,118,1,121,1,
4607.714, Bid:,2,80,1,99,1,Ask:,3,118,1,121,1,125,1,
4608.857, Bid:,2,80,1,99,1,Ask:,3,117,1,121,1,125,1,
4609.000, Bid:,1,99,1,Ask:,3,117,1,121,1,125,1,
4609.143, Bid:,1,99,1,Ask:,3,116,1,117,1,125,1,
4609.429, Bid:,2,41,1,99,1,Ask:,3,116,1,117,1,125,1,
4609.714, Bid:,2,41,1,99,1,Ask:,3,115,1,117,1,125,1,
4610.000, Bid:,2,41,1,99,1,Ask:,3,114,1,115,1,125,1,
4611.286, Bid:,2,41,1,99,1,Ask:,3,113,1,115,1,125,1,
4612.000, Bid:,2,41,1,99,1,Ask:,3,112,1,113,1,125,1,
4612.143, Bid:,2,41,1,99,1,Ask:,3,111,1,113,1,125,1,
4613.000, Bid:,2,41,1,99,1,Ask:,3,110,1,113,1,125,1,
4613.143, Bid:,2,41,1,99,1,Ask:,3,109,1,110,1,125,1,
4613.286, Bid:,2,41,1,99,1,Ask:,3,108,1,110,1,125,1,
4613.571, Bid:,2,41,1,99,1,Ask:,3,107,1,108,1,125,1,
4614.143, Bid:,2,41,1,99,1,Ask:,3,106,1,107,1,125,1,
4614.286, Bid:,2,41,1,99,1,Ask:,3,105,1,107,1,125,1,
4615.000, Bid:,2,41,1,99,1,Ask:,3,104,1,107,1,125,1,
4615.286, Bid:,2,41,1,99,1,Ask:,3,103,1,107,1,125,1,
4615.429, Bid:,2,41,1,99,1,Ask:,3,102,1,107,1,125,1,
4615.714, Bid:,2,41,1,99,1,Ask:,3,101,1,107,1,125,1,
4615.857, Bid:,2,41,1,99,1,Ask:,3,100,1,101,1,125,1,
4616.143, Bid:,1,41,1,Ask:,2,101,1,125,1,
4616.429, Bid:,1,41,1,Ask:,2,99,1,125,1,
4618.857, Bid:,2,41,1,42,1,Ask:,2,99,1,125,1,
4622.000, Bid:,2,41,1,43,1,Ask:,2,99,1,125,1,
4622.286, Bid:,2,41,1,43,1,Ask:,1,125,1,
4622.429, Bid:,2,41,1,99,1,Ask:,1,125,1,
4622.714, Bid:,2,41,1,99,1,Ask:,2,124,1,125,1,
4623.286, Bid:,3,41,1,81,1,99,1,Ask:,2,124,1,125,1,
4626.714, Bid:,3,41,1,81,1,99,1,Ask:,2,123,1,125,1,
4628.286, Bid:,3,41,1,81,1,99,1,Ask:,2,122,1,125,1,
4628.429, Bid:,3,41,1,81,1,99,1,Ask:,2,121,1,125,1,
4632.429, Bid:,3,41,1,81,1,99,1,Ask:,2,120,1,125,1,
4632.857, Bid:,3,41,1,81,1,99,1,Ask:,1,125,1,
4633.286, Bid:,3,41,1,81,1,99,1,Ask:,2,124,1,125,1,
4634.143, Bid:,3,41,1,81,1,99,1,Ask:,2,123,1,125,1,
4634.857, Bid:,3,41,1,81,1,99,1,Ask:,2,122,1,125,1,
4635.714, Bid:,2,41,1,99,1,Ask:,2,122,1,125,1,
4635.857, Bid:,2,41,1,99,2,Ask:,2,122,1,125,1,
4638.286, Bid:,2,41,1,99,2,Ask:,2,121,1,125,1,
4638.429, Bid:,2,41,1,99,2,Ask:,2,120,1,125,1,
4638.571, Bid:,2,41,1,99,2,Ask:,2,119,1,125,1,
4639.714, Bid:,2,41,1,99,2,Ask:,2,118,1,125,1,
4641.286, Bid:,2,41,1,99,2,Ask:,2,117,1,125,1,
4642.000, Bid:,2,41,1,99,2,Ask:,2,116,1,125,1,
4642.857, Bid:,2,41,1,99,2,Ask:,2,115,1,125,1,
4643.143, Bid:,2,41,1,99,2,Ask:,2,114,1,125,1,
4643.286, Bid:,1,99,2,Ask:,2,114,1,125,1,
4643.286, Bid:,1,99,2,Ask:,2,113,1,125,1,
4643.429, Bid:,2,53,1,99,2,Ask:,2,113,1,125,1,
4643.714, Bid:,2,53,1,99,2,Ask:,2,112,1,125,1,
4644.143, Bid:,2,53,1,99,2,Ask:,2,111,1,125,1,
4646.429, Bid:,2,53,1,99,2,Ask:,2,110,1,125,1,
4647.857, Bid:,2,53,1,99,2,Ask:,2,109,1,125,1,
4648.571, Bid:,2,53,1,99,2,Ask:,2,108,1,125,1,
4649.143, Bid:,2,53,1,99,2,Ask:,2,107,1,125,1,
4649.286, Bid:,2,53,1,99,2,Ask:,2,106,1,125,1,
4649.429, Bid:,2,53,1,99,2,Ask:,2,105,1,125,1,
4650.143, Bid:,2,53,1,99,2,Ask:,2,104,1,125,1,
4650.714, Bid:,2,53,1,99,2,Ask:,2,103,1,125,1,
4651.143, Bid:,2,53,1,99,2,Ask:,3,103,1,119,1,125,1,
4652.571, Bid:,2,53,1,99,1,Ask:,2,103,1,119,1,
4652.571, Bid:,2,53,1,99,1,Ask:,3,103,1,119,1,131,1,
4653.000, Bid:,2,53,1,99,2,Ask:,3,103,1,119,1,131,1,
4653.143, Bid:,2,53,1,99,2,Ask:,3,102,1,119,1,131,1,
4653.286, Bid:,2,53,1,99,2,Ask:,3,101,1,119,1,131,1,
4653.571, Bid:,2,53,1,99,2,Ask:,3,100,1,119,1,131,1,
4654.000, Bid:,2,53,1,99,1,Ask:,2,119,1,131,1,
4655.429, Bid:,2,53,1,99,1,Ask:,3,118,1,119,1,131,1,
4655.571, Bid:,2,53,1,99,1,Ask:,3,117,1,119,1,131,1,
4656.714, Bid:,2,53,1,99,1,Ask:,3,116,1,119,1,131,1,
4658.000, Bid:,2,53,1,99,1,Ask:,3,115,1,119,1,131,1,
4659.714, Bid:,2,53,1,99,1,Ask:,3,114,1,119,1,131,1,
4663.000, Bid:,2,53,1,99,1,Ask:,3,113,1,119,1,131,1,
4663.857, Bid:,2,53,1,99,1,Ask:,3,112,1,119,1,131,1,
4664.857, Bid:,2,53,1,99,1,Ask:,3,111,1,119,1,131,1,
4665.286, Bid:,2,53,1,99,1,Ask:,3,110,1,119,1,131,1,
4665.571, Bid:,2,53,1,99,1,Ask:,3,109,1,119,1,131,1,
4667.143, Bid:,2,53,1,99,1,Ask:,2,109,1,119,1,
4668.714, Bid:,2,53,1,99,1,Ask:,3,109,1,119,1,158,1,
4670.286, Bid:,2,53,1,99,1,Ask:,3,108,1,119,1,158,1,
4670.429, Bid:,2,53,1,99,1,Ask:,3,107,1,119,1,158,1,
4672.143, Bid:,1,53,1,Ask:,3,107,1,119,1,158,1,
4672.286, Bid:,1,53,1,Ask:,3,99,1,119,1,158,1,
4672.571, Bid:,2,53,1,54,1,Ask:,3,99,1,119,1,158,1,
4674.286, Bid:,2,53,1,55,1,Ask:,3,99,1,119,1,158,1,
4674.857, Bid:,2,53,1,56,1,Ask:,3,99,1,119,1,158,1,
4675.286, Bid:,2,53,1,57,1,Ask:,3,99,1,119,1,158,1,
4676.714, Bid:,2,53,1,58,1,Ask:,3,99,1,119,1,158,1,
4678.000, Bid:,2,53,1,59,1,Ask:,3,99,1,119,1,158,1,
4678.143, Bid:,2,53,1,60,1,Ask:,3,99,1,119,1,158,1,
4682.857, Bid:,1,60,1,Ask:,2,99,1,158,1,
4683.000, Bid:,2,60,1,61,1,Ask:,2,99,1,158,1,
4683.286, Bid:,3,53,1,60,1,61,1,Ask:,2,99,1,158,1,
4683.571, Bid:,3,53,1,60,1,61,1,Ask:,3,99,1,115,1,158,1,
4684.143, Bid:,3,53,1,61,1,62,1,Ask:,3,99,1,115,1,158,1,
4684.857, Bid:,3,53,1,61,1,62,1,Ask:,2,99,1,158,1,
4684.857, Bid:,3,53,1,62,1,63,1,Ask:,2,99,1,158,1,
4685.000, Bid:,3,53,1,62,1,64,1,Ask:,2,99,1,158,1,
4685.286, Bid:,3,53,1,64,1,65,1,Ask:,2,99,1,158,1,
4685.429, Bid:,3,53,1,65,1,66,1,Ask:,2,99,1,158,1,
4685.571, Bid:,3,53,1,65,1,66,1,Ask:,3,99,1,105,1,158,1,
4686.429, Bid:,3,53,1,66,1,67,1,Ask:,3,99,1,105,1,158,1,
4686.571, Bid:,3,53,1,66,1,68,1,Ask:,3,99,1,105,1,158,1,
4686.857, Bid:,3,53,1,66,1,69,1,Ask:,3,99,1,105,1,158,1,
4687.000, Bid:,3,53,1,66,1,70,1,Ask:,3,99,1,105,1,158,1,
4688.571, Bid:,3,53,1,70,1,71,1,Ask:,3,99,1,105,1,158,1,
4688.857, Bid:,3,53,1,70,1,72,1,Ask:,3,99,1,105,1,158,1,
4689.571, Bid:,3,53,1,72,1,73,1,Ask:,3,99,1,105,1,158,1,
4690.571, Bid:,3,53,1,72,1,74,1,Ask:,3,99,1,105,1,158,1,
4690.857, Bid:,3,53,1,74,1,75,1,Ask:,3,99,1,105,1,158,1,
4691.143, Bid:,3,53,1,75,1,76,1,Ask:,3,99,1,105,1,158,1,
4692.143, Bid:,3,53,1,76,1,77,1,Ask:,3,99,1,105,1,158,1,
4692.571, Bid:,3,53,1,76,1,78,1,Ask:,3,99,1,105,1,158,1,
4692.714, Bid:,3,53,1,76,1,79,1,Ask:,3,99,1,105,1,158,1,
4692.857, Bid:,3,53,1,79,1,80,1,Ask:,3,99,1,105,1,158,1,
4693.714, Bid:,3,53,1,79,1,81,1,Ask:,3,99,1,105,1,158,1,
4693.857, Bid:,3,53,1,81,1,82,1,Ask:,3,99,1,105,1,158,1,
4694.143, Bid:,3,53,1,81,1,83,1,Ask:,3,99,1,105,1,158,1,
4695.000, Bid:,3,53,1,83,1,84,1,Ask:,3,99,1,105,1,158,1,
4695.286, Bid:,3,53,1,84,1,85,1,Ask:,3,99,1,105,1,158,1,
4695.429, Bid:,3,53,1,85,1,86,1,Ask:,3,99,1,105,1,158,1,
4696.286, Bid:,3,53,1,86,1,87,1,Ask:,3,99,1,105,1,158,1,
4697.000, Bid:,3,53,1,87,1,88,1,Ask:,3,99,1,105,1,158,1,
4697.571, Bid:,3,53,1,88,1,89,1,Ask:,3,99,1,105,1,158,1,
4698.143, Bid:,3,53,1,88,1,90,1,Ask:,3,99,1,105,1,158,1,
4698.714, Bid:,3,53,1,88,1,90,1,Ask:,2,105,1,158,1,
4698.714, Bid:,3,53,1,90,1,99,1,Ask:,2,105,1,158,1,
4699.000, Bid:,2,53,1,99,2,Ask:,2,105,1,158,1,
4700.000, Bid:,2,53,1,99,2,Ask:,3,104,1,105,1,158,1,
4704.714, Bid:,2,53,1,99,2,Ask:,3,103,1,105,1,158,1,
4705.286, Bid:,2,53,1,99,2,Ask:,3,102,1,105,1,158,1,
4706.714, Bid:,2,53,1,99,1,Ask:,3,102,1,105,1,158,1,
4706.857, Bid:,2,53,1,99,1,Ask:,3,101,1,105,1,158,1,
4707.714, Bid:,2,53,1,99,1,Ask:,3,100,1,105,1,158,1,
4708.286, Bid:,1,53,1,Ask:,2,105,1,158,1,
4708.429, Bid:,2,53,1,99,1,Ask:,2,105,1,158,1,
4710.286, Bid:,1,99,1,Ask:,2,105,1,158,1,
4711.857, Bid:,2,64,1,99,1,Ask:,2,105,1,158,1,
4713.143, Bid:,2,64,1,99,1,Ask:,1,105,1,
4713.429, Bid:,2,64,1,99,1,Ask:,2,105,1,135,1,
4714.000, Bid:,2,64,1,99,2,Ask:,2,105,1,135,1,
4720.000, Bid:,1,99,2,Ask:,2,105,1,135,1,
4720.143, Bid:,2,65,1,99,2,Ask:,2,105,1,135,1,
4728.143, Bid:,2,65,1,99,2,Ask:,1,105,1,
4728.429, Bid:,2,65,1,99,2,Ask:,2,105,1,123,1,
4733.286, Bid:,2,65,1,99,1,Ask:,2,105,1,123,1,
4734.429, Bid:,2,65,1,99,2,Ask:,2,105,1,123,1,
4736.286, Bid:,2,65,1,99,2,Ask:,3,104,1,105,1,123,1,
4736.429, Bid:,2,65,1,99,2,Ask:,3,103,1,105,1,123,1,
4738.000, Bid:,2,65,1,99,2,Ask:,3,102,1,105,1,123,1,
4739.143, Bid:,2,65,1,99,2,Ask:,3,101,1,105,1,123,1,
4741.000, Bid:,2,65,1,99,2,Ask:,3,100,1,105,1,123,1,
4741.286, Bid:,2,65,1,99,1,Ask:,2,105,1,123,1,
4743.429, Bid:,2,65,1,99,1,Ask:,1,123,1,
4743.429, Bid:,2,65,1,99,2,Ask:,1,123,1,
4744.571, Bid:,2,65,1,99,2,Ask:,2,122,1,123,1,
4744.714, Bid:,2,65,1,99,2,Ask:,2,121,1,123,1,
4744.857, Bid:,2,65,1,99,2,Ask:,2,120,1,123,1,
4745.143, Bid:,2,65,1,99,2,Ask:,2,119,1,123,1,
4746.000, Bid:,2,65,1,99,2,Ask:,1,123,1,
4748.143, Bid:,2,65,1,99,2,Ask:,2,122,1,123,1,
4748.429, Bid:,2,65,1,99,2,Ask:,2,121,1,123,1,
4748.571, Bid:,2,65,1,99,2,Ask:,2,120,1,123,1,
4749.000, Bid:,2,65,1,99,2,Ask:,2,119,1,123,1,
4752.429, Bid:,2,65,1,99,1,Ask:,2,119,1,123,1,
4753.571, Bid:,2,65,1,99,1,Ask:,2,118,1,123,1,
4754.286, Bid:,2,65,1,99,2,Ask:,2,118,1,123,1,
4755.429, Bid:,2,65,1,99,2,Ask:,2,117,1,123,1,
4756.571, Bid:,2,65,1,99,2,Ask:,2,116,1,123,1,
4757.000, Bid:,2,65,1,99,2,Ask:,2,115,1,123,1,
4757.143, Bid:,2,65,1,99,2,Ask:,2,114,1,123,1,
4761.286, Bid:,2,65,1,99,2,Ask:,2,113,1,123,1,
4766.429, Bid:,1,99,2,Ask:,2,113,1,123,1,
4767.571, Bid:,2,51,1,99,2,Ask:,2,113,1,123,1,
4773.571, Bid:,2,51,1,99,2,Ask:,1,113,1,
4773.714, Bid:,2,51,1,99,1,Ask:,1,113,1,
4774.143, Bid:,3,51,1,81,1,99,1,Ask:,1,113,1,
4774.714, Bid:,3,51,1,81,1,99,1,Ask:,2,113,1,137,1,
4775.286, Bid:,3,51,1,81,1,99,1,Ask:,3,112,1,113,1,137,1,
4775.429, Bid:,3,51,1,81,1,99,1,Ask:,3,111,1,113,1,137,1,
4776.286, Bid:,3,51,1,81,1,99,1,Ask:,2,111,1,137,1,
4776.429, Bid:,3,51,1,81,1,99,1,Ask:,3,111,1,119,1,137,1,
4777.000, Bid:,3,51,1,81,1,99,1,Ask:,3,110,1,119,1,137,1,
4778.000, Bid:,3,51,1,81,1,99,1,Ask:,3,109,1,119,1,137,1,
4778.286, Bid:,3,51,1,81,1,99,1,Ask:,3,108,1,119,1,137,1,
4778.857, Bid:,3,51,1,81,1,99,1,Ask:,3,107,1,119,1,137,1,
4780.286, Bid:,3,51,1,81,1,99,1,Ask:,3,106,1,119,1,137,1,
4781.000, Bid:,3,51,1,81,1,99,1,Ask:,3,105,1,119,1,137,1,
4782.143, Bid:,3,51,1,81,1,99,1,Ask:,3,104,1,119,1,137,1,
4782.571, Bid:,3,51,1,81,1,99,1,Ask:,3,103,1,119,1,137,1,
4784.143, Bid:,3,51,1,81,1,99,1,Ask:,3,102,1,119,1,137,1,
4784.429, Bid:,3,51,1,81,1,99,1,Ask:,3,101,1,119,1,137,1,
4785.429, Bid:,3,51,1,81,1,99,1,Ask:,3,100,1,119,1,137,1,
4786.286, Bid:,2,51,1,81,1,Ask:,2,119,1,137,1,
4787.429, Bid:,2,51,1,81,1,Ask:,3,99,1,119,1,137,1,
4791.857, Bid:,3,51,1,81,1,82,1,Ask:,3,99,1,119,1,137,1,
4792.714, Bid:,3,51,1,81,1,83,1,Ask:,3,99,1,119,1,137,1,
4792.857, Bid:,3,51,1,81,1,84,1,Ask:,3,99,1,119,1,137,1,
4793.571, Bid:,3,51,1,81,1,85,1,Ask:,3,99,1,119,1,137,1,
4793.714, Bid:,3,51,1,81,1,86,1,Ask:,3,99,1,119,1,137,1,
4794.143, Bid:,3,51,1,81,1,87,1,Ask:,3,99,1,119,1,137,1,
4794.429, Bid:,3,51,1,81,1,88,1,Ask:,3,99,1,119,1,137,1,
4794.857, Bid:,3,51,1,81,1,89,1,Ask:,3,99,1,119,1,137,1,
4795.286, Bid:,3,51,1,81,1,90,1,Ask:,3,99,1,119,1,137,1,
4796.286, Bid:,3,51,1,81,1,91,1,Ask:,3,99,1,119,1,137,1,
4797.571, Bid:,3,51,1,81,1,92,1,Ask:,3,99,1,119,1,137,1,
4798.000, Bid:,3,51,1,81,1,93,1,Ask:,3,99,1,119,1,137,1,
4798.571, Bid:,3,51,1,81,1,94,1,Ask:,3,99,1,119,1,137,1,
4798.714, Bid:,3,51,1,81,1,95,1,Ask:,3,99,1,119,1,137,1,
4798.857, Bid:,3,51,1,81,1,96,1,Ask:,3,99,1,119,1,137,1,
4799.429, Bid:,3,51,1,81,1,97,1,Ask:,3,99,1,119,1,137,1,
4799.571, Bid:,2,51,1,97,1,Ask:,3,99,1,119,1,137,1,
4799.714, Bid:,2,51,1,98,1,Ask:,3,99,1,119,1,137,1,
4799.857, Bid:,1,51,1,Ask:,2,119,1,137,1,
4801.143, Bid:,2,51,1,88,1,Ask:,2,119,1,137,1,
4804.000, Bid:,1,88,1,Ask:,1,119,1,
4804.000, Bid:,1,88,1,Ask:,2,119,1,138,1,
4804.286, Bid:,2,46,1,88,1,Ask:,2,119,1,138,1,
4809.857, Bid:,3,46,1,88,1,99,1,Ask:,2,119,1,138,1,
4811.286, Bid:,2,88,1,99,1,Ask:,2,119,1,138,1,
4812.286, Bid:,3,57,1,88,1,99,1,Ask:,2,119,1,138,1,
4819.143, Bid:,3,57,1,88,1,99,1,Ask:,3,118,1,119,1,138,1,
4820.571, Bid:,3,57,1,88,1,99,1,Ask:,3,117,1,119,1,138,1,
4820.857, Bid:,3,57,1,88,1,99,1,Ask:,3,116,1,119,1,138,1,
4821.000, Bid:,3,57,1,88,1,99,1,Ask:,3,115,1,119,1,138,1,
4821.429, Bid:,3,57,1,88,1,99,1,Ask:,3,114,1,119,1,138,1,
4821.571, Bid:,3,57,1,88,1,99,1,Ask:,3,113,1,119,1,138,1,
4822.857, Bid:,3,57,1,88,1,99,1,Ask:,3,112,1,119,1,138,1,
4825.857, Bid:,3,57,1,88,1,99,1,Ask:,3,111,1,119,1,138,1,
4826.857, Bid:,3,57,1,88,1,99,1,Ask:,3,110,1,119,1,138,1,
4827.857, Bid:,3,57,1,88,1,99,1,Ask:,3,109,1,119,1,138,1,
4828.857, Bid:,3,57,1,88,1,99,1,Ask:,3,108,1,119,1,138,1,
4829.714, Bid:,3,57,1,88,1,99,1,Ask:,3,107,1,119,1,138,1,
4829.857, Bid:,3,57,1,88,1,99,1,Ask:,3,106,1,119,1,138,1,
4830.143, Bid:,3,57,1,88,1,99,1,Ask:,3,105,1,119,1,138,1,
4830.286, Bid:,3,57,1,88,1,99,1,Ask:,2,105,1,138,1,
4830.429, Bid:,3,57,1,88,1,99,1,Ask:,3,105,1,119,1,138,1,
4831.000, Bid:,3,57,1,88,1,99,1,Ask:,3,104,1,119,1,138,1,
4831.571, Bid:,3,57,1,88,1,99,1,Ask:,3,103,1,119,1,138,1,
4831.714, Bid:,3,57,1,88,1,99,1,Ask:,3,102,1,119,1,138,1,
4834.000, Bid:,3,57,1,88,1,99,1,Ask:,3,101,1,119,1,138,1,
4834.286, Bid:,2,57,1,99,1,Ask:,2,101,1,119,1,
4834.429, Bid:,2,57,1,99,1,Ask:,3,101,1,119,1,154,1,
4834.571, Bid:,2,57,1,99,1,Ask:,3,100,1,119,1,154,1,
4834.857, Bid:,1,57,1,Ask:,2,119,1,154,1,
4835.571, Bid:,2,57,1,89,1,Ask:,2,119,1,154,1,
4835.714, Bid:,1,89,1,Ask:,2,119,1,154,1,
4836.571, Bid:,2,66,1,89,1,Ask:,2,119,1,154,1,
4847.571, Bid:,3,66,1,89,1,99,1,Ask:,2,119,1,154,1,
4852.857, Bid:,3,66,1,89,1,99,1,Ask:,1,119,1,
4853.143, Bid:,3,66,1,89,1,99,1,Ask:,2,119,1,134,1,
4853.857, Bid:,3,66,1,89,1,99,1,Ask:,3,118,1,119,1,134,1,
4855.857, Bid:,3,66,1,89,1,99,1,Ask:,3,117,1,119,1,134,1,
4856.143, Bid:,3,66,1,89,1,99,1,Ask:,3,116,1,119,1,134,1,
4856.286, Bid:,3,66,1,89,1,99,1,Ask:,3,115,1,119,1,134,1,
4857.571, Bid:,3,66,1,89,1,99,1,Ask:,3,114,1,119,1,134,1,
4858.143, Bid:,3,66,1,89,1,99,1,Ask:,3,113,1,119,1,134,1,
4859.000, Bid:,3,66,1,89,1,99,1,Ask:,3,112,1,119,1,134,1,
4860.429, Bid:,3,66,1,89,1,99,1,Ask:,3,111,1,119,1,134,1,
4861.000, Bid:,3,66,1,89,1,99,1,Ask:,3,110,1,119,1,134,1,
4861.857, Bid:,3,66,1,89,1,99,1,Ask:,3,109,1,119,1,134,1,
4862.000, Bid:,3,66,1,89,1,99,1,Ask:,3,108,1,119,1,134,1,
4862.286, Bid:,3,66,1,89,1,99,1,Ask:,3,107,1,119,1,134,1,
4862.714, Bid:,3,66,1,89,1,99,1,Ask:,3,106,1,119,1,134,1,
4864.286, Bid:,3,66,1,89,1,99,1,Ask:,3,105,1,119,1,134,1,
4864.571, Bid:,2,66,1,99,1,Ask:,2,105,1,134,1,
4864.714, Bid:,2,66,1,99,1,Ask:,2,104,1,134,1,
4864.857, Bid:,2,66,1,99,1,Ask:,3,103,1,104,1,134,1,
4865.000, Bid:,2,66,1,99,1,Ask:,3,102,1,104,1,134,1,
4865.429, Bid:,2,66,1,99,2,Ask:,3,102,1,104,1,134,1,
4865.571, Bid:,2,66,1,99,2,Ask:,3,101,1,104,1,134,1,
4866.857, Bid:,2,66,1,99,2,Ask:,3,100,1,104,1,134,1,
4867.000, Bid:,2,66,1,99,1,Ask:,2,104,1,134,1,
4868.000, Bid:,2,66,1,99,1,Ask:,2,103,1,134,1,
4870.000, Bid:,2,66,1,99,1,Ask:,2,102,1,134,1,
4870.286, Bid:,2,66,1,99,1,Ask:,2,101,1,134,1,
4871.000, Bid:,2,66,1,99,1,Ask:,2,100,1,134,1,
4872.429, Bid:,1,66,1,Ask:,1,134,1,
4873.143, Bid:,1,66,1,Ask:,2,99,1,134,1,
4882.571, Bid:,1,66,1,Ask:,1,99,1,
4882.714, Bid:,1,66,1,Ask:,2,99,1,153,1,
4884.143, Bid:,2,66,1,67,1,Ask:,2,99,1,153,1,
4884.571, Bid:,2,66,1,68,1,Ask:,2,99,1,153,1,
4885.571, Bid:,2,66,1,69,1,Ask:,2,99,1,153,1,
4886.286, Bid:,2,66,1,70,1,Ask:,2,99,1,153,1,
4886.714, Bid:,2,66,1,71,1,Ask:,2,99,1,153,1,
4887.143, Bid:,2,66,1,72,1,Ask:,2,99,1,153,1,
4888.571, Bid:,2,66,1,73,1,Ask:,2,99,1,153,1,
4888.714, Bid:,2,66,1,74,1,Ask:,2,99,1,153,1,
4889.571, Bid:,2,66,1,75,1,Ask:,2,99,1,153,1,
4890.286, Bid:,2,66,1,76,1,Ask:,2,99,1,153,1,
4890.857, Bid:,2,66,1,77,1,Ask:,2,99,1,153,1,
4891.143, Bid:,2,66,1,78,1,Ask:,2,99,1,153,1,
4891.714, Bid:,1,78,1,Ask:,2,99,1,153,1,
4891.857, Bid:,1,79,1,Ask:,2,99,1,153,1,
4892.286, Bid:,2,60,1,79,1,Ask:,2,99,1,153,1,
4893.000, Bid:,2,60,1,80,1,Ask:,2,99,1,153,1,
4895.143, Bid:,2,60,1,80,1,Ask:,2,99,2,153,1,
4895.286, Bid:,2,60,1,81,1,Ask:,2,99,2,153,1,
4895.714, Bid:,3,60,1,81,1,82,1,Ask:,2,99,2,153,1,
4895.857, Bid:,3,60,1,81,1,83,1,Ask:,2,99,2,153,1,
4896.429, Bid:,3,60,1,81,1,84,1,Ask:,2,99,2,153,1,
4897.000, Bid:,3,60,1,84,1,85,1,Ask:,2,99,2,153,1,
4898.429, Bid:,3,60,1,85,1,86,1,Ask:,2,99,2,153,1,
4898.857, Bid:,3,60,1,85,1,86,1,Ask:,2,99,1,153,1,
4898.857, Bid:,3,60,1,85,1,87,1,Ask:,2,99,1,153,1,
4899.000, Bid:,3,60,1,85,1,87,1,Ask:,2,99,2,153,1,
4900.857, Bid:,3,60,1,85,1,88,1,Ask:,2,99,2,153,1,
4901.000, Bid:,3,60,1,88,1,89,1,Ask:,2,99,2,153,1,
4901.429, Bid:,3,60,1,89,1,90,1,Ask:,2,99,2,153,1,
4901.571, Bid:,3,60,1,90,1,91,1,Ask:,2,99,2,153,1,
4901.714, Bid:,3,60,1,91,1,92,1,Ask:,2,99,2,153,1,
4902.143, Bid:,3,60,1,91,1,93,1,Ask:,2,99,2,153,1,
4902.714, Bid:,3,60,1,91,1,94,1,Ask:,2,99,2,153,1,
4902.857, Bid:,3,60,1,91,1,95,1,Ask:,2,99,2,153,1,
4903.286, Bid:,3,60,1,91,1,96,1,Ask:,2,99,2,153,1,
4903.429, Bid:,3,60,1,96,1,97,1,Ask:,2,99,2,153,1,
4904.286, Bid:,3,60,1,97,1,98,1,Ask:,2,99,2,153,1,
4905.000, Bid:,2,60,1,97,1,Ask:,2,99,1,153,1,
4905.429, Bid:,2,60,1,98,1,Ask:,2,99,1,153,1,
4906.857, Bid:,1,60,1,Ask:,1,153,1,
4909.714, Bid:,1,60,1,Ask:,0,
4911.571, Bid:,0,Ask:,0,
4912.714, Bid:,1,64,1,Ask:,0,
4913.571, Bid:,1,64,1,Ask:,1,128,1,
4924.857, Bid:,2,64,1,99,1,Ask:,1,128,1,
4925.571, Bid:,2,64,1,99,1,Ask:,2,127,1,128,1,
4925.714, Bid:,3,64,1,83,1,99,1,Ask:,2,127,1,128,1,
4926.143, Bid:,3,64,1,83,1,99,1,Ask:,2,126,1,128,1,
4926.571, Bid:,3,64,1,83,1,99,1,Ask:,2,125,1,128,1,
4927.429, Bid:,3,64,1,83,1,99,1,Ask:,2,124,1,128,1,
4928.286, Bid:,3,64,1,83,1,99,1,Ask:,2,123,1,128,1,
4929.143, Bid:,2,83,1,99,1,Ask:,2,123,1,128,1,
4929.571, Bid:,2,83,1,99,1,Ask:,2,122,1,128,1,
4930.143, Bid:,3,53,1,83,1,99,1,Ask:,2,122,1,128,1,
4930.857, Bid:,3,53,1,83,1,99,1,Ask:,2,121,1,128,1,
4931.143, Bid:,3,53,1,83,1,99,1,Ask:,2,120,1,128,1,
4931.714, Bid:,3,53,1,83,1,99,1,Ask:,2,119,1,128,1,
4932.286, Bid:,3,53,1,83,1,99,1,Ask:,2,118,1,128,1,
4934.000, Bid:,3,53,1,83,1,99,1,Ask:,2,117,1,128,1,
4947.857, Bid:,2,53,1,99,1,Ask:,2,117,1,128,1,
4949.143, Bid:,3,53,1,84,1,99,1,Ask:,2,117,1,128,1,
4955.143, Bid:,3,53,1,84,1,99,1,Ask:,1,117,1,
4955.143, Bid:,3,53,1,84,1,99,1,Ask:,2,116,1,117,1,
4955.286, Bid:,3,53,1,84,1,99,1,Ask:,2,115,1,117,1,
4955.429, Bid:,2,53,1,84,1,Ask:,1,115,1,
4955.571, Bid:,2,53,1,84,1,Ask:,2,115,1,147,1,
4955.857, Bid:,1,53,1,Ask:,2,115,1,147,1,
4955.857, Bid:,2,53,1,99,1,Ask:,2,115,1,147,1,
4956.000, Bid:,3,53,1,83,1,99,1,Ask:,2,115,1,147,1,
4956.143, Bid:,3,53,1,83,1,99,1,Ask:,3,114,1,115,1,147,1,
4956.286, Bid:,3,53,1,83,1,99,1,Ask:,3,113,1,114,1,147,1,
4956.857, Bid:,3,53,1,83,1,99,1,Ask:,3,112,1,114,1,147,1,
4957.857, Bid:,3,53,1,83,1,99,1,Ask:,3,111,1,114,1,147,1,
4958.000, Bid:,3,53,1,83,1,99,1,Ask:,3,110,1,114,1,147,1,
4958.571, Bid:,3,53,1,83,1,99,1,Ask:,3,110,1,111,1,147,1,
4959.143, Bid:,3,53,1,83,1,99,1,Ask:,3,109,1,111,1,147,1,
4959.429, Bid:,3,53,1,83,1,99,1,Ask:,3,108,1,111,1,147,1,
4960.857, Bid:,3,53,1,83,1,99,1,Ask:,3,107,1,111,1,147,1,
4961.000, Bid:,3,53,1,83,1,99,1,Ask:,3,106,1,111,1,147,1,
4961.571, Bid:,3,53,1,83,1,99,1,Ask:,3,105,1,111,1,147,1,
4962.286, Bid:,3,53,1,83,1,99,1,Ask:,3,104,1,111,1,147,1,
4963.286, Bid:,3,53,1,83,1,99,1,Ask:,3,103,1,111,1,147,1,
4963.857, Bid:,3,53,1,83,1,99,1,Ask:,3,102,1,111,1,147,1,
4964.000, Bid:,3,53,1,83,1,99,1,Ask:,3,101,1,111,1,147,1,
4964.714, Bid:,2,53,1,83,1,Ask:,3,101,1,111,1,147,1,
4964.714, Bid:,3,53,1,83,1,99,1,Ask:,3,101,1,111,1,147,1,
4965.714, Bid:,3,53,1,83,1,99,1,Ask:,3,100,1,111,1,147,1,
4967.857, Bid:,2,53,1,83,1,Ask:,2,111,1,147,1,
4976.000, Bid:,2,53,1,83,1,Ask:,3,99,1,111,1,147,1,
4976.714, Bid:,2,53,1,83,1,Ask:,2,99,1,147,1,
4976.857, Bid:,2,53,1,83,1,Ask:,3,99,1,116,1,147,1,
4985.714, Bid:,1,83,1,Ask:,2,99,1,116,1,
4986.571, Bid:,1,83,1,Ask:,3,99,1,116,1,155,1,
4986.714, Bid:,2,51,1,83,1,Ask:,3,99,1,116,1,155,1,
4988.429, Bid:,2,51,1,83,1,Ask:,2,99,1,155,1,
4988.571, Bid:,2,51,1,83,1,Ask:,2,99,2,155,1,
4992.857, Bid:,1,51,1,Ask:,2,99,2,155,1,
4994.000, Bid:,2,51,1,52,1,Ask:,2,99,2,155,1,
4994.143, Bid:,2,51,1,53,1,Ask:,2,99,2,155,1,
4994.286, Bid:,2,51,1,54,1,Ask:,2,99,2,155,1,
4994.714, Bid:,2,51,1,55,1,Ask:,2,99,2,155,1,
4995.857, Bid:,2,51,1,56,1,Ask:,2,99,2,155,1,
4998.000, Bid:,1,56,1,Ask:,2,99,2,155,1,
4998.143, Bid:,2,56,1,57,1,Ask:,2,99,2,155,1,
4998.286, Bid:,2,56,1,58,1,Ask:,2,99,2,155,1,
4999.000, Bid:,2,58,1,59,1,Ask:,2,99,2,155,1,
