bse_controlled_0001, 000000, None, None, PT1, 500, 1, 500.000000, RNDM, 0, 6, 0.000000, 
bse_controlled_0001, 000001, 184, None, PT1, 500, 1, 500.000000, RNDM, 0, 6, 0.000000, 
bse_controlled_0001, 000007, 81, 275, PT1, 500, 1, 500.000000, RNDM, 0, 6, 0.000000, 
bse_controlled_0001, 000009, 48, 275, PT1, 500, 1, 500.000000, RNDM, 0, 6, 0.000000, 
bse_controlled_0001, 000030, 42, 109, PT1, 500, 1, 500.000000, RNDM, 0, 6, 0.000000, 
bse_controlled_0001, 000032, 42, 117, PT1, 500, 1, 500.000000, RNDM, 0, 6, 0.000000, 
bse_controlled_0001, 000056, 42, 117, PT1, 500, 1, 500.000000, RNDM, 0, 6, 0.000000, 
bse_controlled_0001, 000057, None, 117, PT1, 500, 1, 500.000000, RNDM, 0, 6, 0.000000, 
bse_controlled_0001, 000083, None, 83, PT1, 500, 1, 500.000000, RNDM, 0, 6, 0.000000, 
bse_controlled_0001, 000087, 62, 106, PT1, 500, 1, 500.000000, RNDM, 166, 6, 27.666667, 
bse_controlled_0001, 000091, 62, 128, PT1, 500, 1, 500.000000, RNDM, 166, 6, 27.666667, 
bse_controlled_0001, 000099, None, 131, PT1, 500, 1, 500.000000, RNDM, 166, 6, 27.666667, 
bse_controlled_0001, 000102, None, 131, PT1, 500, 1, 500.000000, RNDM, 166, 6, 27.666667, 
bse_controlled_0001, 000105, None, 131, PT1, 500, 1, 500.000000, RNDM, 166, 6, 27.666667, 
bse_controlled_0001, 000120, 80, 134, PT1, 500, 1, 500.000000, RNDM, 166, 6, 27.666667, 
bse_controlled_0001, 000121, 80, 243, PT1, 500, 1, 500.000000, RNDM, 166, 6, 27.666667, 
bse_controlled_0001, 000133, None, 129, PT1, 500, 1, 500.000000, RNDM, 166, 6, 27.666667, 
bse_controlled_0001, 000136, None, 181, PT1, 500, 1, 500.000000, RNDM, 166, 6, 27.666667, 
bse_controlled_0001, 000144, 2, 243, PT1, 500, 1, 500.000000, RNDM, 166, 6, 27.666667, 
bse_controlled_0001, 000152, 66, 225, PT1, 500, 1, 500.000000, RNDM, 166, 6, 27.666667, 
bse_controlled_0001, 000152, 66, 340, PT1, 500, 1, 500.000000, RNDM, 166, 6, 27.666667, 
bse_controlled_0001, 000153, 66, 451, PT1, 500, 1, 500.000000, RNDM, 166, 6, 27.666667, 
bse_controlled_0001, 000154, None, 283, PT1, 500, 1, 500.000000, RNDM, 166, 6, 27.666667, 
bse_controlled_0001, 000177, 65, 132, PT1, 500, 1, 500.000000, RNDM, 166, 6, 27.666667, 
bse_controlled_0001, 000177, 65, 283, PT1, 500, 1, 500.000000, RNDM, 166, 6, 27.666667, 
bse_controlled_0001, 000178, 237, 283, PT1, 500, 1, 500.000000, RNDM, 166, 6, 27.666667, 
bse_controlled_0001, 000179, 237, 451, PT1, 500, 1, 500.000000, RNDM, 166, 6, 27.666667, 
bse_controlled_0001, 000184, 122, 328, PT1, 500, 1, 500.000000, RNDM, 166, 6, 27.666667, 
bse_controlled_0001, 000185, 122, 437, PT1, 500, 1, 500.000000, RNDM, 166, 6, 27.666667, 
bse_controlled_0001, 000201, 103, 142, PT1, 500, 1, 500.000000, RNDM, 166, 6, 27.666667, 
bse_controlled_0001, 000201, 103, 272, PT1, 500, 1, 500.000000, RNDM, 166, 6, 27.666667, 
bse_controlled_0001, 000201, 103, 451, PT1, 500, 1, 500.000000, RNDM, 166, 6, 27.666667, 
bse_controlled_0001, 000212, 329, 451, PT1, 500, 1, 500.000000, RNDM, 166, 6, 27.666667, 
bse_controlled_0001, 000213, 120, 451, PT1, 500, 1, 500.000000, RNDM, 166, 6, 27.666667, 
bse_controlled_0001, 000214, 120, 451, PT1, 500, 1, 500.000000, RNDM, 166, 6, 27.666667, 
bse_controlled_0001, 000220, 120, 174, PT1, 500, 1, 500.000000, RNDM, 488, 6, 81.333333, 
bse_controlled_0001, 000222, 103, 174, PT1, 500, 1, 500.000000, RNDM, 488, 6, 81.333333, 
bse_controlled_0001, 000222, 65, 174, PT1, 500, 1, 500.000000, RNDM, 488, 6, 81.333333, 
bse_controlled_0001, 000222, 65, 213, PT1, 500, 1, 500.000000, RNDM, 488, 6, 81.333333, 
bse_controlled_0001, 000222, 65, 485, PT1, 500, 1, 500.000000, RNDM, 914, 6, 152.333333, 
bse_controlled_0001, 000223, 26, 485, PT1, 500, 1, 500.000000, RNDM, 914, 6, 152.333333, 
bse_controlled_0001, 000223, 26, 360, PT1, 500, 1, 500.000000, RNDM, 914, 6, 152.333333, 
bse_controlled_0001, 000224, 26, 360, PT1, 500, 1, 500.000000, RNDM, 914, 6, 152.333333, 
bse_controlled_0001, 000225, 26, 360, PT1, 500, 1, 500.000000, RNDM, 914, 6, 152.333333, 
bse_controlled_0001, 000241, 140, 249, PT1, 500, 1, 500.000000, RNDM, 914, 6, 152.333333, 
bse_controlled_0001, 000242, 80, 249, PT1, 500, 1, 500.000000, RNDM, 914, 6, 152.333333, 
bse_controlled_0001, 000246, 70, 249, PT1, 500, 1, 500.000000, RNDM, 914, 6, 152.333333, 
bse_controlled_0001, 000256, 70, 237, PT1, 500, 1, 500.000000, RNDM, 914, 6, 152.333333, 
bse_controlled_0001, 000273, 136, 237, PT1, 500, 1, 500.000000, RNDM, 914, 6, 152.333333, 
bse_controlled_0001, 000280, 46, 257, PT1, 500, 1, 500.000000, RNDM, 914, 6, 152.333333, 
bse_controlled_0001, 000280, 46, 360, PT1, 500, 1, 500.000000, RNDM, 914, 6, 152.333333, 
bse_controlled_0001, 000280, 20, 360, PT1, 500, 1, 500.000000, RNDM, 914, 6, 152.333333, 
bse_controlled_0001, 000288, 20, 124, PT1, 500, 1, 500.000000, RNDM, 984, 6, 164.000000, 
bse_controlled_0001, 000290, 20, 124, PT1, 500, 1, 500.000000, RNDM, 984, 6, 164.000000, 
bse_controlled_0001, 000290, 20, 360, PT1, 500, 1, 500.000000, RNDM, 984, 6, 164.000000, 
bse_controlled_0001, 000291, 20, 383, PT1, 500, 1, 500.000000, RNDM, 984, 6, 164.000000, 
bse_controlled_0001, 000300, 20, 64, PT1, 459, 1, 459.000000, RNDM, 1025, 6, 170.833333, 
bse_controlled_0001, 000302, 35, 135, PT1, 459, 1, 459.000000, RNDM, 1025, 6, 170.833333, 
bse_controlled_0001, 000303, 35, 135, PT1, 459, 1, 459.000000, RNDM, 1025, 6, 170.833333, 
bse_controlled_0001, 000308, None, 72, PT1, 459, 1, 459.000000, RNDM, 1025, 6, 170.833333, 
bse_controlled_0001, 000323, None, 135, PT1, 459, 1, 459.000000, RNDM, 1025, 6, 170.833333, 
bse_controlled_0001, 000332, None, 96, PT1, 459, 1, 459.000000, RNDM, 1025, 6, 170.833333, 
bse_controlled_0001, 000333, None, 135, PT1, 459, 1, 459.000000, RNDM, 1025, 6, 170.833333, 
bse_controlled_0001, 000334, 66, 135, PT1, 533, 1, 533.000000, RNDM, 1099, 6, 183.166667, 
bse_controlled_0001, 000337, 20, 148, PT1, 533, 1, 533.000000, RNDM, 1099, 6, 183.166667, 
bse_controlled_0001, 000364, 80, 156, PT1, 533, 1, 533.000000, RNDM, 1099, 6, 183.166667, 
bse_controlled_0001, 000364, 80, 204, PT1, 533, 1, 533.000000, RNDM, 1099, 6, 183.166667, 
bse_controlled_0001, 000369, 52, 106, PT1, 533, 1, 533.000000, RNDM, 1099, 6, 183.166667, 
bse_controlled_0001, 000370, 95, 166, PT1, 533, 1, 533.000000, RNDM, 1099, 6, 183.166667, 
bse_controlled_0001, 000393, 98, 155, PT1, 533, 1, 533.000000, RNDM, 1099, 6, 183.166667, 
bse_controlled_0001, 000394, 126, 166, PT1, 533, 1, 533.000000, RNDM, 1099, 6, 183.166667, 
bse_controlled_0001, 000395, 98, 166, PT1, 533, 1, 533.000000, RNDM, 1099, 6, 183.166667, 
bse_controlled_0001, 000396, 98, 166, PT1, 533, 1, 533.000000, RNDM, 1099, 6, 183.166667, 
bse_controlled_0001, 000396, 98, 204, PT1, 533, 1, 533.000000, RNDM, 1099, 6, 183.166667, 
bse_controlled_0001, 000396, 95, 204, PT1, 533, 1, 533.000000, RNDM, 1099, 6, 183.166667, 
bse_controlled_0001, 000396, 95, 296, PT1, 533, 1, 533.000000, RNDM, 1099, 6, 183.166667, 
bse_controlled_0001, 000397, 52, 296, PT1, 533, 1, 533.000000, RNDM, 1099, 6, 183.166667, 
bse_controlled_0001, 000398, 52, 124, PT1, 456, 1, 456.000000, RNDM, 1176, 6, 196.000000, 
bse_controlled_0001, 000399, 52, 296, PT1, 456, 1, 456.000000, RNDM, 1176, 6, 196.000000, 
bse_controlled_0001, 000402, 52, 125, PT1, 558, 1, 558.000000, RNDM, 1278, 6, 213.000000, 
bse_controlled_0001, 000402, 52, 286, PT1, 558, 1, 558.000000, RNDM, 1528, 6, 254.666667, 
bse_controlled_0001, 000415, 52, 156, PT1, 479, 1, 479.000000, RNDM, 1607, 6, 267.833333, 
bse_controlled_0001, 000417, 52, 296, PT1, 479, 1, 479.000000, RNDM, 1607, 6, 267.833333, 
bse_controlled_0001, 000417, 52, 357, PT1, 479, 1, 479.000000, RNDM, 1607, 6, 267.833333, 
bse_controlled_0001, 000417, 52, 357, PT1, 479, 1, 479.000000, RNDM, 1607, 6, 267.833333, 
bse_controlled_0001, 000420, 52, 338, PT1, 608, 1, 608.000000, RNDM, 1736, 6, 289.333333, 
bse_controlled_0001, 000420, 52, 357, PT1, 608, 1, 608.000000, RNDM, 1736, 6, 289.333333, 
bse_controlled_0001, 000421, 99, 357, PT1, 471, 1, 471.000000, RNDM, 1873, 6, 312.166667, 
bse_controlled_0001, 000422, 99, 236, PT1, 625, 1, 625.000000, RNDM, 2027, 6, 337.833333, 
bse_controlled_0001, 000423, 52, 236, PT1, 625, 1, 625.000000, RNDM, 2027, 6, 337.833333, 
bse_controlled_0001, 000423, 69, 434, PT1, 625, 1, 625.000000, RNDM, 2027, 6, 337.833333, 
bse_controlled_0001, 000424, 92, 434, PT1, 486, 1, 486.000000, RNDM, 2166, 6, 361.000000, 
bse_controlled_0001, 000424, 92, 434, PT1, 872, 1, 872.000000, RNDM, 2552, 6, 425.333333, 
bse_controlled_0001, 000426, 92, 434, PT1, 872, 1, 872.000000, RNDM, 2552, 6, 425.333333, 
bse_controlled_0001, 000430, 92, 434, PT1, 872, 1, 872.000000, RNDM, 2552, 6, 425.333333, 
bse_controlled_0001, 000430, 69, 434, PT1, 872, 1, 872.000000, RNDM, 2552, 6, 425.333333, 
bse_controlled_0001, 000431, 69, 434, PT1, 872, 1, 872.000000, RNDM, 2552, 6, 425.333333, 
bse_controlled_0001, 000432, 69, 434, PT1, 872, 1, 872.000000, RNDM, 2552, 6, 425.333333, 
bse_controlled_0001, 000432, 69, 434, PT1, 687, 1, 687.000000, RNDM, 2737, 6, 456.166667, 
bse_controlled_0001, 000436, 155, 434, PT1, 687, 1, 687.000000, RNDM, 2737, 6, 456.166667, 
bse_controlled_0001, 000436, 69, 434, PT1, 687, 1, 687.000000, RNDM, 2737, 6, 456.166667, 
bse_controlled_0001, 000453, 64, 116, PT1, 687, 1, 687.000000, RNDM, 2737, 6, 456.166667, 
bse_controlled_0001, 000454, 4, 116, PT1, 687, 1, 687.000000, RNDM, 2737, 6, 456.166667, 
bse_controlled_0001, 000454, None, 192, PT1, 687, 1, 687.000000, RNDM, 2737, 6, 456.166667, 
bse_controlled_0001, 000456, None, 192, PT1, 687, 1, 687.000000, RNDM, 2737, 6, 456.166667, 
bse_controlled_0001, 000465, None, 86, PT1, 687, 1, 687.000000, RNDM, 2737, 6, 456.166667, 
bse_controlled_0001, 000484, 55, 86, PT1, 687, 1, 687.000000, RNDM, 2737, 6, 456.166667, 
bse_controlled_0001, 000485, 55, 305, PT1, 687, 1, 687.000000, RNDM, 2737, 6, 456.166667, 
bse_controlled_0001, 000508, 125, 147, PT1, 687, 1, 687.000000, RNDM, 2737, 6, 456.166667, 
bse_controlled_0001, 000513, 70, 147, PT1, 687, 1, 687.000000, RNDM, 2737, 6, 456.166667, 
bse_controlled_0001, 000514, 56, 294, PT1, 687, 1, 687.000000, RNDM, 2737, 6, 456.166667, 
bse_controlled_0001, 000514, 56, 294, PT1, 886, 1, 886.000000, RNDM, 2936, 6, 489.333333, 
bse_controlled_0001, 000515, 56, 294, PT1, 886, 1, 886.000000, RNDM, 2936, 6, 489.333333, 
bse_controlled_0001, 000532, 93, 217, PT1, 782, 1, 782.000000, RNDM, 3040, 6, 506.666667, 
bse_controlled_0001, 000534, 59, 115, PT1, 782, 1, 782.000000, RNDM, 3040, 6, 506.666667, 
bse_controlled_0001, 000536, 59, 217, PT1, 782, 1, 782.000000, RNDM, 3040, 6, 506.666667, 
bse_controlled_0001, 000536, 59, 294, PT1, 782, 1, 782.000000, RNDM, 3040, 6, 506.666667, 
bse_controlled_0001, 000536, 59, 370, PT1, 782, 1, 782.000000, RNDM, 3040, 6, 506.666667, 
bse_controlled_0001, 000536, 21, 370, PT1, 782, 1, 782.000000, RNDM, 3040, 6, 506.666667, 
bse_controlled_0001, 000537, None, 370, PT1, 782, 1, 782.000000, RNDM, 3040, 6, 506.666667, 
bse_controlled_0001, 000538, None, 189, PT1, 932, 1, 932.000000, RNDM, 3190, 6, 531.666667, 
bse_controlled_0001, 000538, None, 189, PT1, 932, 1, 932.000000, RNDM, 3190, 6, 531.666667, 
bse_controlled_0001, 000539, None, 379, PT1, 932, 1, 932.000000, RNDM, 3190, 6, 531.666667, 
bse_controlled_0001, 000539, None, 397, PT1, 932, 1, 932.000000, RNDM, 3190, 6, 531.666667, 
bse_controlled_0001, 000540, 215, 397, PT1, 932, 1, 932.000000, RNDM, 3190, 6, 531.666667, 
bse_controlled_0001, 000541, 215, 397, PT1, 932, 1, 932.000000, RNDM, 3190, 6, 531.666667, 
bse_controlled_0001, 000544, 150, 340, PT1, 932, 1, 932.000000, RNDM, 3190, 6, 531.666667, 
bse_controlled_0001, 000546, 153, 397, PT1, 932, 1, 932.000000, RNDM, 3190, 6, 531.666667, 
bse_controlled_0001, 000553, 150, 397, PT1, 932, 1, 932.000000, RNDM, 3190, 6, 531.666667, 
bse_controlled_0001, 000554, 111, 397, PT1, 932, 1, 932.000000, RNDM, 3190, 6, 531.666667, 
bse_controlled_0001, 000554, 111, 438, PT1, 932, 1, 932.000000, RNDM, 3190, 6, 531.666667, 
bse_controlled_0001, 000556, 49, 144, PT1, 932, 1, 932.000000, RNDM, 3190, 6, 531.666667, 
bse_controlled_0001, 000556, 49, 256, PT1, 932, 1, 932.000000, RNDM, 3190, 6, 531.666667, 
bse_controlled_0001, 000562, 90, 199, PT1, 787, 1, 787.000000, RNDM, 3045, 6, 507.500000, 
bse_controlled_0001, 000575, 90, 199, PT1, 787, 1, 787.000000, RNDM, 3045, 6, 507.500000, 
bse_controlled_0001, 000581, 122, 199, PT1, 787, 1, 787.000000, RNDM, 3045, 6, 507.500000, 
bse_controlled_0001, 000582, 122, 246, PT1, 787, 1, 787.000000, RNDM, 3045, 6, 507.500000, 
bse_controlled_0001, 000583, 164, 438, PT1, 787, 1, 787.000000, RNDM, 3045, 6, 507.500000, 
bse_controlled_0001, 000587, 221, 438, PT1, 1098, 1, 1098.000000, RNDM, 3356, 6, 559.333333, 
bse_controlled_0001, 000589, 174, 438, PT1, 1098, 1, 1098.000000, RNDM, 3356, 6, 559.333333, 
bse_controlled_0001, 000589, 164, 438, PT1, 1098, 1, 1098.000000, RNDM, 3356, 6, 559.333333, 
bse_controlled_0001, 000590, 158, 438, PT1, 1098, 1, 1098.000000, RNDM, 3356, 6, 559.333333, 
bse_controlled_0001, 000590, 90, 438, PT1, 1098, 1, 1098.000000, RNDM, 3356, 6, 559.333333, 
bse_controlled_0001, 000591, 135, 438, PT1, 908, 1, 908.000000, RNDM, 3546, 6, 591.000000, 
bse_controlled_0001, 000602, 91, 438, PT1, 908, 1, 908.000000, RNDM, 3816, 6, 636.000000, 
bse_controlled_0001, 000604, 91, 438, PT1, 908, 1, 908.000000, RNDM, 3816, 6, 636.000000, 
bse_controlled_0001, 000604, 78, 438, PT1, 908, 1, 908.000000, RNDM, 3816, 6, 636.000000, 
bse_controlled_0001, 000605, 78, 438, PT1, 908, 1, 908.000000, RNDM, 3816, 6, 636.000000, 
bse_controlled_0001, 000606, 144, 438, PT1, 1105, 1, 1105.000000, RNDM, 3619, 6, 603.166667, 
bse_controlled_0001, 000609, 144, 397, PT1, 1105, 1, 1105.000000, RNDM, 3619, 6, 603.166667, 
bse_controlled_0001, 000624, 89, 438, PT1, 1105, 1, 1105.000000, RNDM, 3619, 6, 603.166667, 
bse_controlled_0001, 000635, 77, 288, PT1, 1105, 1, 1105.000000, RNDM, 3619, 6, 603.166667, 
bse_controlled_0001, 000637, 241, 351, PT1, 1105, 1, 1105.000000, RNDM, 3619, 6, 603.166667, 
bse_controlled_0001, 000646, 110, 351, PT1, 1105, 1, 1105.000000, RNDM, 3619, 6, 603.166667, 
bse_controlled_0001, 000647, 110, 351, PT1, 1105, 1, 1105.000000, RNDM, 3619, 6, 603.166667, 
bse_controlled_0001, 000657, 110, 223, PT1, 1105, 1, 1105.000000, RNDM, 3619, 6, 603.166667, 
bse_controlled_0001, 000664, 145, 351, PT1, 1105, 1, 1105.000000, RNDM, 3619, 6, 603.166667, 
bse_controlled_0001, 000672, 145, 351, PT1, 1105, 1, 1105.000000, RNDM, 4001, 6, 666.833333, 
bse_controlled_0001, 000673, 145, 438, PT1, 1105, 1, 1105.000000, RNDM, 4001, 6, 666.833333, 
bse_controlled_0001, 000674, 128, 266, PT1, 1105, 1, 1105.000000, RNDM, 4001, 6, 666.833333, 
bse_controlled_0001, 000696, 103, 266, PT1, 1105, 1, 1105.000000, RNDM, 4001, 6, 666.833333, 
bse_controlled_0001, 000700, 103, 266, PT1, 1105, 1, 1105.000000, RNDM, 4001, 6, 666.833333, 
bse_controlled_0001, 000702, 103, 432, PT1, 1105, 1, 1105.000000, RNDM, 4001, 6, 666.833333, 
bse_controlled_0001, 000703, 58, 385, PT1, 1105, 1, 1105.000000, RNDM, 4001, 6, 666.833333, 
bse_controlled_0001, 000703, 58, 385, PT1, 1000, 1, 1000.000000, RNDM, 4106, 6, 684.333333, 
bse_controlled_0001, 000704, 6, 385, PT1, 1000, 1, 1000.000000, RNDM, 4106, 6, 684.333333, 
bse_controlled_0001, 000705, 6, 385, PT1, 1381, 1, 1381.000000, RNDM, 4487, 6, 747.833333, 
bse_controlled_0001, 000724, 91, 199, PT1, 1263, 1, 1263.000000, RNDM, 4605, 6, 767.500000, 
bse_controlled_0001, 000726, 114, 199, PT1, 1263, 1, 1263.000000, RNDM, 4605, 6, 767.500000, 
bse_controlled_0001, 000727, 114, 250, PT1, 1263, 1, 1263.000000, RNDM, 4605, 6, 767.500000, 
bse_controlled_0001, 000728, 72, 199, PT1, 1263, 1, 1263.000000, RNDM, 4605, 6, 767.500000, 
bse_controlled_0001, 000729, 72, 222, PT1, 1263, 1, 1263.000000, RNDM, 4605, 6, 767.500000, 
bse_controlled_0001, 000729, 72, 345, PT1, 1263, 1, 1263.000000, RNDM, 4605, 6, 767.500000, 
bse_controlled_0001, 000730, 72, 345, PT1, 1412, 1, 1412.000000, RNDM, 4754, 6, 792.333333, 
bse_controlled_0001, 000756, 50, 196, PT1, 1412, 1, 1412.000000, RNDM, 4754, 6, 792.333333, 
bse_controlled_0001, 000757, 50, 196, PT1, 1412, 1, 1412.000000, RNDM, 4754, 6, 792.333333, 
bse_controlled_0001, 000759, 50, 199, PT1, 1292, 1, 1292.000000, RNDM, 4874, 6, 812.333333, 
bse_controlled_0001, 000773, 50, 199, PT1, 1292, 1, 1292.000000, RNDM, 4874, 6, 812.333333, 
bse_controlled_0001, 000773, 50, 308, PT1, 1292, 1, 1292.000000, RNDM, 4874, 6, 812.333333, 
bse_controlled_0001, 000785, 63, 86, PT1, 1292, 1, 1292.000000, RNDM, 4874, 6, 812.333333, 
bse_controlled_0001, 000786, 63, 131, PT1, 1292, 1, 1292.000000, RNDM, 4874, 6, 812.333333, 
bse_controlled_0001, 000787, 63, 130, PT1, 1292, 1, 1292.000000, RNDM, 4874, 6, 812.333333, 
bse_controlled_0001, 000806, 63, 130, PT1, 1292, 1, 1292.000000, RNDM, 4874, 6, 812.333333, 
bse_controlled_0001, 000808, 53, 159, PT1, 1292, 1, 1292.000000, RNDM, 4874, 6, 812.333333, 
bse_controlled_0001, 000809, 52, 159, PT1, 1292, 1, 1292.000000, RNDM, 4874, 6, 812.333333, 
bse_controlled_0001, 000810, 52, 345, PT1, 1292, 1, 1292.000000, RNDM, 4874, 6, 812.333333, 
bse_controlled_0001, 000811, 52, 345, PT1, 1292, 1, 1292.000000, RNDM, 4874, 6, 812.333333, 
bse_controlled_0001, 000811, 52, 345, PT1, 1292, 1, 1292.000000, RNDM, 4874, 6, 812.333333, 
bse_controlled_0001, 000811, 52, 403, PT1, 1292, 1, 1292.000000, RNDM, 4874, 6, 812.333333, 
bse_controlled_0001, 000812, 52, 403, PT1, 1292, 1, 1292.000000, RNDM, 4874, 6, 812.333333, 
bse_controlled_0001, 000816, 52, 204, PT1, 1292, 1, 1292.000000, RNDM, 4874, 6, 812.333333, 
bse_controlled_0001, 000847, 113, 136, PT1, 1292, 1, 1292.000000, RNDM, 4874, 6, 812.333333, 
bse_controlled_0001, 000847, 52, 136, PT1, 1292, 1, 1292.000000, RNDM, 4874, 6, 812.333333, 
bse_controlled_0001, 000848, 47, 136, PT1, 1292, 1, 1292.000000, RNDM, 4978, 6, 829.666667, 
bse_controlled_0001, 000848, 47, 204, PT1, 1292, 1, 1292.000000, RNDM, 4978, 6, 829.666667, 
bse_controlled_0001, 000857, None, 203, PT1, 1292, 1, 1292.000000, RNDM, 4978, 6, 829.666667, 
bse_controlled_0001, 000862, None, 120, PT1, 1292, 1, 1292.000000, RNDM, 4978, 6, 829.666667, 
bse_controlled_0001, 000863, 102, 203, PT1, 1292, 1, 1292.000000, RNDM, 4978, 6, 829.666667, 
bse_controlled_0001, 000865, 102, 203, PT1, 1422, 1, 1422.000000, RNDM, 5108, 6, 851.333333, 
bse_controlled_0001, 000865, 102, 274, PT1, 1422, 1, 1422.000000, RNDM, 5108, 6, 851.333333, 
bse_controlled_0001, 000866, 102, 403, PT1, 1422, 1, 1422.000000, RNDM, 5108, 6, 851.333333, 
bse_controlled_0001, 000876, 203, 403, PT1, 1422, 1, 1422.000000, RNDM, 5108, 6, 851.333333, 
bse_controlled_0001, 000897, 152, 403, PT1, 1422, 1, 1422.000000, RNDM, 5736, 6, 956.000000, 
bse_controlled_0001, 000898, 152, 452, PT1, 1422, 1, 1422.000000, RNDM, 5736, 6, 956.000000, 
bse_controlled_0001, 000900, 102, 452, PT1, 1422, 1, 1422.000000, RNDM, 5736, 6, 956.000000, 
bse_controlled_0001, 000907, 120, 452, PT1, 1422, 1, 1422.000000, RNDM, 6488, 6, 1081.333333, 
bse_controlled_0001, 000910, 120, 452, PT1, 1278, 1, 1278.000000, RNDM, 6632, 6, 1105.333333, 
bse_controlled_0001, 000913, 120, 452, PT1, 1669, 1, 1669.000000, RNDM, 7023, 6, 1170.500000, 
bse_controlled_0001, 000914, 68, 452, PT1, 1669, 1, 1669.000000, RNDM, 7023, 6, 1170.500000, 
bse_controlled_0001, 000929, 113, 316, PT1, 1669, 1, 1669.000000, RNDM, 7023, 6, 1170.500000, 
bse_controlled_0001, 000937, 122, 316, PT1, 1521, 1, 1521.000000, RNDM, 7171, 6, 1195.166667, 
bse_controlled_0001, 000938, 122, 382, PT1, 1521, 1, 1521.000000, RNDM, 7171, 6, 1195.166667, 
bse_controlled_0001, 000939, 113, 382, PT1, 1521, 1, 1521.000000, RNDM, 7171, 6, 1195.166667, 
bse_controlled_0001, 000941, 184, 382, PT1, 1827, 1, 1827.000000, RNDM, 7477, 6, 1246.166667, 
bse_controlled_0001, 000941, 68, 382, PT1, 1827, 1, 1827.000000, RNDM, 7477, 6, 1246.166667, 
bse_controlled_0001, 000942, 68, 365, PT1, 1732, 1, 1732.000000, RNDM, 7572, 6, 1262.000000, 
bse_controlled_0001, 000943, 68, 365, PT1, 1732, 1, 1732.000000, RNDM, 7572, 6, 1262.000000, 
bse_controlled_0001, 000958, 68, 314, PT1, 1732, 1, 1732.000000, RNDM, 7572, 6, 1262.000000, 
bse_controlled_0001, 000960, 59, 314, PT1, 1926, 1, 1926.000000, RNDM, 7766, 6, 1294.333333, 
bse_controlled_0001, 000972, 59, 154, PT1, 1926, 1, 1926.000000, RNDM, 7766, 6, 1294.333333, 
bse_controlled_0001, 000973, 59, 270, PT1, 1926, 1, 1926.000000, RNDM, 7766, 6, 1294.333333, 
bse_controlled_0001, 000974, 59, 270, PT1, 1926, 1, 1926.000000, RNDM, 7766, 6, 1294.333333, 
bse_controlled_0001, 000998, 122, 133, PT1, 1800, 1, 1800.000000, RNDM, 7892, 6, 1315.333333, 
bse_controlled_0001, 000999, 122, 253, PT1, 1800, 1, 1800.000000, RNDM, 7892, 6, 1315.333333, 
bse_controlled_0001, 001002, 122, 253, PT1, 1940, 1, 1940.000000, RNDM, 8032, 6, 1338.666667, 
bse_controlled_0001, 001028, 109, 126, PT1, 1940, 1, 1940.000000, RNDM, 8032, 6, 1338.666667, 
bse_controlled_0001, 001028, 55, 126, PT1, 1940, 1, 1940.000000, RNDM, 8032, 6, 1338.666667, 
bse_controlled_0001, 001028, 42, 126, PT1, 1940, 1, 1940.000000, RNDM, 8032, 6, 1338.666667, 
bse_controlled_0001, 001029, 42, 270, PT1, 1883, 1, 1883.000000, RNDM, 8089, 6, 1348.166667, 
bse_controlled_0001, 001037, 53, 208, PT1, 1883, 1, 1883.000000, RNDM, 8089, 6, 1348.166667, 
bse_controlled_0001, 001037, 53, 270, PT1, 1883, 1, 1883.000000, RNDM, 8089, 6, 1348.166667, 
bse_controlled_0001, 001037, 53, 321, PT1, 1883, 1, 1883.000000, RNDM, 8089, 6, 1348.166667, 
bse_controlled_0001, 001039, 53, 321, PT1, 1883, 1, 1883.000000, RNDM, 8089, 6, 1348.166667, 
bse_controlled_0001, 001040, 53, 321, PT1, 1883, 1, 1883.000000, RNDM, 8089, 6, 1348.166667, 
bse_controlled_0001, 001059, 53, 159, PT1, 1883, 1, 1883.000000, RNDM, 8089, 6, 1348.166667, 
bse_controlled_0001, 001060, 53, 263, PT1, 1883, 1, 1883.000000, RNDM, 8089, 6, 1348.166667, 
bse_controlled_0001, 001060, 161, 360, PT1, 1883, 1, 1883.000000, RNDM, 8089, 6, 1348.166667, 
bse_controlled_0001, 001060, 73, 360, PT1, 2044, 1, 2044.000000, RNDM, 8250, 6, 1375.000000, 
bse_controlled_0001, 001061, 73, 360, PT1, 2044, 1, 2044.000000, RNDM, 8250, 6, 1375.000000, 
bse_controlled_0001, 001062, 73, 475, PT1, 2044, 1, 2044.000000, RNDM, 8250, 6, 1375.000000, 
bse_controlled_0001, 001063, 130, 475, PT1, 2044, 1, 2044.000000, RNDM, 8250, 6, 1375.000000, 
bse_controlled_0001, 001064, 130, 475, PT1, 2044, 1, 2044.000000, RNDM, 8250, 6, 1375.000000, 
bse_controlled_0001, 001065, 130, 475, PT1, 2044, 1, 2044.000000, RNDM, 8250, 6, 1375.000000, 
bse_controlled_0001, 001066, 142, 475, PT1, 1873, 1, 1873.000000, RNDM, 8421, 6, 1403.500000, 
bse_controlled_0001, 001067, 142, 475, PT1, 1873, 1, 1873.000000, RNDM, 8421, 6, 1403.500000, 
bse_controlled_0001, 001067, 142, 475, PT1, 2051, 1, 2051.000000, RNDM, 8243, 6, 1373.833333, 
bse_controlled_0001, 001068, 142, 475, PT1, 2051, 1, 2051.000000, RNDM, 8243, 6, 1373.833333, 
bse_controlled_0001, 001068, 142, 475, PT1, 2051, 1, 2051.000000, RNDM, 8243, 6, 1373.833333, 
bse_controlled_0001, 001069, 335, None, PT1, 2051, 1, 2051.000000, RNDM, 8243, 6, 1373.833333, 
bse_controlled_0001, 001069, 142, None, PT1, 2051, 1, 2051.000000, RNDM, 8243, 6, 1373.833333, 
bse_controlled_0001, 001069, 73, 464, PT1, 2051, 1, 2051.000000, RNDM, 8243, 6, 1373.833333, 
bse_controlled_0001, 001071, 73, 464, PT1, 1827, 1, 1827.000000, RNDM, 8467, 6, 1411.166667, 
bse_controlled_0001, 001074, 197, 350, PT1, 2118, 1, 2118.000000, RNDM, 8758, 6, 1459.666667, 
bse_controlled_0001, 001075, 73, 332, PT1, 2118, 1, 2118.000000, RNDM, 8758, 6, 1459.666667, 
bse_controlled_0001, 001089, 82, 250, PT1, 2118, 1, 2118.000000, RNDM, 8758, 6, 1459.666667, 
bse_controlled_0001, 001091, 82, 332, PT1, 1981, 1, 1981.000000, RNDM, 8895, 6, 1482.500000, 
bse_controlled_0001, 001105, 69, 211, PT1, 1981, 1, 1981.000000, RNDM, 8895, 6, 1482.500000, 
bse_controlled_0001, 001107, 69, 211, PT1, 1981, 1, 1981.000000, RNDM, 8895, 6, 1482.500000, 
bse_controlled_0001, 001107, 69, 214, PT1, 1981, 1, 1981.000000, RNDM, 8895, 6, 1482.500000, 
bse_controlled_0001, 001107, 69, None, PT1, 1981, 1, 1981.000000, RNDM, 8895, 6, 1482.500000, 
bse_controlled_0001, 001108, 111, None, PT1, 1981, 1, 1981.000000, RNDM, 8895, 6, 1482.500000, 
bse_controlled_0001, 001108, 69, None, PT1, 1981, 1, 1981.000000, RNDM, 8895, 6, 1482.500000, 
bse_controlled_0001, 001109, 144, None, PT1, 1981, 1, 1981.000000, RNDM, 8895, 6, 1482.500000, 
bse_controlled_0001, 001109, 69, None, PT1, 1981, 1, 1981.000000, RNDM, 8895, 6, 1482.500000, 
bse_controlled_0001, 001110, 69, None, PT1, 2277, 1, 2277.000000, RNDM, 9191, 6, 1531.833333, 
bse_controlled_0001, 001119, 211, 377, PT1, 2277, 1, 2277.000000, RNDM, 9191, 6, 1531.833333, 
bse_controlled_0001, 001119, 211, None, PT1, 2277, 1, 2277.000000, RNDM, 9191, 6, 1531.833333, 
bse_controlled_0001, 001121, 211, 455, PT1, 2277, 1, 2277.000000, RNDM, 9191, 6, 1531.833333, 
bse_controlled_0001, 001134, 288, None, PT1, 2277, 1, 2277.000000, RNDM, 9191, 6, 1531.833333, 
bse_controlled_0001, 001135, 211, 336, PT1, 2277, 1, 2277.000000, RNDM, 9191, 6, 1531.833333, 
bse_controlled_0001, 001135, 211, None, PT1, 2277, 1, 2277.000000, RNDM, 9191, 6, 1531.833333, 
bse_controlled_0001, 001149, 211, 498, PT1, 2277, 1, 2277.000000, RNDM, 9191, 6, 1531.833333, 
bse_controlled_0001, 001150, 143, None, PT1, 2277, 1, 2277.000000, RNDM, 9191, 6, 1531.833333, 
bse_controlled_0001, 001150, 83, 190, PT1, 2277, 1, 2277.000000, RNDM, 9191, 6, 1531.833333, 
bse_controlled_0001, 001151, 111, 190, PT1, 2097, 1, 2097.000000, RNDM, 9371, 6, 1561.833333, 
bse_controlled_0001, 001151, 111, 380, PT1, 2097, 1, 2097.000000, RNDM, 9371, 6, 1561.833333, 
bse_controlled_0001, 001152, 83, 380, PT1, 2097, 1, 2097.000000, RNDM, 9371, 6, 1561.833333, 
bse_controlled_0001, 001152, 74, 380, PT1, 2097, 1, 2097.000000, RNDM, 9371, 6, 1561.833333, 
bse_controlled_0001, 001158, 65, 115, PT1, 2097, 1, 2097.000000, RNDM, 9371, 6, 1561.833333, 
bse_controlled_0001, 001159, 65, 364, PT1, 2097, 1, 2097.000000, RNDM, 9371, 6, 1561.833333, 
bse_controlled_0001, 001191, 41, 100, PT1, 2097, 1, 2097.000000, RNDM, 9371, 6, 1561.833333, 
bse_controlled_0001, 001196, 82, 127, PT1, 2097, 1, 2097.000000, RNDM, 9371, 6, 1561.833333, 
bse_controlled_0001, 001197, 82, 149, PT1, 2097, 1, 2097.000000, RNDM, 9371, 6, 1561.833333, 
bse_controlled_0001, 001221, 46, 143, PT1, 2097, 1, 2097.000000, RNDM, 9371, 6, 1561.833333, 
bse_controlled_0001, 001240, 67, 115, PT1, 2097, 1, 2097.000000, RNDM, 9371, 6, 1561.833333, 
bse_controlled_0001, 001240, 67, 143, PT1, 2097, 1, 2097.000000, RNDM, 9371, 6, 1561.833333, 
bse_controlled_0001, 001242, 67, 326, PT1, 2097, 1, 2097.000000, RNDM, 9371, 6, 1561.833333, 
bse_controlled_0001, 001242, 67, 326, PT1, 2097, 1, 2097.000000, RNDM, 9371, 6, 1561.833333, 
bse_controlled_0001, 001259, 67, 125, PT1, 2097, 1, 2097.000000, RNDM, 9371, 6, 1561.833333, 
bse_controlled_0001, 001270, 57, 125, PT1, 2097, 1, 2097.000000, RNDM, 9371, 6, 1561.833333, 
bse_controlled_0001, 001294, 57, 147, PT1, 2097, 1, 2097.000000, RNDM, 9371, 6, 1561.833333, 
bse_controlled_0001, 001294, 57, 295, PT1, 2097, 1, 2097.000000, RNDM, 9371, 6, 1561.833333, 
bse_controlled_0001, 001296, 134, 295, PT1, 2299, 1, 2299.000000, RNDM, 9573, 6, 1595.500000, 
bse_controlled_0001, 001301, 71, 233, PT1, 2299, 1, 2299.000000, RNDM, 9573, 6, 1595.500000, 
bse_controlled_0001, 001301, 71, 295, PT1, 2299, 1, 2299.000000, RNDM, 9573, 6, 1595.500000, 
bse_controlled_0001, 001301, 71, 295, PT1, 2299, 1, 2299.000000, RNDM, 9573, 6, 1595.500000, 
bse_controlled_0001, 001302, 42, 305, PT1, 2299, 1, 2299.000000, RNDM, 9573, 6, 1595.500000, 
bse_controlled_0001, 001315, 149, 305, PT1, 2299, 1, 2299.000000, RNDM, 9573, 6, 1595.500000, 
bse_controlled_0001, 001317, 149, 305, PT1, 2299, 1, 2299.000000, RNDM, 9573, 6, 1595.500000, 
bse_controlled_0001, 001317, 144, 305, PT1, 2299, 1, 2299.000000, RNDM, 9573, 6, 1595.500000, 
bse_controlled_0001, 001319, 144, 347, PT1, 2299, 1, 2299.000000, RNDM, 9573, 6, 1595.500000, 
bse_controlled_0001, 001332, 144, 347, PT1, 2152, 1, 2152.000000, RNDM, 9720, 6, 1620.000000, 
bse_controlled_0001, 001348, 104, 347, PT1, 2152, 1, 2152.000000, RNDM, 9720, 6, 1620.000000, 
bse_controlled_0001, 001375, 104, 119, PT1, 2152, 1, 2152.000000, RNDM, 9720, 6, 1620.000000, 
bse_controlled_0001, 001375, 104, 147, PT1, 2152, 1, 2152.000000, RNDM, 9720, 6, 1620.000000, 
bse_controlled_0001, 001375, 90, 347, PT1, 2152, 1, 2152.000000, RNDM, 9720, 6, 1620.000000, 
bse_controlled_0001, 001376, 78, 347, PT1, 2152, 1, 2152.000000, RNDM, 9720, 6, 1620.000000, 
bse_controlled_0001, 001378, 78, 347, PT1, 2343, 1, 2343.000000, RNDM, 9911, 6, 1651.833333, 
bse_controlled_0001, 001379, 78, 472, PT1, 2343, 1, 2343.000000, RNDM, 9911, 6, 1651.833333, 
bse_controlled_0001, 001379, 62, 111, PT1, 2343, 1, 2343.000000, RNDM, 9911, 6, 1651.833333, 
bse_controlled_0001, 001380, 62, 472, PT1, 2343, 1, 2343.000000, RNDM, 10133, 6, 1688.833333, 
bse_controlled_0001, 001381, 112, 461, PT1, 2343, 1, 2343.000000, RNDM, 10133, 6, 1688.833333, 
bse_controlled_0001, 001382, 62, 461, PT1, 2231, 1, 2231.000000, RNDM, 10021, 6, 1670.166667, 
bse_controlled_0001, 001382, 45, 461, PT1, 2231, 1, 2231.000000, RNDM, 10021, 6, 1670.166667, 
bse_controlled_0001, 001392, 45, 174, PT1, 2231, 1, 2231.000000, RNDM, 10021, 6, 1670.166667, 
bse_controlled_0001, 001392, 155, 199, PT1, 2231, 1, 2231.000000, RNDM, 10369, 6, 1728.166667, 
bse_controlled_0001, 001393, 45, 199, PT1, 2386, 1, 2386.000000, RNDM, 10524, 6, 1754.000000, 
bse_controlled_0001, 001394, 45, 331, PT1, 2386, 1, 2386.000000, RNDM, 10524, 6, 1754.000000, 
bse_controlled_0001, 001396, 163, 458, PT1, 2386, 1, 2386.000000, RNDM, 10524, 6, 1754.000000, 
bse_controlled_0001, 001398, 127, 458, PT1, 2386, 1, 2386.000000, RNDM, 10524, 6, 1754.000000, 
bse_controlled_0001, 001399, 127, 458, PT1, 2386, 1, 2386.000000, RNDM, 10524, 6, 1754.000000, 
bse_controlled_0001, 001415, 127, 335, PT1, 2240, 1, 2240.000000, RNDM, 10670, 6, 1778.333333, 
bse_controlled_0001, 001415, 56, 335, PT1, 2240, 1, 2240.000000, RNDM, 10924, 6, 1820.666667, 
bse_controlled_0001, 001422, 56, 99, PT1, 2240, 1, 2240.000000, RNDM, 10924, 6, 1820.666667, 
bse_controlled_0001, 001423, 41, 265, PT1, 2240, 1, 2240.000000, RNDM, 10924, 6, 1820.666667, 
bse_controlled_0001, 001425, 41, 162, PT1, 2240, 1, 2240.000000, RNDM, 10924, 6, 1820.666667, 
bse_controlled_0001, 001425, 41, 265, PT1, 2240, 1, 2240.000000, RNDM, 10924, 6, 1820.666667, 
bse_controlled_0001, 001440, 56, 265, PT1, 2240, 1, 2240.000000, RNDM, 10924, 6, 1820.666667, 
bse_controlled_0001, 001441, 56, 414, PT1, 2240, 1, 2240.000000, RNDM, 10924, 6, 1820.666667, 
bse_controlled_0001, 001452, 56, 137, PT1, 2240, 1, 2240.000000, RNDM, 10924, 6, 1820.666667, 
bse_controlled_0001, 001452, 41, 300, PT1, 2240, 1, 2240.000000, RNDM, 10924, 6, 1820.666667, 
bse_controlled_0001, 001452, 41, 300, PT1, 2414, 1, 2414.000000, RNDM, 11098, 6, 1849.666667, 
bse_controlled_0001, 001459, 190, 300, PT1, 2414, 1, 2414.000000, RNDM, 11098, 6, 1849.666667, 
bse_controlled_0001, 001461, 129, 300, PT1, 2414, 1, 2414.000000, RNDM, 11098, 6, 1849.666667, 
bse_controlled_0001, 001465, 129, 300, PT1, 2276, 1, 2276.000000, RNDM, 11236, 6, 1872.666667, 
bse_controlled_0001, 001482, 107, 300, PT1, 2276, 1, 2276.000000, RNDM, 11236, 6, 1872.666667, 
bse_controlled_0001, 001506, 107, 116, PT1, 2276, 1, 2276.000000, RNDM, 11468, 6, 1911.333333, 
bse_controlled_0001, 001506, 107, 300, PT1, 2276, 1, 2276.000000, RNDM, 11468, 6, 1911.333333, 
bse_controlled_0001, 001507, 107, 300, PT1, 2465, 1, 2465.000000, RNDM, 11657, 6, 1942.833333, 
bse_controlled_0001, 001508, 107, 300, PT1, 2465, 1, 2465.000000, RNDM, 11657, 6, 1942.833333, 
bse_controlled_0001, 001512, 107, 300, PT1, 2465, 1, 2465.000000, RNDM, 11657, 6, 1942.833333, 
bse_controlled_0001, 001512, 87, 300, PT1, 2465, 1, 2465.000000, RNDM, 11657, 6, 1942.833333, 
bse_controlled_0001, 001512, 92, 439, PT1, 2465, 1, 2465.000000, RNDM, 11657, 6, 1942.833333, 
bse_controlled_0001, 001530, 227, 439, PT1, 2465, 1, 2465.000000, RNDM, 11657, 6, 1942.833333, 
bse_controlled_0001, 001542, 258, 439, PT1, 2465, 1, 2465.000000, RNDM, 11657, 6, 1942.833333, 
bse_controlled_0001, 001542, 192, 439, PT1, 2465, 1, 2465.000000, RNDM, 11657, 6, 1942.833333, 
bse_controlled_0001, 001543, 127, 439, PT1, 2336, 1, 2336.000000, RNDM, 11528, 6, 1921.333333, 
bse_controlled_0001, 001566, 126, 439, PT1, 2336, 1, 2336.000000, RNDM, 11528, 6, 1921.333333, 
bse_controlled_0001, 001568, 126, 376, PT1, 2697, 1, 2697.000000, RNDM, 11889, 6, 1981.500000, 
bse_controlled_0001, 001570, 126, 226, PT1, 2550, 1, 2550.000000, RNDM, 12036, 6, 2006.000000, 
bse_controlled_0001, 001574, 121, 226, PT1, 2550, 1, 2550.000000, RNDM, 12036, 6, 2006.000000, 
bse_controlled_0001, 001576, 110, 413, PT1, 2550, 1, 2550.000000, RNDM, 12036, 6, 2006.000000, 
bse_controlled_0001, 001577, 57, 413, PT1, 2550, 1, 2550.000000, RNDM, 12036, 6, 2006.000000, 
bse_controlled_0001, 001578, 57, 339, PT1, 2877, 1, 2877.000000, RNDM, 12363, 6, 2060.500000, 
bse_controlled_0001, 001580, 57, 339, PT1, 2672, 1, 2672.000000, RNDM, 12568, 6, 2094.666667, 
bse_controlled_0001, 001582, 57, 413, PT1, 2672, 1, 2672.000000, RNDM, 12568, 6, 2094.666667, 
bse_controlled_0001, 001584, 57, 413, PT1, 2672, 1, 2672.000000, RNDM, 12568, 6, 2094.666667, 
bse_controlled_0001, 001585, 109, 413, PT1, 2919, 1, 2919.000000, RNDM, 12815, 6, 2135.833333, 
bse_controlled_0001, 001597, 109, 413, PT1, 2919, 1, 2919.000000, RNDM, 12815, 6, 2135.833333, 
bse_controlled_0001, 001598, 109, 487, PT1, 2919, 1, 2919.000000, RNDM, 13641, 6, 2273.500000, 
bse_controlled_0001, 001604, 109, None, PT1, 2919, 1, 2919.000000, RNDM, 13641, 6, 2273.500000, 
bse_controlled_0001, 001605, 83, 357, PT1, 2919, 1, 2919.000000, RNDM, 13641, 6, 2273.500000, 
bse_controlled_0001, 001605, 83, 386, PT1, 2919, 1, 2919.000000, RNDM, 13641, 6, 2273.500000, 
bse_controlled_0001, 001615, 83, 336, PT1, 2919, 1, 2919.000000, RNDM, 13641, 6, 2273.500000, 
bse_controlled_0001, 001618, 83, 336, PT1, 2730, 1, 2730.000000, RNDM, 13830, 6, 2305.000000, 
bse_controlled_0001, 001619, 73, 336, PT1, 2730, 1, 2730.000000, RNDM, 13996, 6, 2332.666667, 
bse_controlled_0001, 001620, 73, 336, PT1, 2730, 1, 2730.000000, RNDM, 13996, 6, 2332.666667, 
bse_controlled_0001, 001620, 73, 336, PT1, 2932, 1, 2932.000000, RNDM, 14198, 6, 2366.333333, 
bse_controlled_0001, 001621, 266, 386, PT1, 2932, 1, 2932.000000, RNDM, 14198, 6, 2366.333333, 
bse_controlled_0001, 001635, 151, 386, PT1, 2932, 1, 2932.000000, RNDM, 14198, 6, 2366.333333, 
bse_controlled_0001, 001647, 169, 386, PT1, 2932, 1, 2932.000000, RNDM, 14900, 6, 2483.333333, 
bse_controlled_0001, 001648, 151, 386, PT1, 2932, 1, 2932.000000, RNDM, 14900, 6, 2483.333333, 
bse_controlled_0001, 001651, 151, 386, PT1, 2932, 1, 2932.000000, RNDM, 15214, 6, 2535.666667, 
bse_controlled_0001, 001664, 124, 386, PT1, 2932, 1, 2932.000000, RNDM, 15214, 6, 2535.666667, 
bse_controlled_0001, 001665, 93, 192, PT1, 2932, 1, 2932.000000, RNDM, 15214, 6, 2535.666667, 
bse_controlled_0001, 001665, 93, 386, PT1, 2740, 1, 2740.000000, RNDM, 15406, 6, 2567.666667, 
bse_controlled_0001, 001666, 93, 386, PT1, 2740, 1, 2740.000000, RNDM, 15406, 6, 2567.666667, 
bse_controlled_0001, 001666, 93, 386, PT1, 2740, 1, 2740.000000, RNDM, 15406, 6, 2567.666667, 
bse_controlled_0001, 001667, 93, 386, PT1, 2740, 1, 2740.000000, RNDM, 15406, 6, 2567.666667, 
bse_controlled_0001, 001667, 74, 386, PT1, 2740, 1, 2740.000000, RNDM, 15406, 6, 2567.666667, 
bse_controlled_0001, 001669, 74, 199, PT1, 2740, 1, 2740.000000, RNDM, 15406, 6, 2567.666667, 
bse_controlled_0001, 001670, 177, 282, PT1, 2939, 1, 2939.000000, RNDM, 15207, 6, 2534.500000, 
bse_controlled_0001, 001689, 177, 386, PT1, 2939, 1, 2939.000000, RNDM, 15207, 6, 2534.500000, 
bse_controlled_0001, 001694, 57, 386, PT1, 2939, 1, 2939.000000, RNDM, 15207, 6, 2534.500000, 
bse_controlled_0001, 001701, 85, 254, PT1, 2783, 1, 2783.000000, RNDM, 15363, 6, 2560.500000, 
bse_controlled_0001, 001702, 57, None, PT1, 2783, 1, 2783.000000, RNDM, 15363, 6, 2560.500000, 
bse_controlled_0001, 001716, 57, 324, PT1, 2783, 1, 2783.000000, RNDM, 15363, 6, 2560.500000, 
bse_controlled_0001, 001717, 57, 324, PT1, 3092, 1, 3092.000000, RNDM, 15672, 6, 2612.000000, 
bse_controlled_0001, 001718, 57, None, PT1, 3092, 1, 3092.000000, RNDM, 15672, 6, 2612.000000, 
bse_controlled_0001, 001725, 146, 437, PT1, 3092, 1, 3092.000000, RNDM, 15672, 6, 2612.000000, 
bse_controlled_0001, 001726, 104, 437, PT1, 3092, 1, 3092.000000, RNDM, 15672, 6, 2612.000000, 
bse_controlled_0001, 001727, 104, 437, PT1, 2913, 1, 2913.000000, RNDM, 15851, 6, 2641.833333, 
bse_controlled_0001, 001742, 104, 437, PT1, 2913, 1, 2913.000000, RNDM, 15851, 6, 2641.833333, 
bse_controlled_0001, 001742, 47, 437, PT1, 2913, 1, 2913.000000, RNDM, 15851, 6, 2641.833333, 
bse_controlled_0001, 001743, 47, 437, PT1, 2913, 1, 2913.000000, RNDM, 15851, 6, 2641.833333, 
bse_controlled_0001, 001745, 47, 437, PT1, 3099, 1, 3099.000000, RNDM, 15665, 6, 2610.833333, 
bse_controlled_0001, 001755, 44, 241, PT1, 3099, 1, 3099.000000, RNDM, 15665, 6, 2610.833333, 
bse_controlled_0001, 001756, 47, None, PT1, 3099, 1, 3099.000000, RNDM, 15665, 6, 2610.833333, 
bse_controlled_0001, 001775, 158, None, PT1, 3099, 1, 3099.000000, RNDM, 15665, 6, 2610.833333, 
bse_controlled_0001, 001778, 158, 260, PT1, 2907, 1, 2907.000000, RNDM, 15857, 6, 2642.833333, 
bse_controlled_0001, 001781, 103, 260, PT1, 2907, 1, 2907.000000, RNDM, 15857, 6, 2642.833333, 
bse_controlled_0001, 001782, 80, 260, PT1, 2907, 1, 2907.000000, RNDM, 15857, 6, 2642.833333, 
bse_controlled_0001, 001782, 47, 260, PT1, 2907, 1, 2907.000000, RNDM, 15857, 6, 2642.833333, 
bse_controlled_0001, 001783, 47, 310, PT1, 2907, 1, 2907.000000, RNDM, 15857, 6, 2642.833333, 
bse_controlled_0001, 001783, 47, 310, PT1, 2907, 1, 2907.000000, RNDM, 15857, 6, 2642.833333, 
bse_controlled_0001, 001783, 47, 310, PT1, 2907, 1, 2907.000000, RNDM, 15857, 6, 2642.833333, 
bse_controlled_0001, 001784, 47, 310, PT1, 3215, 1, 3215.000000, RNDM, 16165, 6, 2694.166667, 
bse_controlled_0001, 001784, 47, None, PT1, 3215, 1, 3215.000000, RNDM, 16165, 6, 2694.166667, 
bse_controlled_0001, 001786, 109, 139, PT1, 3097, 1, 3097.000000, RNDM, 16283, 6, 2713.833333, 
bse_controlled_0001, 001809, 109, 243, PT1, 3097, 1, 3097.000000, RNDM, 16283, 6, 2713.833333, 
bse_controlled_0001, 001811, 59, 158, PT1, 3097, 1, 3097.000000, RNDM, 16283, 6, 2713.833333, 
bse_controlled_0001, 001813, 59, 422, PT1, 3097, 1, 3097.000000, RNDM, 16283, 6, 2713.833333, 
bse_controlled_0001, 001813, 59, 422, PT1, 3413, 1, 3413.000000, RNDM, 16599, 6, 2766.500000, 
bse_controlled_0001, 001814, 59, 425, PT1, 3413, 1, 3413.000000, RNDM, 16599, 6, 2766.500000, 
bse_controlled_0001, 001815, 207, 425, PT1, 3413, 1, 3413.000000, RNDM, 17047, 6, 2841.166667, 
bse_controlled_0001, 001818, 108, 425, PT1, 3413, 1, 3413.000000, RNDM, 17047, 6, 2841.166667, 
bse_controlled_0001, 001831, 60, 425, PT1, 3413, 1, 3413.000000, RNDM, 17047, 6, 2841.166667, 
bse_controlled_0001, 001833, 179, 425, PT1, 3189, 1, 3189.000000, RNDM, 17271, 6, 2878.500000, 
bse_controlled_0001, 001834, 179, 425, PT1, 3488, 1, 3488.000000, RNDM, 17570, 6, 2928.333333, 
bse_controlled_0001, 001847, 125, 431, PT1, 3488, 1, 3488.000000, RNDM, 17570, 6, 2928.333333, 
bse_controlled_0001, 001848, 60, 451, PT1, 3488, 1, 3488.000000, RNDM, 17570, 6, 2928.333333, 
bse_controlled_0001, 001850, 60, 451, PT1, 3347, 1, 3347.000000, RNDM, 17711, 6, 2951.833333, 
bse_controlled_0001, 001855, 60, 148, PT1, 3347, 1, 3347.000000, RNDM, 17711, 6, 2951.833333, 
bse_controlled_0001, 001858, 60, 148, PT1, 3347, 1, 3347.000000, RNDM, 17711, 6, 2951.833333, 
bse_controlled_0001, 001878, 67, 148, PT1, 3347, 1, 3347.000000, RNDM, 17711, 6, 2951.833333, 
bse_controlled_0001, 001878, 57, 148, PT1, 3347, 1, 3347.000000, RNDM, 17711, 6, 2951.833333, 
bse_controlled_0001, 001889, 57, 106, PT1, 3347, 1, 3347.000000, RNDM, 17711, 6, 2951.833333, 
bse_controlled_0001, 001892, 57, 106, PT1, 3347, 1, 3347.000000, RNDM, 17711, 6, 2951.833333, 
bse_controlled_0001, 001892, 57, 148, PT1, 3347, 1, 3347.000000, RNDM, 17711, 6, 2951.833333, 
bse_controlled_0001, 001898, None, 155, PT1, 3347, 1, 3347.000000, RNDM, 17711, 6, 2951.833333, 
bse_controlled_0001, 001898, None, 185, PT1, 3347, 1, 3347.000000, RNDM, 17711, 6, 2951.833333, 
bse_controlled_0001, 001899, None, 185, PT1, 3347, 1, 3347.000000, RNDM, 17711, 6, 2951.833333, 
bse_controlled_0001, 001906, 28, 148, PT1, 3347, 1, 3347.000000, RNDM, 17711, 6, 2951.833333, 
bse_controlled_0001, 001908, 28, 185, PT1, 3495, 1, 3495.000000, RNDM, 17563, 6, 2927.166667, 
bse_controlled_0001, 001908, 28, 219, PT1, 3495, 1, 3495.000000, RNDM, 17563, 6, 2927.166667, 
bse_controlled_0001, 001910, 28, 66, PT1, 3430, 1, 3430.000000, RNDM, 17628, 6, 2938.000000, 
bse_controlled_0001, 001937, 56, 66, PT1, 3430, 1, 3430.000000, RNDM, 17628, 6, 2938.000000, 
bse_controlled_0001, 001937, 56, 107, PT1, 3430, 1, 3430.000000, RNDM, 17760, 6, 2960.000000, 
bse_controlled_0001, 001938, 56, 126, PT1, 3430, 1, 3430.000000, RNDM, 17760, 6, 2960.000000, 
bse_controlled_0001, 001940, 56, 126, PT1, 3430, 1, 3430.000000, RNDM, 17760, 6, 2960.000000, 
bse_controlled_0001, 001940, 56, 387, PT1, 3430, 1, 3430.000000, RNDM, 17760, 6, 2960.000000, 
bse_controlled_0001, 001942, 56, 225, PT1, 3531, 1, 3531.000000, RNDM, 17861, 6, 2976.833333, 
bse_controlled_0001, 001958, 56, 225, PT1, 3531, 1, 3531.000000, RNDM, 17861, 6, 2976.833333, 
bse_controlled_0001, 001959, 178, 387, PT1, 3531, 1, 3531.000000, RNDM, 17861, 6, 2976.833333, 
bse_controlled_0001, 001960, 56, 387, PT1, 3531, 1, 3531.000000, RNDM, 17861, 6, 2976.833333, 
bse_controlled_0001, 001966, 56, 350, PT1, 3531, 1, 3531.000000, RNDM, 17861, 6, 2976.833333, 
bse_controlled_0001, 001969, 54, 350, PT1, 3473, 1, 3473.000000, RNDM, 17919, 6, 2986.500000, 
bse_controlled_0001, 001980, 54, 144, PT1, 3556, 1, 3556.000000, RNDM, 18002, 6, 3000.333333, 
bse_controlled_0001, 001980, 54, 350, PT1, 3412, 1, 3412.000000, RNDM, 18146, 6, 3024.333333, 
bse_controlled_0001, 001982, 54, 350, PT1, 3587, 1, 3587.000000, RNDM, 18321, 6, 3053.500000, 
bse_controlled_0001, 001998, 55, 158, PT1, 3587, 1, 3587.000000, RNDM, 18321, 6, 3053.500000, 
bse_controlled_0001, 002013, 87, 158, PT1, 3587, 1, 3587.000000, RNDM, 18321, 6, 3053.500000, 
bse_controlled_0001, 002013, 87, 403, PT1, 3587, 1, 3587.000000, RNDM, 18321, 6, 3053.500000, 
bse_controlled_0001, 002016, 311, 425, PT1, 3587, 1, 3587.000000, RNDM, 18321, 6, 3053.500000, 
bse_controlled_0001, 002017, 87, 425, PT1, 3587, 1, 3587.000000, RNDM, 18321, 6, 3053.500000, 
bse_controlled_0001, 002028, 215, 425, PT1, 3587, 1, 3587.000000, RNDM, 18321, 6, 3053.500000, 
bse_controlled_0001, 002030, 215, 425, PT1, 3587, 1, 3587.000000, RNDM, 18321, 6, 3053.500000, 
bse_controlled_0001, 002031, 136, 425, PT1, 3587, 1, 3587.000000, RNDM, 18321, 6, 3053.500000, 
bse_controlled_0001, 002033, 190, 425, PT1, 3320, 1, 3320.000000, RNDM, 18588, 6, 3098.000000, 
bse_controlled_0001, 002039, 190, 425, PT1, 3320, 1, 3320.000000, RNDM, 18588, 6, 3098.000000, 
bse_controlled_0001, 002039, 136, 425, PT1, 3320, 1, 3320.000000, RNDM, 18588, 6, 3098.000000, 
bse_controlled_0001, 002039, 136, None, PT1, 3320, 1, 3320.000000, RNDM, 18588, 6, 3098.000000, 
bse_controlled_0001, 002050, 156, 447, PT1, 3320, 1, 3320.000000, RNDM, 18588, 6, 3098.000000, 
bse_controlled_0001, 002057, 156, None, PT1, 3320, 1, 3320.000000, RNDM, 18588, 6, 3098.000000, 
bse_controlled_0001, 002058, 91, None, PT1, 3320, 1, 3320.000000, RNDM, 18588, 6, 3098.000000, 
bse_controlled_0001, 002060, 467, None, PT1, 3802, 1, 3802.000000, RNDM, 19070, 6, 3178.333333, 
bse_controlled_0001, 002071, 118, None, PT1, 3802, 1, 3802.000000, RNDM, 19070, 6, 3178.333333, 
bse_controlled_0001, 002071, 118, None, PT1, 3802, 1, 3802.000000, RNDM, 19070, 6, 3178.333333, 
bse_controlled_0001, 002087, 204, None, PT1, 3802, 1, 3802.000000, RNDM, 19070, 6, 3178.333333, 
bse_controlled_0001, 002105, 163, None, PT1, 3802, 1, 3802.000000, RNDM, 19070, 6, 3178.333333, 
bse_controlled_0001, 002106, 163, None, PT1, 3530, 1, 3530.000000, RNDM, 19342, 6, 3223.666667, 
bse_controlled_0001, 002107, 103, 365, PT1, 3530, 1, 3530.000000, RNDM, 19342, 6, 3223.666667, 
bse_controlled_0001, 002119, 103, 141, PT1, 3530, 1, 3530.000000, RNDM, 19342, 6, 3223.666667, 
bse_controlled_0001, 002147, 89, 141, PT1, 3530, 1, 3530.000000, RNDM, 19342, 6, 3223.666667, 
bse_controlled_0001, 002148, 45, 141, PT1, 3530, 1, 3530.000000, RNDM, 19342, 6, 3223.666667, 
bse_controlled_0001, 002148, 45, None, PT1, 3530, 1, 3530.000000, RNDM, 19342, 6, 3223.666667, 
bse_controlled_0001, 002148, 106, None, PT1, 3530, 1, 3530.000000, RNDM, 19342, 6, 3223.666667, 
bse_controlled_0001, 002149, 45, None, PT1, 3530, 1, 3530.000000, RNDM, 19342, 6, 3223.666667, 
bse_controlled_0001, 002150, 97, None, PT1, 3530, 1, 3530.000000, RNDM, 19342, 6, 3223.666667, 
bse_controlled_0001, 002161, 177, 279, PT1, 3530, 1, 3530.000000, RNDM, 19342, 6, 3223.666667, 
bse_controlled_0001, 002161, 97, 279, PT1, 3530, 1, 3530.000000, RNDM, 19342, 6, 3223.666667, 
bse_controlled_0001, 002162, 178, None, PT1, 3809, 1, 3809.000000, RNDM, 19063, 6, 3177.166667, 
bse_controlled_0001, 002163, 178, 352, PT1, 3809, 1, 3809.000000, RNDM, 19063, 6, 3177.166667, 
bse_controlled_0001, 002164, 97, 352, PT1, 3809, 1, 3809.000000, RNDM, 19063, 6, 3177.166667, 
bse_controlled_0001, 002165, 97, 352, PT1, 3809, 1, 3809.000000, RNDM, 19063, 6, 3177.166667, 
bse_controlled_0001, 002166, 97, 352, PT1, 3707, 1, 3707.000000, RNDM, 19165, 6, 3194.166667, 
bse_controlled_0001, 002178, 97, 352, PT1, 3863, 1, 3863.000000, RNDM, 19321, 6, 3220.166667, 
bse_controlled_0001, 002179, 97, 352, PT1, 3752, 1, 3752.000000, RNDM, 19432, 6, 3238.666667, 
bse_controlled_0001, 002180, 77, 352, PT1, 3752, 1, 3752.000000, RNDM, 19432, 6, 3238.666667, 
bse_controlled_0001, 002181, 348, None, PT1, 3752, 1, 3752.000000, RNDM, 19432, 6, 3238.666667, 
bse_controlled_0001, 002182, 142, None, PT1, 3752, 1, 3752.000000, RNDM, 19432, 6, 3238.666667, 
bse_controlled_0001, 002182, 77, None, PT1, 3752, 1, 3752.000000, RNDM, 19432, 6, 3238.666667, 
bse_controlled_0001, 002208, 77, 116, PT1, 3752, 1, 3752.000000, RNDM, 19432, 6, 3238.666667, 
bse_controlled_0001, 002209, 77, 118, PT1, 3752, 1, 3752.000000, RNDM, 19432, 6, 3238.666667, 
bse_controlled_0001, 002210, 77, 136, PT1, 3870, 1, 3870.000000, RNDM, 19314, 6, 3219.000000, 
bse_controlled_0001, 002211, 77, 442, PT1, 3734, 1, 3734.000000, RNDM, 19450, 6, 3241.666667, 
bse_controlled_0001, 002212, 77, 442, PT1, 4101, 1, 4101.000000, RNDM, 19817, 6, 3302.833333, 
bse_controlled_0001, 002212, 77, None, PT1, 4101, 1, 4101.000000, RNDM, 19817, 6, 3302.833333, 
bse_controlled_0001, 002237, 150, 220, PT1, 4101, 1, 4101.000000, RNDM, 19817, 6, 3302.833333, 
bse_controlled_0001, 002238, 128, 337, PT1, 4101, 1, 4101.000000, RNDM, 19817, 6, 3302.833333, 
bse_controlled_0001, 002238, 126, 337, PT1, 4101, 1, 4101.000000, RNDM, 19817, 6, 3302.833333, 
bse_controlled_0001, 002264, 126, 337, PT1, 4101, 1, 4101.000000, RNDM, 19817, 6, 3302.833333, 
bse_controlled_0001, 002266, 117, 337, PT1, 4101, 1, 4101.000000, RNDM, 20069, 6, 3344.833333, 
bse_controlled_0001, 002268, 117, 128, PT1, 4101, 1, 4101.000000, RNDM, 20069, 6, 3344.833333, 
bse_controlled_0001, 002268, 117, 337, PT1, 3973, 1, 3973.000000, RNDM, 20197, 6, 3366.166667, 
bse_controlled_0001, 002286, 106, 354, PT1, 3973, 1, 3973.000000, RNDM, 20197, 6, 3366.166667, 
bse_controlled_0001, 002293, 95, 273, PT1, 3973, 1, 3973.000000, RNDM, 20197, 6, 3366.166667, 
bse_controlled_0001, 002293, 72, 273, PT1, 4201, 1, 4201.000000, RNDM, 20425, 6, 3404.166667, 
bse_controlled_0001, 002294, 45, 273, PT1, 4201, 1, 4201.000000, RNDM, 20425, 6, 3404.166667, 
bse_controlled_0001, 002294, 45, 273, PT1, 4201, 1, 4201.000000, RNDM, 20425, 6, 3404.166667, 
bse_controlled_0001, 002299, 84, 273, PT1, 4201, 1, 4201.000000, RNDM, 20425, 6, 3404.166667, 
bse_controlled_0001, 002300, 84, 354, PT1, 4201, 1, 4201.000000, RNDM, 20425, 6, 3404.166667, 
bse_controlled_0001, 002302, 84, 354, PT1, 4201, 1, 4201.000000, RNDM, 20425, 6, 3404.166667, 
bse_controlled_0001, 002305, 84, 422, PT1, 4201, 1, 4201.000000, RNDM, 20425, 6, 3404.166667, 
bse_controlled_0001, 002321, 84, 422, PT1, 4045, 1, 4045.000000, RNDM, 20581, 6, 3430.166667, 
bse_controlled_0001, 002332, 104, 336, PT1, 4045, 1, 4045.000000, RNDM, 20581, 6, 3430.166667, 
bse_controlled_0001, 002333, 104, 422, PT1, 4045, 1, 4045.000000, RNDM, 20581, 6, 3430.166667, 
bse_controlled_0001, 002334, 104, 422, PT1, 4045, 1, 4045.000000, RNDM, 20581, 6, 3430.166667, 
bse_controlled_0001, 002355, 81, 107, PT1, 4045, 1, 4045.000000, RNDM, 20581, 6, 3430.166667, 
bse_controlled_0001, 002356, 81, 422, PT1, 4045, 1, 4045.000000, RNDM, 20581, 6, 3430.166667, 
bse_controlled_0001, 002357, 72, 422, PT1, 4340, 1, 4340.000000, RNDM, 20876, 6, 3479.333333, 
bse_controlled_0001, 002360, 92, 298, PT1, 4340, 1, 4340.000000, RNDM, 20876, 6, 3479.333333, 
bse_controlled_0001, 002361, 92, 298, PT1, 4227, 1, 4227.000000, RNDM, 20989, 6, 3498.166667, 
bse_controlled_0001, 002389, 76, 102, PT1, 4227, 1, 4227.000000, RNDM, 20989, 6, 3498.166667, 
bse_controlled_0001, 002389, 76, 142, PT1, 4227, 1, 4227.000000, RNDM, 20989, 6, 3498.166667, 
bse_controlled_0001, 002390, None, 142, PT1, 4227, 1, 4227.000000, RNDM, 20989, 6, 3498.166667, 
bse_controlled_0001, 002390, None, 170, PT1, 4227, 1, 4227.000000, RNDM, 20989, 6, 3498.166667, 
bse_controlled_0001, 002392, None, 301, PT1, 4227, 1, 4227.000000, RNDM, 20989, 6, 3498.166667, 
bse_controlled_0001, 002392, None, None, PT1, 4227, 1, 4227.000000, RNDM, 20989, 6, 3498.166667, 
bse_controlled_0001, 002394, 16, 374, PT1, 4227, 1, 4227.000000, RNDM, 20989, 6, 3498.166667, 
bse_controlled_0001, 002395, 16, 374, PT1, 4227, 1, 4227.000000, RNDM, 20989, 6, 3498.166667, 
bse_controlled_0001, 002396, 16, 374, PT1, 4401, 1, 4401.000000, RNDM, 21163, 6, 3527.166667, 
bse_controlled_0001, 002396, None, 374, PT1, 4401, 1, 4401.000000, RNDM, 21163, 6, 3527.166667, 
bse_controlled_0001, 002396, None, 374, PT1, 4401, 1, 4401.000000, RNDM, 21163, 6, 3527.166667, 
bse_controlled_0001, 002396, None, 413, PT1, 4401, 1, 4401.000000, RNDM, 21163, 6, 3527.166667, 
bse_controlled_0001, 002397, 3, 413, PT1, 4401, 1, 4401.000000, RNDM, 21163, 6, 3527.166667, 
bse_controlled_0001, 002397, 3, 440, PT1, 4401, 1, 4401.000000, RNDM, 21163, 6, 3527.166667, 
bse_controlled_0001, 002397, 3, None, PT1, 4401, 1, 4401.000000, RNDM, 21163, 6, 3527.166667, 
bse_controlled_0001, 002398, 308, None, PT1, 4401, 1, 4401.000000, RNDM, 21163, 6, 3527.166667, 
bse_controlled_0001, 002398, 308, None, PT1, 4401, 1, 4401.000000, RNDM, 21163, 6, 3527.166667, 
bse_controlled_0001, 002415, 260, None, PT1, 4401, 1, 4401.000000, RNDM, 21163, 6, 3527.166667, 
bse_controlled_0001, 002417, 261, None, PT1, 4401, 1, 4401.000000, RNDM, 21163, 6, 3527.166667, 
bse_controlled_0001, 002421, 261, None, PT1, 4401, 1, 4401.000000, RNDM, 21163, 6, 3527.166667, 
bse_controlled_0001, 002421, 174, None, PT1, 4401, 1, 4401.000000, RNDM, 21163, 6, 3527.166667, 
bse_controlled_0001, 002421, 158, None, PT1, 4401, 1, 4401.000000, RNDM, 21163, 6, 3527.166667, 
bse_controlled_0001, 002422, 124, None, PT1, 4243, 1, 4243.000000, RNDM, 21005, 6, 3500.833333, 
bse_controlled_0001, 002427, 102, 146, PT1, 4243, 1, 4243.000000, RNDM, 21005, 6, 3500.833333, 
bse_controlled_0001, 002430, 102, 225, PT1, 4243, 1, 4243.000000, RNDM, 21005, 6, 3500.833333, 
bse_controlled_0001, 002449, 118, 225, PT1, 4243, 1, 4243.000000, RNDM, 21005, 6, 3500.833333, 
bse_controlled_0001, 002450, 118, 225, PT1, 4243, 1, 4243.000000, RNDM, 21005, 6, 3500.833333, 
bse_controlled_0001, 002451, 118, 225, PT1, 4408, 1, 4408.000000, RNDM, 20840, 6, 3473.333333, 
bse_controlled_0001, 002453, 198, 472, PT1, 4408, 1, 4408.000000, RNDM, 20840, 6, 3473.333333, 
bse_controlled_0001, 002453, 118, None, PT1, 4408, 1, 4408.000000, RNDM, 20840, 6, 3473.333333, 
bse_controlled_0001, 002460, 347, None, PT1, 4408, 1, 4408.000000, RNDM, 20840, 6, 3473.333333, 
bse_controlled_0001, 002462, 347, None, PT1, 4408, 1, 4408.000000, RNDM, 20840, 6, 3473.333333, 
bse_controlled_0001, 002462, 118, None, PT1, 4408, 1, 4408.000000, RNDM, 20840, 6, 3473.333333, 
bse_controlled_0001, 002464, 118, 477, PT1, 4408, 1, 4408.000000, RNDM, 20840, 6, 3473.333333, 
bse_controlled_0001, 002472, 116, 477, PT1, 4408, 1, 4408.000000, RNDM, 20840, 6, 3473.333333, 
bse_controlled_0001, 002480, 93, None, PT1, 4408, 1, 4408.000000, RNDM, 20840, 6, 3473.333333, 
bse_controlled_0001, 002489, 135, None, PT1, 4408, 1, 4408.000000, RNDM, 20840, 6, 3473.333333, 
bse_controlled_0001, 002493, 135, None, PT1, 4408, 1, 4408.000000, RNDM, 20840, 6, 3473.333333, 
bse_controlled_0001, 002493, 93, None, PT1, 4408, 1, 4408.000000, RNDM, 20840, 6, 3473.333333, 
bse_controlled_0001, 002494, 93, 231, PT1, 4408, 1, 4408.000000, RNDM, 20840, 6, 3473.333333, 
bse_controlled_0001, 002510, 117, 231, PT1, 4408, 1, 4408.000000, RNDM, 20840, 6, 3473.333333, 
bse_controlled_0001, 002511, 117, 391, PT1, 4408, 1, 4408.000000, RNDM, 20840, 6, 3473.333333, 
bse_controlled_0001, 002511, 117, None, PT1, 4408, 1, 4408.000000, RNDM, 20840, 6, 3473.333333, 
bse_controlled_0001, 002512, 117, 456, PT1, 4408, 1, 4408.000000, RNDM, 20840, 6, 3473.333333, 
bse_controlled_0001, 002513, 117, 237, PT1, 4408, 1, 4408.000000, RNDM, 20840, 6, 3473.333333, 
bse_controlled_0001, 002526, 168, 456, PT1, 4408, 1, 4408.000000, RNDM, 20840, 6, 3473.333333, 
bse_controlled_0001, 002540, 168, None, PT1, 4408, 1, 4408.000000, RNDM, 20840, 6, 3473.333333, 
bse_controlled_0001, 002554, 428, None, PT1, 4408, 1, 4408.000000, RNDM, 20840, 6, 3473.333333, 
bse_controlled_0001, 002556, 428, None, PT1, 4408, 1, 4408.000000, RNDM, 20840, 6, 3473.333333, 
bse_controlled_0001, 002561, 151, None, PT1, 4408, 1, 4408.000000, RNDM, 20840, 6, 3473.333333, 
bse_controlled_0001, 002562, 146, None, PT1, 4257, 1, 4257.000000, RNDM, 20689, 6, 3448.166667, 
bse_controlled_0001, 002564, 146, None, PT1, 4594, 1, 4594.000000, RNDM, 21026, 6, 3504.333333, 
bse_controlled_0001, 002568, 146, None, PT1, 4307, 1, 4307.000000, RNDM, 21313, 6, 3552.166667, 
bse_controlled_0001, 002570, 111, None, PT1, 4307, 1, 4307.000000, RNDM, 21313, 6, 3552.166667, 
bse_controlled_0001, 002572, 171, None, PT1, 4763, 1, 4763.000000, RNDM, 21769, 6, 3628.166667, 
bse_controlled_0001, 002582, 111, None, PT1, 4763, 1, 4763.000000, RNDM, 21769, 6, 3628.166667, 
bse_controlled_0001, 002592, 157, None, PT1, 4763, 1, 4763.000000, RNDM, 21769, 6, 3628.166667, 
bse_controlled_0001, 002592, 111, 486, PT1, 4763, 1, 4763.000000, RNDM, 21769, 6, 3628.166667, 
bse_controlled_0001, 002601, 91, 486, PT1, 4763, 1, 4763.000000, RNDM, 21769, 6, 3628.166667, 
bse_controlled_0001, 002602, 91, 486, PT1, 4619, 1, 4619.000000, RNDM, 21913, 6, 3652.166667, 
bse_controlled_0001, 002603, 91, 486, PT1, 4985, 1, 4985.000000, RNDM, 22279, 6, 3713.166667, 
bse_controlled_0001, 002604, 91, 486, PT1, 4797, 1, 4797.000000, RNDM, 22467, 6, 3744.500000, 
bse_controlled_0001, 002604, 91, None, PT1, 4797, 1, 4797.000000, RNDM, 22467, 6, 3744.500000, 
bse_controlled_0001, 002610, 143, None, PT1, 5012, 1, 5012.000000, RNDM, 22682, 6, 3780.333333, 
bse_controlled_0001, 002610, 91, None, PT1, 5012, 1, 5012.000000, RNDM, 22682, 6, 3780.333333, 
bse_controlled_0001, 002630, 147, None, PT1, 5012, 1, 5012.000000, RNDM, 23064, 6, 3844.000000, 
bse_controlled_0001, 002632, 119, None, PT1, 5012, 1, 5012.000000, RNDM, 23064, 6, 3844.000000, 
bse_controlled_0001, 002653, 352, None, PT1, 5012, 1, 5012.000000, RNDM, 23064, 6, 3844.000000, 
bse_controlled_0001, 002655, 119, None, PT1, 5012, 1, 5012.000000, RNDM, 23064, 6, 3844.000000, 
bse_controlled_0001, 002657, 119, 229, PT1, 4789, 1, 4789.000000, RNDM, 23287, 6, 3881.166667, 
bse_controlled_0001, 002660, 85, 227, PT1, 4789, 1, 4789.000000, RNDM, 23287, 6, 3881.166667, 
bse_controlled_0001, 002661, 85, 229, PT1, 4789, 1, 4789.000000, RNDM, 23287, 6, 3881.166667, 
bse_controlled_0001, 002661, 85, None, PT1, 4789, 1, 4789.000000, RNDM, 23287, 6, 3881.166667, 
bse_controlled_0001, 002661, 85, None, PT1, 4789, 1, 4789.000000, RNDM, 23287, 6, 3881.166667, 
bse_controlled_0001, 002664, 151, 466, PT1, 5041, 1, 5041.000000, RNDM, 23539, 6, 3923.166667, 
bse_controlled_0001, 002664, 151, 466, PT1, 5041, 1, 5041.000000, RNDM, 23539, 6, 3923.166667, 
bse_controlled_0001, 002682, 151, 466, PT1, 5041, 1, 5041.000000, RNDM, 23539, 6, 3923.166667, 
bse_controlled_0001, 002688, 130, 403, PT1, 5041, 1, 5041.000000, RNDM, 23539, 6, 3923.166667, 
bse_controlled_0001, 002691, 130, 403, PT1, 5041, 1, 5041.000000, RNDM, 23539, 6, 3923.166667, 
bse_controlled_0001, 002691, 129, 403, PT1, 5041, 1, 5041.000000, RNDM, 23539, 6, 3923.166667, 
bse_controlled_0001, 002692, 159, 403, PT1, 5041, 1, 5041.000000, RNDM, 23539, 6, 3923.166667, 
bse_controlled_0001, 002693, 104, 403, PT1, 5041, 1, 5041.000000, RNDM, 23539, 6, 3923.166667, 
bse_controlled_0001, 002693, 104, None, PT1, 4869, 1, 4869.000000, RNDM, 23711, 6, 3951.833333, 
bse_controlled_0001, 002695, 104, 319, PT1, 4869, 1, 4869.000000, RNDM, 23711, 6, 3951.833333, 
bse_controlled_0001, 002696, 78, 319, PT1, 4869, 1, 4869.000000, RNDM, 23711, 6, 3951.833333, 
bse_controlled_0001, 002718, 89, 375, PT1, 4869, 1, 4869.000000, RNDM, 23711, 6, 3951.833333, 
bse_controlled_0001, 002727, 89, 120, PT1, 4869, 1, 4869.000000, RNDM, 23711, 6, 3951.833333, 
bse_controlled_0001, 002734, 63, 108, PT1, 4869, 1, 4869.000000, RNDM, 23711, 6, 3951.833333, 
bse_controlled_0001, 002736, 63, 108, PT1, 4869, 1, 4869.000000, RNDM, 23711, 6, 3951.833333, 
bse_controlled_0001, 002755, 102, 119, PT1, 4869, 1, 4869.000000, RNDM, 23927, 6, 3987.833333, 
bse_controlled_0001, 002756, 102, 120, PT1, 4869, 1, 4869.000000, RNDM, 23927, 6, 3987.833333, 
bse_controlled_0001, 002757, 102, 338, PT1, 4869, 1, 4869.000000, RNDM, 23927, 6, 3987.833333, 
bse_controlled_0001, 002758, 102, 338, PT1, 4869, 1, 4869.000000, RNDM, 23927, 6, 3987.833333, 
bse_controlled_0001, 002759, 102, 213, PT1, 5055, 1, 5055.000000, RNDM, 24113, 6, 4018.833333, 
bse_controlled_0001, 002760, 102, 213, PT1, 4948, 1, 4948.000000, RNDM, 24220, 6, 4036.666667, 
bse_controlled_0001, 002788, 65, 99, PT1, 4948, 1, 4948.000000, RNDM, 24220, 6, 4036.666667, 
bse_controlled_0001, 002789, 65, 213, PT1, 4948, 1, 4948.000000, RNDM, 24220, 6, 4036.666667, 
bse_controlled_0001, 002790, 55, 382, PT1, 4948, 1, 4948.000000, RNDM, 24220, 6, 4036.666667, 
bse_controlled_0001, 002793, 55, 382, PT1, 4948, 1, 4948.000000, RNDM, 24220, 6, 4036.666667, 
bse_controlled_0001, 002796, 253, 382, PT1, 5297, 1, 5297.000000, RNDM, 24569, 6, 4094.833333, 
bse_controlled_0001, 002799, 97, 382, PT1, 5297, 1, 5297.000000, RNDM, 24569, 6, 4094.833333, 
bse_controlled_0001, 002800, 296, 467, PT1, 5297, 1, 5297.000000, RNDM, 24569, 6, 4094.833333, 
bse_controlled_0001, 002811, 141, None, PT1, 5297, 1, 5297.000000, RNDM, 24569, 6, 4094.833333, 
bse_controlled_0001, 002812, 68, 464, PT1, 5297, 1, 5297.000000, RNDM, 24569, 6, 4094.833333, 
bse_controlled_0001, 002814, 68, 268, PT1, 5153, 1, 5153.000000, RNDM, 24713, 6, 4118.833333, 
bse_controlled_0001, 002831, 68, 268, PT1, 5153, 1, 5153.000000, RNDM, 24713, 6, 4118.833333, 
bse_controlled_0001, 002832, 68, 383, PT1, 5153, 1, 5153.000000, RNDM, 24713, 6, 4118.833333, 
bse_controlled_0001, 002841, 68, 383, PT1, 5306, 1, 5306.000000, RNDM, 24866, 6, 4144.333333, 
bse_controlled_0001, 002841, 40, 79, PT1, 5306, 1, 5306.000000, RNDM, 24866, 6, 4144.333333, 
bse_controlled_0001, 002842, 40, 383, PT1, 5306, 1, 5306.000000, RNDM, 24866, 6, 4144.333333, 
bse_controlled_0001, 002844, 80, 454, PT1, 5306, 1, 5306.000000, RNDM, 24866, 6, 4144.333333, 
bse_controlled_0001, 002844, 40, 455, PT1, 5160, 1, 5160.000000, RNDM, 25012, 6, 4168.666667, 
bse_controlled_0001, 002846, 40, 455, PT1, 5160, 1, 5160.000000, RNDM, 25012, 6, 4168.666667, 
bse_controlled_0001, 002848, 40, 455, PT1, 5447, 1, 5447.000000, RNDM, 25299, 6, 4216.500000, 
bse_controlled_0001, 002865, 133, 455, PT1, 5447, 1, 5447.000000, RNDM, 25299, 6, 4216.500000, 
bse_controlled_0001, 002867, 82, 455, PT1, 5447, 1, 5447.000000, RNDM, 25299, 6, 4216.500000, 
bse_controlled_0001, 002867, 40, 455, PT1, 5447, 1, 5447.000000, RNDM, 25299, 6, 4216.500000, 
bse_controlled_0001, 002868, 40, 454, PT1, 5447, 1, 5447.000000, RNDM, 25299, 6, 4216.500000, 
bse_controlled_0001, 002872, 154, 262, PT1, 5269, 1, 5269.000000, RNDM, 25121, 6, 4186.833333, 
bse_controlled_0001, 002879, 134, 262, PT1, 5269, 1, 5269.000000, RNDM, 25121, 6, 4186.833333, 
bse_controlled_0001, 002880, 121, 262, PT1, 5269, 1, 5269.000000, RNDM, 25121, 6, 4186.833333, 
bse_controlled_0001, 002880, 63, 262, PT1, 5269, 1, 5269.000000, RNDM, 25121, 6, 4186.833333, 
bse_controlled_0001, 002880, 63, None, PT1, 5269, 1, 5269.000000, RNDM, 25121, 6, 4186.833333, 
bse_controlled_0001, 002882, 63, 388, PT1, 5269, 1, 5269.000000, RNDM, 25121, 6, 4186.833333, 
bse_controlled_0001, 002883, 63, 388, PT1, 5612, 1, 5612.000000, RNDM, 25464, 6, 4244.000000, 
bse_controlled_0001, 002884, 63, 404, PT1, 5612, 1, 5612.000000, RNDM, 25464, 6, 4244.000000, 
bse_controlled_0001, 002885, 189, 485, PT1, 5612, 1, 5612.000000, RNDM, 25464, 6, 4244.000000, 
bse_controlled_0001, 002889, 118, 301, PT1, 5612, 1, 5612.000000, RNDM, 25464, 6, 4244.000000, 
bse_controlled_0001, 002889, 118, 313, PT1, 5612, 1, 5612.000000, RNDM, 25464, 6, 4244.000000, 
bse_controlled_0001, 002890, 118, 313, PT1, 5612, 1, 5612.000000, RNDM, 25464, 6, 4244.000000, 
bse_controlled_0001, 002891, 124, 313, PT1, 5612, 1, 5612.000000, RNDM, 25464, 6, 4244.000000, 
bse_controlled_0001, 002891, 124, 372, PT1, 5612, 1, 5612.000000, RNDM, 25464, 6, 4244.000000, 
bse_controlled_0001, 002892, 124, 372, PT1, 5341, 1, 5341.000000, RNDM, 25193, 6, 4198.833333, 
bse_controlled_0001, 002893, 124, 399, PT1, 5341, 1, 5341.000000, RNDM, 25193, 6, 4198.833333, 
bse_controlled_0001, 002894, 63, 399, PT1, 5341, 1, 5341.000000, RNDM, 25193, 6, 4198.833333, 
bse_controlled_0001, 002894, 63, None, PT1, 5341, 1, 5341.000000, RNDM, 25193, 6, 4198.833333, 
bse_controlled_0001, 002904, 66, 189, PT1, 5341, 1, 5341.000000, RNDM, 25445, 6, 4240.833333, 
bse_controlled_0001, 002917, 141, 189, PT1, 5341, 1, 5341.000000, RNDM, 25445, 6, 4240.833333, 
bse_controlled_0001, 002918, 141, 242, PT1, 5341, 1, 5341.000000, RNDM, 25445, 6, 4240.833333, 
bse_controlled_0001, 002919, 141, 290, PT1, 5341, 1, 5341.000000, RNDM, 25445, 6, 4240.833333, 
bse_controlled_0001, 002919, 141, 422, PT1, 5341, 1, 5341.000000, RNDM, 25445, 6, 4240.833333, 
bse_controlled_0001, 002921, 68, 299, PT1, 5341, 1, 5341.000000, RNDM, 25445, 6, 4240.833333, 
bse_controlled_0001, 002921, None, 299, PT1, 5341, 1, 5341.000000, RNDM, 25445, 6, 4240.833333, 
bse_controlled_0001, 002932, None, 75, PT1, 5341, 1, 5341.000000, RNDM, 25445, 6, 4240.833333, 
bse_controlled_0001, 002933, None, 75, PT1, 5341, 1, 5341.000000, RNDM, 25445, 6, 4240.833333, 
bse_controlled_0001, 002934, None, 75, PT1, 5341, 1, 5341.000000, RNDM, 25445, 6, 4240.833333, 
bse_controlled_0001, 002945, 1, 205, PT1, 5341, 1, 5341.000000, RNDM, 25445, 6, 4240.833333, 
bse_controlled_0001, 002945, 1, 294, PT1, 5341, 1, 5341.000000, RNDM, 25445, 6, 4240.833333, 
bse_controlled_0001, 002946, 1, 327, PT1, 5341, 1, 5341.000000, RNDM, 25445, 6, 4240.833333, 
bse_controlled_0001, 002957, 1, 139, PT1, 5341, 1, 5341.000000, RNDM, 25445, 6, 4240.833333, 
bse_controlled_0001, 002958, None, 154, PT1, 5341, 1, 5341.000000, RNDM, 25445, 6, 4240.833333, 
bse_controlled_0001, 002958, None, 226, PT1, 5341, 1, 5341.000000, RNDM, 25445, 6, 4240.833333, 
bse_controlled_0001, 002958, None, 226, PT1, 5341, 1, 5341.000000, RNDM, 25445, 6, 4240.833333, 
bse_controlled_0001, 002959, None, 226, PT1, 5341, 1, 5341.000000, RNDM, 25445, 6, 4240.833333, 
bse_controlled_0001, 002965, None, 28, PT1, 5341, 1, 5341.000000, RNDM, 25445, 6, 4240.833333, 
bse_controlled_0001, 002978, None, 92, PT1, 5341, 1, 5341.000000, RNDM, 25445, 6, 4240.833333, 
bse_controlled_0001, 002979, None, 118, PT1, 5341, 1, 5341.000000, RNDM, 25445, 6, 4240.833333, 
bse_controlled_0001, 002979, None, 210, PT1, 5341, 1, 5341.000000, RNDM, 25445, 6, 4240.833333, 
bse_controlled_0001, 002980, None, 262, PT1, 5341, 1, 5341.000000, RNDM, 25445, 6, 4240.833333, 
bse_controlled_0001, 002993, 44, 136, PT1, 5341, 1, 5341.000000, RNDM, 25445, 6, 4240.833333, 
bse_controlled_0001, 002997, 44, 136, PT1, 5341, 1, 5341.000000, RNDM, 25445, 6, 4240.833333, 
bse_controlled_0001, 003000, 44, 136, PT1, 5341, 1, 5341.000000, RNDM, 25445, 6, 4240.833333, 
bse_controlled_0001, 003001, 44, 136, PT1, 5341, 1, 5341.000000, RNDM, 25445, 6, 4240.833333, 
bse_controlled_0001, 003022, 51, 119, PT1, 5341, 1, 5341.000000, RNDM, 25551, 6, 4258.500000, 
bse_controlled_0001, 003039, None, 92, PT1, 5341, 1, 5341.000000, RNDM, 25551, 6, 4258.500000, 
bse_controlled_0001, 003040, None, 119, PT1, 5341, 1, 5341.000000, RNDM, 25551, 6, 4258.500000, 
bse_controlled_0001, 003040, None, 141, PT1, 5341, 1, 5341.000000, RNDM, 25551, 6, 4258.500000, 
bse_controlled_0001, 003041, 108, 177, PT1, 5341, 1, 5341.000000, RNDM, 25551, 6, 4258.500000, 
bse_controlled_0001, 003042, 108, 251, PT1, 5341, 1, 5341.000000, RNDM, 25551, 6, 4258.500000, 
bse_controlled_0001, 003054, 137, 196, PT1, 5341, 1, 5341.000000, RNDM, 25885, 6, 4314.166667, 
bse_controlled_0001, 003075, 108, 196, PT1, 5341, 1, 5341.000000, RNDM, 25885, 6, 4314.166667, 
bse_controlled_0001, 003076, 63, 196, PT1, 5341, 1, 5341.000000, RNDM, 25885, 6, 4314.166667, 
bse_controlled_0001, 003076, 30, 196, PT1, 5341, 1, 5341.000000, RNDM, 25885, 6, 4314.166667, 
bse_controlled_0001, 003076, 30, 238, PT1, 5341, 1, 5341.000000, RNDM, 26277, 6, 4379.500000, 
bse_controlled_0001, 003076, 30, 288, PT1, 5341, 1, 5341.000000, RNDM, 26277, 6, 4379.500000, 
bse_controlled_0001, 003096, 91, 140, PT1, 5341, 1, 5341.000000, RNDM, 26277, 6, 4379.500000, 
bse_controlled_0001, 003096, 91, 210, PT1, 5341, 1, 5341.000000, RNDM, 26277, 6, 4379.500000, 
bse_controlled_0001, 003113, 91, 210, PT1, 5341, 1, 5341.000000, RNDM, 26277, 6, 4379.500000, 
bse_controlled_0001, 003115, 91, 306, PT1, 5341, 1, 5341.000000, RNDM, 26277, 6, 4379.500000, 
bse_controlled_0001, 003117, 58, 300, PT1, 5341, 1, 5341.000000, RNDM, 26277, 6, 4379.500000, 
bse_controlled_0001, 003119, 58, 306, PT1, 5341, 1, 5341.000000, RNDM, 26277, 6, 4379.500000, 
bse_controlled_0001, 003121, 28, 306, PT1, 5341, 1, 5341.000000, RNDM, 26277, 6, 4379.500000, 
bse_controlled_0001, 003130, 28, 306, PT1, 5341, 1, 5341.000000, RNDM, 26277, 6, 4379.500000, 
bse_controlled_0001, 003132, 28, 299, PT1, 5341, 1, 5341.000000, RNDM, 26277, 6, 4379.500000, 
bse_controlled_0001, 003133, None, 299, PT1, 5341, 1, 5341.000000, RNDM, 26277, 6, 4379.500000, 
bse_controlled_0001, 003136, None, 299, PT1, 5341, 1, 5341.000000, RNDM, 26277, 6, 4379.500000, 
bse_controlled_0001, 003136, None, 435, PT1, 5341, 1, 5341.000000, RNDM, 26277, 6, 4379.500000, 
bse_controlled_0001, 003137, None, 435, PT1, 5716, 1, 5716.000000, RNDM, 26652, 6, 4442.000000, 
bse_controlled_0001, 003137, None, 465, PT1, 5716, 1, 5716.000000, RNDM, 26652, 6, 4442.000000, 
bse_controlled_0001, 003138, None, 465, PT1, 5716, 1, 5716.000000, RNDM, 26652, 6, 4442.000000, 
bse_controlled_0001, 003143, 157, 476, PT1, 5716, 1, 5716.000000, RNDM, 26652, 6, 4442.000000, 
bse_controlled_0001, 003144, 132, 476, PT1, 5559, 1, 5559.000000, RNDM, 26495, 6, 4415.833333, 
bse_controlled_0001, 003145, 132, 476, PT1, 5813, 1, 5813.000000, RNDM, 26749, 6, 4458.166667, 
bse_controlled_0001, 003146, 99, 476, PT1, 5813, 1, 5813.000000, RNDM, 26749, 6, 4458.166667, 
bse_controlled_0001, 003147, 91, 476, PT1, 5813, 1, 5813.000000, RNDM, 26749, 6, 4458.166667, 
bse_controlled_0001, 003147, 91, 476, PT1, 5813, 1, 5813.000000, RNDM, 26749, 6, 4458.166667, 
bse_controlled_0001, 003152, 91, 262, PT1, 5653, 1, 5653.000000, RNDM, 26909, 6, 4484.833333, 
bse_controlled_0001, 003153, 91, 280, PT1, 5653, 1, 5653.000000, RNDM, 26909, 6, 4484.833333, 
bse_controlled_0001, 003156, 91, 246, PT1, 5653, 1, 5653.000000, RNDM, 26909, 6, 4484.833333, 
bse_controlled_0001, 003157, 91, 280, PT1, 5653, 1, 5653.000000, RNDM, 26909, 6, 4484.833333, 
bse_controlled_0001, 003157, None, 280, PT1, 5653, 1, 5653.000000, RNDM, 26909, 6, 4484.833333, 
bse_controlled_0001, 003159, 128, 280, PT1, 5859, 1, 5859.000000, RNDM, 27115, 6, 4519.166667, 
bse_controlled_0001, 003173, 128, 458, PT1, 5859, 1, 5859.000000, RNDM, 27115, 6, 4519.166667, 
bse_controlled_0001, 003174, 117, 458, PT1, 5859, 1, 5859.000000, RNDM, 27115, 6, 4519.166667, 
bse_controlled_0001, 003175, 117, 458, PT1, 5859, 1, 5859.000000, RNDM, 27115, 6, 4519.166667, 
bse_controlled_0001, 003188, 119, 414, PT1, 5859, 1, 5859.000000, RNDM, 27115, 6, 4519.166667, 
bse_controlled_0001, 003189, 119, 458, PT1, 5859, 1, 5859.000000, RNDM, 27115, 6, 4519.166667, 
bse_controlled_0001, 003190, 117, 458, PT1, 5859, 1, 5859.000000, RNDM, 27115, 6, 4519.166667, 
bse_controlled_0001, 003204, 117, 274, PT1, 5859, 1, 5859.000000, RNDM, 27115, 6, 4519.166667, 
bse_controlled_0001, 003204, 47, 274, PT1, 5859, 1, 5859.000000, RNDM, 27349, 6, 4558.166667, 
bse_controlled_0001, 003205, 47, 350, PT1, 5859, 1, 5859.000000, RNDM, 27349, 6, 4558.166667, 
bse_controlled_0001, 003226, 47, 350, PT1, 5730, 1, 5730.000000, RNDM, 27478, 6, 4579.666667, 
bse_controlled_0001, 003234, 103, 350, PT1, 5730, 1, 5730.000000, RNDM, 27478, 6, 4579.666667, 
bse_controlled_0001, 003235, 103, 364, PT1, 5730, 1, 5730.000000, RNDM, 27478, 6, 4579.666667, 
bse_controlled_0001, 003235, 103, 364, PT1, 5921, 1, 5921.000000, RNDM, 27669, 6, 4611.500000, 
bse_controlled_0001, 003235, 103, 367, PT1, 5921, 1, 5921.000000, RNDM, 27669, 6, 4611.500000, 
bse_controlled_0001, 003236, 329, 392, PT1, 5921, 1, 5921.000000, RNDM, 27669, 6, 4611.500000, 
bse_controlled_0001, 003238, 103, 392, PT1, 5921, 1, 5921.000000, RNDM, 27669, 6, 4611.500000, 
bse_controlled_0001, 003247, 100, 476, PT1, 5921, 1, 5921.000000, RNDM, 27669, 6, 4611.500000, 
bse_controlled_0001, 003249, 89, 281, PT1, 5921, 1, 5921.000000, RNDM, 27669, 6, 4611.500000, 
bse_controlled_0001, 003252, 242, 402, PT1, 5640, 1, 5640.000000, RNDM, 27950, 6, 4658.333333, 
bse_controlled_0001, 003263, 186, 476, PT1, 5640, 1, 5640.000000, RNDM, 27950, 6, 4658.333333, 
bse_controlled_0001, 003285, 158, 191, PT1, 5640, 1, 5640.000000, RNDM, 27950, 6, 4658.333333, 
bse_controlled_0001, 003286, 89, 191, PT1, 5640, 1, 5640.000000, RNDM, 27950, 6, 4658.333333, 
bse_controlled_0001, 003287, 89, 212, PT1, 5640, 1, 5640.000000, RNDM, 27950, 6, 4658.333333, 
bse_controlled_0001, 003288, 89, 212, PT1, 5640, 1, 5640.000000, RNDM, 27950, 6, 4658.333333, 
bse_controlled_0001, 003290, 89, 476, PT1, 5640, 1, 5640.000000, RNDM, 27950, 6, 4658.333333, 
bse_controlled_0001, 003292, 89, 476, PT1, 5640, 1, 5640.000000, RNDM, 27950, 6, 4658.333333, 
bse_controlled_0001, 003293, 89, 476, PT1, 5640, 1, 5640.000000, RNDM, 27950, 6, 4658.333333, 
bse_controlled_0001, 003293, 89, 476, PT1, 5640, 1, 5640.000000, RNDM, 27950, 6, 4658.333333, 
bse_controlled_0001, 003294, 50, 476, PT1, 5640, 1, 5640.000000, RNDM, 27950, 6, 4658.333333, 
bse_controlled_0001, 003295, 50, 361, PT1, 5640, 1, 5640.000000, RNDM, 27950, 6, 4658.333333, 
bse_controlled_0001, 003296, 50, 361, PT1, 5945, 1, 5945.000000, RNDM, 28255, 6, 4709.166667, 
bse_controlled_0001, 003298, 50, 462, PT1, 5945, 1, 5945.000000, RNDM, 28255, 6, 4709.166667, 
bse_controlled_0001, 003298, 19, 462, PT1, 5945, 1, 5945.000000, RNDM, 28255, 6, 4709.166667, 
bse_controlled_0001, 003299, 19, 462, PT1, 5945, 1, 5945.000000, RNDM, 28255, 6, 4709.166667, 
bse_controlled_0001, 003308, 60, 368, PT1, 5945, 1, 5945.000000, RNDM, 28255, 6, 4709.166667, 
bse_controlled_0001, 003320, 60, 368, PT1, 5804, 1, 5804.000000, RNDM, 28396, 6, 4732.666667, 
bse_controlled_0001, 003325, 94, 245, PT1, 5804, 1, 5804.000000, RNDM, 28396, 6, 4732.666667, 
bse_controlled_0001, 003326, 94, 368, PT1, 5804, 1, 5804.000000, RNDM, 28396, 6, 4732.666667, 
bse_controlled_0001, 003326, 113, 368, PT1, 6143, 1, 6143.000000, RNDM, 28735, 6, 4789.166667, 
bse_controlled_0001, 003329, 113, 368, PT1, 6143, 1, 6143.000000, RNDM, 28735, 6, 4789.166667, 
bse_controlled_0001, 003352, 145, 368, PT1, 6143, 1, 6143.000000, RNDM, 28735, 6, 4789.166667, 
bse_controlled_0001, 003353, 94, 368, PT1, 6143, 1, 6143.000000, RNDM, 28735, 6, 4789.166667, 
bse_controlled_0001, 003356, 315, 368, PT1, 6143, 1, 6143.000000, RNDM, 28735, 6, 4789.166667, 
bse_controlled_0001, 003363, 125, 368, PT1, 6143, 1, 6143.000000, RNDM, 28735, 6, 4789.166667, 
bse_controlled_0001, 003365, 307, 436, PT1, 6143, 1, 6143.000000, RNDM, 28735, 6, 4789.166667, 
bse_controlled_0001, 003365, 125, 436, PT1, 6143, 1, 6143.000000, RNDM, 28735, 6, 4789.166667, 
bse_controlled_0001, 003365, 111, 436, PT1, 6143, 1, 6143.000000, RNDM, 28735, 6, 4789.166667, 
bse_controlled_0001, 003366, 111, 439, PT1, 6143, 1, 6143.000000, RNDM, 28735, 6, 4789.166667, 
bse_controlled_0001, 003367, 111, 286, PT1, 5893, 1, 5893.000000, RNDM, 28985, 6, 4830.833333, 
bse_controlled_0001, 003379, 62, 120, PT1, 5893, 1, 5893.000000, RNDM, 28985, 6, 4830.833333, 
bse_controlled_0001, 003380, 62, 286, PT1, 5893, 1, 5893.000000, RNDM, 28985, 6, 4830.833333, 
bse_controlled_0001, 003382, 62, 286, PT1, 5893, 1, 5893.000000, RNDM, 28985, 6, 4830.833333, 
bse_controlled_0001, 003391, 62, 106, PT1, 5893, 1, 5893.000000, RNDM, 28985, 6, 4830.833333, 
bse_controlled_0001, 003413, 62, 155, PT1, 5893, 1, 5893.000000, RNDM, 28985, 6, 4830.833333, 
bse_controlled_0001, 003439, 67, 125, PT1, 5893, 1, 5893.000000, RNDM, 28985, 6, 4830.833333, 
bse_controlled_0001, 003439, 67, 180, PT1, 5893, 1, 5893.000000, RNDM, 28985, 6, 4830.833333, 
bse_controlled_0001, 003440, 67, 273, PT1, 5893, 1, 5893.000000, RNDM, 28985, 6, 4830.833333, 
bse_controlled_0001, 003444, 140, 273, PT1, 5893, 1, 5893.000000, RNDM, 28985, 6, 4830.833333, 
bse_controlled_0001, 003444, 140, 286, PT1, 5893, 1, 5893.000000, RNDM, 28985, 6, 4830.833333, 
bse_controlled_0001, 003445, 67, 286, PT1, 5893, 1, 5893.000000, RNDM, 28985, 6, 4830.833333, 
bse_controlled_0001, 003445, None, 286, PT1, 5893, 1, 5893.000000, RNDM, 28985, 6, 4830.833333, 
bse_controlled_0001, 003445, None, 169, PT1, 5893, 1, 5893.000000, RNDM, 28985, 6, 4830.833333, 
bse_controlled_0001, 003446, None, 286, PT1, 5893, 1, 5893.000000, RNDM, 28985, 6, 4830.833333, 
bse_controlled_0001, 003448, None, 281, PT1, 5893, 1, 5893.000000, RNDM, 28985, 6, 4830.833333, 
bse_controlled_0001, 003449, 77, 336, PT1, 5893, 1, 5893.000000, RNDM, 28985, 6, 4830.833333, 
bse_controlled_0001, 003474, 77, 143, PT1, 5893, 1, 5893.000000, RNDM, 28985, 6, 4830.833333, 
bse_controlled_0001, 003474, 77, 333, PT1, 5893, 1, 5893.000000, RNDM, 28985, 6, 4830.833333, 
bse_controlled_0001, 003474, 77, 336, PT1, 5893, 1, 5893.000000, RNDM, 28985, 6, 4830.833333, 
bse_controlled_0001, 003475, 77, 412, PT1, 5893, 1, 5893.000000, RNDM, 28985, 6, 4830.833333, 
bse_controlled_0001, 003475, 65, 142, PT1, 5893, 1, 5893.000000, RNDM, 28985, 6, 4830.833333, 
bse_controlled_0001, 003475, 65, 146, PT1, 5893, 1, 5893.000000, RNDM, 28985, 6, 4830.833333, 
bse_controlled_0001, 003476, 75, 412, PT1, 5893, 1, 5893.000000, RNDM, 28985, 6, 4830.833333, 
bse_controlled_0001, 003476, 65, 412, PT1, 5893, 1, 5893.000000, RNDM, 28985, 6, 4830.833333, 
bse_controlled_0001, 003476, None, 371, PT1, 5893, 1, 5893.000000, RNDM, 28985, 6, 4830.833333, 
bse_controlled_0001, 003477, 59, 371, PT1, 5893, 1, 5893.000000, RNDM, 28985, 6, 4830.833333, 
bse_controlled_0001, 003481, 54, 371, PT1, 5893, 1, 5893.000000, RNDM, 28985, 6, 4830.833333, 
bse_controlled_0001, 003481, 54, 371, PT1, 6184, 1, 6184.000000, RNDM, 29276, 6, 4879.333333, 
bse_controlled_0001, 003482, 54, 371, PT1, 6129, 1, 6129.000000, RNDM, 29331, 6, 4888.500000, 
bse_controlled_0001, 003489, 62, 371, PT1, 6129, 1, 6129.000000, RNDM, 29331, 6, 4888.500000, 
bse_controlled_0001, 003489, 62, 371, PT1, 6227, 1, 6227.000000, RNDM, 29429, 6, 4904.833333, 
bse_controlled_0001, 003505, 62, 150, PT1, 6227, 1, 6227.000000, RNDM, 29429, 6, 4904.833333, 
bse_controlled_0001, 003511, 89, 150, PT1, 6227, 1, 6227.000000, RNDM, 29429, 6, 4904.833333, 
bse_controlled_0001, 003512, 89, 385, PT1, 6227, 1, 6227.000000, RNDM, 29429, 6, 4904.833333, 
bse_controlled_0001, 003520, 89, 385, PT1, 6227, 1, 6227.000000, RNDM, 29429, 6, 4904.833333, 
bse_controlled_0001, 003521, 89, 385, PT1, 6227, 1, 6227.000000, RNDM, 29429, 6, 4904.833333, 
bse_controlled_0001, 003534, 89, 414, PT1, 6227, 1, 6227.000000, RNDM, 29429, 6, 4904.833333, 
bse_controlled_0001, 003539, 94, 393, PT1, 6095, 1, 6095.000000, RNDM, 29561, 6, 4926.833333, 
bse_controlled_0001, 003540, 94, 414, PT1, 6095, 1, 6095.000000, RNDM, 29561, 6, 4926.833333, 
bse_controlled_0001, 003547, 40, 120, PT1, 6095, 1, 6095.000000, RNDM, 29561, 6, 4926.833333, 
bse_controlled_0001, 003547, 40, 278, PT1, 6095, 1, 6095.000000, RNDM, 29561, 6, 4926.833333, 
bse_controlled_0001, 003548, 40, 320, PT1, 6095, 1, 6095.000000, RNDM, 29561, 6, 4926.833333, 
bse_controlled_0001, 003548, 40, 320, PT1, 6095, 1, 6095.000000, RNDM, 29561, 6, 4926.833333, 
bse_controlled_0001, 003549, 40, 414, PT1, 6095, 1, 6095.000000, RNDM, 29561, 6, 4926.833333, 
bse_controlled_0001, 003552, 91, 414, PT1, 6460, 1, 6460.000000, RNDM, 29926, 6, 4987.666667, 
bse_controlled_0001, 003565, 153, 414, PT1, 6460, 1, 6460.000000, RNDM, 29926, 6, 4987.666667, 
bse_controlled_0001, 003565, 112, 414, PT1, 6460, 1, 6460.000000, RNDM, 29926, 6, 4987.666667, 
bse_controlled_0001, 003567, 112, 414, PT1, 6460, 1, 6460.000000, RNDM, 29926, 6, 4987.666667, 
bse_controlled_0001, 003567, 91, 414, PT1, 6460, 1, 6460.000000, RNDM, 29926, 6, 4987.666667, 
bse_controlled_0001, 003568, 91, 414, PT1, 6460, 1, 6460.000000, RNDM, 29926, 6, 4987.666667, 
bse_controlled_0001, 003569, 282, None, PT1, 6460, 1, 6460.000000, RNDM, 30754, 6, 5125.666667, 
bse_controlled_0001, 003574, 338, None, PT1, 6460, 1, 6460.000000, RNDM, 30754, 6, 5125.666667, 
bse_controlled_0001, 003575, 282, None, PT1, 6460, 1, 6460.000000, RNDM, 30754, 6, 5125.666667, 
bse_controlled_0001, 003576, 91, 283, PT1, 6460, 1, 6460.000000, RNDM, 31318, 6, 5219.666667, 
bse_controlled_0001, 003576, 91, None, PT1, 6177, 1, 6177.000000, RNDM, 31601, 6, 5266.833333, 
bse_controlled_0001, 003577, 91, None, PT1, 6638, 1, 6638.000000, RNDM, 32062, 6, 5343.666667, 
bse_controlled_0001, 003586, 91, 460, PT1, 6638, 1, 6638.000000, RNDM, 32604, 6, 5434.000000, 
bse_controlled_0001, 003588, 91, 460, PT1, 6449, 1, 6449.000000, RNDM, 32793, 6, 5465.500000, 
bse_controlled_0001, 003598, 117, 392, PT1, 6449, 1, 6449.000000, RNDM, 32793, 6, 5465.500000, 
bse_controlled_0001, 003598, 195, 392, PT1, 6654, 1, 6654.000000, RNDM, 32998, 6, 5499.666667, 
bse_controlled_0001, 003599, 117, 392, PT1, 6654, 1, 6654.000000, RNDM, 32998, 6, 5499.666667, 
bse_controlled_0001, 003607, 61, 449, PT1, 6654, 1, 6654.000000, RNDM, 32998, 6, 5499.666667, 
bse_controlled_0001, 003620, 61, 404, PT1, 6552, 1, 6552.000000, RNDM, 33100, 6, 5516.666667, 
bse_controlled_0001, 003626, 115, 159, PT1, 6672, 1, 6672.000000, RNDM, 33220, 6, 5536.666667, 
bse_controlled_0001, 003630, 115, 404, PT1, 6672, 1, 6672.000000, RNDM, 33220, 6, 5536.666667, 
bse_controlled_0001, 003637, 115, 365, PT1, 6547, 1, 6547.000000, RNDM, 33345, 6, 5557.500000, 
bse_controlled_0001, 003637, 115, 365, PT1, 6730, 1, 6730.000000, RNDM, 33528, 6, 5588.000000, 
bse_controlled_0001, 003638, 51, 365, PT1, 6730, 1, 6730.000000, RNDM, 33528, 6, 5588.000000, 
bse_controlled_0001, 003640, 51, 365, PT1, 6627, 1, 6627.000000, RNDM, 33631, 6, 5605.166667, 
bse_controlled_0001, 003642, 51, 365, PT1, 6798, 1, 6798.000000, RNDM, 33802, 6, 5633.666667, 
bse_controlled_0001, 003650, 123, 365, PT1, 6798, 1, 6798.000000, RNDM, 33802, 6, 5633.666667, 
bse_controlled_0001, 003655, 123, 255, PT1, 6798, 1, 6798.000000, RNDM, 33802, 6, 5633.666667, 
bse_controlled_0001, 003666, 114, 255, PT1, 6798, 1, 6798.000000, RNDM, 33802, 6, 5633.666667, 
bse_controlled_0001, 003669, 114, 377, PT1, 6798, 1, 6798.000000, RNDM, 33802, 6, 5633.666667, 
bse_controlled_0001, 003672, 114, 435, PT1, 6798, 1, 6798.000000, RNDM, 33802, 6, 5633.666667, 
bse_controlled_0001, 003675, 51, 382, PT1, 6798, 1, 6798.000000, RNDM, 33802, 6, 5633.666667, 
bse_controlled_0001, 003677, 345, 435, PT1, 6798, 1, 6798.000000, RNDM, 33802, 6, 5633.666667, 
bse_controlled_0001, 003679, 63, 435, PT1, 6798, 1, 6798.000000, RNDM, 33802, 6, 5633.666667, 
bse_controlled_0001, 003679, 51, 435, PT1, 6798, 1, 6798.000000, RNDM, 33802, 6, 5633.666667, 
bse_controlled_0001, 003682, 51, 424, PT1, 6798, 1, 6798.000000, RNDM, 33802, 6, 5633.666667, 
bse_controlled_0001, 003683, 110, 424, PT1, 6798, 1, 6798.000000, RNDM, 33802, 6, 5633.666667, 
bse_controlled_0001, 003685, 110, 261, PT1, 6798, 1, 6798.000000, RNDM, 33802, 6, 5633.666667, 
bse_controlled_0001, 003686, 110, 435, PT1, 6798, 1, 6798.000000, RNDM, 33802, 6, 5633.666667, 
bse_controlled_0001, 003688, 126, 435, PT1, 6798, 1, 6798.000000, RNDM, 33802, 6, 5633.666667, 
bse_controlled_0001, 003688, 108, 435, PT1, 6672, 1, 6672.000000, RNDM, 33676, 6, 5612.666667, 
bse_controlled_0001, 003690, 52, 435, PT1, 6672, 1, 6672.000000, RNDM, 33676, 6, 5612.666667, 
bse_controlled_0001, 003692, 52, 435, PT1, 6672, 1, 6672.000000, RNDM, 33676, 6, 5612.666667, 
bse_controlled_0001, 003695, 70, 435, PT1, 6820, 1, 6820.000000, RNDM, 33824, 6, 5637.333333, 
bse_controlled_0001, 003696, 70, 469, PT1, 6820, 1, 6820.000000, RNDM, 34694, 6, 5782.333333, 
bse_controlled_0001, 003706, 70, 469, PT1, 6820, 1, 6820.000000, RNDM, 34694, 6, 5782.333333, 
bse_controlled_0001, 003707, 70, 469, PT1, 6820, 1, 6820.000000, RNDM, 34694, 6, 5782.333333, 
bse_controlled_0001, 003710, 120, 390, PT1, 6664, 1, 6664.000000, RNDM, 34850, 6, 5808.333333, 
bse_controlled_0001, 003716, 70, 390, PT1, 6664, 1, 6664.000000, RNDM, 34850, 6, 5808.333333, 
bse_controlled_0001, 003716, 70, 390, PT1, 6664, 1, 6664.000000, RNDM, 34850, 6, 5808.333333, 
bse_controlled_0001, 003734, 19, 105, PT1, 6664, 1, 6664.000000, RNDM, 34850, 6, 5808.333333, 
bse_controlled_0001, 003735, 19, 432, PT1, 6664, 1, 6664.000000, RNDM, 34850, 6, 5808.333333, 
bse_controlled_0001, 003742, 19, 157, PT1, 6664, 1, 6664.000000, RNDM, 34850, 6, 5808.333333, 
bse_controlled_0001, 003743, 19, 432, PT1, 6664, 1, 6664.000000, RNDM, 34850, 6, 5808.333333, 
bse_controlled_0001, 003743, 19, 432, PT1, 6998, 1, 6998.000000, RNDM, 35184, 6, 5864.000000, 
bse_controlled_0001, 003746, 68, 432, PT1, 6998, 1, 6998.000000, RNDM, 35184, 6, 5864.000000, 
bse_controlled_0001, 003746, 68, 432, PT1, 6998, 1, 6998.000000, RNDM, 35184, 6, 5864.000000, 
bse_controlled_0001, 003746, 68, 432, PT1, 6998, 1, 6998.000000, RNDM, 35184, 6, 5864.000000, 
bse_controlled_0001, 003766, 252, 432, PT1, 6998, 1, 6998.000000, RNDM, 35184, 6, 5864.000000, 
bse_controlled_0001, 003768, 199, 432, PT1, 6998, 1, 6998.000000, RNDM, 35184, 6, 5864.000000, 
bse_controlled_0001, 003771, 135, 432, PT1, 6998, 1, 6998.000000, RNDM, 35184, 6, 5864.000000, 
bse_controlled_0001, 003776, 130, 147, PT1, 6998, 1, 6998.000000, RNDM, 35184, 6, 5864.000000, 
bse_controlled_0001, 003777, 114, 432, PT1, 6851, 1, 6851.000000, RNDM, 35331, 6, 5888.500000, 
bse_controlled_0001, 003779, 77, 257, PT1, 6851, 1, 6851.000000, RNDM, 35331, 6, 5888.500000, 
bse_controlled_0001, 003780, 77, 257, PT1, 7028, 1, 7028.000000, RNDM, 35508, 6, 5918.000000, 
bse_controlled_0001, 003781, 49, 257, PT1, 7028, 1, 7028.000000, RNDM, 35508, 6, 5918.000000, 
bse_controlled_0001, 003789, 49, 178, PT1, 6969, 1, 6969.000000, RNDM, 35567, 6, 5927.833333, 
bse_controlled_0001, 003789, 49, 257, PT1, 6969, 1, 6969.000000, RNDM, 35567, 6, 5927.833333, 
bse_controlled_0001, 003790, 49, 257, PT1, 6969, 1, 6969.000000, RNDM, 35567, 6, 5927.833333, 
bse_controlled_0001, 003803, 49, 197, PT1, 7095, 1, 7095.000000, RNDM, 35693, 6, 5948.833333, 
bse_controlled_0001, 003816, 78, 152, PT1, 7095, 1, 7095.000000, RNDM, 35693, 6, 5948.833333, 
bse_controlled_0001, 003817, 78, 155, PT1, 7095, 1, 7095.000000, RNDM, 35693, 6, 5948.833333, 
bse_controlled_0001, 003817, None, 155, PT1, 7095, 1, 7095.000000, RNDM, 35693, 6, 5948.833333, 
bse_controlled_0001, 003817, None, 155, PT1, 7095, 1, 7095.000000, RNDM, 35693, 6, 5948.833333, 
bse_controlled_0001, 003818, 42, 155, PT1, 7095, 1, 7095.000000, RNDM, 35693, 6, 5948.833333, 
bse_controlled_0001, 003819, 153, 257, PT1, 7095, 1, 7095.000000, RNDM, 35693, 6, 5948.833333, 
bse_controlled_0001, 003822, 153, 351, PT1, 7095, 1, 7095.000000, RNDM, 35693, 6, 5948.833333, 
bse_controlled_0001, 003834, 42, 351, PT1, 7095, 1, 7095.000000, RNDM, 35693, 6, 5948.833333, 
bse_controlled_0001, 003836, 87, 351, PT1, 7095, 1, 7095.000000, RNDM, 35693, 6, 5948.833333, 
bse_controlled_0001, 003837, 87, 351, PT1, 7095, 1, 7095.000000, RNDM, 35693, 6, 5948.833333, 
bse_controlled_0001, 003838, 102, 357, PT1, 7095, 1, 7095.000000, RNDM, 35693, 6, 5948.833333, 
bse_controlled_0001, 003839, 87, 357, PT1, 7095, 1, 7095.000000, RNDM, 35897, 6, 5982.833333, 
bse_controlled_0001, 003864, 145, 357, PT1, 6945, 1, 6945.000000, RNDM, 36047, 6, 6007.833333, 
bse_controlled_0001, 003866, 111, 421, PT1, 6945, 1, 6945.000000, RNDM, 36047, 6, 6007.833333, 
bse_controlled_0001, 003867, 111, 421, PT1, 6945, 1, 6945.000000, RNDM, 36047, 6, 6007.833333, 
bse_controlled_0001, 003868, 111, None, PT1, 6945, 1, 6945.000000, RNDM, 36047, 6, 6007.833333, 
bse_controlled_0001, 003869, 111, None, PT1, 7102, 1, 7102.000000, RNDM, 35890, 6, 5981.666667, 
bse_controlled_0001, 003891, 144, 244, PT1, 7102, 1, 7102.000000, RNDM, 35890, 6, 5981.666667, 
bse_controlled_0001, 003892, 111, 244, PT1, 7102, 1, 7102.000000, RNDM, 35890, 6, 5981.666667, 
bse_controlled_0001, 003895, 111, 303, PT1, 7102, 1, 7102.000000, RNDM, 35890, 6, 5981.666667, 
bse_controlled_0001, 003896, 107, 303, PT1, 7102, 1, 7102.000000, RNDM, 35890, 6, 5981.666667, 
bse_controlled_0001, 003897, 91, 303, PT1, 7102, 1, 7102.000000, RNDM, 35890, 6, 5981.666667, 
bse_controlled_0001, 003897, 91, None, PT1, 7102, 1, 7102.000000, RNDM, 35890, 6, 5981.666667, 
bse_controlled_0001, 003923, 135, None, PT1, 7102, 1, 7102.000000, RNDM, 35890, 6, 5981.666667, 
bse_controlled_0001, 003924, 107, None, PT1, 7102, 1, 7102.000000, RNDM, 35890, 6, 5981.666667, 
bse_controlled_0001, 003924, 107, None, PT1, 7102, 1, 7102.000000, RNDM, 35890, 6, 5981.666667, 
bse_controlled_0001, 003926, 107, 159, PT1, 6959, 1, 6959.000000, RNDM, 36033, 6, 6005.500000, 
bse_controlled_0001, 003926, 107, None, PT1, 6959, 1, 6959.000000, RNDM, 36033, 6, 6005.500000, 
bse_controlled_0001, 003926, 107, None, PT1, 7301, 1, 7301.000000, RNDM, 36375, 6, 6062.500000, 
bse_controlled_0001, 003927, 107, None, PT1, 7301, 1, 7301.000000, RNDM, 36375, 6, 6062.500000, 
bse_controlled_0001, 003927, 68, 123, PT1, 7301, 1, 7301.000000, RNDM, 36375, 6, 6062.500000, 
bse_controlled_0001, 003928, 68, None, PT1, 7301, 1, 7301.000000, RNDM, 36375, 6, 6062.500000, 
bse_controlled_0001, 003928, 68, None, PT1, 7139, 1, 7139.000000, RNDM, 36537, 6, 6089.500000, 
bse_controlled_0001, 003928, 14, None, PT1, 7139, 1, 7139.000000, RNDM, 36537, 6, 6089.500000, 
bse_controlled_0001, 003929, 362, None, PT1, 7139, 1, 7139.000000, RNDM, 36537, 6, 6089.500000, 
bse_controlled_0001, 003930, 182, None, PT1, 7501, 1, 7501.000000, RNDM, 36899, 6, 6149.833333, 
bse_controlled_0001, 003948, 124, 239, PT1, 7501, 1, 7501.000000, RNDM, 36899, 6, 6149.833333, 
bse_controlled_0001, 003949, 89, 239, PT1, 7501, 1, 7501.000000, RNDM, 36899, 6, 6149.833333, 
bse_controlled_0001, 003949, 65, 239, PT1, 7501, 1, 7501.000000, RNDM, 36899, 6, 6149.833333, 
bse_controlled_0001, 003950, 65, 97, PT1, 7412, 1, 7412.000000, RNDM, 36988, 6, 6164.666667, 
bse_controlled_0001, 003950, 65, 239, PT1, 7412, 1, 7412.000000, RNDM, 36988, 6, 6164.666667, 
bse_controlled_0001, 003951, 148, None, PT1, 7412, 1, 7412.000000, RNDM, 36988, 6, 6164.666667, 
bse_controlled_0001, 003952, 65, None, PT1, 7560, 1, 7560.000000, RNDM, 37136, 6, 6189.333333, 
bse_controlled_0001, 003952, 52, 202, PT1, 7560, 1, 7560.000000, RNDM, 37136, 6, 6189.333333, 
bse_controlled_0001, 003953, 52, 205, PT1, 7560, 1, 7560.000000, RNDM, 37136, 6, 6189.333333, 
bse_controlled_0001, 003955, 52, 221, PT1, 7560, 1, 7560.000000, RNDM, 37136, 6, 6189.333333, 
bse_controlled_0001, 003956, 52, 221, PT1, 7560, 1, 7560.000000, RNDM, 37136, 6, 6189.333333, 
bse_controlled_0001, 003957, 52, 332, PT1, 7560, 1, 7560.000000, RNDM, 37136, 6, 6189.333333, 
bse_controlled_0001, 003957, 14, 332, PT1, 7560, 1, 7560.000000, RNDM, 37136, 6, 6189.333333, 
bse_controlled_0001, 003958, 14, 117, PT1, 7560, 1, 7560.000000, RNDM, 37136, 6, 6189.333333, 
bse_controlled_0001, 003958, 14, 332, PT1, 7443, 1, 7443.000000, RNDM, 37253, 6, 6208.833333, 
bse_controlled_0001, 003958, 14, 437, PT1, 7443, 1, 7443.000000, RNDM, 37253, 6, 6208.833333, 
bse_controlled_0001, 003960, 106, 437, PT1, 7443, 1, 7443.000000, RNDM, 37253, 6, 6208.833333, 
bse_controlled_0001, 003960, 106, 437, PT1, 7643, 1, 7643.000000, RNDM, 37453, 6, 6242.166667, 
bse_controlled_0001, 003961, 106, 437, PT1, 7643, 1, 7643.000000, RNDM, 37453, 6, 6242.166667, 
bse_controlled_0001, 003962, 106, 437, PT1, 7643, 1, 7643.000000, RNDM, 37453, 6, 6242.166667, 
bse_controlled_0001, 003962, 7, 437, PT1, 7643, 1, 7643.000000, RNDM, 37453, 6, 6242.166667, 
bse_controlled_0001, 003965, 243, 437, PT1, 7643, 1, 7643.000000, RNDM, 38293, 6, 6382.166667, 
bse_controlled_0001, 003986, 228, 437, PT1, 7643, 1, 7643.000000, RNDM, 38293, 6, 6382.166667, 
bse_controlled_0001, 003987, 82, 437, PT1, 7643, 1, 7643.000000, RNDM, 38293, 6, 6382.166667, 
bse_controlled_0001, 004010, 140, 437, PT1, 7643, 1, 7643.000000, RNDM, 38293, 6, 6382.166667, 
bse_controlled_0001, 004011, 140, 461, PT1, 7643, 1, 7643.000000, RNDM, 38293, 6, 6382.166667, 
bse_controlled_0001, 004011, 140, 471, PT1, 7643, 1, 7643.000000, RNDM, 38293, 6, 6382.166667, 
bse_controlled_0001, 004013, 109, 352, PT1, 7643, 1, 7643.000000, RNDM, 38293, 6, 6382.166667, 
bse_controlled_0001, 004014, 94, 119, PT1, 7545, 1, 7545.000000, RNDM, 38391, 6, 6398.500000, 
bse_controlled_0001, 004015, 94, 471, PT1, 7545, 1, 7545.000000, RNDM, 38391, 6, 6398.500000, 
bse_controlled_0001, 004016, 94, 471, PT1, 7784, 1, 7784.000000, RNDM, 38630, 6, 6438.333333, 
bse_controlled_0001, 004017, 94, 471, PT1, 7641, 1, 7641.000000, RNDM, 38773, 6, 6462.166667, 
bse_controlled_0001, 004018, 87, 95, PT1, 7641, 1, 7641.000000, RNDM, 38773, 6, 6462.166667, 
bse_controlled_0001, 004019, 87, 471, PT1, 7641, 1, 7641.000000, RNDM, 38963, 6, 6493.833333, 
bse_controlled_0001, 004020, 233, 471, PT1, 7949, 1, 7949.000000, RNDM, 39271, 6, 6545.166667, 
bse_controlled_0001, 004032, 120, 386, PT1, 7949, 1, 7949.000000, RNDM, 39737, 6, 6622.833333, 
bse_controlled_0001, 004038, 87, 386, PT1, 7949, 1, 7949.000000, RNDM, 39737, 6, 6622.833333, 
bse_controlled_0001, 004038, 87, 415, PT1, 7949, 1, 7949.000000, RNDM, 39737, 6, 6622.833333, 
bse_controlled_0001, 004047, 104, 257, PT1, 7949, 1, 7949.000000, RNDM, 39737, 6, 6622.833333, 
bse_controlled_0001, 004047, 46, 257, PT1, 7949, 1, 7949.000000, RNDM, 39737, 6, 6622.833333, 
bse_controlled_0001, 004047, 46, 257, PT1, 7949, 1, 7949.000000, RNDM, 39737, 6, 6622.833333, 
bse_controlled_0001, 004065, 96, 257, PT1, 7949, 1, 7949.000000, RNDM, 39959, 6, 6659.833333, 
bse_controlled_0001, 004065, 96, 415, PT1, 7949, 1, 7949.000000, RNDM, 39959, 6, 6659.833333, 
bse_controlled_0001, 004066, 96, 415, PT1, 7949, 1, 7949.000000, RNDM, 39959, 6, 6659.833333, 
bse_controlled_0001, 004066, 96, 415, PT1, 7949, 1, 7949.000000, RNDM, 39959, 6, 6659.833333, 
bse_controlled_0001, 004068, 46, 126, PT1, 7949, 1, 7949.000000, RNDM, 39959, 6, 6659.833333, 
bse_controlled_0001, 004068, 46, 210, PT1, 7823, 1, 7823.000000, RNDM, 40085, 6, 6680.833333, 
bse_controlled_0001, 004073, 46, 210, PT1, 7982, 1, 7982.000000, RNDM, 40244, 6, 6707.333333, 
bse_controlled_0001, 004074, 46, 210, PT1, 7982, 1, 7982.000000, RNDM, 40244, 6, 6707.333333, 
bse_controlled_0001, 004076, 46, 252, PT1, 7982, 1, 7982.000000, RNDM, 40244, 6, 6707.333333, 
bse_controlled_0001, 004076, 46, 252, PT1, 7841, 1, 7841.000000, RNDM, 40385, 6, 6730.833333, 
bse_controlled_0001, 004076, 46, 436, PT1, 7841, 1, 7841.000000, RNDM, 40385, 6, 6730.833333, 
bse_controlled_0001, 004077, 46, 221, PT1, 8003, 1, 8003.000000, RNDM, 40547, 6, 6757.833333, 
bse_controlled_0001, 004077, 33, 221, PT1, 8003, 1, 8003.000000, RNDM, 40547, 6, 6757.833333, 
bse_controlled_0001, 004078, None, 64, PT1, 8003, 1, 8003.000000, RNDM, 40547, 6, 6757.833333, 
bse_controlled_0001, 004078, None, 221, PT1, 8003, 1, 8003.000000, RNDM, 40547, 6, 6757.833333, 
bse_controlled_0001, 004079, 165, 221, PT1, 8003, 1, 8003.000000, RNDM, 40547, 6, 6757.833333, 
bse_controlled_0001, 004080, 165, 343, PT1, 8003, 1, 8003.000000, RNDM, 40547, 6, 6757.833333, 
bse_controlled_0001, 004080, 65, 343, PT1, 8003, 1, 8003.000000, RNDM, 40547, 6, 6757.833333, 
bse_controlled_0001, 004081, 301, 421, PT1, 8003, 1, 8003.000000, RNDM, 40547, 6, 6757.833333, 
bse_controlled_0001, 004081, 65, 421, PT1, 8003, 1, 8003.000000, RNDM, 40547, 6, 6757.833333, 
bse_controlled_0001, 004106, 84, 351, PT1, 8003, 1, 8003.000000, RNDM, 41245, 6, 6874.166667, 
bse_controlled_0001, 004107, 65, 351, PT1, 8003, 1, 8003.000000, RNDM, 41245, 6, 6874.166667, 
bse_controlled_0001, 004110, 65, 265, PT1, 8003, 1, 8003.000000, RNDM, 41245, 6, 6874.166667, 
bse_controlled_0001, 004110, 65, 351, PT1, 8003, 1, 8003.000000, RNDM, 41245, 6, 6874.166667, 
bse_controlled_0001, 004110, 60, 351, PT1, 7866, 1, 7866.000000, RNDM, 41382, 6, 6897.000000, 
bse_controlled_0001, 004112, 60, 351, PT1, 8170, 1, 8170.000000, RNDM, 41686, 6, 6947.666667, 
bse_controlled_0001, 004112, 60, 351, PT1, 8170, 1, 8170.000000, RNDM, 41686, 6, 6947.666667, 
bse_controlled_0001, 004113, 60, 421, PT1, 8170, 1, 8170.000000, RNDM, 41686, 6, 6947.666667, 
bse_controlled_0001, 004114, 295, 421, PT1, 8170, 1, 8170.000000, RNDM, 41686, 6, 6947.666667, 
bse_controlled_0001, 004114, 82, 421, PT1, 8170, 1, 8170.000000, RNDM, 41686, 6, 6947.666667, 
bse_controlled_0001, 004115, 60, 421, PT1, 7991, 1, 7991.000000, RNDM, 41865, 6, 6977.500000, 
bse_controlled_0001, 004133, 60, 132, PT1, 7991, 1, 7991.000000, RNDM, 41865, 6, 6977.500000, 
bse_controlled_0001, 004134, 60, 421, PT1, 7991, 1, 7991.000000, RNDM, 41865, 6, 6977.500000, 
bse_controlled_0001, 004135, 60, 299, PT1, 8285, 1, 8285.000000, RNDM, 42159, 6, 7026.500000, 
bse_controlled_0001, 004136, 60, 299, PT1, 8285, 1, 8285.000000, RNDM, 42159, 6, 7026.500000, 
bse_controlled_0001, 004138, 104, 421, PT1, 8285, 1, 8285.000000, RNDM, 42159, 6, 7026.500000, 
bse_controlled_0001, 004140, 103, 421, PT1, 8176, 1, 8176.000000, RNDM, 42268, 6, 7044.666667, 
bse_controlled_0001, 004168, 108, 136, PT1, 8176, 1, 8176.000000, RNDM, 42268, 6, 7044.666667, 
bse_controlled_0001, 004168, 84, 136, PT1, 8176, 1, 8176.000000, RNDM, 42268, 6, 7044.666667, 
bse_controlled_0001, 004168, 80, 305, PT1, 8176, 1, 8176.000000, RNDM, 42268, 6, 7044.666667, 
bse_controlled_0001, 004179, 80, 305, PT1, 8308, 1, 8308.000000, RNDM, 42400, 6, 7066.666667, 
bse_controlled_0001, 004183, 55, 154, PT1, 8308, 1, 8308.000000, RNDM, 42400, 6, 7066.666667, 
bse_controlled_0001, 004185, 55, 384, PT1, 8308, 1, 8308.000000, RNDM, 42400, 6, 7066.666667, 
bse_controlled_0001, 004198, 55, 156, PT1, 8308, 1, 8308.000000, RNDM, 42400, 6, 7066.666667, 
bse_controlled_0001, 004198, None, 156, PT1, 8308, 1, 8308.000000, RNDM, 42400, 6, 7066.666667, 
bse_controlled_0001, 004199, None, 157, PT1, 8308, 1, 8308.000000, RNDM, 42400, 6, 7066.666667, 
bse_controlled_0001, 004199, None, 201, PT1, 8308, 1, 8308.000000, RNDM, 42400, 6, 7066.666667, 
bse_controlled_0001, 004199, None, 295, PT1, 8308, 1, 8308.000000, RNDM, 42400, 6, 7066.666667, 
bse_controlled_0001, 004200, None, 421, PT1, 8308, 1, 8308.000000, RNDM, 42990, 6, 7165.000000, 
bse_controlled_0001, 004200, None, 421, PT1, 8308, 1, 8308.000000, RNDM, 42990, 6, 7165.000000, 
bse_controlled_0001, 004201, 16, 375, PT1, 8276, 1, 8276.000000, RNDM, 43022, 6, 7170.333333, 
bse_controlled_0001, 004202, 109, 375, PT1, 8575, 1, 8575.000000, RNDM, 43321, 6, 7220.166667, 
bse_controlled_0001, 004202, 109, None, PT1, 8575, 1, 8575.000000, RNDM, 43321, 6, 7220.166667, 
bse_controlled_0001, 004203, 109, 445, PT1, 8575, 1, 8575.000000, RNDM, 43321, 6, 7220.166667, 
bse_controlled_0001, 004205, 109, 386, PT1, 8412, 1, 8412.000000, RNDM, 43484, 6, 7247.333333, 
bse_controlled_0001, 004214, 16, 154, PT1, 8412, 1, 8412.000000, RNDM, 43484, 6, 7247.333333, 
bse_controlled_0001, 004214, 16, 256, PT1, 8412, 1, 8412.000000, RNDM, 43484, 6, 7247.333333, 
bse_controlled_0001, 004214, 16, 313, PT1, 8412, 1, 8412.000000, RNDM, 43484, 6, 7247.333333, 
bse_controlled_0001, 004216, 16, 386, PT1, 8412, 1, 8412.000000, RNDM, 43484, 6, 7247.333333, 
bse_controlled_0001, 004217, 16, 357, PT1, 8412, 1, 8412.000000, RNDM, 43484, 6, 7247.333333, 
bse_controlled_0001, 004229, 16, 89, PT1, 8412, 1, 8412.000000, RNDM, 43484, 6, 7247.333333, 
bse_controlled_0001, 004231, 74, 99, PT1, 8412, 1, 8412.000000, RNDM, 43484, 6, 7247.333333, 
bse_controlled_0001, 004231, 74, 132, PT1, 8412, 1, 8412.000000, RNDM, 43484, 6, 7247.333333, 
bse_controlled_0001, 004231, 74, 357, PT1, 8412, 1, 8412.000000, RNDM, 43484, 6, 7247.333333, 
bse_controlled_0001, 004231, 74, 357, PT1, 8412, 1, 8412.000000, RNDM, 43484, 6, 7247.333333, 
bse_controlled_0001, 004232, 74, 357, PT1, 8412, 1, 8412.000000, RNDM, 43484, 6, 7247.333333, 
bse_controlled_0001, 004232, 74, 357, PT1, 8412, 1, 8412.000000, RNDM, 43484, 6, 7247.333333, 
bse_controlled_0001, 004232, 74, 357, PT1, 8412, 1, 8412.000000, RNDM, 43484, 6, 7247.333333, 
bse_controlled_0001, 004233, 304, 357, PT1, 8736, 1, 8736.000000, RNDM, 43808, 6, 7301.333333, 
bse_controlled_0001, 004235, 304, 386, PT1, 8736, 1, 8736.000000, RNDM, 43808, 6, 7301.333333, 
bse_controlled_0001, 004236, 281, 386, PT1, 8736, 1, 8736.000000, RNDM, 43808, 6, 7301.333333, 
bse_controlled_0001, 004236, 93, 386, PT1, 8736, 1, 8736.000000, RNDM, 43808, 6, 7301.333333, 
bse_controlled_0001, 004236, 80, None, PT1, 8736, 1, 8736.000000, RNDM, 43808, 6, 7301.333333, 
bse_controlled_0001, 004238, 233, 339, PT1, 8736, 1, 8736.000000, RNDM, 43808, 6, 7301.333333, 
bse_controlled_0001, 004240, 233, None, PT1, 8736, 1, 8736.000000, RNDM, 43808, 6, 7301.333333, 
bse_controlled_0001, 004240, 115, None, PT1, 8736, 1, 8736.000000, RNDM, 43808, 6, 7301.333333, 
bse_controlled_0001, 004240, 80, None, PT1, 8736, 1, 8736.000000, RNDM, 43808, 6, 7301.333333, 
bse_controlled_0001, 004240, 80, None, PT1, 8736, 1, 8736.000000, RNDM, 43808, 6, 7301.333333, 
bse_controlled_0001, 004241, 80, None, PT1, 8736, 1, 8736.000000, RNDM, 43808, 6, 7301.333333, 
bse_controlled_0001, 004241, 80, 347, PT1, 8560, 1, 8560.000000, RNDM, 43632, 6, 7272.000000, 
bse_controlled_0001, 004242, 265, 347, PT1, 8829, 1, 8829.000000, RNDM, 43901, 6, 7316.833333, 
bse_controlled_0001, 004243, 80, 347, PT1, 8829, 1, 8829.000000, RNDM, 43901, 6, 7316.833333, 
bse_controlled_0001, 004244, 334, None, PT1, 8829, 1, 8829.000000, RNDM, 43901, 6, 7316.833333, 
bse_controlled_0001, 004249, 160, None, PT1, 8829, 1, 8829.000000, RNDM, 43901, 6, 7316.833333, 
bse_controlled_0001, 004249, 160, None, PT1, 8829, 1, 8829.000000, RNDM, 43901, 6, 7316.833333, 
bse_controlled_0001, 004250, 160, None, PT1, 8829, 1, 8829.000000, RNDM, 43901, 6, 7316.833333, 
bse_controlled_0001, 004259, 222, 489, PT1, 8829, 1, 8829.000000, RNDM, 43901, 6, 7316.833333, 
bse_controlled_0001, 004260, 160, 333, PT1, 8829, 1, 8829.000000, RNDM, 43901, 6, 7316.833333, 
bse_controlled_0001, 004260, 160, 333, PT1, 8829, 1, 8829.000000, RNDM, 43901, 6, 7316.833333, 
bse_controlled_0001, 004260, 160, 489, PT1, 8829, 1, 8829.000000, RNDM, 43901, 6, 7316.833333, 
bse_controlled_0001, 004262, 208, 489, PT1, 8829, 1, 8829.000000, RNDM, 43901, 6, 7316.833333, 
bse_controlled_0001, 004263, 208, 419, PT1, 8829, 1, 8829.000000, RNDM, 43901, 6, 7316.833333, 
bse_controlled_0001, 004263, 160, 419, PT1, 8829, 1, 8829.000000, RNDM, 43901, 6, 7316.833333, 
bse_controlled_0001, 004282, 218, 341, PT1, 8829, 1, 8829.000000, RNDM, 44507, 6, 7417.833333, 
bse_controlled_0001, 004289, 107, 341, PT1, 8829, 1, 8829.000000, RNDM, 44507, 6, 7417.833333, 
bse_controlled_0001, 004306, 77, 458, PT1, 8829, 1, 8829.000000, RNDM, 44507, 6, 7417.833333, 
bse_controlled_0001, 004307, 77, None, PT1, 8691, 1, 8691.000000, RNDM, 44645, 6, 7440.833333, 
bse_controlled_0001, 004308, 77, None, PT1, 8839, 1, 8839.000000, RNDM, 44793, 6, 7465.500000, 
bse_controlled_0001, 004308, 77, None, PT1, 8839, 1, 8839.000000, RNDM, 44793, 6, 7465.500000, 
bse_controlled_0001, 004320, 77, 458, PT1, 8839, 1, 8839.000000, RNDM, 44793, 6, 7465.500000, 
bse_controlled_0001, 004322, 77, 458, PT1, 8728, 1, 8728.000000, RNDM, 44682, 6, 7447.000000, 
bse_controlled_0001, 004327, 59, 426, PT1, 8728, 1, 8728.000000, RNDM, 44682, 6, 7447.000000, 
bse_controlled_0001, 004335, 59, 428, PT1, 8728, 1, 8728.000000, RNDM, 44682, 6, 7447.000000, 
bse_controlled_0001, 004337, 59, 257, PT1, 8940, 1, 8940.000000, RNDM, 44894, 6, 7482.333333, 
bse_controlled_0001, 004347, 59, 290, PT1, 8940, 1, 8940.000000, RNDM, 44894, 6, 7482.333333, 
bse_controlled_0001, 004349, 59, 204, PT1, 8940, 1, 8940.000000, RNDM, 44894, 6, 7482.333333, 
bse_controlled_0001, 004369, 50, 204, PT1, 8940, 1, 8940.000000, RNDM, 44894, 6, 7482.333333, 
bse_controlled_0001, 004369, 50, 232, PT1, 8940, 1, 8940.000000, RNDM, 44894, 6, 7482.333333, 
bse_controlled_0001, 004371, 50, 232, PT1, 8889, 1, 8889.000000, RNDM, 44945, 6, 7490.833333, 
bse_controlled_0001, 004373, 50, 232, PT1, 8959, 1, 8959.000000, RNDM, 45015, 6, 7502.500000, 
bse_controlled_0001, 004377, 62, 290, PT1, 8868, 1, 8868.000000, RNDM, 45106, 6, 7517.666667, 
bse_controlled_0001, 004381, 62, 146, PT1, 8985, 1, 8985.000000, RNDM, 45223, 6, 7537.166667, 
bse_controlled_0001, 004381, 62, 146, PT1, 8895, 1, 8895.000000, RNDM, 45313, 6, 7552.166667, 
bse_controlled_0001, 004384, 50, 145, PT1, 8895, 1, 8895.000000, RNDM, 45313, 6, 7552.166667, 
bse_controlled_0001, 004410, 62, 145, PT1, 8993, 1, 8993.000000, RNDM, 45411, 6, 7568.500000, 
bse_controlled_0001, 004412, 62, 145, PT1, 8927, 1, 8927.000000, RNDM, 45477, 6, 7579.500000, 
bse_controlled_0001, 004414, 62, 145, PT1, 9017, 1, 9017.000000, RNDM, 45567, 6, 7594.500000, 
bse_controlled_0001, 004426, 62, 147, PT1, 9017, 1, 9017.000000, RNDM, 45567, 6, 7594.500000, 
bse_controlled_0001, 004427, 62, 286, PT1, 9017, 1, 9017.000000, RNDM, 45567, 6, 7594.500000, 
bse_controlled_0001, 004432, 72, 286, PT1, 9017, 1, 9017.000000, RNDM, 46093, 6, 7682.166667, 
bse_controlled_0001, 004432, 72, 376, PT1, 9017, 1, 9017.000000, RNDM, 46093, 6, 7682.166667, 
bse_controlled_0001, 004440, 155, 458, PT1, 9017, 1, 9017.000000, RNDM, 46093, 6, 7682.166667, 
bse_controlled_0001, 004441, 72, 458, PT1, 9017, 1, 9017.000000, RNDM, 46093, 6, 7682.166667, 
bse_controlled_0001, 004442, 72, 458, PT1, 9017, 1, 9017.000000, RNDM, 46093, 6, 7682.166667, 
bse_controlled_0001, 004460, 137, 310, PT1, 9017, 1, 9017.000000, RNDM, 46093, 6, 7682.166667, 
bse_controlled_0001, 004472, 137, 310, PT1, 9017, 1, 9017.000000, RNDM, 46093, 6, 7682.166667, 
bse_controlled_0001, 004473, 107, 458, PT1, 9017, 1, 9017.000000, RNDM, 46093, 6, 7682.166667, 
bse_controlled_0001, 004473, 82, 195, PT1, 9017, 1, 9017.000000, RNDM, 46093, 6, 7682.166667, 
bse_controlled_0001, 004473, 82, None, PT1, 9017, 1, 9017.000000, RNDM, 46093, 6, 7682.166667, 
bse_controlled_0001, 004474, 82, None, PT1, 9017, 1, 9017.000000, RNDM, 46093, 6, 7682.166667, 
bse_controlled_0001, 004475, 418, None, PT1, 9017, 1, 9017.000000, RNDM, 46093, 6, 7682.166667, 
bse_controlled_0001, 004475, 196, None, PT1, 9017, 1, 9017.000000, RNDM, 46093, 6, 7682.166667, 
bse_controlled_0001, 004478, 196, 444, PT1, 9017, 1, 9017.000000, RNDM, 46093, 6, 7682.166667, 
bse_controlled_0001, 004480, 82, 444, PT1, 8755, 1, 8755.000000, RNDM, 46355, 6, 7725.833333, 
bse_controlled_0001, 004491, 111, 426, PT1, 8755, 1, 8755.000000, RNDM, 46355, 6, 7725.833333, 
bse_controlled_0001, 004501, 105, 426, PT1, 8755, 1, 8755.000000, RNDM, 46355, 6, 7725.833333, 
bse_controlled_0001, 004514, 105, 256, PT1, 8755, 1, 8755.000000, RNDM, 46355, 6, 7725.833333, 
bse_controlled_0001, 004514, 105, 426, PT1, 8755, 1, 8755.000000, RNDM, 46355, 6, 7725.833333, 
bse_controlled_0001, 004529, 105, 159, PT1, 8755, 1, 8755.000000, RNDM, 46355, 6, 7725.833333, 
bse_controlled_0001, 004531, 105, 159, PT1, 8755, 1, 8755.000000, RNDM, 46355, 6, 7725.833333, 
bse_controlled_0001, 004531, 104, 259, PT1, 8755, 1, 8755.000000, RNDM, 46355, 6, 7725.833333, 
bse_controlled_0001, 004533, 131, 259, PT1, 8755, 1, 8755.000000, RNDM, 46355, 6, 7725.833333, 
bse_controlled_0001, 004534, 131, 304, PT1, 8755, 1, 8755.000000, RNDM, 46355, 6, 7725.833333, 
bse_controlled_0001, 004535, 131, 304, PT1, 9030, 1, 9030.000000, RNDM, 46630, 6, 7771.666667, 
bse_controlled_0001, 004536, 131, 416, PT1, 9030, 1, 9030.000000, RNDM, 46630, 6, 7771.666667, 
bse_controlled_0001, 004541, 131, 241, PT1, 9030, 1, 9030.000000, RNDM, 46630, 6, 7771.666667, 
bse_controlled_0001, 004544, 115, 335, PT1, 9030, 1, 9030.000000, RNDM, 46630, 6, 7771.666667, 
bse_controlled_0001, 004545, 115, 335, PT1, 8850, 1, 8850.000000, RNDM, 46810, 6, 7801.666667, 
bse_controlled_0001, 004546, 115, 335, PT1, 8850, 1, 8850.000000, RNDM, 46810, 6, 7801.666667, 
bse_controlled_0001, 004546, 67, 187, PT1, 8850, 1, 8850.000000, RNDM, 46810, 6, 7801.666667, 
bse_controlled_0001, 004547, 67, 187, PT1, 8850, 1, 8850.000000, RNDM, 46810, 6, 7801.666667, 
bse_controlled_0001, 004548, 67, 364, PT1, 9037, 1, 9037.000000, RNDM, 46623, 6, 7770.500000, 
bse_controlled_0001, 004549, 67, 435, PT1, 9037, 1, 9037.000000, RNDM, 46623, 6, 7770.500000, 
bse_controlled_0001, 004563, 186, 435, PT1, 9037, 1, 9037.000000, RNDM, 46623, 6, 7770.500000, 
bse_controlled_0001, 004568, 186, 405, PT1, 9037, 1, 9037.000000, RNDM, 47197, 6, 7866.166667, 
bse_controlled_0001, 004580, 186, 405, PT1, 9037, 1, 9037.000000, RNDM, 47197, 6, 7866.166667, 
bse_controlled_0001, 004592, 186, 405, PT1, 9037, 1, 9037.000000, RNDM, 47197, 6, 7866.166667, 
bse_controlled_0001, 004601, 186, 405, PT1, 9037, 1, 9037.000000, RNDM, 47673, 6, 7945.500000, 
bse_controlled_0001, 004601, 163, 405, PT1, 9037, 1, 9037.000000, RNDM, 47673, 6, 7945.500000, 
bse_controlled_0001, 004602, 89, 405, PT1, 9037, 1, 9037.000000, RNDM, 47673, 6, 7945.500000, 
bse_controlled_0001, 004605, 135, 397, PT1, 8858, 1, 8858.000000, RNDM, 47852, 6, 7975.333333, 
bse_controlled_0001, 004608, 135, 397, PT1, 9111, 1, 9111.000000, RNDM, 48105, 6, 8017.500000, 
bse_controlled_0001, 004608, 89, 397, PT1, 9111, 1, 9111.000000, RNDM, 48105, 6, 8017.500000, 
bse_controlled_0001, 004609, 89, 405, PT1, 9111, 1, 9111.000000, RNDM, 48105, 6, 8017.500000, 
bse_controlled_0001, 004611, 89, 405, PT1, 9111, 1, 9111.000000, RNDM, 48105, 6, 8017.500000, 
bse_controlled_0001, 004611, 77, 405, PT1, 9111, 1, 9111.000000, RNDM, 48105, 6, 8017.500000, 
bse_controlled_0001, 004611, 77, 405, PT1, 8924, 1, 8924.000000, RNDM, 48292, 6, 8048.666667, 
bse_controlled_0001, 004611, 11, 405, PT1, 8924, 1, 8924.000000, RNDM, 48292, 6, 8048.666667, 
bse_controlled_0001, 004622, 11, 157, PT1, 8924, 1, 8924.000000, RNDM, 48292, 6, 8048.666667, 
bse_controlled_0001, 004622, 11, 404, PT1, 8924, 1, 8924.000000, RNDM, 48292, 6, 8048.666667, 
bse_controlled_0001, 004640, 90, 164, PT1, 8924, 1, 8924.000000, RNDM, 48292, 6, 8048.666667, 
bse_controlled_0001, 004655, 50, 150, PT1, 8924, 1, 8924.000000, RNDM, 48292, 6, 8048.666667, 
bse_controlled_0001, 004655, 50, 154, PT1, 8924, 1, 8924.000000, RNDM, 48292, 6, 8048.666667, 
bse_controlled_0001, 004671, 50, 188, PT1, 8924, 1, 8924.000000, RNDM, 48292, 6, 8048.666667, 
bse_controlled_0001, 004671, 50, 254, PT1, 8924, 1, 8924.000000, RNDM, 48292, 6, 8048.666667, 
bse_controlled_0001, 004671, 50, 370, PT1, 8924, 1, 8924.000000, RNDM, 48292, 6, 8048.666667, 
bse_controlled_0001, 004673, 81, 370, PT1, 8924, 1, 8924.000000, RNDM, 48292, 6, 8048.666667, 
bse_controlled_0001, 004684, 81, 178, PT1, 8924, 1, 8924.000000, RNDM, 48292, 6, 8048.666667, 
bse_controlled_0001, 004687, 81, 178, PT1, 8924, 1, 8924.000000, RNDM, 48292, 6, 8048.666667, 
bse_controlled_0001, 004688, 81, 250, PT1, 8924, 1, 8924.000000, RNDM, 48292, 6, 8048.666667, 
bse_controlled_0001, 004688, 77, 370, PT1, 8924, 1, 8924.000000, RNDM, 48292, 6, 8048.666667, 
bse_controlled_0001, 004689, 77, 370, PT1, 8924, 1, 8924.000000, RNDM, 48292, 6, 8048.666667, 
bse_controlled_0001, 004705, 74, 247, PT1, 8924, 1, 8924.000000, RNDM, 48292, 6, 8048.666667, 
bse_controlled_0001, 004712, 74, 370, PT1, 8924, 1, 8924.000000, RNDM, 48292, 6, 8048.666667, 
bse_controlled_0001, 004722, 89, 107, PT1, 8924, 1, 8924.000000, RNDM, 48292, 6, 8048.666667, 
bse_controlled_0001, 004745, 53, 145, PT1, 8924, 1, 8924.000000, RNDM, 48292, 6, 8048.666667, 
bse_controlled_0001, 004745, 53, 320, PT1, 8924, 1, 8924.000000, RNDM, 48292, 6, 8048.666667, 
bse_controlled_0001, 004746, 53, 370, PT1, 8924, 1, 8924.000000, RNDM, 48292, 6, 8048.666667, 
bse_controlled_0001, 004748, 53, 133, PT1, 8924, 1, 8924.000000, RNDM, 48292, 6, 8048.666667, 
bse_controlled_0001, 004758, 53, 133, PT1, 8924, 1, 8924.000000, RNDM, 48292, 6, 8048.666667, 
bse_controlled_0001, 004758, 53, 158, PT1, 8924, 1, 8924.000000, RNDM, 48558, 6, 8093.000000, 
bse_controlled_0001, 004759, 53, 267, PT1, 8924, 1, 8924.000000, RNDM, 48558, 6, 8093.000000, 
bse_controlled_0001, 004759, 53, 370, PT1, 8924, 1, 8924.000000, RNDM, 48558, 6, 8093.000000, 
bse_controlled_0001, 004760, 223, 370, PT1, 9257, 1, 9257.000000, RNDM, 48891, 6, 8148.500000, 
bse_controlled_0001, 004761, 95, 370, PT1, 9257, 1, 9257.000000, RNDM, 48891, 6, 8148.500000, 
bse_controlled_0001, 004776, 95, 225, PT1, 9257, 1, 9257.000000, RNDM, 48891, 6, 8148.500000, 
bse_controlled_0001, 004776, 81, 370, PT1, 9257, 1, 9257.000000, RNDM, 48891, 6, 8148.500000, 
bse_controlled_0001, 004777, 81, 370, PT1, 9047, 1, 9047.000000, RNDM, 49101, 6, 8183.500000, 
bse_controlled_0001, 004777, 81, 462, PT1, 9047, 1, 9047.000000, RNDM, 49101, 6, 8183.500000, 
bse_controlled_0001, 004778, 70, 107, PT1, 9047, 1, 9047.000000, RNDM, 49101, 6, 8183.500000, 
bse_controlled_0001, 004780, 70, 224, PT1, 9047, 1, 9047.000000, RNDM, 49101, 6, 8183.500000, 
bse_controlled_0001, 004799, 50, 114, PT1, 9047, 1, 9047.000000, RNDM, 49101, 6, 8183.500000, 
bse_controlled_0001, 004800, None, 114, PT1, 9047, 1, 9047.000000, RNDM, 49101, 6, 8183.500000, 
bse_controlled_0001, 004804, None, 132, PT1, 9047, 1, 9047.000000, RNDM, 49101, 6, 8183.500000, 
bse_controlled_0001, 004804, None, 356, PT1, 9047, 1, 9047.000000, RNDM, 49101, 6, 8183.500000, 
bse_controlled_0001, 004824, 59, 114, PT1, 9047, 1, 9047.000000, RNDM, 49101, 6, 8183.500000, 
bse_controlled_0001, 004836, 59, 71, PT1, 9047, 1, 9047.000000, RNDM, 49101, 6, 8183.500000, 
bse_controlled_0001, 004850, 55, 91, PT1, 9047, 1, 9047.000000, RNDM, 49101, 6, 8183.500000, 
bse_controlled_0001, 004850, 55, 144, PT1, 9047, 1, 9047.000000, RNDM, 49101, 6, 8183.500000, 
bse_controlled_0001, 004864, 55, 90, PT1, 9047, 1, 9047.000000, RNDM, 49101, 6, 8183.500000, 
bse_controlled_0001, 004864, 55, 107, PT1, 9047, 1, 9047.000000, RNDM, 49101, 6, 8183.500000, 
bse_controlled_0001, 004865, 55, 122, PT1, 9047, 1, 9047.000000, RNDM, 49101, 6, 8183.500000, 
bse_controlled_0001, 004865, 55, 349, PT1, 9047, 1, 9047.000000, RNDM, 49101, 6, 8183.500000, 
bse_controlled_0001, 004865, 55, 349, PT1, 9047, 1, 9047.000000, RNDM, 49101, 6, 8183.500000, 
bse_controlled_0001, 004866, 55, 389, PT1, 9047, 1, 9047.000000, RNDM, 49101, 6, 8183.500000, 
bse_controlled_0001, 004866, 55, 401, PT1, 9047, 1, 9047.000000, RNDM, 49101, 6, 8183.500000, 
bse_controlled_0001, 004866, 55, 401, PT1, 9047, 1, 9047.000000, RNDM, 49101, 6, 8183.500000, 
bse_controlled_0001, 004867, 55, 401, PT1, 9047, 1, 9047.000000, RNDM, 49101, 6, 8183.500000, 
bse_controlled_0001, 004867, 55, 401, PT1, 9438, 1, 9438.000000, RNDM, 49492, 6, 8248.666667, 
bse_controlled_0001, 004868, 89, 401, PT1, 9438, 1, 9438.000000, RNDM, 49492, 6, 8248.666667, 
bse_controlled_0001, 004868, 55, 401, PT1, 9438, 1, 9438.000000, RNDM, 49492, 6, 8248.666667, 
bse_controlled_0001, 004869, 55, 401, PT1, 9252, 1, 9252.000000, RNDM, 49678, 6, 8279.666667, 
bse_controlled_0001, 004870, 43, 401, PT1, 9252, 1, 9252.000000, RNDM, 49678, 6, 8279.666667, 
bse_controlled_0001, 004870, 344, None, PT1, 9252, 1, 9252.000000, RNDM, 49678, 6, 8279.666667, 
bse_controlled_0001, 004871, 43, None, PT1, 9252, 1, 9252.000000, RNDM, 49678, 6, 8279.666667, 
bse_controlled_0001, 004872, 43, 193, PT1, 9252, 1, 9252.000000, RNDM, 49678, 6, 8279.666667, 
bse_controlled_0001, 004873, 43, 340, PT1, 9445, 1, 9445.000000, RNDM, 49485, 6, 8247.500000, 
bse_controlled_0001, 004874, 43, 340, PT1, 9445, 1, 9445.000000, RNDM, 49485, 6, 8247.500000, 
bse_controlled_0001, 004882, 140, 329, PT1, 9286, 1, 9286.000000, RNDM, 49326, 6, 8221.000000, 
bse_controlled_0001, 004908, 118, 144, PT1, 9286, 1, 9286.000000, RNDM, 49326, 6, 8221.000000, 
bse_controlled_0001, 004908, 118, 329, PT1, 9286, 1, 9286.000000, RNDM, 49326, 6, 8221.000000, 
bse_controlled_0001, 004909, 118, 329, PT1, 9286, 1, 9286.000000, RNDM, 49326, 6, 8221.000000, 
bse_controlled_0001, 004909, 118, None, PT1, 9286, 1, 9286.000000, RNDM, 49326, 6, 8221.000000, 
bse_controlled_0001, 004910, 77, 243, PT1, 9286, 1, 9286.000000, RNDM, 49326, 6, 8221.000000, 
bse_controlled_0001, 004912, 77, 243, PT1, 9452, 1, 9452.000000, RNDM, 49160, 6, 8193.333333, 
bse_controlled_0001, 004912, 77, 353, PT1, 9452, 1, 9452.000000, RNDM, 49160, 6, 8193.333333, 
bse_controlled_0001, 004913, 77, 374, PT1, 9452, 1, 9452.000000, RNDM, 49160, 6, 8193.333333, 
bse_controlled_0001, 004925, 81, 374, PT1, 9319, 1, 9319.000000, RNDM, 49293, 6, 8215.500000, 
bse_controlled_0001, 004936, 81, 374, PT1, 9319, 1, 9319.000000, RNDM, 49293, 6, 8215.500000, 
bse_controlled_0001, 004936, 81, 374, PT1, 9319, 1, 9319.000000, RNDM, 49293, 6, 8215.500000, 
bse_controlled_0001, 004937, 81, 374, PT1, 9319, 1, 9319.000000, RNDM, 49293, 6, 8215.500000, 
bse_controlled_0001, 004938, 81, 374, PT1, 9634, 1, 9634.000000, RNDM, 49608, 6, 8268.000000, 
bse_controlled_0001, 004941, 81, 325, PT1, 9516, 1, 9516.000000, RNDM, 49726, 6, 8287.666667, 
bse_controlled_0001, 004956, 84, 147, PT1, 9658, 1, 9658.000000, RNDM, 49868, 6, 8311.333333, 
bse_controlled_0001, 004956, 84, 325, PT1, 9511, 1, 9511.000000, RNDM, 50015, 6, 8335.833333, 
bse_controlled_0001, 004956, 84, 374, PT1, 9511, 1, 9511.000000, RNDM, 50665, 6, 8444.166667, 
bse_controlled_0001, 004957, 72, 374, PT1, 9511, 1, 9511.000000, RNDM, 50665, 6, 8444.166667, 
bse_controlled_0001, 004958, 72, 374, PT1, 9883, 1, 9883.000000, RNDM, 51037, 6, 8506.166667, 
bse_controlled_0001, 004968, 72, 304, PT1, 9883, 1, 9883.000000, RNDM, 51343, 6, 8557.166667, 
bse_controlled_0001, 004980, 72, 249, PT1, 9883, 1, 9883.000000, RNDM, 51343, 6, 8557.166667, 
bse_controlled_0001, 004981, 72, 249, PT1, 9782, 1, 9782.000000, RNDM, 51242, 6, 8540.333333, 
bse_controlled_0001, 004982, 57, 374, PT1, 9782, 1, 9782.000000, RNDM, 51242, 6, 8540.333333, 
bse_controlled_0001, 004983, 57, 410, PT1, 9782, 1, 9782.000000, RNDM, 51242, 6, 8540.333333, 
bse_controlled_0001, 004984, 57, 295, PT1, 9782, 1, 9782.000000, RNDM, 51242, 6, 8540.333333, 
bse_controlled_0001, 004984, 204, 410, PT1, 9782, 1, 9782.000000, RNDM, 51242, 6, 8540.333333, 
bse_controlled_0001, 004985, 57, 410, PT1, 9986, 1, 9986.000000, RNDM, 51446, 6, 8574.333333, 
bse_controlled_0001, 004988, 274, 410, PT1, 9986, 1, 9986.000000, RNDM, 51446, 6, 8574.333333, 
bse_controlled_0001, 004993, 222, 410, PT1, 9986, 1, 9986.000000, RNDM, 51446, 6, 8574.333333, 
bse_controlled_0001, 005000, 222, 288, PT1, 9986, 1, 9986.000000, RNDM, 51446, 6, 8574.333333, 
