0.000, Bid:,0,Ask:,0,
0.286, Bid:,1,358,1,Ask:,0,
0.429, Bid:,0,Ask:,0,
0.571, Bid:,1,491,1,Ask:,0,
0.857, Bid:,2,48,1,491,1,Ask:,0,
1.000, Bid:,3,48,1,184,1,491,1,Ask:,0,
1.429, Bid:,2,48,1,184,1,Ask:,0,
1.571, Bid:,2,48,1,184,1,Ask:,1,275,1,
2.143, Bid:,2,48,1,184,1,Ask:,2,275,1,425,1,
2.286, Bid:,2,48,1,184,1,Ask:,3,275,1,296,1,425,1,
2.429, Bid:,3,24,1,48,1,184,1,Ask:,3,275,1,296,1,425,1,
3.429, Bid:,3,48,1,81,1,184,1,Ask:,3,275,1,296,1,425,1,
6.000, Bid:,4,42,1,48,1,81,1,184,1,Ask:,3,275,1,296,1,425,1,
7.714, Bid:,3,42,1,48,1,81,1,Ask:,2,275,1,425,1,
8.143, Bid:,3,42,1,48,1,81,1,Ask:,3,275,1,425,1,432,1,
9.429, Bid:,2,42,1,48,1,Ask:,3,275,1,425,1,432,1,
9.571, Bid:,2,42,1,48,1,Ask:,4,109,1,275,1,425,1,432,1,
9.857, Bid:,2,42,1,48,1,Ask:,5,109,1,275,1,425,1,432,1,453,1,
29.429, Bid:,2,42,1,48,1,Ask:,5,109,1,117,1,275,1,432,1,453,1,
30.714, Bid:,2,42,1,48,1,Ask:,5,68,1,109,1,117,1,275,1,432,1,
30.857, Bid:,1,42,1,Ask:,4,109,1,117,1,275,1,432,1,
31.000, Bid:,1,42,1,Ask:,5,109,1,117,1,240,1,275,1,432,1,
32.571, Bid:,1,42,1,Ask:,4,117,1,240,1,275,1,432,1,
33.143, Bid:,2,42,1,98,1,Ask:,4,117,1,240,1,275,1,432,1,
34.000, Bid:,2,42,1,98,1,Ask:,5,117,1,128,1,240,1,275,1,432,1,
54.429, Bid:,2,42,1,95,1,Ask:,5,117,1,128,1,240,1,275,1,432,1,
56.286, Bid:,1,42,1,Ask:,4,117,1,128,1,275,1,432,1,
57.143, Bid:,0,Ask:,4,117,1,128,1,275,1,432,1,
57.286, Bid:,0,Ask:,4,117,1,128,1,395,1,432,1,
57.429, Bid:,0,Ask:,5,83,1,117,1,128,1,395,1,432,1,
57.714, Bid:,0,Ask:,6,83,1,117,1,128,1,288,1,395,1,432,1,
58.571, Bid:,0,Ask:,6,83,1,106,1,128,1,288,1,395,1,432,1,
60.429, Bid:,0,Ask:,6,83,1,106,1,128,1,132,1,288,1,395,1,
62.429, Bid:,1,72,1,Ask:,6,83,1,106,1,128,1,132,1,288,1,395,1,
75.000, Bid:,1,72,1,Ask:,6,83,1,106,1,128,1,131,1,288,1,395,1,
83.429, Bid:,0,Ask:,5,83,1,106,1,128,1,131,1,395,1,
84.000, Bid:,0,Ask:,5,83,1,106,1,128,1,131,1,213,1,
84.857, Bid:,0,Ask:,6,83,1,106,1,128,1,131,1,205,1,213,1,
87.429, Bid:,1,62,1,Ask:,6,83,1,106,1,128,1,131,1,205,1,213,1,
87.714, Bid:,1,62,1,Ask:,5,106,1,128,1,131,1,205,1,213,1,
88.286, Bid:,1,62,1,Ask:,6,106,1,128,1,131,1,205,1,213,1,342,1,
91.857, Bid:,1,62,1,Ask:,5,128,1,131,1,205,1,213,1,342,1,
92.000, Bid:,1,62,1,Ask:,5,128,1,131,1,205,1,213,2,342,1,
94.286, Bid:,1,62,1,Ask:,5,131,1,205,1,213,2,342,1,386,1,
99.857, Bid:,0,Ask:,4,131,1,213,2,342,1,386,1,
100.286, Bid:,1,26,1,Ask:,4,131,1,213,2,342,1,386,1,
102.571, Bid:,0,Ask:,4,131,1,213,1,342,1,386,1,
103.000, Bid:,0,Ask:,5,115,1,131,1,213,1,342,1,386,1,
105.286, Bid:,0,Ask:,4,131,1,213,1,342,1,386,1,
105.571, Bid:,0,Ask:,5,131,1,213,1,342,1,386,1,393,1,
106.571, Bid:,1,80,1,Ask:,5,131,1,213,1,342,1,386,1,393,1,
114.429, Bid:,2,80,1,95,1,Ask:,5,131,1,213,1,342,1,386,1,393,1,
118.714, Bid:,2,80,1,95,1,Ask:,5,134,1,213,1,342,1,386,1,393,1,
120.857, Bid:,1,80,1,Ask:,4,134,1,342,1,386,1,393,1,
121.286, Bid:,1,80,1,Ask:,4,134,1,340,1,386,1,393,1,
121.429, Bid:,1,80,1,Ask:,5,134,1,243,1,340,1,386,1,393,1,
121.857, Bid:,1,80,1,Ask:,4,243,1,340,1,386,1,393,1,
122.143, Bid:,1,80,1,Ask:,5,181,1,243,1,340,1,386,1,393,1,
122.571, Bid:,1,80,1,Ask:,5,129,1,181,1,243,1,340,1,393,1,
134.000, Bid:,0,Ask:,4,129,1,181,1,243,1,340,1,
135.143, Bid:,0,Ask:,5,129,1,181,1,243,1,340,1,466,1,
136.429, Bid:,0,Ask:,4,181,1,243,1,340,1,466,1,
137.143, Bid:,1,81,1,Ask:,4,181,1,243,1,340,1,466,1,
137.714, Bid:,2,2,1,81,1,Ask:,4,181,1,243,1,340,1,466,1,
143.571, Bid:,2,2,1,81,1,Ask:,4,134,1,243,1,340,1,466,1,
144.714, Bid:,1,2,1,Ask:,3,243,1,340,1,466,1,
144.857, Bid:,1,2,1,Ask:,4,243,1,340,1,466,1,483,1,
145.000, Bid:,1,2,1,Ask:,5,225,1,243,1,340,1,466,1,483,1,
151.286, Bid:,1,2,1,Ask:,5,98,1,225,1,340,1,466,1,483,1,
152.429, Bid:,1,66,1,Ask:,5,98,1,225,1,340,1,466,1,483,1,
152.571, Bid:,1,66,1,Ask:,4,225,1,340,1,466,1,483,1,
152.857, Bid:,1,66,1,Ask:,3,340,1,466,1,483,1,
153.000, Bid:,1,66,1,Ask:,4,340,1,451,1,466,1,483,1,
153.857, Bid:,1,66,1,Ask:,3,451,1,466,1,483,1,
154.000, Bid:,1,66,1,Ask:,4,283,1,451,1,466,1,483,1,
154.286, Bid:,0,Ask:,4,283,1,451,1,466,1,483,1,
154.714, Bid:,0,Ask:,5,283,1,451,1,466,1,483,1,485,1,
155.857, Bid:,0,Ask:,6,213,1,283,1,451,1,466,1,483,1,485,1,
164.143, Bid:,1,65,1,Ask:,6,213,1,283,1,451,1,466,1,483,1,485,1,
166.429, Bid:,1,65,1,Ask:,6,83,1,283,1,451,1,466,1,483,1,485,1,
173.000, Bid:,1,65,1,Ask:,6,83,1,132,1,283,1,451,1,466,1,485,1,
177.857, Bid:,1,65,1,Ask:,5,132,1,283,1,451,1,466,1,485,1,
178.000, Bid:,1,65,1,Ask:,4,283,1,451,1,466,1,485,1,
178.429, Bid:,2,65,1,255,1,Ask:,4,283,1,451,1,466,1,485,1,
178.714, Bid:,3,65,1,237,1,255,1,Ask:,4,283,1,451,1,466,1,485,1,
178.857, Bid:,2,65,1,237,1,Ask:,4,283,1,451,1,466,1,485,1,
179.143, Bid:,2,65,1,237,1,Ask:,3,451,1,466,1,485,1,
179.714, Bid:,3,38,1,65,1,237,1,Ask:,3,451,1,466,1,485,1,
180.143, Bid:,3,38,1,65,1,237,1,Ask:,4,328,1,451,1,466,1,485,1,
181.143, Bid:,3,38,1,65,1,237,1,Ask:,5,328,1,437,1,451,1,466,1,485,1,
182.143, Bid:,4,38,1,65,1,122,1,237,1,Ask:,5,328,1,437,1,451,1,466,1,485,1,
184.429, Bid:,3,38,1,65,1,122,1,Ask:,4,328,1,437,1,451,1,485,1,
185.143, Bid:,3,38,1,65,1,122,1,Ask:,3,437,1,451,1,485,1,
185.714, Bid:,4,38,1,65,1,103,1,122,1,Ask:,3,437,1,451,1,485,1,
185.857, Bid:,4,38,1,65,1,103,1,122,1,Ask:,3,272,1,451,1,485,1,
186.000, Bid:,4,38,1,65,1,103,1,122,1,Ask:,4,272,1,426,1,451,1,485,1,
191.000, Bid:,4,38,1,65,1,103,1,122,1,Ask:,5,142,1,272,1,426,1,451,1,485,1,
199.857, Bid:,5,38,1,65,1,97,1,103,1,122,1,Ask:,5,142,1,272,1,426,1,451,1,485,1,
201.143, Bid:,4,38,1,65,1,97,1,103,1,Ask:,4,142,1,272,1,451,1,485,1,
201.429, Bid:,4,38,1,65,1,97,1,103,1,Ask:,3,272,1,451,1,485,1,
201.571, Bid:,4,38,1,65,1,97,1,103,1,Ask:,2,451,1,485,1,
202.429, Bid:,4,65,1,97,1,103,1,329,1,Ask:,2,451,1,485,1,
202.714, Bid:,5,26,1,65,1,97,1,103,1,329,1,Ask:,2,451,1,485,1,
203.000, Bid:,5,26,1,65,2,97,1,103,1,329,1,Ask:,2,451,1,485,1,
203.429, Bid:,5,26,1,65,2,103,1,329,1,425,1,Ask:,2,451,1,485,1,
212.000, Bid:,6,26,1,65,1,103,1,120,1,329,1,425,1,Ask:,2,451,1,485,1,
213.000, Bid:,5,26,1,65,1,103,1,120,1,329,1,Ask:,2,451,1,485,1,
213.571, Bid:,4,26,1,65,1,103,1,120,1,Ask:,2,451,1,485,1,
213.857, Bid:,5,26,1,65,1,103,1,120,1,437,1,Ask:,2,451,1,485,1,
214.857, Bid:,4,26,1,65,1,103,1,120,1,Ask:,2,451,1,485,1,
215.000, Bid:,4,26,1,65,1,103,1,120,1,Ask:,3,174,1,451,1,485,1,
215.286, Bid:,4,26,1,65,1,103,1,120,1,Ask:,4,174,1,213,1,451,1,485,1,
215.429, Bid:,5,26,1,65,1,103,1,120,1,161,1,Ask:,4,174,1,213,1,451,1,485,1,
220.571, Bid:,4,26,1,65,1,103,1,120,1,Ask:,4,174,1,213,1,451,1,485,1,
222.143, Bid:,3,26,1,65,1,103,1,Ask:,4,174,1,213,1,451,1,485,1,
222.571, Bid:,2,26,1,65,1,Ask:,3,174,1,213,1,485,1,
222.857, Bid:,2,26,1,65,1,Ask:,2,213,1,485,1,
223.000, Bid:,2,26,1,65,1,Ask:,1,485,1,
223.143, Bid:,1,26,1,Ask:,1,485,1,
223.286, Bid:,1,26,1,Ask:,2,360,1,485,1,
223.571, Bid:,1,26,1,Ask:,3,180,1,360,1,485,1,
223.714, Bid:,1,26,1,Ask:,2,360,1,485,1,
224.143, Bid:,1,26,1,Ask:,3,36,1,360,1,485,1,
224.714, Bid:,1,26,1,Ask:,2,360,1,485,1,
225.143, Bid:,1,26,1,Ask:,3,78,1,360,1,485,1,
225.571, Bid:,1,26,1,Ask:,2,360,1,485,1,
225.714, Bid:,1,26,1,Ask:,3,360,1,398,1,485,1,
226.143, Bid:,2,26,1,80,1,Ask:,3,360,1,398,1,485,1,
226.857, Bid:,3,26,1,80,1,140,1,Ask:,3,360,1,398,1,485,1,
227.000, Bid:,3,26,1,80,1,140,1,Ask:,4,249,1,360,1,398,1,485,1,
237.000, Bid:,4,26,1,80,1,140,1,147,1,Ask:,4,249,1,360,1,398,1,485,1,
242.000, Bid:,3,26,1,80,1,140,1,Ask:,4,249,1,360,1,398,1,485,1,
242.286, Bid:,3,26,1,80,1,140,1,Ask:,5,249,1,349,1,360,1,398,1,485,1,
243.000, Bid:,2,26,1,80,1,Ask:,4,249,1,349,1,360,1,485,1,
243.286, Bid:,2,26,1,70,1,Ask:,4,249,1,349,1,360,1,485,1,
243.714, Bid:,2,26,1,70,1,Ask:,5,249,1,349,1,360,1,408,1,485,1,
243.857, Bid:,3,26,1,70,1,181,1,Ask:,5,249,1,349,1,360,1,408,1,485,1,
246.143, Bid:,2,26,1,70,1,Ask:,4,249,1,360,1,408,1,485,1,
246.286, Bid:,2,26,1,70,1,Ask:,5,237,1,249,1,360,1,408,1,485,1,
247.857, Bid:,2,26,1,70,1,Ask:,6,237,1,249,1,257,1,360,1,408,1,485,1,
249.571, Bid:,3,26,1,70,1,89,1,Ask:,6,237,1,249,1,257,1,360,1,408,1,485,1,
256.429, Bid:,2,26,1,70,1,Ask:,5,237,1,257,1,360,1,408,1,485,1,
256.571, Bid:,3,26,1,70,1,159,1,Ask:,5,237,1,257,1,360,1,408,1,485,1,
256.857, Bid:,3,26,1,70,1,159,1,Ask:,6,237,1,257,1,360,1,408,1,417,1,485,1,
270.857, Bid:,3,26,1,46,1,159,1,Ask:,6,237,1,257,1,360,1,408,1,417,1,485,1,
272.571, Bid:,4,26,1,46,1,136,1,159,1,Ask:,6,237,1,257,1,360,1,408,1,417,1,485,1,
273.429, Bid:,3,26,1,46,1,136,1,Ask:,5,237,1,257,1,360,1,417,1,485,1,
273.571, Bid:,3,26,1,46,1,136,1,Ask:,6,237,1,257,1,360,1,406,1,417,1,485,1,
273.714, Bid:,4,20,1,26,1,46,1,136,1,Ask:,6,237,1,257,1,360,1,406,1,417,1,485,1,
280.143, Bid:,3,20,1,26,1,46,1,Ask:,5,257,1,360,1,406,1,417,1,485,1,
280.286, Bid:,2,20,1,46,1,Ask:,4,360,1,406,1,417,1,485,1,
280.571, Bid:,1,20,1,Ask:,4,360,1,406,1,417,1,485,1,
280.714, Bid:,1,20,1,Ask:,5,124,1,360,1,406,1,417,1,485,1,
281.571, Bid:,1,20,1,Ask:,5,35,1,124,1,360,1,406,1,417,1,
283.571, Bid:,1,20,1,Ask:,6,35,1,124,1,360,1,383,1,406,1,417,1,
288.429, Bid:,1,20,1,Ask:,5,124,1,360,1,383,1,406,1,417,1,
289.000, Bid:,1,20,1,Ask:,6,104,1,124,1,360,1,383,1,406,1,417,1,
290.714, Bid:,1,20,1,Ask:,5,124,1,360,1,383,1,406,1,417,1,
290.857, Bid:,1,20,1,Ask:,4,360,1,383,1,406,1,417,1,
291.000, Bid:,1,20,1,Ask:,3,383,1,406,1,417,1,
291.143, Bid:,1,20,1,Ask:,3,135,1,383,1,417,1,
291.286, Bid:,1,20,1,Ask:,3,64,1,135,1,417,1,
292.571, Bid:,1,20,1,Ask:,4,64,1,135,1,355,1,417,1,
293.143, Bid:,1,20,1,Ask:,5,64,1,135,1,355,1,411,1,417,1,
293.286, Bid:,1,20,1,Ask:,6,41,1,64,1,135,1,355,1,411,1,417,1,
300.143, Bid:,1,20,1,Ask:,5,64,1,135,1,355,1,411,1,417,1,
300.429, Bid:,2,20,1,35,1,Ask:,5,64,1,135,1,355,1,411,1,417,1,
302.429, Bid:,1,35,1,Ask:,4,135,1,355,1,411,1,417,1,
302.714, Bid:,1,35,1,Ask:,5,103,1,135,1,355,1,411,1,417,1,
303.000, Bid:,1,35,1,Ask:,4,135,1,355,1,411,1,417,1,
303.143, Bid:,1,35,1,Ask:,4,45,1,135,1,411,1,417,1,
303.714, Bid:,1,35,1,Ask:,5,45,1,135,1,364,1,411,1,417,1,
307.000, Bid:,1,35,1,Ask:,5,45,1,72,1,135,1,364,1,411,1,
308.571, Bid:,0,Ask:,4,72,1,135,1,364,1,411,1,
308.714, Bid:,0,Ask:,5,72,1,135,1,204,1,364,1,411,1,
310.286, Bid:,0,Ask:,6,72,1,135,1,204,1,329,1,364,1,411,1,
323.857, Bid:,0,Ask:,5,135,1,204,1,329,1,364,1,411,1,
324.000, Bid:,0,Ask:,6,135,1,204,1,248,1,329,1,364,1,411,1,
324.286, Bid:,0,Ask:,6,135,1,204,1,248,1,311,1,364,1,411,1,
330.571, Bid:,0,Ask:,6,56,1,135,1,204,1,311,1,364,1,411,1,
331.571, Bid:,0,Ask:,6,56,1,96,1,135,1,204,1,311,1,364,1,
332.857, Bid:,0,Ask:,5,96,1,135,1,204,1,311,1,364,1,
333.143, Bid:,0,Ask:,4,135,1,204,1,311,1,364,1,
333.286, Bid:,0,Ask:,5,135,1,204,1,311,1,364,1,392,1,
333.571, Bid:,1,66,1,Ask:,5,135,1,204,1,311,1,364,1,392,1,
333.714, Bid:,2,66,1,74,1,Ask:,5,135,1,204,1,311,1,364,1,392,1,
333.857, Bid:,2,66,1,74,1,Ask:,6,135,1,204,1,311,1,364,1,392,1,407,1,
334.429, Bid:,1,66,1,Ask:,6,135,1,204,1,311,1,364,1,392,1,407,1,
335.429, Bid:,2,20,1,66,1,Ask:,6,135,1,204,1,311,1,364,1,392,1,407,1,
335.714, Bid:,2,20,1,66,1,Ask:,6,148,1,204,1,311,1,364,1,392,1,407,1,
337.714, Bid:,1,20,1,Ask:,5,148,1,204,1,311,1,364,1,392,1,
338.286, Bid:,1,20,1,Ask:,5,148,1,204,1,260,1,311,1,392,1,
338.857, Bid:,1,20,1,Ask:,6,148,1,204,1,244,1,260,1,311,1,392,1,
342.286, Bid:,2,20,1,80,1,Ask:,6,148,1,204,1,244,1,260,1,311,1,392,1,
353.286, Bid:,2,20,1,80,1,Ask:,6,156,1,204,1,244,1,260,1,311,1,392,1,
363.857, Bid:,3,20,1,80,1,126,1,Ask:,6,156,1,204,1,244,1,260,1,311,1,392,1,
364.000, Bid:,3,52,1,80,1,126,1,Ask:,6,156,1,204,1,244,1,260,1,311,1,392,1,
364.429, Bid:,2,52,1,80,1,Ask:,5,156,1,204,1,244,1,260,1,311,1,
364.571, Bid:,2,52,1,80,1,Ask:,4,204,1,244,1,260,1,311,1,
364.714, Bid:,2,52,1,80,1,Ask:,4,204,1,233,1,244,1,311,1,
364.857, Bid:,2,52,1,80,1,Ask:,5,204,1,233,1,244,1,311,1,456,1,
365.286, Bid:,2,52,1,80,1,Ask:,6,140,1,204,1,233,1,244,1,311,1,456,1,
368.429, Bid:,2,52,1,80,1,Ask:,6,106,1,204,1,233,1,244,1,311,1,456,1,
369.143, Bid:,1,52,1,Ask:,5,106,1,204,1,233,1,311,1,456,1,
369.714, Bid:,2,52,1,95,1,Ask:,5,106,1,204,1,233,1,311,1,456,1,
369.857, Bid:,2,52,1,95,1,Ask:,5,106,1,166,1,204,1,233,1,456,1,
370.286, Bid:,2,52,1,95,1,Ask:,4,166,1,204,1,233,1,456,1,
371.000, Bid:,2,52,1,95,1,Ask:,4,155,1,166,1,204,1,456,1,
371.143, Bid:,3,52,1,95,1,134,1,Ask:,4,155,1,166,1,204,1,456,1,
392.857, Bid:,4,52,1,95,1,98,1,134,1,Ask:,4,155,1,166,1,204,1,456,1,
393.857, Bid:,3,52,1,95,1,98,1,Ask:,3,155,1,166,1,204,1,
394.000, Bid:,4,52,1,95,1,98,1,126,1,Ask:,3,155,1,166,1,204,1,
394.857, Bid:,4,52,1,95,1,98,1,126,1,Ask:,2,166,1,204,1,
395.571, Bid:,3,52,1,95,1,98,1,Ask:,2,166,1,204,1,
395.857, Bid:,3,52,1,95,1,98,1,Ask:,3,166,1,204,1,296,1,
396.000, Bid:,3,52,1,95,1,98,1,Ask:,4,122,1,166,1,204,1,296,1,
396.143, Bid:,3,52,1,95,1,98,1,Ask:,3,166,1,204,1,296,1,
396.286, Bid:,3,52,1,95,1,98,1,Ask:,2,204,1,296,1,
396.429, Bid:,2,52,1,95,1,Ask:,2,204,1,296,1,
396.571, Bid:,2,52,1,95,1,Ask:,1,296,1,
397.000, Bid:,1,52,1,Ask:,1,296,1,
397.143, Bid:,1,52,1,Ask:,2,296,1,403,1,
397.286, Bid:,1,52,1,Ask:,3,296,1,357,1,403,1,
397.429, Bid:,1,52,1,Ask:,4,77,1,296,1,357,1,403,1,
397.857, Bid:,1,52,1,Ask:,5,77,1,124,1,296,1,357,1,403,1,
398.000, Bid:,1,52,1,Ask:,4,124,1,296,1,357,1,403,1,
399.000, Bid:,1,52,1,Ask:,3,296,1,357,1,403,1,
399.143, Bid:,1,52,1,Ask:,4,286,1,296,1,357,1,403,1,
399.429, Bid:,1,52,1,Ask:,5,125,1,286,1,296,1,357,1,403,1,
400.143, Bid:,1,52,1,Ask:,6,125,1,286,1,296,1,357,1,403,1,434,1,
401.000, Bid:,2,52,1,102,1,Ask:,6,125,1,286,1,296,1,357,1,403,1,434,1,
402.143, Bid:,1,52,1,Ask:,6,125,1,286,1,296,1,357,1,403,1,434,1,
402.429, Bid:,1,52,1,Ask:,5,286,1,296,1,357,1,403,1,434,1,
402.571, Bid:,1,52,1,Ask:,6,156,1,286,1,296,1,357,1,403,1,434,1,
414.857, Bid:,1,52,1,Ask:,6,79,1,156,1,296,1,357,1,403,1,434,1,
415.857, Bid:,1,52,1,Ask:,5,156,1,296,1,357,1,403,1,434,1,
417.000, Bid:,1,52,1,Ask:,4,296,1,357,1,403,1,434,1,
417.286, Bid:,1,52,1,Ask:,3,357,1,403,1,434,1,
417.429, Bid:,2,52,1,112,1,Ask:,3,357,1,403,1,434,1,
417.714, Bid:,1,52,1,Ask:,3,357,1,403,1,434,1,
418.000, Bid:,1,52,1,Ask:,4,338,1,357,1,403,1,434,1,
418.143, Bid:,2,4,1,52,1,Ask:,4,338,1,357,1,403,1,434,1,
419.286, Bid:,3,4,1,52,1,129,1,Ask:,4,338,1,357,1,403,1,434,1,
420.000, Bid:,2,4,1,52,1,Ask:,4,338,1,357,1,403,1,434,1,
420.714, Bid:,2,4,1,52,1,Ask:,3,357,1,403,1,434,1,
421.143, Bid:,3,4,1,52,1,99,1,Ask:,3,357,1,403,1,434,1,
421.571, Bid:,3,4,1,52,1,99,1,Ask:,3,137,1,357,1,434,1,
421.714, Bid:,3,4,1,52,1,99,1,Ask:,2,357,1,434,1,
422.143, Bid:,3,4,1,52,1,99,1,Ask:,3,236,1,357,1,434,1,
422.571, Bid:,4,4,1,52,1,99,1,154,1,Ask:,3,236,1,357,1,434,1,
422.857, Bid:,3,4,1,52,1,99,1,Ask:,3,236,1,357,1,434,1,
423.000, Bid:,2,4,1,52,1,Ask:,2,236,1,434,1,
423.143, Bid:,2,4,1,69,1,Ask:,2,236,1,434,1,
423.286, Bid:,2,4,1,69,1,Ask:,1,434,1,
423.571, Bid:,2,4,1,69,1,Ask:,2,139,1,434,1,
424.143, Bid:,3,4,1,69,1,92,1,Ask:,2,139,1,434,1,
424.286, Bid:,3,4,1,69,1,92,1,Ask:,1,434,1,
424.714, Bid:,4,4,1,69,1,92,1,386,1,Ask:,1,434,1,
424.857, Bid:,3,4,1,69,1,92,1,Ask:,1,434,1,
425.000, Bid:,3,4,1,69,1,92,1,Ask:,2,434,1,476,1,
425.429, Bid:,4,4,1,69,1,92,1,291,1,Ask:,2,434,1,476,1,
426.143, Bid:,3,4,1,69,1,92,1,Ask:,2,434,1,476,1,
426.571, Bid:,4,4,1,69,1,92,1,257,1,Ask:,2,434,1,476,1,
428.000, Bid:,4,4,1,69,1,92,1,257,1,Ask:,3,434,1,476,1,497,1,
430.143, Bid:,3,4,1,69,1,92,1,Ask:,2,434,1,497,1,
430.429, Bid:,2,4,1,69,1,Ask:,2,434,1,497,1,
430.857, Bid:,3,4,1,69,1,366,1,Ask:,2,434,1,497,1,
431.429, Bid:,2,4,1,69,1,Ask:,2,434,1,497,1,
431.714, Bid:,3,4,1,69,1,379,1,Ask:,2,434,1,497,1,
432.000, Bid:,2,4,1,69,1,Ask:,2,434,1,497,1,
432.429, Bid:,2,4,1,69,1,Ask:,3,185,1,434,1,497,1,
432.571, Bid:,2,4,1,69,1,Ask:,2,434,1,497,1,
432.714, Bid:,3,4,1,68,1,69,1,Ask:,2,434,1,497,1,
433.000, Bid:,3,4,1,68,1,69,1,Ask:,3,230,1,434,1,497,1,
435.000, Bid:,3,4,1,69,1,155,1,Ask:,3,230,1,434,1,497,1,
436.286, Bid:,3,4,1,69,1,155,1,Ask:,2,434,1,497,1,
436.571, Bid:,2,4,1,69,1,Ask:,2,434,1,497,1,
436.714, Bid:,2,4,1,69,1,Ask:,3,155,1,434,1,497,1,
436.857, Bid:,2,4,1,69,1,Ask:,4,75,1,155,1,434,1,497,1,
438.714, Bid:,2,4,1,69,1,Ask:,5,75,1,155,1,305,1,434,1,497,1,
442.000, Bid:,2,4,1,69,1,Ask:,5,75,1,116,1,155,1,305,1,434,1,
445.857, Bid:,2,4,1,64,1,Ask:,5,75,1,116,1,155,1,305,1,434,1,
453.429, Bid:,2,4,1,64,1,Ask:,4,116,1,155,1,305,1,434,1,
454.571, Bid:,2,4,1,64,1,Ask:,4,116,1,192,1,305,1,434,1,
454.714, Bid:,1,4,1,Ask:,4,116,1,192,1,305,1,434,1,
454.857, Bid:,0,Ask:,3,192,1,305,1,434,1,
455.000, Bid:,0,Ask:,3,54,1,192,1,305,1,
455.143, Bid:,0,Ask:,4,54,1,192,1,305,1,472,1,
456.429, Bid:,0,Ask:,3,192,1,305,1,472,1,
456.571, Bid:,0,Ask:,4,192,1,244,1,305,1,472,1,
456.714, Bid:,0,Ask:,5,192,1,244,1,305,1,370,1,472,1,
459.571, Bid:,0,Ask:,6,86,1,192,1,244,1,305,1,370,1,472,1,
460.429, Bid:,0,Ask:,6,67,1,86,1,192,1,305,1,370,1,472,1,
465.429, Bid:,0,Ask:,5,86,1,192,1,305,1,370,1,472,1,
465.857, Bid:,0,Ask:,5,59,1,86,1,305,1,370,1,472,1,
466.429, Bid:,0,Ask:,6,59,1,86,1,305,1,306,1,370,1,472,1,
469.143, Bid:,1,55,1,Ask:,6,59,1,86,1,305,1,306,1,370,1,472,1,
484.714, Bid:,1,55,1,Ask:,5,86,1,305,1,306,1,370,1,472,1,
485.000, Bid:,1,55,1,Ask:,4,305,1,306,1,370,1,472,1,
485.143, Bid:,1,55,1,Ask:,4,120,1,306,1,370,1,472,1,
485.286, Bid:,1,55,1,Ask:,4,120,1,294,1,306,1,370,1,
485.714, Bid:,2,55,1,70,1,Ask:,4,120,1,294,1,306,1,370,1,
486.714, Bid:,2,55,1,70,1,Ask:,4,147,1,294,1,306,1,370,1,
486.857, Bid:,3,55,1,70,1,128,1,Ask:,4,147,1,294,1,306,1,370,1,
500.571, Bid:,4,55,1,70,1,125,1,128,1,Ask:,4,147,1,294,1,306,1,370,1,
508.143, Bid:,3,55,1,70,1,125,1,Ask:,3,147,1,294,1,370,1,
508.857, Bid:,4,36,1,55,1,70,1,125,1,Ask:,3,147,1,294,1,370,1,
509.857, Bid:,4,36,1,55,1,70,1,125,1,Ask:,3,147,1,294,1,370,2,
513.857, Bid:,3,36,1,55,1,70,1,Ask:,3,147,1,294,1,370,2,
514.000, Bid:,3,36,1,56,1,70,1,Ask:,3,147,1,294,1,370,2,
514.143, Bid:,2,36,1,56,1,Ask:,2,294,1,370,2,
514.286, Bid:,3,36,1,56,1,199,1,Ask:,2,294,1,370,2,
514.429, Bid:,2,36,1,56,1,Ask:,2,294,1,370,2,
514.714, Bid:,2,36,1,56,1,Ask:,3,188,1,294,1,370,2,
515.000, Bid:,2,36,1,56,1,Ask:,2,294,1,370,2,
515.714, Bid:,3,8,1,36,1,56,1,Ask:,2,294,1,370,2,
515.857, Bid:,4,8,1,21,1,36,1,56,1,Ask:,2,294,1,370,2,
516.714, Bid:,4,8,1,21,1,36,1,56,1,Ask:,3,217,1,294,1,370,2,
521.571, Bid:,4,8,1,21,1,36,1,59,1,Ask:,3,217,1,294,1,370,2,
524.143, Bid:,4,8,1,21,1,59,1,93,1,Ask:,3,217,1,294,1,370,2,
531.000, Bid:,4,8,1,21,1,59,1,93,1,Ask:,4,104,1,217,1,294,1,370,2,
532.286, Bid:,4,8,1,21,1,59,1,93,1,Ask:,3,217,1,294,1,370,2,
534.000, Bid:,4,8,1,21,1,59,1,93,1,Ask:,4,115,1,217,1,294,1,370,2,
534.429, Bid:,3,8,1,21,1,59,1,Ask:,4,115,1,217,1,294,1,370,1,
536.143, Bid:,3,8,1,21,1,59,1,Ask:,3,217,1,294,1,370,1,
536.286, Bid:,2,21,1,59,1,Ask:,2,294,1,370,1,
536.429, Bid:,2,21,1,59,1,Ask:,1,370,1,
536.571, Bid:,2,21,1,59,1,Ask:,2,370,1,397,1,
536.857, Bid:,1,21,1,Ask:,2,370,1,397,1,
537.000, Bid:,0,Ask:,2,370,1,397,1,
537.143, Bid:,1,150,1,Ask:,2,370,1,397,1,
537.286, Bid:,1,150,1,Ask:,3,370,1,379,1,397,1,
537.571, Bid:,1,150,1,Ask:,4,189,1,370,1,379,1,397,1,
538.000, Bid:,0,Ask:,4,189,1,370,1,379,1,397,1,
538.429, Bid:,1,78,1,Ask:,4,189,1,370,1,379,1,397,1,
538.571, Bid:,0,Ask:,3,189,1,379,1,397,1,
539.000, Bid:,0,Ask:,2,379,1,397,1,
539.143, Bid:,0,Ask:,1,397,1,
539.286, Bid:,0,Ask:,2,397,1,435,1,
539.714, Bid:,1,106,1,Ask:,2,397,1,435,1,
539.857, Bid:,2,106,1,215,1,Ask:,2,397,1,435,1,
540.143, Bid:,3,106,1,215,1,365,1,Ask:,2,397,1,435,1,
540.714, Bid:,2,106,1,215,1,Ask:,2,397,1,435,1,
541.286, Bid:,3,106,1,215,1,259,1,Ask:,2,397,1,435,1,
541.429, Bid:,2,106,1,215,1,Ask:,2,397,1,435,1,
541.857, Bid:,2,106,1,215,1,Ask:,3,340,1,397,1,435,1,
542.000, Bid:,3,106,1,150,1,215,1,Ask:,3,340,1,397,1,435,1,
544.143, Bid:,2,106,1,150,1,Ask:,2,340,1,397,1,
544.286, Bid:,2,150,1,153,1,Ask:,2,340,1,397,1,
544.571, Bid:,3,111,1,150,1,153,1,Ask:,2,340,1,397,1,
546.000, Bid:,3,111,1,150,1,153,1,Ask:,1,397,1,
546.714, Bid:,3,111,1,150,1,153,1,Ask:,2,397,1,438,1,
547.000, Bid:,4,49,1,111,1,150,1,153,1,Ask:,2,397,1,438,1,
553.571, Bid:,3,49,1,111,1,150,1,Ask:,2,397,1,438,1,
554.286, Bid:,2,49,1,111,1,Ask:,2,397,1,438,1,
554.429, Bid:,2,49,1,111,1,Ask:,1,438,1,
554.571, Bid:,2,49,1,111,1,Ask:,2,144,1,438,1,
554.714, Bid:,3,18,1,49,1,111,1,Ask:,2,144,1,438,1,
555.429, Bid:,3,18,1,49,1,111,1,Ask:,3,144,1,256,1,438,1,
556.286, Bid:,2,18,1,49,1,Ask:,3,144,1,256,1,438,1,
556.714, Bid:,2,18,1,49,1,Ask:,2,256,1,438,1,
556.857, Bid:,3,18,1,49,1,145,1,Ask:,2,256,1,438,1,
557.714, Bid:,3,18,1,49,1,145,1,Ask:,2,246,1,438,1,
558.286, Bid:,3,18,1,49,1,145,1,Ask:,3,199,1,246,1,438,1,
558.571, Bid:,4,18,1,49,1,145,1,164,1,Ask:,3,199,1,246,1,438,1,
560.571, Bid:,4,18,1,49,1,90,1,145,1,Ask:,3,199,1,246,1,438,1,
562.571, Bid:,3,18,1,49,1,90,1,Ask:,3,199,1,246,1,438,1,
564.000, Bid:,3,18,1,49,1,90,1,Ask:,4,199,1,246,1,413,1,438,1,
564.714, Bid:,4,18,1,46,1,49,1,90,1,Ask:,4,199,1,246,1,413,1,438,1,
574.143, Bid:,5,18,1,46,1,49,1,90,1,148,1,Ask:,4,199,1,246,1,413,1,438,1,
575.143, Bid:,4,18,1,46,1,49,1,90,1,Ask:,4,199,1,246,1,413,1,438,1,
575.429, Bid:,5,18,1,46,1,49,1,90,1,122,1,Ask:,4,199,1,246,1,413,1,438,1,
577.143, Bid:,5,46,1,49,1,90,1,122,1,136,1,Ask:,4,199,1,246,1,413,1,438,1,
581.143, Bid:,4,46,1,49,1,90,1,122,1,Ask:,3,199,1,246,1,438,1,
582.000, Bid:,4,46,1,49,1,90,1,122,1,Ask:,2,246,1,438,1,
582.429, Bid:,4,46,1,49,1,90,1,164,1,Ask:,2,246,1,438,1,
583.286, Bid:,4,46,1,49,1,90,1,164,1,Ask:,1,438,1,
583.571, Bid:,4,46,1,90,1,164,1,174,1,Ask:,1,438,1,
584.000, Bid:,5,46,1,90,1,164,1,174,1,221,1,Ask:,1,438,1,
584.143, Bid:,6,46,1,90,1,164,1,174,1,221,1,311,1,Ask:,1,438,1,
587.571, Bid:,5,46,1,90,1,164,1,174,1,221,1,Ask:,1,438,1,
589.000, Bid:,4,46,1,90,1,164,1,174,1,Ask:,1,438,1,
589.143, Bid:,4,77,1,90,1,164,1,174,1,Ask:,1,438,1,
589.714, Bid:,3,77,1,90,1,164,1,Ask:,1,438,1,
589.857, Bid:,4,77,1,90,1,158,1,164,1,Ask:,1,438,1,
590.571, Bid:,3,77,1,90,1,158,1,Ask:,1,438,1,
590.714, Bid:,2,77,1,90,1,Ask:,1,438,1,
590.857, Bid:,2,77,1,90,1,Ask:,2,190,1,438,1,
591.143, Bid:,3,77,1,90,1,135,1,Ask:,2,190,1,438,1,
591.857, Bid:,3,77,1,90,1,135,1,Ask:,1,438,1,
592.000, Bid:,4,77,1,78,1,90,1,135,1,Ask:,1,438,1,
592.286, Bid:,5,44,1,77,1,78,1,90,1,135,1,Ask:,1,438,1,
592.857, Bid:,5,44,1,77,1,78,1,90,1,135,1,Ask:,2,438,1,498,1,
598.571, Bid:,5,44,1,77,1,78,1,91,1,135,1,Ask:,2,438,1,498,1,
602.286, Bid:,4,44,1,77,1,78,1,91,1,Ask:,2,438,1,498,1,
603.571, Bid:,5,44,1,77,1,78,1,91,1,213,1,Ask:,2,438,1,498,1,
604.571, Bid:,4,44,1,77,1,78,1,91,1,Ask:,2,438,1,498,1,
604.714, Bid:,3,44,1,77,1,78,1,Ask:,2,438,1,498,1,
604.857, Bid:,3,44,1,77,1,78,1,Ask:,3,354,1,438,1,498,1,
605.000, Bid:,3,44,1,77,1,78,1,Ask:,2,438,1,498,1,
605.143, Bid:,3,44,1,77,1,78,1,Ask:,3,438,1,460,1,498,1,
605.286, Bid:,3,44,1,77,1,144,1,Ask:,3,438,1,460,1,498,1,
605.714, Bid:,3,44,1,77,1,144,1,Ask:,4,197,1,438,1,460,1,498,1,
606.857, Bid:,2,77,1,144,1,Ask:,3,438,1,460,1,498,1,
607.143, Bid:,3,77,1,144,1,154,1,Ask:,3,438,1,460,1,498,1,
607.286, Bid:,3,77,1,144,1,154,1,Ask:,4,397,1,438,1,460,1,498,1,
609.714, Bid:,2,77,1,144,1,Ask:,3,397,1,438,1,460,1,
610.429, Bid:,3,34,1,77,1,144,1,Ask:,3,397,1,438,1,460,1,
610.571, Bid:,3,34,1,77,1,146,1,Ask:,3,397,1,438,1,460,1,
611.143, Bid:,4,34,1,77,1,89,1,146,1,Ask:,3,397,1,438,1,460,1,
624.286, Bid:,3,34,1,77,1,89,1,Ask:,2,438,1,460,1,
625.571, Bid:,3,34,1,77,1,89,1,Ask:,3,288,1,438,1,460,1,
626.143, Bid:,3,34,1,77,1,89,1,Ask:,4,288,1,351,1,438,1,460,1,
635.000, Bid:,2,34,1,77,1,Ask:,3,288,1,351,1,438,1,
636.000, Bid:,3,34,1,77,1,241,1,Ask:,3,288,1,351,1,438,1,
636.143, Bid:,3,34,1,74,1,241,1,Ask:,3,288,1,351,1,438,1,
637.286, Bid:,3,34,1,74,1,241,1,Ask:,2,351,1,438,1,
637.429, Bid:,3,34,1,74,1,241,1,Ask:,3,272,1,351,1,438,1,
638.286, Bid:,4,34,1,74,1,103,1,241,1,Ask:,3,272,1,351,1,438,1,
641.429, Bid:,4,34,1,74,1,110,1,241,1,Ask:,3,272,1,351,1,438,1,
645.286, Bid:,4,34,1,46,1,110,1,241,1,Ask:,3,272,1,351,1,438,1,
646.286, Bid:,3,34,1,46,1,110,1,Ask:,2,351,1,438,1,
646.571, Bid:,4,34,1,46,1,110,1,116,1,Ask:,2,351,1,438,1,
647.429, Bid:,3,34,1,46,1,110,1,Ask:,2,351,1,438,1,
648.286, Bid:,3,34,1,46,1,110,1,Ask:,3,223,1,351,1,438,1,
648.429, Bid:,4,34,1,46,1,110,1,176,1,Ask:,3,223,1,351,1,438,1,
657.571, Bid:,3,34,1,46,1,110,1,Ask:,3,223,1,351,1,438,1,
657.714, Bid:,4,34,1,46,1,110,1,215,1,Ask:,3,223,1,351,1,438,1,
658.143, Bid:,4,46,1,110,1,145,1,215,1,Ask:,3,223,1,351,1,438,1,
664.714, Bid:,3,46,1,110,1,145,1,Ask:,2,351,1,438,1,
664.857, Bid:,3,46,1,110,1,145,1,Ask:,3,351,1,438,1,450,1,
665.000, Bid:,4,46,1,110,1,145,1,191,1,Ask:,3,351,1,438,1,450,1,
665.286, Bid:,5,46,1,110,1,128,1,145,1,191,1,Ask:,3,351,1,438,1,450,1,
672.714, Bid:,4,46,1,110,1,128,1,145,1,Ask:,3,351,1,438,1,450,1,
673.143, Bid:,4,46,1,110,1,128,1,145,1,Ask:,2,438,1,450,1,
673.286, Bid:,4,46,1,110,1,128,1,145,1,Ask:,3,266,1,438,1,450,1,
674.143, Bid:,3,46,1,110,1,128,1,Ask:,2,266,1,438,1,
674.714, Bid:,3,46,1,110,1,128,1,Ask:,3,266,1,340,1,438,1,
675.714, Bid:,4,6,1,46,1,110,1,128,1,Ask:,3,266,1,340,1,438,1,
677.571, Bid:,4,6,1,46,1,110,1,170,1,Ask:,3,266,1,340,1,438,1,
690.857, Bid:,4,6,1,46,1,110,1,140,1,Ask:,3,266,1,340,1,438,1,
691.429, Bid:,4,6,1,58,1,110,1,140,1,Ask:,3,266,1,340,1,438,1,
695.000, Bid:,4,6,1,58,1,103,1,140,1,Ask:,3,266,1,340,1,438,1,
696.429, Bid:,3,6,1,58,1,103,1,Ask:,3,266,1,340,1,438,1,
696.857, Bid:,3,6,1,58,1,103,1,Ask:,4,266,1,340,1,432,1,438,1,
697.429, Bid:,3,6,1,58,1,103,2,Ask:,4,266,1,340,1,432,1,438,1,
700.571, Bid:,3,6,1,58,1,103,1,Ask:,3,266,1,432,1,438,1,
701.286, Bid:,3,6,1,58,1,103,1,Ask:,4,266,1,432,1,438,1,450,1,
702.571, Bid:,3,6,1,58,1,103,1,Ask:,3,432,1,438,1,450,1,
702.857, Bid:,3,6,1,58,1,103,1,Ask:,4,385,1,432,1,438,1,450,1,
703.429, Bid:,2,6,1,58,1,Ask:,4,385,1,432,1,438,1,450,1,
703.857, Bid:,2,6,1,58,1,Ask:,5,105,1,385,1,432,1,438,1,450,1,
704.000, Bid:,2,6,1,58,1,Ask:,4,385,1,432,1,438,1,450,1,
704.429, Bid:,1,6,1,Ask:,4,385,1,432,1,438,1,450,1,
704.857, Bid:,2,6,1,381,1,Ask:,4,385,1,432,1,438,1,450,1,
705.714, Bid:,1,6,1,Ask:,4,385,1,432,1,438,1,450,1,
706.143, Bid:,1,6,1,Ask:,5,355,1,385,1,432,1,438,1,450,1,
706.429, Bid:,1,6,1,Ask:,5,199,1,355,1,385,1,432,1,450,1,
707.000, Bid:,2,6,1,7,1,Ask:,5,199,1,355,1,385,1,432,1,450,1,
716.714, Bid:,3,6,1,7,1,72,1,Ask:,5,199,1,355,1,385,1,432,1,450,1,
717.429, Bid:,4,6,1,7,1,72,1,91,1,Ask:,5,199,1,355,1,385,1,432,1,450,1,
724.143, Bid:,4,6,1,7,1,72,1,91,1,Ask:,5,118,1,199,1,355,1,385,1,450,1,
724.857, Bid:,4,6,1,7,1,72,1,91,1,Ask:,4,199,1,355,1,385,1,450,1,
725.286, Bid:,4,6,1,7,1,72,1,91,1,Ask:,5,199,1,250,1,355,1,385,1,450,1,
725.429, Bid:,4,6,1,7,1,72,1,91,1,Ask:,5,135,1,199,1,250,1,385,1,450,1,
725.857, Bid:,4,6,1,7,1,72,1,91,1,Ask:,5,147,1,199,1,250,1,385,1,450,1,
726.143, Bid:,4,6,1,7,1,72,1,114,1,Ask:,5,147,1,199,1,250,1,385,1,450,1,
726.714, Bid:,3,6,1,72,1,114,1,Ask:,4,199,1,250,1,385,1,450,1,
727.714, Bid:,3,6,1,72,1,114,1,Ask:,3,250,1,385,1,450,1,
728.143, Bid:,3,6,1,72,1,114,1,Ask:,4,199,1,250,1,385,1,450,1,
728.429, Bid:,3,6,1,72,1,114,1,Ask:,5,199,1,222,1,250,1,385,1,450,1,
728.714, Bid:,3,6,1,72,1,114,1,Ask:,6,199,1,222,1,250,1,345,1,385,1,450,1,
729.000, Bid:,2,6,1,72,1,Ask:,5,199,1,222,1,345,1,385,1,450,1,
729.571, Bid:,1,72,1,Ask:,4,222,1,345,1,385,1,450,1,
729.857, Bid:,1,72,1,Ask:,3,345,1,385,1,450,1,
730.286, Bid:,2,72,1,149,1,Ask:,3,345,1,385,1,450,1,
730.429, Bid:,1,72,1,Ask:,3,345,1,385,1,450,1,
730.571, Bid:,1,72,1,Ask:,4,311,1,345,1,385,1,450,1,
730.857, Bid:,1,72,1,Ask:,5,196,1,311,1,345,1,385,1,450,1,
731.714, Bid:,2,70,1,72,1,Ask:,5,196,1,311,1,345,1,385,1,450,1,
732.571, Bid:,2,70,1,72,1,Ask:,6,196,1,311,1,345,1,385,1,450,1,492,1,
753.714, Bid:,2,50,1,70,1,Ask:,6,196,1,311,1,345,1,385,1,450,1,492,1,
756.714, Bid:,1,50,1,Ask:,5,196,1,311,1,345,1,385,1,492,1,
756.857, Bid:,2,50,1,154,1,Ask:,5,196,1,311,1,345,1,385,1,492,1,
757.143, Bid:,1,50,1,Ask:,4,196,1,311,1,345,1,492,1,
757.429, Bid:,1,50,1,Ask:,4,120,1,311,1,345,1,492,1,
757.857, Bid:,1,50,1,Ask:,5,120,1,199,1,311,1,345,1,492,1,
758.000, Bid:,1,50,1,Ask:,6,120,1,199,1,311,1,345,1,452,1,492,1,
759.286, Bid:,1,50,1,Ask:,5,199,1,311,1,345,1,452,1,492,1,
759.429, Bid:,1,50,1,Ask:,6,199,1,297,1,311,1,345,1,452,1,492,1,
763.000, Bid:,1,50,1,Ask:,6,90,1,199,1,297,1,311,1,345,1,452,1,
773.286, Bid:,1,50,1,Ask:,5,199,1,297,1,311,1,345,1,452,1,
773.429, Bid:,1,50,1,Ask:,5,297,1,308,1,311,1,345,1,452,1,
773.857, Bid:,1,50,1,Ask:,4,308,1,311,1,345,1,452,1,
774.143, Bid:,1,50,1,Ask:,5,86,1,308,1,311,1,345,1,452,1,
774.571, Bid:,1,50,1,Ask:,6,86,1,306,1,308,1,311,1,345,1,452,1,
775.143, Bid:,1,50,1,Ask:,6,68,1,86,1,306,1,308,1,311,1,345,1,
777.857, Bid:,1,63,1,Ask:,6,68,1,86,1,306,1,308,1,311,1,345,1,
785.857, Bid:,1,63,1,Ask:,6,68,1,86,1,131,1,306,1,308,1,345,1,
786.000, Bid:,1,63,1,Ask:,5,86,1,131,1,306,1,308,1,345,1,
786.286, Bid:,1,63,1,Ask:,4,131,1,306,1,308,1,345,1,
786.429, Bid:,1,63,1,Ask:,5,92,1,131,1,306,1,308,1,345,1,
786.571, Bid:,1,63,1,Ask:,5,92,1,130,1,131,1,308,1,345,1,
787.429, Bid:,1,63,1,Ask:,4,130,1,131,1,308,1,345,1,
788.286, Bid:,2,52,1,63,1,Ask:,4,130,1,131,1,308,1,345,1,
788.571, Bid:,2,52,1,63,1,Ask:,5,130,1,131,1,308,1,345,1,403,1,
794.571, Bid:,2,52,1,63,1,Ask:,6,76,1,130,1,131,1,308,1,345,1,403,1,
797.286, Bid:,2,52,1,63,1,Ask:,6,76,1,130,1,159,1,308,1,345,1,403,1,
806.571, Bid:,2,52,1,63,1,Ask:,5,130,1,159,1,308,1,345,1,403,1,
807.143, Bid:,2,52,1,63,1,Ask:,6,130,1,159,1,308,1,345,1,403,1,460,1,
807.571, Bid:,2,52,1,53,1,Ask:,6,130,1,159,1,308,1,345,1,403,1,460,1,
808.714, Bid:,2,52,1,53,1,Ask:,5,159,1,308,1,345,1,403,1,460,1,
808.857, Bid:,2,52,1,53,1,Ask:,6,159,1,308,1,345,1,403,1,460,1,490,1,
810.000, Bid:,1,52,1,Ask:,5,159,1,345,1,403,1,460,1,490,1,
810.857, Bid:,1,52,1,Ask:,4,345,1,403,1,460,1,490,1,
811.286, Bid:,1,52,1,Ask:,5,94,1,345,1,403,1,460,1,490,1,
811.429, Bid:,1,52,1,Ask:,4,345,1,403,1,460,1,490,1,
811.571, Bid:,2,52,1,121,1,Ask:,4,345,1,403,1,460,1,490,1,
811.857, Bid:,1,52,1,Ask:,4,345,1,403,1,460,1,490,1,
812.000, Bid:,1,52,1,Ask:,3,403,1,460,1,490,1,
812.143, Bid:,1,52,1,Ask:,4,80,1,403,1,460,1,490,1,
812.429, Bid:,1,52,1,Ask:,3,403,1,460,1,490,1,
812.571, Bid:,1,52,1,Ask:,4,315,1,403,1,460,1,490,1,
814.857, Bid:,1,52,1,Ask:,5,204,1,315,1,403,1,460,1,490,1,
816.429, Bid:,1,52,1,Ask:,5,103,1,204,1,315,1,460,1,490,1,
816.571, Bid:,1,52,1,Ask:,4,204,1,315,1,460,1,490,1,
816.857, Bid:,1,52,1,Ask:,4,204,1,315,1,460,1,491,1,
817.000, Bid:,1,52,1,Ask:,5,188,1,204,1,315,1,460,1,491,1,
817.857, Bid:,1,52,1,Ask:,6,187,1,188,1,204,1,315,1,460,1,491,1,
824.000, Bid:,1,52,1,Ask:,6,119,1,187,1,204,1,315,1,460,1,491,1,
824.857, Bid:,1,52,1,Ask:,6,119,1,136,1,204,1,315,1,460,1,491,1,
842.429, Bid:,2,52,1,113,1,Ask:,6,119,1,136,1,204,1,315,1,460,1,491,1,
844.000, Bid:,3,47,1,52,1,113,1,Ask:,6,119,1,136,1,204,1,315,1,460,1,491,1,
847.286, Bid:,3,47,1,52,1,113,1,Ask:,5,136,1,204,1,315,1,460,1,491,1,
847.429, Bid:,3,47,1,52,1,113,1,Ask:,5,136,1,204,1,274,1,315,1,460,1,
847.857, Bid:,2,47,1,52,1,Ask:,4,136,1,204,1,274,1,315,1,
848.143, Bid:,1,47,1,Ask:,4,136,1,204,1,274,1,315,1,
848.429, Bid:,1,47,1,Ask:,5,136,1,204,1,274,1,306,1,315,1,
848.571, Bid:,1,47,1,Ask:,4,204,1,274,1,306,1,315,1,
848.857, Bid:,1,47,1,Ask:,4,274,1,306,1,315,1,452,1,
849.000, Bid:,1,47,1,Ask:,5,203,1,274,1,306,1,315,1,452,1,
849.429, Bid:,1,47,1,Ask:,6,203,1,274,1,306,1,315,1,425,1,452,1,
856.000, Bid:,1,62,1,Ask:,6,203,1,274,1,306,1,315,1,425,1,452,1,
857.714, Bid:,0,Ask:,5,203,1,274,1,315,1,425,1,452,1,
858.143, Bid:,0,Ask:,6,203,1,274,1,315,1,403,1,425,1,452,1,
859.143, Bid:,0,Ask:,6,42,1,203,1,274,1,403,1,425,1,452,1,
862.143, Bid:,0,Ask:,6,42,1,120,1,203,1,274,1,403,1,452,1,
862.286, Bid:,0,Ask:,5,120,1,203,1,274,1,403,1,452,1,
862.857, Bid:,1,102,1,Ask:,5,120,1,203,1,274,1,403,1,452,1,
863.429, Bid:,1,102,1,Ask:,4,203,1,274,1,403,1,452,1,
863.714, Bid:,1,102,1,Ask:,5,203,1,274,1,403,1,452,1,480,1,
864.429, Bid:,2,102,1,130,1,Ask:,5,203,1,274,1,403,1,452,1,480,1,
865.429, Bid:,1,102,1,Ask:,5,203,1,274,1,403,1,452,1,480,1,
865.857, Bid:,1,102,1,Ask:,4,274,1,403,1,452,1,480,1,
866.286, Bid:,1,102,1,Ask:,3,403,1,452,1,480,1,
866.429, Bid:,2,102,1,203,1,Ask:,3,403,1,452,1,480,1,
866.857, Bid:,3,102,1,203,1,298,1,Ask:,3,403,1,452,1,480,1,
867.571, Bid:,4,102,1,191,1,203,1,298,1,Ask:,3,403,1,452,1,480,1,
877.000, Bid:,3,102,1,191,1,203,1,Ask:,3,403,1,452,1,480,1,
877.571, Bid:,3,102,1,203,1,314,1,Ask:,3,403,1,452,1,480,1,
877.714, Bid:,3,102,1,154,1,314,1,Ask:,3,403,1,452,1,480,1,
878.429, Bid:,4,102,1,154,1,268,1,314,1,Ask:,3,403,1,452,1,480,1,
882.143, Bid:,4,40,1,102,1,154,1,314,1,Ask:,3,403,1,452,1,480,1,
890.714, Bid:,4,40,1,102,1,152,1,314,1,Ask:,3,403,1,452,1,480,1,
897.857, Bid:,3,40,1,102,1,152,1,Ask:,3,403,1,452,1,480,1,
898.143, Bid:,3,40,1,102,1,152,1,Ask:,2,452,1,480,1,
900.143, Bid:,4,40,1,49,1,102,1,152,1,Ask:,2,452,1,480,1,
900.429, Bid:,3,40,1,49,1,102,1,Ask:,2,452,1,480,1,
900.714, Bid:,3,40,1,49,1,102,1,Ask:,3,452,1,456,1,480,1,
902.000, Bid:,4,40,1,49,1,102,1,376,1,Ask:,3,452,1,456,1,480,1,
907.000, Bid:,4,40,1,49,1,120,1,376,1,Ask:,3,452,1,456,1,480,1,
908.000, Bid:,3,40,1,49,1,120,1,Ask:,3,452,1,456,1,480,1,
908.429, Bid:,4,40,1,49,1,68,1,120,1,Ask:,3,452,1,456,1,480,1,
909.143, Bid:,4,40,1,49,1,68,1,120,1,Ask:,3,144,1,452,1,456,1,
910.429, Bid:,4,40,1,49,1,68,1,120,1,Ask:,2,452,1,456,1,
910.571, Bid:,5,40,1,49,1,68,1,120,1,391,1,Ask:,2,452,1,456,1,
913.143, Bid:,4,40,1,49,1,68,1,120,1,Ask:,2,452,1,456,1,
913.571, Bid:,5,40,1,49,1,58,1,68,1,120,1,Ask:,2,452,1,456,1,
914.857, Bid:,4,40,1,49,1,58,1,68,1,Ask:,2,452,1,456,1,
915.143, Bid:,4,49,1,58,1,59,1,68,1,Ask:,2,452,1,456,1,
915.571, Bid:,4,49,1,58,1,59,1,68,1,Ask:,2,316,1,456,1,
916.143, Bid:,4,58,1,59,1,68,1,226,1,Ask:,2,316,1,456,1,
924.143, Bid:,5,58,1,59,1,68,1,113,1,226,1,Ask:,2,316,1,456,1,
930.000, Bid:,4,58,1,59,1,68,1,113,1,Ask:,2,316,1,456,1,
930.143, Bid:,5,21,1,58,1,59,1,68,1,113,1,Ask:,2,316,1,456,1,
930.857, Bid:,5,21,1,58,1,59,1,68,1,113,1,Ask:,3,316,1,382,1,456,1,
937.429, Bid:,5,21,1,58,1,59,1,68,1,113,1,Ask:,4,148,1,316,1,382,1,456,1,
937.857, Bid:,6,21,1,58,1,59,1,68,1,113,1,122,1,Ask:,4,148,1,316,1,382,1,456,1,
938.000, Bid:,6,21,1,58,1,59,1,68,1,113,1,122,1,Ask:,3,316,1,382,1,456,1,
938.286, Bid:,5,21,1,59,1,68,1,113,1,122,1,Ask:,2,382,1,456,1,
939.143, Bid:,4,21,1,59,1,68,1,113,1,Ask:,2,382,1,456,1,
939.429, Bid:,3,21,1,59,1,68,2,Ask:,2,382,1,456,1,
940.286, Bid:,4,21,1,59,1,68,2,306,1,Ask:,2,382,1,456,1,
940.714, Bid:,5,21,1,59,1,68,2,184,1,306,1,Ask:,2,382,1,456,1,
941.143, Bid:,4,21,1,59,1,68,2,184,1,Ask:,2,382,1,456,1,
941.571, Bid:,3,21,1,59,1,68,2,Ask:,2,382,1,456,1,
941.857, Bid:,3,21,1,59,1,68,2,Ask:,3,365,1,382,1,456,1,
942.000, Bid:,3,21,1,59,1,68,2,Ask:,4,95,1,365,1,382,1,456,1,
942.143, Bid:,3,21,1,59,1,68,2,Ask:,3,365,1,382,1,456,1,
943.857, Bid:,3,21,1,59,1,68,2,Ask:,3,114,1,365,1,382,1,
944.000, Bid:,3,21,1,59,1,68,2,Ask:,2,365,1,382,1,
945.143, Bid:,3,21,1,59,1,68,2,Ask:,3,365,1,382,1,444,1,
946.857, Bid:,3,21,1,59,1,68,2,Ask:,4,314,1,365,1,382,1,444,1,
957.857, Bid:,4,21,1,59,1,68,1,113,1,Ask:,4,314,1,365,1,382,1,444,1,
958.857, Bid:,3,21,1,59,1,68,1,Ask:,3,314,1,365,1,444,1,
959.714, Bid:,3,21,1,59,1,194,1,Ask:,3,314,1,365,1,444,1,
960.286, Bid:,2,21,1,59,1,Ask:,3,314,1,365,1,444,1,
960.429, Bid:,2,21,1,59,1,Ask:,4,290,1,314,1,365,1,444,1,
962.143, Bid:,2,21,1,59,1,Ask:,5,159,1,290,1,314,1,365,1,444,1,
967.571, Bid:,3,21,1,59,1,128,1,Ask:,5,159,1,290,1,314,1,365,1,444,1,
968.143, Bid:,3,21,1,59,1,128,1,Ask:,5,154,1,159,1,290,1,314,1,365,1,
972.429, Bid:,2,21,1,59,1,Ask:,4,154,1,290,1,314,1,365,1,
973.143, Bid:,2,21,1,59,1,Ask:,4,154,1,270,1,290,1,365,1,
973.286, Bid:,2,21,1,59,1,Ask:,3,270,1,290,1,365,1,
973.571, Bid:,2,21,1,59,1,Ask:,3,83,1,270,1,290,1,
974.143, Bid:,2,21,1,59,1,Ask:,2,270,1,290,1,
974.286, Bid:,2,21,1,59,1,Ask:,3,219,1,270,1,290,1,
974.429, Bid:,2,21,1,59,1,Ask:,4,133,1,219,1,270,1,290,1,
975.571, Bid:,2,21,1,59,1,Ask:,5,133,1,219,1,253,1,270,1,290,1,
975.714, Bid:,3,21,1,59,1,84,1,Ask:,5,133,1,219,1,253,1,270,1,290,1,
976.429, Bid:,4,21,1,59,1,84,1,122,1,Ask:,5,133,1,219,1,253,1,270,1,290,1,
983.000, Bid:,4,21,1,43,1,84,1,122,1,Ask:,5,133,1,219,1,253,1,270,1,290,1,
998.286, Bid:,4,21,1,43,1,84,1,122,1,Ask:,5,126,1,133,1,253,1,270,1,290,1,
999.000, Bid:,3,21,1,43,1,122,1,Ask:,4,133,1,253,1,270,1,290,1,
999.286, Bid:,3,21,1,43,1,122,1,Ask:,3,253,1,270,1,290,1,
999.429, Bid:,4,21,1,43,1,102,1,122,1,Ask:,3,253,1,270,1,290,1,
1000.000, Bid:,4,21,1,43,1,102,1,122,1,Ask:,4,253,1,270,1,290,1,396,1,
1000.286, Bid:,5,21,1,43,1,102,1,122,1,140,1,Ask:,4,253,1,270,1,290,1,396,1,
1002.857, Bid:,4,21,1,43,1,102,1,122,1,Ask:,4,253,1,270,1,290,1,396,1,
1004.571, Bid:,4,21,1,43,1,109,1,122,1,Ask:,4,253,1,270,1,290,1,396,1,
1005.000, Bid:,5,21,1,43,1,55,1,109,1,122,1,Ask:,4,253,1,270,1,290,1,396,1,
1017.429, Bid:,5,21,1,43,1,55,1,109,1,122,1,Ask:,5,126,1,253,1,270,1,290,1,396,1,
1026.714, Bid:,5,21,1,42,1,55,1,109,1,122,1,Ask:,5,126,1,253,1,270,1,290,1,396,1,
1028.286, Bid:,4,21,1,42,1,55,1,109,1,Ask:,4,126,1,253,1,270,1,290,1,
1028.429, Bid:,3,21,1,42,1,55,1,Ask:,3,126,1,270,1,290,1,
1028.714, Bid:,2,21,1,42,1,Ask:,2,126,1,270,1,
1028.857, Bid:,3,1,1,21,1,42,1,Ask:,2,126,1,270,1,
1029.000, Bid:,3,1,1,21,1,42,1,Ask:,2,57,1,270,1,
1029.143, Bid:,3,1,1,21,1,42,1,Ask:,1,270,1,
1029.714, Bid:,3,1,1,21,1,42,1,Ask:,2,270,1,360,1,
1029.857, Bid:,3,1,1,21,1,42,1,Ask:,3,270,1,321,1,360,1,
1030.143, Bid:,3,1,1,21,1,42,1,Ask:,4,208,1,270,1,321,1,360,1,
1030.286, Bid:,3,1,1,21,1,42,1,Ask:,5,208,1,270,1,280,1,321,1,360,1,
1033.000, Bid:,3,1,1,21,1,53,1,Ask:,5,208,1,270,1,280,1,321,1,360,1,
1035.286, Bid:,3,1,1,21,1,53,1,Ask:,5,77,1,208,1,270,1,321,1,360,1,
1037.286, Bid:,2,21,1,53,1,Ask:,4,208,1,270,1,321,1,360,1,
1037.714, Bid:,2,21,1,53,1,Ask:,3,270,1,321,1,360,1,
1037.857, Bid:,2,21,1,53,1,Ask:,2,321,1,360,1,
1038.143, Bid:,2,21,1,53,1,Ask:,3,321,1,360,1,475,1,
1039.143, Bid:,2,21,1,53,1,Ask:,4,58,1,321,1,360,1,475,1,
1039.571, Bid:,2,21,1,53,1,Ask:,3,321,1,360,1,475,1,
1039.714, Bid:,2,21,1,53,1,Ask:,4,239,1,321,1,360,1,475,1,
1040.714, Bid:,2,21,1,53,1,Ask:,3,321,1,360,1,475,1,
1040.857, Bid:,2,21,1,53,1,Ask:,4,314,1,321,1,360,1,475,1,
1041.714, Bid:,2,21,1,53,1,Ask:,5,263,1,314,1,321,1,360,1,475,1,
1055.429, Bid:,2,21,1,53,1,Ask:,5,159,1,263,1,321,1,360,1,475,1,
1058.857, Bid:,2,21,1,53,1,Ask:,5,80,1,159,1,263,1,360,1,475,1,
1059.714, Bid:,2,21,1,53,1,Ask:,4,159,1,263,1,360,1,475,1,
1060.143, Bid:,1,53,1,Ask:,3,263,1,360,1,475,1,
1060.429, Bid:,2,53,1,161,1,Ask:,3,263,1,360,1,475,1,
1060.571, Bid:,2,53,1,161,1,Ask:,2,360,1,475,1,
1060.714, Bid:,2,73,1,161,1,Ask:,2,360,1,475,1,
1060.857, Bid:,1,73,1,Ask:,2,360,1,475,1,
1061.286, Bid:,2,73,1,269,1,Ask:,2,360,1,475,1,
1061.571, Bid:,1,73,1,Ask:,2,360,1,475,1,
1061.714, Bid:,1,73,1,Ask:,2,129,1,475,1,
1062.286, Bid:,2,30,1,73,1,Ask:,2,129,1,475,1,
1062.571, Bid:,2,30,1,73,1,Ask:,1,475,1,
1062.857, Bid:,3,30,1,73,1,363,1,Ask:,1,475,1,
1063.286, Bid:,4,30,1,73,1,130,1,363,1,Ask:,1,475,1,
1063.571, Bid:,3,30,1,73,1,130,1,Ask:,1,475,1,
1063.857, Bid:,4,30,1,73,1,130,1,459,1,Ask:,1,475,1,
1064.286, Bid:,3,30,1,73,1,130,1,Ask:,1,475,1,
1064.429, Bid:,4,30,1,73,1,130,1,328,1,Ask:,1,475,1,
1065.143, Bid:,3,30,1,73,1,130,1,Ask:,1,475,1,
1065.286, Bid:,4,30,1,73,1,130,1,142,1,Ask:,1,475,1,
1065.714, Bid:,4,30,1,73,1,130,1,142,1,Ask:,2,171,1,475,1,
1066.143, Bid:,3,30,1,73,1,142,1,Ask:,1,475,1,
1066.571, Bid:,4,30,1,73,1,142,1,252,1,Ask:,1,475,1,
1067.286, Bid:,3,30,1,73,1,142,1,Ask:,1,475,1,
1067.714, Bid:,3,30,1,73,1,142,1,Ask:,2,178,1,475,1,
1067.857, Bid:,3,30,1,73,1,142,1,Ask:,1,475,1,
1068.000, Bid:,4,30,1,73,1,142,1,468,1,Ask:,1,475,1,
1068.143, Bid:,3,30,1,73,1,142,1,Ask:,1,475,1,
1068.857, Bid:,3,30,1,73,1,142,1,Ask:,2,398,1,475,1,
1069.000, Bid:,3,30,1,73,1,142,1,Ask:,1,475,1,
1069.143, Bid:,4,30,1,73,1,142,1,335,1,Ask:,1,475,1,
1069.286, Bid:,4,30,1,73,1,142,1,335,1,Ask:,0,
1069.571, Bid:,3,30,1,73,1,142,1,Ask:,0,
1069.857, Bid:,3,30,1,73,1,142,1,Ask:,1,464,1,
1070.000, Bid:,2,30,1,73,1,Ask:,1,464,1,
1070.857, Bid:,2,30,1,73,1,Ask:,2,224,1,464,1,
1071.143, Bid:,2,30,1,73,1,Ask:,1,464,1,
1072.143, Bid:,3,30,1,73,1,197,1,Ask:,1,464,1,
1072.714, Bid:,4,30,1,73,1,197,1,291,1,Ask:,1,464,1,
1073.000, Bid:,4,30,1,73,1,197,1,291,1,Ask:,2,350,1,464,1,
1074.286, Bid:,3,30,1,73,1,197,1,Ask:,2,350,1,464,1,
1074.857, Bid:,3,30,1,73,1,197,1,Ask:,3,332,1,350,1,464,1,
1075.714, Bid:,2,30,1,73,1,Ask:,2,332,1,350,1,
1075.857, Bid:,2,30,1,73,1,Ask:,3,332,1,350,1,357,1,
1076.286, Bid:,2,30,1,73,1,Ask:,4,250,1,332,1,350,1,357,1,
1088.857, Bid:,3,30,1,73,1,82,1,Ask:,4,250,1,332,1,350,1,357,1,
1089.571, Bid:,4,30,1,73,1,82,1,126,1,Ask:,4,250,1,332,1,350,1,357,1,
1089.714, Bid:,3,30,1,73,1,82,1,Ask:,4,250,1,332,1,350,1,357,1,
1090.286, Bid:,3,69,1,73,1,82,1,Ask:,4,250,1,332,1,350,1,357,1,
1090.857, Bid:,3,69,1,73,1,82,1,Ask:,4,137,1,332,1,350,1,357,1,
1091.286, Bid:,3,69,1,73,1,82,1,Ask:,3,332,1,350,1,357,1,
1091.857, Bid:,3,47,1,69,1,82,1,Ask:,3,332,1,350,1,357,1,
1092.571, Bid:,3,47,1,69,1,82,1,Ask:,4,214,1,332,1,350,1,357,1,
1094.143, Bid:,3,47,1,69,1,82,1,Ask:,4,211,1,214,1,332,1,357,1,
1097.000, Bid:,3,47,1,69,1,116,1,Ask:,4,211,1,214,1,332,1,357,1,
1105.857, Bid:,2,47,1,69,1,Ask:,3,211,1,214,1,357,1,
1106.000, Bid:,2,47,1,69,1,Ask:,3,118,1,211,1,214,1,
1107.143, Bid:,2,47,1,69,1,Ask:,2,211,1,214,1,
1107.286, Bid:,2,47,1,69,1,Ask:,1,214,1,
1107.571, Bid:,2,47,1,69,1,Ask:,0,
1107.714, Bid:,3,47,1,69,1,111,1,Ask:,0,
1108.143, Bid:,3,47,1,69,1,111,1,Ask:,1,192,1,
1108.571, Bid:,3,47,1,69,1,111,1,Ask:,0,
1108.714, Bid:,2,47,1,69,1,Ask:,0,
1108.857, Bid:,3,17,1,47,1,69,1,Ask:,0,
1109.000, Bid:,4,17,1,47,1,69,1,144,1,Ask:,0,
1109.143, Bid:,5,17,1,47,1,69,1,144,1,437,1,Ask:,0,
1109.286, Bid:,4,17,1,47,1,69,1,144,1,Ask:,0,
1109.429, Bid:,3,17,1,47,1,69,1,Ask:,0,
1109.857, Bid:,4,17,1,47,1,69,1,296,1,Ask:,0,
1110.143, Bid:,3,17,1,47,1,69,1,Ask:,0,
1110.286, Bid:,4,17,1,47,1,69,1,211,1,Ask:,0,
1110.714, Bid:,5,17,1,47,1,69,1,211,1,303,1,Ask:,0,
1111.571, Bid:,5,17,1,47,1,69,1,211,1,303,1,Ask:,1,377,1,
1119.143, Bid:,5,47,1,69,1,154,1,211,1,303,1,Ask:,1,377,1,
1119.857, Bid:,4,47,1,69,1,154,1,211,1,Ask:,1,377,1,
1120.000, Bid:,3,47,1,154,1,211,1,Ask:,0,
1120.143, Bid:,4,47,1,154,1,211,1,318,1,Ask:,0,
1120.714, Bid:,4,47,1,154,1,211,1,318,1,Ask:,1,455,1,
1121.143, Bid:,3,47,1,154,1,211,1,Ask:,1,455,1,
1122.000, Bid:,4,47,1,154,1,211,1,288,1,Ask:,1,455,1,
1123.429, Bid:,5,47,1,154,1,211,1,288,1,386,1,Ask:,1,455,1,
1134.429, Bid:,4,47,1,154,1,211,1,288,1,Ask:,0,
1134.857, Bid:,4,47,1,154,1,211,1,288,1,Ask:,1,336,1,
1135.571, Bid:,3,47,1,154,1,211,1,Ask:,1,336,1,
1135.857, Bid:,3,47,1,154,1,211,1,Ask:,0,
1136.857, Bid:,3,47,1,154,1,211,1,Ask:,1,498,1,
1137.429, Bid:,3,65,1,154,1,211,1,Ask:,1,498,1,
1138.286, Bid:,4,65,1,154,1,211,1,365,1,Ask:,1,498,1,
1139.143, Bid:,5,65,1,83,1,154,1,211,1,365,1,Ask:,1,498,1,
1149.000, Bid:,5,65,1,83,1,143,1,211,1,365,1,Ask:,1,498,1,
1149.857, Bid:,4,65,1,83,1,143,1,211,1,Ask:,1,498,1,
1150.143, Bid:,3,65,1,83,1,143,1,Ask:,0,
1150.286, Bid:,3,65,1,83,1,143,1,Ask:,1,190,1,
1150.429, Bid:,2,65,1,83,1,Ask:,1,190,1,
1150.571, Bid:,2,65,1,83,1,Ask:,2,180,1,190,1,
1150.857, Bid:,3,65,1,83,1,111,1,Ask:,2,180,1,190,1,
1151.000, Bid:,3,65,1,83,1,111,1,Ask:,3,180,1,190,1,380,1,
1151.286, Bid:,3,65,1,83,1,111,1,Ask:,2,190,1,380,1,
1151.571, Bid:,3,65,1,83,1,111,1,Ask:,1,380,1,
1152.286, Bid:,4,65,1,74,1,83,1,111,1,Ask:,1,380,1,
1152.571, Bid:,4,65,1,74,1,83,1,111,1,Ask:,2,380,1,445,1,
1152.714, Bid:,3,65,1,74,1,83,1,Ask:,2,380,1,445,1,
1152.857, Bid:,2,65,1,74,1,Ask:,2,380,1,445,1,
1153.143, Bid:,2,65,1,74,1,Ask:,3,213,1,380,1,445,1,
1153.429, Bid:,2,65,1,74,1,Ask:,4,213,1,364,1,380,1,445,1,
1156.286, Bid:,2,65,1,74,1,Ask:,4,115,1,213,1,364,1,445,1,
1158.714, Bid:,1,65,1,Ask:,3,115,1,364,1,445,1,
1159.143, Bid:,2,62,1,65,1,Ask:,3,115,1,364,1,445,1,
1159.571, Bid:,2,62,1,65,1,Ask:,2,364,1,445,1,
1159.714, Bid:,2,62,1,65,1,Ask:,3,298,1,364,1,445,1,
1159.857, Bid:,2,62,1,65,1,Ask:,3,298,1,364,1,445,2,
1164.714, Bid:,2,62,1,65,1,Ask:,3,100,1,298,1,445,2,
1166.429, Bid:,2,65,1,85,1,Ask:,3,100,1,298,1,445,2,
1180.429, Bid:,2,65,1,85,1,Ask:,3,100,1,158,1,445,2,
1180.714, Bid:,2,41,1,85,1,Ask:,3,100,1,158,1,445,2,
1187.143, Bid:,2,41,1,85,1,Ask:,3,100,1,127,1,445,2,
1191.571, Bid:,1,41,1,Ask:,3,100,1,127,1,445,1,
1191.857, Bid:,1,41,1,Ask:,4,100,1,127,1,352,1,445,1,
1192.286, Bid:,1,41,1,Ask:,5,100,1,127,1,149,1,352,1,445,1,
1195.714, Bid:,2,41,1,82,1,Ask:,5,100,1,127,1,149,1,352,1,445,1,
1197.000, Bid:,2,41,1,82,1,Ask:,4,127,1,149,1,352,1,445,1,
1197.286, Bid:,2,41,1,82,1,Ask:,3,149,1,352,1,445,1,
1198.286, Bid:,2,41,1,82,1,Ask:,4,143,1,149,1,352,1,445,1,
1198.857, Bid:,2,41,1,82,1,Ask:,5,143,1,149,1,352,1,388,1,445,1,
1199.571, Bid:,2,41,1,82,1,Ask:,5,143,1,149,1,342,1,352,1,388,1,
1210.000, Bid:,2,41,1,82,1,Ask:,5,86,1,143,1,149,1,342,1,352,1,
1210.143, Bid:,2,46,1,82,1,Ask:,5,86,1,143,1,149,1,342,1,352,1,
1221.429, Bid:,1,46,1,Ask:,4,143,1,149,1,342,1,352,1,
1221.857, Bid:,1,46,1,Ask:,5,86,1,143,1,149,1,342,1,352,1,
1222.571, Bid:,1,46,1,Ask:,5,86,1,143,1,326,1,342,1,352,1,
1228.571, Bid:,1,46,1,Ask:,5,70,1,86,1,143,1,326,1,342,1,
1236.714, Bid:,1,67,1,Ask:,5,70,1,86,1,143,1,326,1,342,1,
1238.429, Bid:,1,67,1,Ask:,5,70,1,115,1,143,1,326,1,342,1,
1240.286, Bid:,1,67,1,Ask:,4,115,1,143,1,326,1,342,1,
1240.571, Bid:,1,67,1,Ask:,3,143,1,326,1,342,1,
1240.714, Bid:,1,67,1,Ask:,4,143,1,326,1,342,1,344,1,
1240.857, Bid:,1,67,1,Ask:,4,130,1,326,1,342,1,344,1,
1242.143, Bid:,1,67,1,Ask:,3,326,1,342,1,344,1,
1242.286, Bid:,1,67,1,Ask:,4,255,1,326,1,342,1,344,1,
1242.714, Bid:,1,67,1,Ask:,3,326,1,342,1,344,1,
1243.000, Bid:,1,67,1,Ask:,3,326,1,344,1,427,1,
1243.143, Bid:,1,67,1,Ask:,4,326,1,344,1,413,1,427,1,
1243.286, Bid:,1,67,1,Ask:,5,125,1,326,1,344,1,413,1,427,1,
1244.571, Bid:,2,67,1,121,1,Ask:,5,125,1,326,1,344,1,413,1,427,1,
1259.714, Bid:,1,67,1,Ask:,4,125,1,326,1,413,1,427,1,
1261.000, Bid:,2,2,1,67,1,Ask:,4,125,1,326,1,413,1,427,1,
1261.571, Bid:,2,2,1,67,1,Ask:,4,125,1,295,1,326,1,413,1,
1267.571, Bid:,2,2,1,57,1,Ask:,4,125,1,295,1,326,1,413,1,
1270.714, Bid:,3,2,1,57,1,88,1,Ask:,4,125,1,295,1,326,1,413,1,
1270.857, Bid:,2,2,1,57,1,Ask:,3,125,1,295,1,326,1,
1271.000, Bid:,2,2,1,57,1,Ask:,3,125,1,295,1,373,1,
1272.714, Bid:,2,2,1,57,1,Ask:,4,125,1,295,1,373,1,465,1,
1282.143, Bid:,2,2,1,57,1,Ask:,5,64,1,125,1,295,1,373,1,465,1,
1283.714, Bid:,2,2,1,57,1,Ask:,5,64,1,147,1,295,1,373,1,465,1,
1294.714, Bid:,2,2,1,57,1,Ask:,4,147,1,295,1,373,1,465,1,
1295.000, Bid:,1,57,1,Ask:,3,295,1,373,1,465,1,
1295.143, Bid:,2,57,1,134,1,Ask:,3,295,1,373,1,465,1,
1295.571, Bid:,3,57,1,134,1,202,1,Ask:,3,295,1,373,1,465,1,
1296.143, Bid:,2,57,1,134,1,Ask:,3,295,1,373,1,465,1,
1296.429, Bid:,3,42,1,57,1,134,1,Ask:,3,295,1,373,1,465,1,
1296.571, Bid:,3,42,1,57,1,134,1,Ask:,4,233,1,295,1,373,1,465,1,
1296.714, Bid:,3,42,1,57,1,134,1,Ask:,5,233,1,295,1,305,1,373,1,465,1,
1300.714, Bid:,3,42,1,71,1,134,1,Ask:,5,233,1,295,1,305,1,373,1,465,1,
1301.429, Bid:,2,42,1,71,1,Ask:,4,233,1,295,1,305,1,373,1,
1301.714, Bid:,2,42,1,71,1,Ask:,3,295,1,305,1,373,1,
1301.857, Bid:,3,42,1,71,1,251,1,Ask:,3,295,1,305,1,373,1,
1302.000, Bid:,2,42,1,71,1,Ask:,3,295,1,305,1,373,1,
1302.143, Bid:,1,42,1,Ask:,2,305,1,373,1,
1302.429, Bid:,1,42,1,Ask:,3,305,1,315,1,373,1,
1303.143, Bid:,2,42,1,263,1,Ask:,3,305,1,315,1,373,1,
1303.286, Bid:,2,42,1,263,1,Ask:,4,305,1,315,1,347,1,373,1,
1304.286, Bid:,3,42,1,149,1,263,1,Ask:,4,305,1,315,1,347,1,373,1,
1305.286, Bid:,3,90,1,149,1,263,1,Ask:,4,305,1,315,1,347,1,373,1,
1306.429, Bid:,4,90,1,144,1,149,1,263,1,Ask:,4,305,1,315,1,347,1,373,1,
1315.429, Bid:,3,90,1,144,1,149,1,Ask:,4,305,1,315,1,347,1,373,1,
1315.571, Bid:,4,90,1,144,1,149,1,203,1,Ask:,4,305,1,315,1,347,1,373,1,
1317.286, Bid:,3,90,1,144,1,149,1,Ask:,4,305,1,315,1,347,1,373,1,
1317.429, Bid:,3,90,1,144,1,149,1,Ask:,5,305,1,315,1,347,1,354,1,373,1,
1318.000, Bid:,2,90,1,144,1,Ask:,4,305,1,347,1,354,1,373,1,
1318.429, Bid:,3,70,1,90,1,144,1,Ask:,4,305,1,347,1,354,1,373,1,
1320.000, Bid:,3,70,1,90,1,144,1,Ask:,3,347,1,354,1,373,1,
1320.286, Bid:,4,45,1,70,1,90,1,144,1,Ask:,3,347,1,354,1,373,1,
1321.857, Bid:,4,45,1,70,1,90,1,144,1,Ask:,4,347,1,354,1,373,1,494,1,
1322.714, Bid:,5,45,1,70,1,90,1,104,1,144,1,Ask:,4,347,1,354,1,373,1,494,1,
1331.286, Bid:,5,45,1,70,1,90,1,104,1,144,1,Ask:,4,147,1,347,1,354,1,373,1,
1331.571, Bid:,5,45,1,53,1,90,1,104,1,144,1,Ask:,4,147,1,347,1,354,1,373,1,
1333.000, Bid:,5,45,1,53,1,90,1,104,1,144,1,Ask:,3,347,1,354,1,373,1,
1334.714, Bid:,5,45,1,53,1,90,2,104,1,144,1,Ask:,3,347,1,354,1,373,1,
1343.000, Bid:,5,45,1,53,1,90,2,104,1,128,1,Ask:,3,347,1,354,1,373,1,
1348.571, Bid:,4,45,1,53,1,90,2,104,1,Ask:,3,347,1,354,1,373,1,
1348.714, Bid:,5,45,1,53,1,78,1,90,2,104,1,Ask:,3,347,1,354,1,373,1,
1349.286, Bid:,5,53,1,71,1,78,1,90,2,104,1,Ask:,3,347,1,354,1,373,1,
1350.857, Bid:,4,71,1,78,2,90,2,104,1,Ask:,3,347,1,354,1,373,1,
1357.714, Bid:,4,71,1,78,2,90,2,104,1,Ask:,4,133,1,347,1,354,1,373,1,
1361.429, Bid:,4,71,1,78,2,90,2,104,1,Ask:,4,119,1,133,1,347,1,373,1,
1364.571, Bid:,5,71,1,78,2,90,1,104,1,109,1,Ask:,4,119,1,133,1,347,1,373,1,
1367.714, Bid:,5,71,1,78,2,90,1,104,1,109,1,Ask:,4,119,1,147,1,347,1,373,1,
1370.714, Bid:,6,45,1,71,1,78,1,90,1,104,1,109,1,Ask:,4,119,1,147,1,347,1,373,1,
1375.429, Bid:,5,45,1,71,1,78,1,90,1,104,1,Ask:,4,119,1,147,1,347,1,373,1,
1375.714, Bid:,4,45,1,78,1,90,1,104,1,Ask:,3,147,1,347,1,373,1,
1376.000, Bid:,3,45,1,78,1,90,1,Ask:,2,347,1,373,1,
1376.143, Bid:,3,45,1,78,1,90,1,Ask:,2,243,1,347,1,
1376.429, Bid:,2,45,1,78,1,Ask:,1,347,1,
1376.571, Bid:,2,45,1,78,1,Ask:,2,347,1,472,1,
1377.143, Bid:,3,45,1,62,1,78,1,Ask:,2,347,1,472,1,
1378.000, Bid:,4,45,1,62,1,78,1,191,1,Ask:,2,347,1,472,1,
1379.000, Bid:,3,45,1,62,1,78,1,Ask:,2,347,1,472,1,
1379.143, Bid:,3,45,1,62,1,78,1,Ask:,1,472,1,
1379.714, Bid:,3,45,1,62,1,78,1,Ask:,2,111,1,472,1,
1379.857, Bid:,2,45,1,62,1,Ask:,2,111,1,472,1,
1380.286, Bid:,2,45,1,62,1,Ask:,1,472,1,
1381.000, Bid:,2,45,1,62,1,Ask:,2,461,1,472,1,
1381.286, Bid:,3,45,1,62,1,112,1,Ask:,2,461,1,472,1,
1381.857, Bid:,4,45,1,62,1,112,1,391,1,Ask:,2,461,1,472,1,
1382.000, Bid:,3,45,1,62,1,112,1,Ask:,2,461,1,472,1,
1382.286, Bid:,2,45,1,62,1,Ask:,2,461,1,472,1,
1382.571, Bid:,1,45,1,Ask:,2,461,1,472,1,
1383.000, Bid:,1,45,1,Ask:,3,199,1,461,1,472,1,
1383.143, Bid:,1,45,1,Ask:,4,174,1,199,1,461,1,472,1,
1383.714, Bid:,1,45,1,Ask:,5,174,1,199,1,331,1,461,1,472,1,
1386.286, Bid:,2,45,1,112,1,Ask:,5,174,1,199,1,331,1,461,1,472,1,
1392.143, Bid:,1,45,1,Ask:,4,174,1,199,1,331,1,461,1,
1392.286, Bid:,2,45,1,155,1,Ask:,4,174,1,199,1,331,1,461,1,
1392.429, Bid:,2,45,1,155,1,Ask:,3,199,1,331,1,461,1,
1393.286, Bid:,2,45,1,155,1,Ask:,4,199,1,331,1,458,1,461,1,
1393.857, Bid:,1,45,1,Ask:,4,199,1,331,1,458,1,461,1,
1394.714, Bid:,1,45,1,Ask:,3,331,1,458,1,461,1,
1394.857, Bid:,1,45,1,Ask:,4,331,1,458,1,461,1,487,1,
1395.143, Bid:,2,45,1,163,1,Ask:,4,331,1,458,1,461,1,487,1,
1396.286, Bid:,2,45,1,163,1,Ask:,3,458,1,461,1,487,1,
1397.000, Bid:,3,45,1,127,1,163,1,Ask:,3,458,1,461,1,487,1,
1398.143, Bid:,2,45,1,127,1,Ask:,3,458,1,461,1,487,1,
1399.143, Bid:,3,45,1,127,1,401,1,Ask:,3,458,1,461,1,487,1,
1399.571, Bid:,2,45,1,127,1,Ask:,3,458,1,461,1,487,1,
1400.000, Bid:,2,45,1,127,1,Ask:,4,335,1,458,1,461,1,487,1,
1400.714, Bid:,2,45,1,127,1,Ask:,4,335,1,430,1,458,1,487,1,
1411.286, Bid:,2,56,1,127,1,Ask:,4,335,1,430,1,458,1,487,1,
1415.143, Bid:,2,56,1,127,1,Ask:,5,146,1,335,1,430,1,458,1,487,1,
1415.429, Bid:,2,56,1,127,1,Ask:,4,335,1,430,1,458,1,487,1,
1415.714, Bid:,1,56,1,Ask:,4,335,1,430,1,458,1,487,1,
1416.286, Bid:,1,56,1,Ask:,5,335,1,414,1,430,1,458,1,487,1,
1419.857, Bid:,1,56,1,Ask:,5,99,1,335,1,414,1,430,1,458,1,
1421.143, Bid:,2,56,1,85,1,Ask:,5,99,1,335,1,414,1,430,1,458,1,
1422.429, Bid:,1,56,1,Ask:,4,99,1,414,1,430,1,458,1,
1422.571, Bid:,1,56,1,Ask:,5,99,1,265,1,414,1,430,1,458,1,
1422.857, Bid:,1,41,1,Ask:,5,99,1,265,1,414,1,430,1,458,1,
1423.143, Bid:,1,41,1,Ask:,4,265,1,414,1,430,1,458,1,
1423.429, Bid:,1,41,1,Ask:,5,162,1,265,1,414,1,430,1,458,1,
1423.857, Bid:,1,41,1,Ask:,5,42,1,162,1,265,1,414,1,430,1,
1425.571, Bid:,1,41,1,Ask:,4,162,1,265,1,414,1,430,1,
1425.714, Bid:,1,41,1,Ask:,3,265,1,414,1,430,1,
1426.857, Bid:,1,41,1,Ask:,4,265,1,414,1,430,1,431,1,
1427.000, Bid:,2,41,1,56,1,Ask:,4,265,1,414,1,430,1,431,1,
1427.286, Bid:,2,41,1,56,1,Ask:,5,265,1,414,1,427,1,430,1,431,1,
1427.857, Bid:,2,41,1,56,1,Ask:,5,106,1,265,1,414,1,427,1,430,1,
1441.000, Bid:,2,41,1,56,1,Ask:,4,265,1,414,1,427,1,430,1,
1441.143, Bid:,2,41,1,56,1,Ask:,3,414,1,427,1,430,1,
1441.571, Bid:,2,41,1,56,1,Ask:,3,300,1,414,1,430,1,
1441.714, Bid:,2,41,1,56,1,Ask:,4,160,1,300,1,414,1,430,1,
1441.857, Bid:,3,41,1,56,1,76,1,Ask:,4,160,1,300,1,414,1,430,1,
1443.286, Bid:,3,41,1,56,1,76,1,Ask:,4,137,1,160,1,300,1,430,1,
1452.143, Bid:,2,41,1,56,1,Ask:,3,137,1,300,1,430,1,
1452.571, Bid:,1,41,1,Ask:,2,300,1,430,1,
1452.714, Bid:,2,41,1,174,1,Ask:,2,300,1,430,1,
1452.857, Bid:,1,41,1,Ask:,2,300,1,430,1,
1453.000, Bid:,2,41,1,92,1,Ask:,2,300,1,430,1,
1453.714, Bid:,3,41,1,92,1,129,1,Ask:,2,300,1,430,1,
1454.286, Bid:,4,41,1,92,1,129,1,195,1,Ask:,2,300,1,430,1,
1455.286, Bid:,5,41,1,92,1,129,1,190,1,195,1,Ask:,2,300,1,430,1,
1459.857, Bid:,4,41,1,92,1,129,1,190,1,Ask:,2,300,1,430,1,
1460.857, Bid:,4,41,1,92,1,129,1,190,1,Ask:,3,300,1,430,1,447,1,
1461.286, Bid:,3,41,1,92,1,129,1,Ask:,3,300,1,430,1,447,1,
1461.857, Bid:,4,41,1,86,1,92,1,129,1,Ask:,3,300,1,430,1,447,1,
1462.000, Bid:,4,41,1,86,1,92,1,129,1,Ask:,4,300,1,385,1,430,1,447,1,
1464.143, Bid:,4,41,1,86,1,92,1,129,1,Ask:,4,138,1,300,1,385,1,430,1,
1465.143, Bid:,4,41,1,86,1,92,1,129,1,Ask:,3,300,1,385,1,430,1,
1465.429, Bid:,5,41,1,86,1,92,1,107,1,129,1,Ask:,3,300,1,385,1,430,1,
1481.000, Bid:,6,41,1,86,1,87,1,92,1,107,1,129,1,Ask:,3,300,1,385,1,430,1,
1482.857, Bid:,6,75,1,86,1,87,1,92,1,107,1,129,1,Ask:,3,300,1,385,1,430,1,
1483.000, Bid:,5,75,1,86,1,87,1,92,1,107,1,Ask:,3,300,1,385,1,430,1,
1483.571, Bid:,5,75,1,86,1,87,1,92,1,107,1,Ask:,3,116,1,300,1,385,1,
1483.714, Bid:,5,75,1,86,1,87,1,92,1,107,1,Ask:,4,116,1,300,1,352,1,385,1,
1494.143, Bid:,5,60,1,86,1,87,1,92,1,107,1,Ask:,4,116,1,300,1,352,1,385,1,
1499.429, Bid:,5,60,1,86,1,87,1,92,1,107,1,Ask:,3,116,2,300,1,352,1,
1506.143, Bid:,5,60,1,86,1,87,1,92,1,107,1,Ask:,3,116,1,300,1,352,1,
1506.571, Bid:,5,60,1,86,1,87,1,92,1,107,1,Ask:,2,300,1,352,1,
1507.571, Bid:,5,60,1,86,1,87,1,107,1,189,1,Ask:,2,300,1,352,1,
1507.857, Bid:,4,60,1,86,1,87,1,107,1,Ask:,2,300,1,352,1,
1508.143, Bid:,4,60,1,86,1,87,1,107,1,Ask:,3,210,1,300,1,352,1,
1508.571, Bid:,4,60,1,86,1,87,1,107,1,Ask:,2,300,1,352,1,
1510.143, Bid:,4,60,1,86,1,87,1,107,1,Ask:,3,300,1,352,1,439,1,
1511.143, Bid:,4,60,1,86,1,87,1,107,1,Ask:,4,128,1,300,1,352,1,439,1,
1512.571, Bid:,4,60,1,86,1,87,1,107,1,Ask:,3,300,1,352,1,439,1,
1512.714, Bid:,3,60,1,86,1,87,1,Ask:,2,300,1,439,1,
1512.857, Bid:,3,60,1,86,1,92,1,Ask:,2,300,1,439,1,
1513.000, Bid:,3,60,1,86,1,92,1,Ask:,1,439,1,
1513.143, Bid:,4,60,1,86,1,92,1,227,1,Ask:,1,439,1,
1513.571, Bid:,5,60,1,86,1,92,1,129,1,227,1,Ask:,1,439,1,
1514.000, Bid:,6,60,1,86,1,92,1,129,1,200,1,227,1,Ask:,1,439,1,
1514.286, Bid:,7,60,1,86,1,92,1,127,1,129,1,200,1,227,1,Ask:,1,439,1,
1514.429, Bid:,7,60,1,92,1,127,1,129,1,200,1,227,1,307,1,Ask:,1,439,1,
1515.286, Bid:,7,60,1,127,1,129,1,192,1,200,1,227,1,307,1,Ask:,1,439,1,
1529.000, Bid:,7,51,1,127,1,129,1,192,1,200,1,227,1,307,1,Ask:,1,439,1,
1530.143, Bid:,6,51,1,127,1,129,1,192,1,200,1,227,1,Ask:,1,439,1,
1530.286, Bid:,6,51,1,127,1,129,1,192,1,200,1,258,1,Ask:,1,439,1,
1532.000, Bid:,7,51,1,127,1,129,1,192,1,200,1,258,1,318,1,Ask:,1,439,1,
1542.143, Bid:,6,51,1,127,1,129,1,192,1,200,1,258,1,Ask:,1,439,1,
1542.286, Bid:,6,51,1,121,1,127,1,129,1,192,1,258,1,Ask:,1,439,1,
1542.714, Bid:,5,51,1,121,1,127,1,129,1,192,1,Ask:,1,439,1,
1543.000, Bid:,6,51,1,121,1,126,1,127,1,129,1,192,1,Ask:,1,439,1,
1543.286, Bid:,6,51,1,98,1,121,1,126,1,127,1,129,1,Ask:,1,439,1,
1543.714, Bid:,5,51,1,98,1,121,1,126,1,127,1,Ask:,1,439,1,
1544.143, Bid:,5,51,1,98,1,121,1,126,1,127,1,Ask:,2,438,1,439,1,
1553.857, Bid:,5,57,1,98,1,121,1,126,1,127,1,Ask:,2,438,1,439,1,
1566.286, Bid:,4,57,1,98,1,121,1,126,1,Ask:,1,439,1,
1566.571, Bid:,4,57,1,98,1,121,1,126,1,Ask:,2,376,1,439,1,
1567.143, Bid:,5,57,1,98,1,121,1,126,1,361,1,Ask:,2,376,1,439,1,
1567.286, Bid:,5,57,1,110,1,121,1,126,1,361,1,Ask:,2,376,1,439,1,
1568.429, Bid:,4,57,1,110,1,121,1,126,1,Ask:,2,376,1,439,1,
1569.857, Bid:,4,57,1,110,1,121,1,126,1,Ask:,2,226,1,376,1,
1570.000, Bid:,4,57,1,110,1,121,1,126,1,Ask:,3,147,1,226,1,376,1,
1570.429, Bid:,4,57,1,110,1,121,1,126,1,Ask:,2,226,1,376,1,
1570.571, Bid:,4,41,1,57,1,110,1,121,1,Ask:,2,226,1,376,1,
1573.429, Bid:,5,41,1,57,1,110,1,121,1,125,1,Ask:,2,226,1,376,1,
1574.857, Bid:,4,41,1,57,1,110,1,121,1,Ask:,2,226,1,376,1,
1575.143, Bid:,4,41,1,57,1,110,1,121,1,Ask:,2,376,1,413,1,
1576.714, Bid:,3,41,1,57,1,110,1,Ask:,1,413,1,
1576.857, Bid:,3,41,1,57,1,110,1,Ask:,2,413,1,487,1,
1577.714, Bid:,2,41,1,57,1,Ask:,2,413,1,487,1,
1578.429, Bid:,2,41,1,57,1,Ask:,3,339,1,413,1,487,1,
1578.571, Bid:,3,41,1,57,1,327,1,Ask:,3,339,1,413,1,487,1,
1578.714, Bid:,2,41,1,57,1,Ask:,3,339,1,413,1,487,1,
1580.429, Bid:,2,41,1,57,1,Ask:,4,205,1,339,1,413,1,487,1,
1580.857, Bid:,2,41,1,57,1,Ask:,3,339,1,413,1,487,1,
1582.714, Bid:,2,41,1,57,1,Ask:,2,413,1,487,1,
1583.857, Bid:,2,41,1,57,1,Ask:,3,408,1,413,1,487,1,
1584.857, Bid:,2,41,1,57,1,Ask:,2,413,1,487,1,
1585.000, Bid:,3,41,1,57,1,247,1,Ask:,2,413,1,487,1,
1585.429, Bid:,4,41,1,57,1,109,1,247,1,Ask:,2,413,1,487,1,
1585.714, Bid:,3,41,1,57,1,109,1,Ask:,2,413,1,487,1,
1586.429, Bid:,4,41,1,57,1,83,1,109,1,Ask:,2,413,1,487,1,
1590.571, Bid:,5,41,1,57,1,83,1,109,1,144,1,Ask:,2,413,1,487,1,
1595.714, Bid:,5,41,1,73,1,83,1,109,1,144,1,Ask:,2,413,1,487,1,
1597.571, Bid:,4,41,1,73,1,83,1,109,1,Ask:,2,413,1,487,1,
1598.143, Bid:,4,55,1,73,1,83,1,109,1,Ask:,2,413,1,487,1,
1599.000, Bid:,4,55,1,73,1,83,1,109,1,Ask:,1,487,1,
1599.143, Bid:,5,55,1,73,1,83,1,109,1,256,1,Ask:,1,487,1,
1604.429, Bid:,4,55,1,73,1,83,1,109,1,Ask:,0,
1604.714, Bid:,4,55,1,73,1,83,1,109,1,Ask:,1,357,1,
1604.857, Bid:,4,55,1,73,1,83,1,91,1,Ask:,1,357,1,
1605.286, Bid:,3,55,1,73,1,83,1,Ask:,1,357,1,
1605.429, Bid:,3,55,1,73,1,83,1,Ask:,2,357,1,386,1,
1605.714, Bid:,3,55,1,73,1,83,1,Ask:,1,386,1,
1606.000, Bid:,3,55,1,73,1,83,1,Ask:,2,336,1,386,1,
1606.286, Bid:,4,55,1,73,1,83,1,227,1,Ask:,2,336,1,386,1,
1615.714, Bid:,3,55,1,73,1,83,1,Ask:,2,336,1,386,1,
1616.143, Bid:,3,55,1,73,1,83,1,Ask:,3,189,1,336,1,386,1,
1617.429, Bid:,4,12,1,55,1,73,1,83,1,Ask:,3,189,1,336,1,386,1,
1618.714, Bid:,4,12,1,55,1,73,1,83,1,Ask:,2,336,1,386,1,
1619.143, Bid:,3,12,1,55,1,73,1,Ask:,2,336,1,386,1,
1619.286, Bid:,3,12,1,55,1,73,1,Ask:,3,153,1,336,1,386,1,
1620.143, Bid:,2,12,1,73,1,Ask:,2,336,1,386,1,
1620.429, Bid:,3,12,1,73,1,202,1,Ask:,2,336,1,386,1,
1620.714, Bid:,2,12,1,73,1,Ask:,2,336,1,386,1,
1621.429, Bid:,3,12,1,73,1,266,1,Ask:,2,336,1,386,1,
1622.000, Bid:,3,12,1,73,1,266,1,Ask:,1,386,1,
1622.429, Bid:,4,12,1,73,1,93,1,266,1,Ask:,1,386,1,
1623.714, Bid:,5,12,1,21,1,73,1,93,1,266,1,Ask:,1,386,1,
1633.143, Bid:,5,12,1,21,1,43,1,93,1,266,1,Ask:,1,386,1,
1634.571, Bid:,5,12,1,43,1,93,1,151,1,266,1,Ask:,1,386,1,
1635.286, Bid:,4,12,1,43,1,93,1,151,1,Ask:,1,386,1,
1636.000, Bid:,4,43,1,93,1,151,1,351,1,Ask:,1,386,1,
1636.286, Bid:,5,43,1,93,1,151,1,169,1,351,1,Ask:,1,386,1,
1647.571, Bid:,4,43,1,93,1,151,1,169,1,Ask:,1,386,1,
1648.857, Bid:,3,43,1,93,1,151,1,Ask:,1,386,1,
1649.000, Bid:,4,43,1,93,1,151,1,157,1,Ask:,1,386,1,
1651.429, Bid:,5,43,1,44,1,93,1,151,1,157,1,Ask:,1,386,1,
1652.000, Bid:,4,43,1,44,1,93,1,151,1,Ask:,1,386,1,
1652.571, Bid:,5,43,1,44,1,93,1,151,1,246,1,Ask:,1,386,1,
1658.714, Bid:,5,44,1,74,1,93,1,151,1,246,1,Ask:,1,386,1,
1664.143, Bid:,5,44,1,74,1,93,1,124,1,246,1,Ask:,1,386,1,
1664.286, Bid:,5,44,1,74,1,93,2,124,1,246,1,Ask:,1,386,1,
1664.571, Bid:,4,44,1,74,1,93,2,124,1,Ask:,1,386,1,
1664.714, Bid:,4,44,1,74,1,93,2,142,1,Ask:,1,386,1,
1665.000, Bid:,4,44,1,74,1,93,2,142,1,Ask:,2,192,1,386,1,
1665.714, Bid:,3,44,1,74,1,93,2,Ask:,2,192,1,386,1,
1665.857, Bid:,3,44,1,74,1,93,2,Ask:,1,386,1,
1666.000, Bid:,4,44,1,74,1,93,2,225,1,Ask:,1,386,1,
1666.143, Bid:,3,44,1,74,1,93,2,Ask:,1,386,1,
1666.429, Bid:,3,44,1,74,1,93,1,Ask:,1,386,1,
1666.571, Bid:,4,44,1,57,1,74,1,93,1,Ask:,1,386,1,
1667.286, Bid:,4,44,1,57,1,74,1,93,1,Ask:,2,381,1,386,1,
1667.857, Bid:,4,44,1,57,1,74,1,93,1,Ask:,1,386,1,
1668.000, Bid:,3,44,1,57,1,74,1,Ask:,1,386,1,
1668.143, Bid:,3,44,1,57,1,74,1,Ask:,2,282,1,386,1,
1668.429, Bid:,3,44,1,57,1,74,1,Ask:,3,199,1,282,1,386,1,
1668.571, Bid:,4,44,1,57,1,74,1,167,1,Ask:,3,199,1,282,1,386,1,
1669.286, Bid:,3,44,1,57,1,74,1,Ask:,3,199,1,282,1,386,1,
1670.000, Bid:,4,44,1,57,1,74,1,177,1,Ask:,3,199,1,282,1,386,1,
1670.143, Bid:,3,57,1,74,1,177,1,Ask:,2,282,1,386,1,
1670.286, Bid:,4,27,1,57,1,74,1,177,1,Ask:,2,282,1,386,1,
1671.000, Bid:,5,27,1,57,1,74,1,177,1,223,1,Ask:,2,282,1,386,1,
1683.429, Bid:,5,27,1,51,1,57,1,177,1,223,1,Ask:,2,282,1,386,1,
1689.429, Bid:,4,27,1,51,1,57,1,177,1,Ask:,1,386,1,
1690.286, Bid:,5,22,1,27,1,51,1,57,1,177,1,Ask:,1,386,1,
1691.286, Bid:,6,22,1,27,1,39,1,51,1,57,1,177,1,Ask:,1,386,1,
1694.857, Bid:,5,22,1,27,1,39,1,51,1,57,1,Ask:,1,386,1,
1695.000, Bid:,5,22,1,27,1,39,1,51,1,57,1,Ask:,1,254,1,
1695.143, Bid:,5,22,1,39,1,51,1,57,1,85,1,Ask:,1,254,1,
1699.714, Bid:,5,22,1,39,1,51,1,57,1,85,1,Ask:,2,156,1,254,1,
1702.000, Bid:,5,22,1,39,1,51,1,57,1,85,1,Ask:,1,254,1,
1702.429, Bid:,4,22,1,39,1,51,1,57,1,Ask:,0,
1702.571, Bid:,5,1,1,22,1,39,1,51,1,57,1,Ask:,0,
1702.714, Bid:,5,1,1,22,1,39,1,51,1,57,1,Ask:,1,324,1,
1711.857, Bid:,5,22,1,39,1,51,1,57,1,110,1,Ask:,1,324,1,
1717.000, Bid:,4,22,1,39,1,51,1,57,1,Ask:,1,324,1,
1717.143, Bid:,5,22,1,39,1,51,1,57,1,309,1,Ask:,1,324,1,
1718.000, Bid:,4,22,1,39,1,51,1,57,1,Ask:,1,324,1,
1718.857, Bid:,4,22,1,39,1,51,1,57,1,Ask:,0,
1719.286, Bid:,5,22,1,39,1,51,1,57,1,406,1,Ask:,0,
1719.857, Bid:,5,22,1,39,1,51,1,57,1,406,1,Ask:,1,437,1,
1720.000, Bid:,6,22,1,39,1,51,1,57,1,104,1,406,1,Ask:,1,437,1,
1721.857, Bid:,6,22,1,39,1,44,1,57,1,104,1,406,1,Ask:,1,437,1,
1724.857, Bid:,6,22,1,39,1,44,1,104,1,146,1,406,1,Ask:,1,437,1,
1725.714, Bid:,5,22,1,39,1,44,1,104,1,146,1,Ask:,1,437,1,
1726.286, Bid:,4,22,1,39,1,44,1,104,1,Ask:,1,437,1,
1726.714, Bid:,4,22,1,39,1,44,1,104,1,Ask:,2,179,1,437,1,
1727.143, Bid:,4,22,1,39,1,44,1,104,1,Ask:,3,179,1,437,1,478,1,
1727.429, Bid:,4,22,1,39,1,44,1,104,1,Ask:,2,437,1,478,1,
1728.429, Bid:,5,22,1,39,1,44,1,104,1,164,1,Ask:,2,437,1,478,1,
1730.429, Bid:,6,22,1,39,1,44,1,47,1,104,1,164,1,Ask:,2,437,1,478,1,
1732.857, Bid:,6,22,1,39,1,44,1,47,1,104,1,111,1,Ask:,2,437,1,478,1,
1742.429, Bid:,5,22,1,39,1,44,1,47,1,104,1,Ask:,1,437,1,
1743.000, Bid:,4,22,1,39,1,44,1,47,1,Ask:,1,437,1,
1743.143, Bid:,5,22,1,39,1,44,1,47,1,340,1,Ask:,1,437,1,
1743.571, Bid:,5,16,1,22,1,44,1,47,1,340,1,Ask:,1,437,1,
1743.714, Bid:,4,16,1,22,1,44,1,47,1,Ask:,1,437,1,
1744.000, Bid:,5,7,1,16,1,22,1,44,1,47,1,Ask:,1,437,1,
1744.286, Bid:,5,7,1,16,1,22,1,44,1,47,1,Ask:,2,186,1,437,1,
1745.286, Bid:,5,7,1,16,1,22,1,44,1,47,1,Ask:,1,437,1,
1745.571, Bid:,5,7,1,16,1,22,1,44,1,47,1,Ask:,2,241,1,437,1,
1746.000, Bid:,5,7,1,16,1,22,1,44,1,130,1,Ask:,2,241,1,437,1,
1755.571, Bid:,4,7,1,16,1,22,1,44,1,Ask:,1,241,1,
1756.000, Bid:,4,7,1,16,1,22,1,47,1,Ask:,1,241,1,
1756.286, Bid:,4,7,1,16,1,22,1,47,1,Ask:,0,
1756.429, Bid:,4,7,1,16,1,47,1,289,1,Ask:,0,
1757.143, Bid:,5,7,1,16,1,47,1,289,1,484,1,Ask:,0,
1758.286, Bid:,5,16,1,47,1,103,1,289,1,484,1,Ask:,0,
1758.857, Bid:,5,16,1,47,1,103,1,289,1,484,1,Ask:,1,499,1,
1770.000, Bid:,5,16,1,47,1,103,1,158,1,289,1,Ask:,1,499,1,
1776.000, Bid:,4,16,1,47,1,103,1,158,1,Ask:,0,
1776.571, Bid:,4,16,1,47,1,103,1,158,1,Ask:,1,192,1,
1776.857, Bid:,4,16,1,47,1,103,1,158,1,Ask:,2,192,1,260,1,
1778.143, Bid:,4,16,1,47,1,103,1,158,1,Ask:,1,260,1,
1778.714, Bid:,5,16,1,47,1,80,1,103,1,158,1,Ask:,1,260,1,
1781.857, Bid:,4,16,1,47,1,80,1,103,1,Ask:,1,260,1,
1782.714, Bid:,3,16,1,47,1,80,1,Ask:,1,260,1,
1782.857, Bid:,2,16,1,47,1,Ask:,1,260,1,
1783.000, Bid:,2,16,1,47,1,Ask:,2,260,1,310,1,
1783.143, Bid:,1,47,1,Ask:,1,310,1,
1783.286, Bid:,1,47,1,Ask:,2,59,1,310,1,
1783.571, Bid:,1,47,1,Ask:,1,310,1,
1783.714, Bid:,1,47,1,Ask:,2,75,1,310,1,
1783.857, Bid:,1,47,1,Ask:,1,310,1,
1784.000, Bid:,2,47,1,308,1,Ask:,1,310,1,
1784.143, Bid:,1,47,1,Ask:,1,310,1,
1784.286, Bid:,1,47,1,Ask:,0,
1784.571, Bid:,1,47,1,Ask:,1,243,1,
1784.714, Bid:,2,47,1,109,1,Ask:,1,243,1,
1785.286, Bid:,2,47,1,109,1,Ask:,2,139,1,243,1,
1785.714, Bid:,2,47,1,109,1,Ask:,3,139,1,243,1,244,1,
1785.857, Bid:,2,47,1,109,1,Ask:,4,118,1,139,1,243,1,244,1,
1786.143, Bid:,2,47,1,109,1,Ask:,3,139,1,243,1,244,1,
1787.000, Bid:,2,47,1,109,1,Ask:,4,139,1,243,1,244,1,422,1,
1787.143, Bid:,2,44,1,109,1,Ask:,4,139,1,243,1,244,1,422,1,
1797.429, Bid:,2,44,1,109,1,Ask:,4,130,1,243,1,244,1,422,1,
1799.429, Bid:,2,59,1,109,1,Ask:,4,130,1,243,1,244,1,422,1,
1809.714, Bid:,2,59,1,109,1,Ask:,3,243,1,244,1,422,1,
1810.286, Bid:,2,59,1,109,1,Ask:,3,244,1,422,1,451,1,
1810.429, Bid:,2,59,1,109,1,Ask:,4,158,1,244,1,422,1,451,1,
1811.429, Bid:,1,59,1,Ask:,3,158,1,422,1,451,1,
1812.000, Bid:,1,59,1,Ask:,4,158,1,422,1,431,1,451,1,
1813.429, Bid:,1,59,1,Ask:,3,422,1,431,1,451,1,
1813.571, Bid:,2,59,1,316,1,Ask:,3,422,1,431,1,451,1,
1813.714, Bid:,2,59,1,316,1,Ask:,4,422,1,425,1,431,1,451,1,
1814.000, Bid:,1,59,1,Ask:,4,422,1,425,1,431,1,451,1,
1814.286, Bid:,1,59,1,Ask:,3,425,1,431,1,451,1,
1814.571, Bid:,2,59,1,207,1,Ask:,3,425,1,431,1,451,1,
1814.857, Bid:,3,59,1,207,1,224,1,Ask:,3,425,1,431,1,451,1,
1815.571, Bid:,4,59,1,108,1,207,1,224,1,Ask:,3,425,1,431,1,451,1,
1815.714, Bid:,3,59,1,108,1,207,1,Ask:,3,425,1,431,1,451,1,
1818.143, Bid:,2,59,1,108,1,Ask:,3,425,1,431,1,451,1,
1819.143, Bid:,2,59,1,108,1,Ask:,4,338,1,425,1,431,1,451,1,
1820.286, Bid:,3,57,1,59,1,108,1,Ask:,4,338,1,425,1,431,1,451,1,
1822.714, Bid:,3,57,1,60,1,108,1,Ask:,4,338,1,425,1,431,1,451,1,
1831.571, Bid:,3,57,1,60,1,93,1,Ask:,4,338,1,425,1,431,1,451,1,
1832.000, Bid:,2,57,1,60,1,Ask:,3,425,1,431,1,451,1,
1832.143, Bid:,3,57,1,60,1,179,1,Ask:,3,425,1,431,1,451,1,
1832.857, Bid:,3,57,1,60,1,179,1,Ask:,4,224,1,425,1,431,1,451,1,
1834.000, Bid:,3,57,1,60,1,179,1,Ask:,3,425,1,431,1,451,1,
1834.429, Bid:,4,57,1,60,1,179,1,299,1,Ask:,3,425,1,431,1,451,1,
1834.571, Bid:,3,57,1,60,1,179,1,Ask:,3,425,1,431,1,451,1,
1835.714, Bid:,3,57,1,60,1,179,1,Ask:,4,425,1,431,1,451,1,453,1,
1846.286, Bid:,4,57,1,60,1,125,1,179,1,Ask:,4,425,1,431,1,451,1,453,1,
1847.429, Bid:,3,57,1,60,1,125,1,Ask:,3,431,1,451,1,453,1,
1848.429, Bid:,2,57,1,60,1,Ask:,2,451,1,453,1,
1849.000, Bid:,3,36,1,57,1,60,1,Ask:,2,451,1,453,1,
1849.857, Bid:,3,36,1,57,1,60,1,Ask:,3,141,1,451,1,453,1,
1850.143, Bid:,3,36,1,57,1,60,1,Ask:,2,451,1,453,1,
1851.857, Bid:,3,36,1,57,1,60,1,Ask:,3,253,1,451,1,453,1,
1853.143, Bid:,4,36,1,57,1,60,1,100,1,Ask:,3,253,1,451,1,453,1,
1854.286, Bid:,4,36,1,57,1,60,1,100,1,Ask:,3,148,1,451,1,453,1,
1855.857, Bid:,3,36,1,57,1,60,1,Ask:,3,148,1,451,1,453,1,
1858.000, Bid:,3,36,1,57,1,60,1,Ask:,4,139,1,148,1,451,1,453,1,
1858.286, Bid:,3,36,1,57,1,60,1,Ask:,3,148,1,451,1,453,1,
1858.714, Bid:,3,36,1,57,1,60,1,Ask:,4,148,1,442,1,451,1,453,1,
1859.143, Bid:,3,36,1,57,1,60,1,Ask:,5,148,1,327,1,442,1,451,1,453,1,
1861.571, Bid:,3,36,1,57,1,67,1,Ask:,5,148,1,327,1,442,1,451,1,453,1,
1876.143, Bid:,3,57,1,67,1,140,1,Ask:,5,148,1,327,1,442,1,451,1,453,1,
1878.286, Bid:,2,57,1,67,1,Ask:,4,148,1,327,1,442,1,451,1,
1878.429, Bid:,1,57,1,Ask:,4,148,1,327,1,442,1,451,1,
1879.143, Bid:,1,57,1,Ask:,4,106,1,148,1,327,1,442,1,
1880.714, Bid:,2,57,1,95,1,Ask:,4,106,1,148,1,327,1,442,1,
1881.286, Bid:,2,57,1,95,1,Ask:,5,106,1,148,1,327,1,437,1,442,1,
1889.857, Bid:,1,57,1,Ask:,4,106,1,148,1,437,1,442,1,
1890.857, Bid:,1,57,1,Ask:,5,106,1,148,1,155,1,437,1,442,1,
1891.286, Bid:,1,57,1,Ask:,6,58,1,106,1,148,1,155,1,437,1,442,1,
1892.286, Bid:,1,57,1,Ask:,5,106,1,148,1,155,1,437,1,442,1,
1892.714, Bid:,1,57,1,Ask:,4,148,1,155,1,437,1,442,1,
1893.143, Bid:,1,57,1,Ask:,4,148,1,155,1,185,1,437,1,
1894.286, Bid:,1,57,1,Ask:,5,148,1,155,1,185,1,437,1,491,1,
1894.429, Bid:,1,136,1,Ask:,5,148,1,155,1,185,1,437,1,491,1,
1898.571, Bid:,0,Ask:,4,155,1,185,1,437,1,491,1,
1899.000, Bid:,0,Ask:,3,185,1,437,1,491,1,
1899.286, Bid:,1,156,1,Ask:,3,185,1,437,1,491,1,
1899.714, Bid:,0,Ask:,3,185,1,437,1,491,1,
1900.000, Bid:,1,145,1,Ask:,3,185,1,437,1,491,1,
1900.143, Bid:,1,145,1,Ask:,4,148,1,185,1,437,1,491,1,
1900.286, Bid:,2,28,1,145,1,Ask:,4,148,1,185,1,437,1,491,1,
1901.143, Bid:,3,26,1,28,1,145,1,Ask:,4,148,1,185,1,437,1,491,1,
1906.857, Bid:,2,26,1,28,1,Ask:,3,148,1,185,1,491,1,
1907.857, Bid:,2,26,1,28,1,Ask:,4,148,1,185,1,219,1,491,1,
1908.571, Bid:,2,26,1,28,1,Ask:,3,185,1,219,1,491,1,
1909.000, Bid:,2,26,1,28,1,Ask:,2,219,1,491,1,
1909.429, Bid:,2,26,1,28,1,Ask:,3,66,1,219,1,491,1,
1910.143, Bid:,2,26,1,28,1,Ask:,4,65,1,66,1,219,1,491,1,
1910.857, Bid:,2,26,1,28,1,Ask:,3,66,1,219,1,491,1,
1911.714, Bid:,3,26,1,28,1,29,1,Ask:,3,66,1,219,1,491,1,
1915.000, Bid:,3,26,1,28,1,56,1,Ask:,3,66,1,219,1,491,1,
1926.000, Bid:,3,26,1,28,1,56,1,Ask:,3,64,1,66,1,491,1,
1935.000, Bid:,3,26,1,28,1,56,1,Ask:,4,64,1,66,1,107,1,491,1,
1937.000, Bid:,3,26,1,28,1,56,1,Ask:,5,64,1,66,1,107,1,126,1,491,1,
1937.714, Bid:,3,26,1,28,1,56,1,Ask:,4,66,1,107,1,126,1,491,1,
1938.000, Bid:,3,26,1,28,1,56,1,Ask:,3,107,1,126,1,491,1,
1938.714, Bid:,3,26,1,28,1,56,1,Ask:,2,126,1,491,1,
1938.857, Bid:,3,26,1,28,1,56,1,Ask:,3,126,1,387,1,491,1,
1939.000, Bid:,4,26,1,28,1,32,1,56,1,Ask:,3,126,1,387,1,491,1,
1939.143, Bid:,4,26,1,28,1,32,1,56,1,Ask:,4,59,1,126,1,387,1,491,1,
1940.143, Bid:,4,26,1,28,1,32,1,56,1,Ask:,3,126,1,387,1,491,1,
1940.429, Bid:,4,26,1,28,1,32,1,56,1,Ask:,2,387,1,491,1,
1941.000, Bid:,4,28,1,32,1,56,1,101,1,Ask:,2,387,1,491,1,
1941.143, Bid:,4,28,1,32,1,56,1,101,1,Ask:,2,225,1,387,1,
1942.286, Bid:,3,28,1,32,1,56,1,Ask:,2,225,1,387,1,
1942.429, Bid:,3,32,1,45,1,56,1,Ask:,2,225,1,387,1,
1942.857, Bid:,4,32,1,45,1,56,1,105,1,Ask:,2,225,1,387,1,
1958.571, Bid:,3,32,1,45,1,56,1,Ask:,2,225,1,387,1,
1958.714, Bid:,3,32,1,56,1,178,1,Ask:,2,225,1,387,1,
1959.286, Bid:,3,32,1,56,1,178,1,Ask:,1,387,1,
1959.857, Bid:,4,32,1,54,1,56,1,178,1,Ask:,1,387,1,
1960.571, Bid:,3,32,1,54,1,56,1,Ask:,1,387,1,
1962.714, Bid:,3,32,1,54,1,56,1,Ask:,2,350,1,387,1,
1962.857, Bid:,4,32,1,54,1,56,1,283,1,Ask:,2,350,1,387,1,
1967.000, Bid:,3,32,1,54,1,56,1,Ask:,2,350,1,387,1,
1967.143, Bid:,3,32,1,54,1,56,1,Ask:,3,337,1,350,1,387,1,
1967.286, Bid:,3,32,1,48,1,54,1,Ask:,3,337,1,350,1,387,1,
1967.429, Bid:,4,32,1,40,1,48,1,54,1,Ask:,3,337,1,350,1,387,1,
1969.000, Bid:,4,32,1,40,1,48,1,54,1,Ask:,3,58,1,350,1,387,1,
1969.571, Bid:,4,32,1,40,1,48,1,54,1,Ask:,2,350,1,387,1,
1971.714, Bid:,4,32,1,40,1,48,1,54,1,Ask:,3,144,1,350,1,387,1,
1978.571, Bid:,5,32,1,40,1,48,1,54,1,83,1,Ask:,3,144,1,350,1,387,1,
1980.286, Bid:,4,32,1,40,1,48,1,54,1,Ask:,3,144,1,350,1,387,1,
1980.857, Bid:,4,32,1,40,1,48,1,54,1,Ask:,2,350,1,387,1,
1981.857, Bid:,5,32,1,40,1,48,1,54,1,175,1,Ask:,2,350,1,387,1,
1982.143, Bid:,4,32,1,40,1,48,1,54,1,Ask:,2,350,1,387,1,
1982.429, Bid:,4,32,1,40,1,48,1,54,1,Ask:,3,350,1,387,1,401,1,
1985.571, Bid:,4,32,1,40,1,48,1,54,1,Ask:,3,240,1,350,1,401,1,
1988.000, Bid:,4,32,1,40,1,54,1,55,1,Ask:,3,240,1,350,1,401,1,
1988.714, Bid:,4,32,1,40,1,54,1,55,1,Ask:,4,158,1,240,1,350,1,401,1,
1997.429, Bid:,4,32,1,40,1,54,1,55,1,Ask:,4,88,1,158,1,240,1,401,1,
1997.857, Bid:,4,32,1,40,1,54,1,55,1,Ask:,4,86,1,158,1,240,1,401,1,
1998.429, Bid:,3,32,1,40,1,55,1,Ask:,3,158,1,240,1,401,1,
1998.571, Bid:,3,32,1,40,1,55,1,Ask:,4,158,1,240,1,401,1,425,1,
1998.714, Bid:,4,32,1,40,1,55,1,87,1,Ask:,4,158,1,240,1,401,1,425,1,
1999.571, Bid:,5,13,1,32,1,40,1,55,1,87,1,Ask:,4,158,1,240,1,401,1,425,1,
2002.000, Bid:,6,13,1,32,1,40,1,55,1,87,1,96,1,Ask:,4,158,1,240,1,401,1,425,1,
2013.571, Bid:,5,13,1,32,1,40,1,55,1,87,1,Ask:,3,158,1,240,1,425,1,
2013.857, Bid:,5,13,1,32,1,40,1,55,1,87,1,Ask:,3,158,1,403,1,425,1,
2014.000, Bid:,4,13,1,40,1,55,1,87,1,Ask:,2,403,1,425,1,
2015.000, Bid:,5,13,1,40,1,55,1,87,1,311,1,Ask:,2,403,1,425,1,
2017.000, Bid:,4,13,1,55,1,87,1,311,1,Ask:,1,425,1,
2017.143, Bid:,3,13,1,55,1,87,1,Ask:,1,425,1,
2017.286, Bid:,4,13,1,55,1,87,1,215,1,Ask:,1,425,1,
2017.429, Bid:,4,55,1,87,1,136,1,215,1,Ask:,1,425,1,
2017.857, Bid:,4,55,1,87,1,136,1,215,1,Ask:,2,381,1,425,1,
2018.714, Bid:,5,55,1,87,1,136,1,215,1,354,1,Ask:,2,381,1,425,1,
2027.857, Bid:,5,43,1,87,1,136,1,215,1,354,1,Ask:,2,381,1,425,1,
2028.143, Bid:,4,43,1,87,1,136,1,215,1,Ask:,1,425,1,
2028.286, Bid:,5,43,1,87,1,136,1,215,1,221,1,Ask:,1,425,1,
2030.143, Bid:,4,43,1,87,1,136,1,215,1,Ask:,1,425,1,
2031.286, Bid:,3,43,1,87,1,136,1,Ask:,1,425,1,
2031.571, Bid:,4,15,1,43,1,87,1,136,1,Ask:,1,425,1,
2032.714, Bid:,5,15,1,43,1,87,1,136,1,190,1,Ask:,1,425,1,
2033.429, Bid:,5,15,1,43,1,87,1,136,1,190,1,Ask:,2,267,1,425,1,
2033.714, Bid:,4,15,1,43,1,136,1,190,1,Ask:,1,425,1,
2034.286, Bid:,5,15,1,43,1,136,1,190,1,228,1,Ask:,1,425,1,
2039.286, Bid:,4,15,1,43,1,136,1,190,1,Ask:,1,425,1,
2039.571, Bid:,3,15,1,43,1,136,1,Ask:,1,425,1,
2040.000, Bid:,3,15,1,43,1,136,1,Ask:,0,
2040.143, Bid:,4,15,1,43,1,126,1,136,1,Ask:,0,
2040.429, Bid:,4,15,1,43,1,126,1,136,1,Ask:,1,447,1,
2041.000, Bid:,4,15,1,43,1,126,1,156,1,Ask:,1,447,1,
2041.143, Bid:,5,15,1,43,1,126,1,156,1,249,1,Ask:,1,447,1,
2044.143, Bid:,5,43,1,83,1,126,1,156,1,249,1,Ask:,1,447,1,
2050.286, Bid:,4,43,1,83,1,126,1,156,1,Ask:,1,447,1,
2050.429, Bid:,5,43,1,83,1,91,1,126,1,156,1,Ask:,1,447,1,
2050.857, Bid:,5,43,1,83,1,91,1,156,1,178,1,Ask:,1,447,1,
2057.857, Bid:,4,43,1,83,1,91,1,156,1,Ask:,0,
2058.286, Bid:,5,43,1,81,1,83,1,91,1,156,1,Ask:,0,
2059.000, Bid:,4,43,1,81,1,83,1,91,1,Ask:,0,
2059.286, Bid:,5,43,1,81,1,83,1,91,1,467,1,Ask:,0,
2060.143, Bid:,6,43,1,81,1,83,1,91,1,467,1,482,1,Ask:,0,
2060.286, Bid:,6,61,1,81,1,83,1,91,1,467,1,482,1,Ask:,0,
2060.571, Bid:,5,61,1,81,1,83,1,91,1,467,1,Ask:,0,
2062.000, Bid:,5,61,1,81,1,91,1,118,1,467,1,Ask:,0,
2062.714, Bid:,6,18,1,61,1,81,1,91,1,118,1,467,1,Ask:,0,
2071.429, Bid:,5,18,1,61,1,81,1,91,1,118,1,Ask:,0,
2071.571, Bid:,5,18,1,61,1,81,1,91,1,118,1,Ask:,1,146,1,
2071.857, Bid:,4,18,1,61,1,91,1,118,1,Ask:,0,
2072.571, Bid:,5,18,1,61,1,91,1,118,1,232,1,Ask:,0,
2072.857, Bid:,6,18,1,61,1,91,1,118,1,204,1,232,1,Ask:,0,
2073.000, Bid:,7,18,1,61,1,91,1,118,1,147,1,204,1,232,1,Ask:,0,
2083.429, Bid:,7,18,1,48,1,91,1,118,1,147,1,204,1,232,1,Ask:,0,
2087.857, Bid:,6,18,1,48,1,91,1,118,1,147,1,204,1,Ask:,0,
2088.000, Bid:,7,18,1,48,1,85,1,91,1,118,1,147,1,204,1,Ask:,0,
2088.571, Bid:,7,18,1,48,1,85,1,118,1,147,1,163,1,204,1,Ask:,0,
2088.857, Bid:,7,18,1,48,1,85,1,103,1,147,1,163,1,204,1,Ask:,0,
2089.286, Bid:,7,18,1,79,1,85,1,103,1,147,1,163,1,204,1,Ask:,0,
2105.143, Bid:,6,18,1,79,1,85,1,103,1,147,1,163,1,Ask:,0,
2105.857, Bid:,6,18,1,79,1,85,1,103,1,147,1,163,1,Ask:,1,272,1,
2106.286, Bid:,5,18,1,79,1,85,1,103,1,163,1,Ask:,0,
2106.714, Bid:,5,18,1,79,1,85,1,103,1,163,1,Ask:,1,365,1,
2107.286, Bid:,4,18,1,79,1,85,1,103,1,Ask:,1,365,1,
2107.429, Bid:,4,18,1,79,1,85,1,103,1,Ask:,2,356,1,365,1,
2108.143, Bid:,4,18,1,79,1,85,1,103,1,Ask:,3,334,1,356,1,365,1,
2118.571, Bid:,4,18,1,79,1,103,1,156,1,Ask:,3,334,1,356,1,365,1,
2119.286, Bid:,4,18,1,79,1,103,1,127,1,Ask:,3,334,1,356,1,365,1,
2119.571, Bid:,4,18,1,45,1,103,1,127,1,Ask:,3,334,1,356,1,365,1,
2119.714, Bid:,4,18,1,45,1,103,1,127,1,Ask:,3,141,1,334,1,356,1,
2119.857, Bid:,3,18,1,45,1,103,1,Ask:,2,141,1,334,1,
2120.000, Bid:,4,18,1,34,1,45,1,103,1,Ask:,2,141,1,334,1,
2121.000, Bid:,5,18,1,34,1,45,1,89,1,103,1,Ask:,2,141,1,334,1,
2147.571, Bid:,4,18,1,34,1,45,1,89,1,Ask:,1,141,1,
2148.143, Bid:,3,18,1,34,1,45,1,Ask:,1,141,1,
2148.429, Bid:,3,18,1,34,1,45,1,Ask:,0,
2148.571, Bid:,3,18,1,34,1,45,1,Ask:,1,203,1,
2148.714, Bid:,4,18,1,34,1,45,1,106,1,Ask:,1,203,1,
2148.857, Bid:,3,18,1,45,1,106,1,Ask:,0,
2149.429, Bid:,2,18,1,45,1,Ask:,0,
2149.571, Bid:,3,18,1,45,1,440,1,Ask:,0,
2149.857, Bid:,4,18,1,45,1,371,1,440,1,Ask:,0,
2150.143, Bid:,4,18,1,45,1,97,1,371,1,Ask:,0,
2150.286, Bid:,3,18,1,45,1,97,1,Ask:,0,
2150.429, Bid:,4,18,1,45,1,97,1,177,1,Ask:,0,
2150.857, Bid:,4,18,1,45,1,97,1,177,1,Ask:,1,358,1,
2151.286, Bid:,4,18,1,45,1,97,1,177,1,Ask:,2,358,1,426,1,
2151.857, Bid:,4,18,1,45,1,97,1,177,1,Ask:,3,279,1,358,1,426,1,
2152.429, Bid:,5,18,1,45,1,97,1,177,1,205,1,Ask:,3,279,1,358,1,426,1,
2161.429, Bid:,4,18,1,45,1,97,1,177,1,Ask:,2,279,1,358,1,
2161.571, Bid:,3,18,1,45,1,97,1,Ask:,1,279,1,
2162.000, Bid:,4,18,1,45,1,97,1,178,1,Ask:,1,279,1,
2162.143, Bid:,3,45,1,97,1,178,1,Ask:,0,
2163.143, Bid:,4,45,1,97,1,178,1,295,1,Ask:,0,
2163.286, Bid:,4,45,1,97,1,178,1,295,1,Ask:,1,352,1,
2163.857, Bid:,3,45,1,97,1,178,1,Ask:,1,352,1,
2164.286, Bid:,2,45,1,97,1,Ask:,1,352,1,
2164.429, Bid:,3,45,1,97,1,310,1,Ask:,1,352,1,
2164.857, Bid:,3,45,1,97,1,310,1,Ask:,2,352,1,400,1,
2165.286, Bid:,2,45,1,97,1,Ask:,2,352,1,400,1,
2166.429, Bid:,3,45,1,77,1,97,1,Ask:,2,352,1,400,1,
2166.714, Bid:,3,45,1,77,1,97,1,Ask:,3,102,1,352,1,400,1,
2167.000, Bid:,3,45,1,77,1,97,1,Ask:,2,352,1,400,1,
2167.857, Bid:,3,67,1,77,1,97,1,Ask:,2,352,1,400,1,
2168.143, Bid:,4,63,1,67,1,77,1,97,1,Ask:,2,352,1,400,1,
2178.429, Bid:,4,67,1,77,1,97,1,156,1,Ask:,2,352,1,400,1,
2179.000, Bid:,3,67,1,77,1,97,1,Ask:,2,352,1,400,1,
2179.857, Bid:,3,67,1,77,1,97,1,Ask:,3,111,1,352,1,400,1,
2180.000, Bid:,3,67,1,77,1,97,1,Ask:,2,352,1,400,1,
2180.143, Bid:,2,67,1,77,1,Ask:,1,352,1,
2180.286, Bid:,3,67,1,77,1,142,1,Ask:,1,352,1,
2181.000, Bid:,4,67,1,77,1,142,1,348,1,Ask:,1,352,1,
2181.714, Bid:,4,67,1,77,1,142,1,348,1,Ask:,0,
2182.143, Bid:,3,67,1,77,1,142,1,Ask:,0,
2182.286, Bid:,2,67,1,77,1,Ask:,0,
2182.429, Bid:,3,10,1,67,1,77,1,Ask:,0,
2182.714, Bid:,4,10,1,33,1,67,1,77,1,Ask:,0,
2182.857, Bid:,4,10,1,33,1,67,1,77,1,Ask:,1,373,1,
2183.286, Bid:,4,10,1,33,1,67,1,77,1,Ask:,2,118,1,373,1,
2183.429, Bid:,4,10,1,33,1,67,1,77,1,Ask:,3,118,1,326,1,373,1,
2184.429, Bid:,4,10,1,33,1,65,1,77,1,Ask:,3,118,1,326,1,373,1,
2201.286, Bid:,4,10,1,33,1,65,1,77,1,Ask:,3,116,1,118,1,326,1,
2202.000, Bid:,4,10,1,33,1,65,1,77,1,Ask:,4,116,1,118,1,136,1,326,1,
2208.286, Bid:,4,33,1,65,1,77,1,81,1,Ask:,4,116,1,118,1,136,1,326,1,
2208.857, Bid:,3,33,1,65,1,77,1,Ask:,3,116,1,118,1,136,1,
2209.857, Bid:,2,65,1,77,1,Ask:,2,118,1,136,1,
2210.143, Bid:,2,65,1,77,1,Ask:,1,136,1,
2211.286, Bid:,2,65,1,77,1,Ask:,2,136,1,442,1,
2211.714, Bid:,2,65,1,77,1,Ask:,1,442,1,
2212.000, Bid:,3,65,1,77,1,367,1,Ask:,1,442,1,
2212.143, Bid:,2,65,1,77,1,Ask:,1,442,1,
2212.286, Bid:,3,65,1,77,1,225,1,Ask:,1,442,1,
2212.429, Bid:,2,65,1,77,1,Ask:,0,
2212.714, Bid:,2,65,1,150,1,Ask:,0,
2213.000, Bid:,3,65,1,150,1,187,1,Ask:,0,
2213.429, Bid:,3,65,1,150,1,187,1,Ask:,1,220,1,
2214.000, Bid:,3,65,1,150,1,187,1,Ask:,2,220,1,389,1,
2215.143, Bid:,3,65,1,150,1,187,1,Ask:,3,220,1,337,1,389,1,
2225.571, Bid:,4,65,1,128,1,150,1,187,1,Ask:,3,220,1,337,1,389,1,
2230.571, Bid:,4,52,1,128,1,150,1,187,1,Ask:,3,220,1,337,1,389,1,
2237.143, Bid:,3,52,1,128,1,150,1,Ask:,3,220,1,337,1,389,1,
2238.000, Bid:,4,52,1,126,1,128,1,150,1,Ask:,3,220,1,337,1,389,1,
2238.429, Bid:,3,52,1,126,1,128,1,Ask:,2,337,1,389,1,
2238.571, Bid:,4,52,1,117,1,126,1,128,1,Ask:,2,337,1,389,1,
2239.000, Bid:,3,52,1,117,1,126,1,Ask:,2,337,1,389,1,
2239.429, Bid:,4,52,1,101,1,117,1,126,1,Ask:,2,337,1,389,1,
2240.286, Bid:,5,52,1,100,1,101,1,117,1,126,1,Ask:,2,337,1,389,1,
2240.571, Bid:,6,52,1,100,1,101,1,117,1,126,1,307,1,Ask:,2,337,1,389,1,
2260.286, Bid:,6,45,1,100,1,101,1,117,1,126,1,307,1,Ask:,2,337,1,389,1,
2264.714, Bid:,5,45,1,100,1,101,1,117,1,126,1,Ask:,2,337,1,389,1,
2265.286, Bid:,5,45,1,100,1,101,1,117,1,126,1,Ask:,3,337,1,389,1,439,1,
2266.286, Bid:,5,45,1,100,1,101,1,117,1,126,1,Ask:,4,337,1,389,1,439,1,483,1,
2266.714, Bid:,4,45,1,100,1,101,1,117,1,Ask:,4,337,1,389,1,439,1,483,1,
2267.286, Bid:,4,45,1,100,1,101,1,117,1,Ask:,5,128,1,337,1,389,1,439,1,483,1,
2268.714, Bid:,4,45,1,100,1,117,1,124,1,Ask:,5,128,1,337,1,389,1,439,1,483,1,
2268.857, Bid:,3,45,1,100,1,117,1,Ask:,4,128,1,337,1,389,1,483,1,
2269.000, Bid:,3,45,1,100,1,117,1,Ask:,3,337,1,389,1,483,1,
2269.286, Bid:,3,45,1,100,1,117,1,Ask:,3,354,1,389,1,483,1,
2269.571, Bid:,3,45,1,92,1,117,1,Ask:,3,354,1,389,1,483,1,
2271.429, Bid:,4,45,1,92,1,95,1,117,1,Ask:,3,354,1,389,1,483,1,
2273.143, Bid:,5,45,1,72,1,92,1,95,1,117,1,Ask:,3,354,1,389,1,483,1,
2285.286, Bid:,5,45,1,72,1,95,1,106,1,117,1,Ask:,3,354,1,389,1,483,1,
2286.286, Bid:,4,45,1,72,1,95,1,106,1,Ask:,3,354,1,389,1,483,1,
2286.429, Bid:,4,45,1,72,1,95,1,106,1,Ask:,3,273,1,354,1,389,1,
2287.429, Bid:,4,45,1,72,1,95,1,106,1,Ask:,4,273,1,354,1,389,1,458,1,
2293.000, Bid:,3,45,1,72,1,95,1,Ask:,4,273,1,354,1,389,1,458,1,
2293.429, Bid:,3,45,1,72,1,228,1,Ask:,4,273,1,354,1,389,1,458,1,
2293.571, Bid:,2,45,1,72,1,Ask:,4,273,1,354,1,389,1,458,1,
2294.143, Bid:,1,45,1,Ask:,3,273,1,354,1,458,1,
2294.286, Bid:,1,45,1,Ask:,4,205,1,273,1,354,1,458,1,
2294.429, Bid:,1,45,1,Ask:,3,273,1,354,1,458,1,
2294.571, Bid:,2,45,1,48,1,Ask:,3,273,1,354,1,458,1,
2294.714, Bid:,3,45,1,48,1,84,1,Ask:,3,273,1,354,1,458,1,
2295.571, Bid:,3,45,1,48,1,84,1,Ask:,3,273,1,354,1,384,1,
2295.714, Bid:,4,45,1,48,1,84,1,129,1,Ask:,3,273,1,354,1,384,1,
2299.000, Bid:,4,48,1,60,1,84,1,129,1,Ask:,3,273,1,354,1,384,1,
2299.286, Bid:,3,48,1,60,1,84,1,Ask:,2,273,1,354,1,
2299.714, Bid:,3,48,1,60,1,84,1,Ask:,2,156,1,354,1,
2300.429, Bid:,3,48,1,60,1,84,1,Ask:,1,354,1,
2300.571, Bid:,3,48,1,60,1,84,1,Ask:,2,191,1,354,1,
2300.714, Bid:,3,48,1,60,1,84,1,Ask:,3,191,1,354,1,422,1,
2302.429, Bid:,3,48,1,60,1,84,1,Ask:,2,354,1,422,1,
2303.143, Bid:,3,48,1,60,1,84,1,Ask:,2,321,1,422,1,
2305.000, Bid:,3,48,1,60,1,84,1,Ask:,1,422,1,
2306.000, Bid:,4,48,1,60,1,81,1,84,1,Ask:,1,422,1,
2306.429, Bid:,4,48,2,60,1,81,1,84,1,Ask:,1,422,1,
2317.571, Bid:,4,45,1,48,2,81,1,84,1,Ask:,1,422,1,
2321.286, Bid:,4,45,1,48,2,81,1,84,1,Ask:,2,156,1,422,1,
2321.429, Bid:,4,45,1,48,2,81,1,84,1,Ask:,1,422,1,
2323.143, Bid:,4,45,1,48,2,81,1,84,1,Ask:,2,336,1,422,1,
2327.286, Bid:,4,45,1,48,2,81,1,104,1,Ask:,2,336,1,422,1,
2329.000, Bid:,5,45,1,48,1,81,1,104,1,150,1,Ask:,2,336,1,422,1,
2332.714, Bid:,4,45,1,48,1,81,1,104,1,Ask:,2,336,1,422,1,
2333.143, Bid:,4,45,1,48,1,81,1,104,1,Ask:,1,422,1,
2333.286, Bid:,4,45,1,48,1,81,1,104,1,Ask:,2,200,1,422,1,
2334.000, Bid:,4,45,1,48,1,81,1,104,1,Ask:,1,422,1,
2334.143, Bid:,5,39,1,45,1,48,1,81,1,104,1,Ask:,1,422,1,
2334.429, Bid:,5,39,1,45,1,48,1,81,1,104,1,Ask:,2,107,1,422,1,
2335.000, Bid:,5,39,1,48,1,72,1,81,1,104,1,Ask:,2,107,1,422,1,
2335.429, Bid:,5,39,1,72,1,74,1,81,1,104,1,Ask:,2,107,1,422,1,
2355.429, Bid:,4,39,1,72,1,74,1,81,1,Ask:,2,107,1,422,1,
2356.143, Bid:,3,39,1,72,1,81,1,Ask:,1,422,1,
2356.857, Bid:,3,39,1,72,1,295,1,Ask:,1,422,1,
2357.286, Bid:,2,39,1,72,1,Ask:,1,422,1,
2357.429, Bid:,2,39,1,72,1,Ask:,2,298,1,422,1,
2357.571, Bid:,2,39,1,72,1,Ask:,3,298,1,418,1,422,1,
2357.714, Bid:,3,39,1,72,1,178,1,Ask:,3,298,1,418,1,422,1,
2359.429, Bid:,4,39,1,72,1,92,1,178,1,Ask:,3,298,1,418,1,422,1,
2360.429, Bid:,3,39,1,72,1,92,1,Ask:,2,298,1,422,1,
2360.571, Bid:,3,39,1,72,1,92,1,Ask:,3,298,1,394,1,422,1,
2361.143, Bid:,3,39,1,72,1,92,1,Ask:,3,113,1,298,1,394,1,
2361.286, Bid:,3,39,1,72,1,92,1,Ask:,2,298,1,394,1,
2361.571, Bid:,3,39,1,72,1,92,1,Ask:,3,298,1,380,1,394,1,
2361.714, Bid:,3,39,1,72,1,92,1,Ask:,4,298,1,380,1,394,1,400,1,
2371.857, Bid:,3,39,1,72,1,91,1,Ask:,4,298,1,380,1,394,1,400,1,
2378.286, Bid:,3,39,1,72,1,91,1,Ask:,4,102,1,298,1,394,1,400,1,
2383.000, Bid:,3,39,1,76,1,91,1,Ask:,4,102,1,298,1,394,1,400,1,
2383.857, Bid:,3,39,1,76,1,91,1,Ask:,4,102,1,142,1,298,1,400,1,
2389.714, Bid:,2,39,1,76,1,Ask:,3,102,1,142,1,298,1,
2389.857, Bid:,1,76,1,Ask:,2,142,1,298,1,
2390.000, Bid:,1,76,1,Ask:,3,142,1,170,1,298,1,
2390.143, Bid:,0,Ask:,2,142,1,170,1,
2390.857, Bid:,0,Ask:,1,170,1,
2391.143, Bid:,0,Ask:,2,170,1,301,1,
2392.143, Bid:,0,Ask:,1,301,1,
2392.286, Bid:,0,Ask:,0,
2392.714, Bid:,1,16,1,Ask:,0,
2392.857, Bid:,1,16,1,Ask:,1,374,1,
2393.000, Bid:,1,16,1,Ask:,2,46,1,374,1,
2393.286, Bid:,1,16,1,Ask:,3,46,1,374,1,413,1,
2394.286, Bid:,1,16,1,Ask:,2,374,1,413,1,
2394.429, Bid:,1,16,1,Ask:,3,91,1,374,1,413,1,
2395.143, Bid:,1,16,1,Ask:,2,374,1,413,1,
2395.714, Bid:,2,16,1,174,1,Ask:,2,374,1,413,1,
2396.000, Bid:,1,16,1,Ask:,2,374,1,413,1,
2396.143, Bid:,0,Ask:,2,374,1,413,1,
2396.286, Bid:,1,286,1,Ask:,2,374,1,413,1,
2396.429, Bid:,0,Ask:,2,374,1,413,1,
2396.571, Bid:,0,Ask:,1,413,1,
2396.714, Bid:,1,3,1,Ask:,1,413,1,
2396.857, Bid:,1,3,1,Ask:,2,157,1,413,1,
2397.000, Bid:,1,3,1,Ask:,3,157,1,413,1,440,1,
2397.286, Bid:,1,3,1,Ask:,2,413,1,440,1,
2397.714, Bid:,1,3,1,Ask:,1,440,1,
2397.857, Bid:,1,3,1,Ask:,0,
2398.000, Bid:,2,3,1,308,1,Ask:,0,
2398.143, Bid:,3,3,1,308,1,457,1,Ask:,0,
2398.286, Bid:,4,3,1,260,1,308,1,457,1,Ask:,0,
2398.429, Bid:,3,3,1,260,1,308,1,Ask:,0,
2398.714, Bid:,4,3,1,260,1,308,1,414,1,Ask:,0,
2398.857, Bid:,3,3,1,260,1,308,1,Ask:,0,
2399.000, Bid:,4,3,1,260,1,303,1,308,1,Ask:,0,
2399.286, Bid:,5,3,1,255,1,260,1,303,1,308,1,Ask:,0,
2400.571, Bid:,6,3,1,158,1,255,1,260,1,303,1,308,1,Ask:,0,
2401.143, Bid:,7,3,1,158,1,174,1,255,1,260,1,303,1,308,1,Ask:,0,
2401.429, Bid:,7,3,1,124,1,158,1,174,1,255,1,260,1,308,1,Ask:,0,
2415.429, Bid:,6,3,1,124,1,158,1,174,1,255,1,260,1,Ask:,0,
2415.571, Bid:,6,124,1,158,1,174,1,255,1,260,1,261,1,Ask:,0,
2415.857, Bid:,7,124,1,158,1,174,1,255,1,260,1,261,1,467,1,Ask:,0,
2417.429, Bid:,6,124,1,158,1,174,1,255,1,260,1,261,1,Ask:,0,
2417.857, Bid:,7,24,1,124,1,158,1,174,1,255,1,260,1,261,1,Ask:,0,
2418.000, Bid:,7,24,1,124,1,158,1,174,1,255,1,261,1,461,1,Ask:,0,
2419.429, Bid:,7,24,1,102,1,124,1,158,1,174,1,261,1,461,1,Ask:,0,
2421.429, Bid:,6,24,1,102,1,124,1,158,1,174,1,261,1,Ask:,0,
2421.571, Bid:,5,24,1,102,1,124,1,158,1,174,1,Ask:,0,
2421.714, Bid:,4,24,1,102,1,124,1,158,1,Ask:,0,
2421.857, Bid:,4,37,1,102,1,124,1,158,1,Ask:,0,
2422.143, Bid:,5,37,1,82,1,102,1,124,1,158,1,Ask:,0,
2422.429, Bid:,6,37,1,82,1,94,1,102,1,124,1,158,1,Ask:,0,
2422.571, Bid:,5,37,1,82,1,94,1,102,1,124,1,Ask:,0,
2423.714, Bid:,5,37,1,82,1,94,1,102,1,124,1,Ask:,1,146,1,
2427.286, Bid:,4,37,1,82,1,94,1,102,1,Ask:,1,146,1,
2428.429, Bid:,4,37,1,82,1,94,1,102,1,Ask:,2,146,1,225,1,
2429.571, Bid:,4,37,1,82,1,94,1,102,1,Ask:,2,106,1,225,1,
2430.429, Bid:,4,37,1,82,1,94,1,102,1,Ask:,1,225,1,
2430.857, Bid:,4,37,1,82,1,94,1,102,1,Ask:,2,225,1,472,1,
2432.429, Bid:,5,37,1,82,1,94,1,102,1,116,1,Ask:,2,225,1,472,1,
2439.857, Bid:,5,37,1,82,1,94,1,116,1,118,1,Ask:,2,225,1,472,1,
2448.429, Bid:,6,37,1,82,1,94,1,116,1,118,1,135,1,Ask:,2,225,1,472,1,
2449.714, Bid:,5,37,1,82,1,94,1,116,1,118,1,Ask:,2,225,1,472,1,
2449.857, Bid:,6,37,1,82,1,94,1,116,1,118,1,202,1,Ask:,2,225,1,472,1,
2450.286, Bid:,6,37,1,49,1,94,1,116,1,118,1,202,1,Ask:,2,225,1,472,1,
2450.571, Bid:,5,37,1,49,1,94,1,116,1,118,1,Ask:,2,225,1,472,1,
2450.714, Bid:,5,37,1,49,1,94,1,116,1,118,1,Ask:,3,165,1,225,1,472,1,
2451.857, Bid:,5,37,1,49,1,94,1,116,1,118,1,Ask:,2,225,1,472,1,
2452.857, Bid:,5,49,1,94,1,116,1,118,1,198,1,Ask:,2,225,1,472,1,
2453.429, Bid:,5,49,1,94,1,116,1,118,1,198,1,Ask:,1,472,1,
2453.571, Bid:,5,49,1,78,1,116,1,118,1,198,1,Ask:,1,472,1,
2453.857, Bid:,4,49,1,78,1,116,1,118,1,Ask:,0,
2454.143, Bid:,5,49,1,78,1,116,1,118,1,391,1,Ask:,0,
2454.429, Bid:,6,49,1,78,1,116,1,118,1,347,1,391,1,Ask:,0,
2460.714, Bid:,5,49,1,78,1,116,1,118,1,347,1,Ask:,0,
2461.286, Bid:,5,49,1,78,1,116,1,118,1,347,1,Ask:,1,359,1,
2462.429, Bid:,4,49,1,116,1,118,1,347,1,Ask:,0,
2462.857, Bid:,3,49,1,116,1,118,1,Ask:,0,
2463.000, Bid:,4,49,1,116,1,118,1,393,1,Ask:,0,
2463.429, Bid:,4,49,1,116,1,118,1,393,1,Ask:,1,477,1,
2464.857, Bid:,3,49,1,116,1,118,1,Ask:,1,477,1,
2465.000, Bid:,4,49,1,91,1,116,1,118,1,Ask:,1,477,1,
2465.714, Bid:,5,49,1,57,1,91,1,116,1,118,1,Ask:,1,477,1,
2472.429, Bid:,5,57,1,73,1,91,1,116,1,118,1,Ask:,1,477,1,
2472.714, Bid:,4,57,1,73,1,91,1,116,1,Ask:,1,477,1,
2473.000, Bid:,5,57,1,73,1,91,1,116,1,377,1,Ask:,1,477,1,
2473.143, Bid:,5,57,1,73,1,91,1,155,1,377,1,Ask:,1,477,1,
2477.000, Bid:,5,57,1,73,1,91,1,93,1,155,1,Ask:,1,477,1,
2480.286, Bid:,4,57,1,73,1,91,1,93,1,Ask:,0,
2480.714, Bid:,5,57,1,73,1,91,1,93,1,96,1,Ask:,0,
2482.714, Bid:,5,57,1,73,1,93,1,96,1,135,1,Ask:,0,
2483.000, Bid:,6,57,1,73,1,93,1,96,1,135,1,244,1,Ask:,0,
2489.857, Bid:,5,57,1,73,1,93,1,96,1,135,1,Ask:,0,
2490.857, Bid:,5,57,1,73,1,93,1,135,1,272,1,Ask:,0,
2493.000, Bid:,4,57,1,73,1,93,1,135,1,Ask:,0,
2493.143, Bid:,3,57,1,73,1,93,1,Ask:,0,
2493.286, Bid:,4,57,1,73,1,93,1,164,1,Ask:,0,
2493.429, Bid:,4,57,1,73,1,93,1,164,1,Ask:,1,358,1,
2494.286, Bid:,4,57,1,73,1,93,1,164,1,Ask:,2,231,1,358,1,
2494.857, Bid:,3,57,1,73,1,93,1,Ask:,2,231,1,358,1,
2495.143, Bid:,3,57,1,73,1,93,1,Ask:,3,231,1,358,1,391,1,
2495.714, Bid:,4,57,1,73,1,93,1,117,1,Ask:,3,231,1,358,1,391,1,
2496.000, Bid:,4,57,1,73,1,80,1,117,1,Ask:,3,231,1,358,1,391,1,
2506.143, Bid:,4,44,1,57,1,80,1,117,1,Ask:,3,231,1,358,1,391,1,
2510.143, Bid:,5,44,1,57,1,80,1,117,1,120,1,Ask:,3,231,1,358,1,391,1,
2510.286, Bid:,4,44,1,57,1,80,1,117,1,Ask:,2,231,1,391,1,
2510.429, Bid:,4,44,1,57,1,80,1,117,1,Ask:,2,358,1,391,1,
2511.286, Bid:,4,44,1,57,1,80,1,117,1,Ask:,1,391,1,
2511.429, Bid:,4,44,1,57,1,80,1,117,1,Ask:,0,
2511.857, Bid:,4,44,1,57,1,80,1,117,1,Ask:,1,456,1,
2512.143, Bid:,5,44,1,57,1,80,1,117,1,197,1,Ask:,1,456,1,
2512.571, Bid:,4,44,1,57,1,80,1,117,1,Ask:,1,456,1,
2512.714, Bid:,4,44,1,57,1,80,1,117,1,Ask:,2,237,1,456,1,
2513.000, Bid:,4,44,1,57,1,80,1,117,1,Ask:,3,150,1,237,1,456,1,
2513.143, Bid:,4,44,1,57,1,80,1,117,1,Ask:,2,237,1,456,1,
2513.429, Bid:,5,44,1,57,1,80,1,117,1,151,1,Ask:,2,237,1,456,1,
2514.000, Bid:,6,44,1,57,1,80,1,117,1,151,1,187,1,Ask:,2,237,1,456,1,
2515.000, Bid:,6,44,1,57,1,80,1,151,1,168,1,187,1,Ask:,2,237,1,456,1,
2521.286, Bid:,6,57,1,63,1,80,1,151,1,168,1,187,1,Ask:,2,237,1,456,1,
2526.714, Bid:,5,57,1,63,1,80,1,151,1,168,1,Ask:,1,456,1,
2527.000, Bid:,6,57,1,63,1,80,1,151,1,162,1,168,1,Ask:,1,456,1,
2527.571, Bid:,7,57,1,63,1,80,1,151,1,162,1,168,1,322,1,Ask:,1,456,1,
2532.714, Bid:,7,57,1,63,1,80,1,150,1,151,1,168,1,322,1,Ask:,1,456,1,
2540.714, Bid:,7,57,1,63,1,116,1,150,1,151,1,168,1,322,1,Ask:,1,456,1,
2540.857, Bid:,6,57,1,63,1,116,1,150,1,151,1,168,1,Ask:,0,
2541.286, Bid:,7,57,1,63,1,116,1,150,1,151,1,168,1,469,1,Ask:,0,
2542.571, Bid:,7,63,1,116,1,150,1,151,1,168,1,428,1,469,1,Ask:,0,
2547.000, Bid:,7,63,1,81,1,150,1,151,1,168,1,428,1,469,1,Ask:,0,
2554.143, Bid:,6,63,1,81,1,150,1,151,1,168,1,428,1,Ask:,0,
2554.714, Bid:,7,63,1,81,1,150,1,151,1,168,1,428,1,453,1,Ask:,0,
2555.857, Bid:,7,63,1,81,1,146,1,151,1,168,1,428,1,453,1,Ask:,0,
2556.286, Bid:,6,63,1,81,1,146,1,151,1,168,1,428,1,Ask:,0,
2556.429, Bid:,6,50,1,63,1,81,1,146,1,151,1,168,1,Ask:,0,
2557.000, Bid:,6,50,1,63,1,81,1,146,1,151,1,498,1,Ask:,0,
2561.857, Bid:,5,50,1,63,1,81,1,146,1,151,1,Ask:,0,
2562.143, Bid:,4,50,1,63,1,81,1,146,1,Ask:,0,
2562.286, Bid:,5,50,1,63,1,81,1,111,1,146,1,Ask:,0,
2564.286, Bid:,6,50,1,63,1,81,1,111,1,146,1,337,1,Ask:,0,
2564.571, Bid:,5,50,1,63,1,81,1,111,1,146,1,Ask:,0,
2567.714, Bid:,5,50,1,63,1,81,1,111,1,146,1,Ask:,1,287,1,
2568.143, Bid:,5,50,1,63,1,81,1,111,1,146,1,Ask:,0,
2569.429, Bid:,5,50,1,63,1,81,1,111,1,146,1,Ask:,1,234,1,
2570.429, Bid:,5,50,1,71,1,81,1,111,1,146,1,Ask:,1,234,1,
2570.571, Bid:,4,50,1,71,1,81,1,111,1,Ask:,0,
2570.714, Bid:,5,50,1,71,1,81,1,111,1,171,1,Ask:,0,
2571.571, Bid:,6,50,1,71,1,81,1,111,1,171,1,456,1,Ask:,0,
2572.143, Bid:,5,50,1,71,1,81,1,111,1,171,1,Ask:,0,
2572.571, Bid:,5,50,1,71,1,81,1,111,1,171,1,Ask:,1,277,1,
2582.429, Bid:,4,50,1,71,1,81,1,111,1,Ask:,0,
2583.429, Bid:,5,50,1,71,1,81,1,111,1,387,1,Ask:,0,
2584.143, Bid:,6,50,1,71,1,81,1,111,1,387,1,488,1,Ask:,0,
2585.000, Bid:,6,50,1,71,1,81,1,111,1,157,1,488,1,Ask:,0,
2592.286, Bid:,5,50,1,71,1,81,1,111,1,157,1,Ask:,0,
2592.429, Bid:,5,50,1,71,1,81,1,111,1,157,1,Ask:,1,486,1,
2592.571, Bid:,4,50,1,71,1,81,1,111,1,Ask:,1,486,1,
2593.571, Bid:,5,43,1,50,1,71,1,81,1,111,1,Ask:,1,486,1,
2593.714, Bid:,5,43,1,50,1,71,1,91,1,111,1,Ask:,1,486,1,
2593.857, Bid:,5,43,1,50,1,71,1,91,1,233,1,Ask:,1,486,1,
2601.286, Bid:,4,43,1,50,1,71,1,91,1,Ask:,1,486,1,
2601.429, Bid:,4,43,1,50,1,66,1,91,1,Ask:,1,486,1,
2602.286, Bid:,4,43,1,50,1,66,1,91,1,Ask:,2,144,1,486,1,
2602.571, Bid:,4,43,1,50,1,66,1,91,1,Ask:,1,486,1,
2602.714, Bid:,4,43,1,66,1,91,1,366,1,Ask:,1,486,1,
2603.000, Bid:,3,43,1,66,1,91,1,Ask:,1,486,1,
2603.143, Bid:,4,43,1,52,1,66,1,91,1,Ask:,1,486,1,
2604.286, Bid:,4,43,1,52,1,66,1,91,1,Ask:,2,188,1,486,1,
2604.429, Bid:,4,43,1,52,1,66,1,91,1,Ask:,1,486,1,
2604.714, Bid:,5,43,1,52,1,66,1,91,1,363,1,Ask:,1,486,1,
2604.857, Bid:,4,43,1,52,1,66,1,91,1,Ask:,0,
2605.429, Bid:,5,43,1,52,1,66,1,91,1,215,1,Ask:,0,
2605.571, Bid:,6,43,1,52,1,66,1,91,1,143,1,215,1,Ask:,0,
2610.143, Bid:,5,43,1,52,1,66,1,91,1,143,1,Ask:,0,
2610.571, Bid:,4,43,1,52,1,66,1,91,1,Ask:,0,
2610.714, Bid:,5,43,1,52,1,66,1,91,1,119,1,Ask:,0,
2611.714, Bid:,6,43,1,52,1,66,1,91,1,119,1,191,1,Ask:,0,
2618.571, Bid:,6,43,1,52,1,78,1,91,1,119,1,191,1,Ask:,0,
2619.857, Bid:,6,52,1,78,1,91,1,119,1,147,1,191,1,Ask:,0,
2630.429, Bid:,5,52,1,78,1,91,1,119,1,147,1,Ask:,0,
2630.714, Bid:,5,52,1,78,1,101,1,119,1,147,1,Ask:,0,
2632.571, Bid:,4,52,1,78,1,101,1,119,1,Ask:,0,
2632.857, Bid:,5,52,1,78,1,101,1,119,1,394,1,Ask:,0,
2633.857, Bid:,6,52,1,78,1,101,1,119,1,352,1,394,1,Ask:,0,
2641.143, Bid:,6,52,1,78,1,85,1,119,1,352,1,394,1,Ask:,0,
2653.857, Bid:,5,52,1,78,1,85,1,119,1,352,1,Ask:,0,
2654.429, Bid:,6,49,1,52,1,78,1,85,1,119,1,352,1,Ask:,0,
2655.429, Bid:,5,49,1,52,1,78,1,85,1,119,1,Ask:,0,
2656.000, Bid:,6,2,1,49,1,52,1,78,1,85,1,119,1,Ask:,0,
2656.286, Bid:,6,2,1,49,1,52,1,78,1,85,1,119,1,Ask:,1,223,1,
2656.429, Bid:,6,2,1,49,1,52,1,78,1,85,1,119,1,Ask:,2,223,1,229,1,
2656.857, Bid:,6,2,1,49,1,52,1,61,1,85,1,119,1,Ask:,2,223,1,229,1,
2657.000, Bid:,6,2,1,49,1,52,1,61,1,85,1,119,1,Ask:,1,229,1,
2657.429, Bid:,6,2,1,49,1,52,1,61,1,85,1,119,1,Ask:,2,227,1,229,1,
2660.857, Bid:,5,2,1,49,1,52,1,61,1,85,1,Ask:,2,227,1,229,1,
2661.286, Bid:,5,2,1,49,1,52,1,61,1,85,1,Ask:,1,229,1,
2661.429, Bid:,4,2,1,49,1,61,1,85,1,Ask:,0,
2661.571, Bid:,5,2,1,49,1,61,1,85,1,200,1,Ask:,0,
2661.714, Bid:,4,2,1,49,1,61,1,85,1,Ask:,0,
2661.857, Bid:,4,2,1,61,1,85,1,252,1,Ask:,0,
2662.143, Bid:,4,2,1,61,1,85,1,252,1,Ask:,1,466,1,
2662.714, Bid:,4,61,1,85,1,151,1,252,1,Ask:,1,466,1,
2664.143, Bid:,3,61,1,85,1,151,1,Ask:,1,466,1,
2664.286, Bid:,4,61,1,85,1,151,1,434,1,Ask:,1,466,1,
2664.571, Bid:,3,61,1,85,1,151,1,Ask:,1,466,1,
2665.571, Bid:,4,61,1,85,1,129,1,151,1,Ask:,1,466,1,
2666.143, Bid:,4,61,1,85,1,129,1,151,2,Ask:,1,466,1,
2669.714, Bid:,4,61,1,104,1,129,1,151,2,Ask:,1,466,1,
2682.571, Bid:,4,61,1,104,1,129,1,151,1,Ask:,1,466,1,
2682.857, Bid:,4,61,1,104,1,129,1,151,1,Ask:,2,403,1,466,1,
2684.000, Bid:,5,61,1,104,1,129,1,130,1,151,1,Ask:,2,403,1,466,1,
2688.571, Bid:,4,61,1,104,1,129,1,130,1,Ask:,1,403,1,
2689.000, Bid:,5,61,1,104,1,129,1,130,1,333,1,Ask:,1,403,1,
2691.143, Bid:,4,61,1,104,1,129,1,130,1,Ask:,1,403,1,
2691.286, Bid:,3,61,1,104,1,129,1,Ask:,1,403,1,
2691.714, Bid:,4,61,1,104,1,129,1,181,1,Ask:,1,403,1,
2691.857, Bid:,5,61,1,104,1,129,1,159,1,181,1,Ask:,1,403,1,
2692.000, Bid:,5,6,1,61,1,104,1,159,1,181,1,Ask:,1,403,1,
2692.143, Bid:,5,6,1,78,1,104,1,159,1,181,1,Ask:,1,403,1,
2692.429, Bid:,4,6,1,78,1,104,1,159,1,Ask:,1,403,1,
2693.000, Bid:,3,6,1,78,1,104,1,Ask:,1,403,1,
2693.143, Bid:,3,6,1,78,1,104,1,Ask:,1,172,1,
2693.286, Bid:,3,6,1,78,1,104,1,Ask:,0,
2693.571, Bid:,3,6,1,78,1,104,1,Ask:,1,319,1,
2693.714, Bid:,3,6,1,78,1,104,1,Ask:,2,189,1,319,1,
2695.571, Bid:,3,6,1,78,1,104,1,Ask:,1,319,1,
2696.143, Bid:,3,6,1,78,1,104,1,Ask:,2,319,1,375,1,
2696.286, Bid:,2,6,1,78,1,Ask:,2,319,1,375,1,
2696.429, Bid:,3,6,1,48,1,78,1,Ask:,2,319,1,375,1,
2700.714, Bid:,3,6,1,48,1,78,1,Ask:,3,319,1,375,1,403,1,
2711.429, Bid:,4,6,1,48,1,78,1,160,1,Ask:,3,319,1,375,1,403,1,
2717.714, Bid:,4,6,1,78,1,89,1,160,1,Ask:,3,319,1,375,1,403,1,
2718.571, Bid:,3,6,1,78,1,89,1,Ask:,2,375,1,403,1,
2720.143, Bid:,3,6,1,78,1,89,1,Ask:,3,375,1,403,1,460,1,
2720.714, Bid:,3,6,1,78,1,89,1,Ask:,3,138,1,375,1,460,1,
2722.000, Bid:,3,6,1,55,1,89,1,Ask:,3,138,1,375,1,460,1,
2722.143, Bid:,3,6,1,55,1,89,1,Ask:,3,138,1,316,1,460,1,
2722.429, Bid:,3,6,1,55,1,89,1,Ask:,4,118,1,138,1,316,1,460,1,
2725.286, Bid:,3,6,1,55,1,89,1,Ask:,4,118,1,120,1,316,1,460,1,
2727.000, Bid:,3,6,1,55,1,89,1,Ask:,3,120,1,316,1,460,1,
2727.143, Bid:,3,6,1,55,1,89,1,Ask:,4,120,1,151,1,316,1,460,1,
2728.571, Bid:,3,6,1,55,1,89,1,Ask:,4,108,1,120,1,151,1,460,1,
2729.429, Bid:,3,6,1,63,1,89,1,Ask:,4,108,1,120,1,151,1,460,1,
2734.143, Bid:,2,6,1,63,1,Ask:,3,108,1,120,1,151,1,
2734.714, Bid:,2,6,1,63,1,Ask:,4,99,1,108,1,120,1,151,1,
2736.000, Bid:,2,6,1,63,1,Ask:,3,108,1,120,1,151,1,
2736.143, Bid:,2,6,1,63,1,Ask:,4,108,1,120,1,151,1,338,1,
2737.143, Bid:,2,6,1,63,1,Ask:,5,108,1,120,1,151,1,338,1,382,1,
2751.000, Bid:,2,6,1,63,1,Ask:,5,108,1,119,1,120,1,338,1,382,1,
2754.429, Bid:,3,6,1,63,1,102,1,Ask:,5,108,1,119,1,120,1,338,1,382,1,
2755.000, Bid:,3,6,1,63,1,102,1,Ask:,4,119,1,120,1,338,1,382,1,
2756.143, Bid:,3,6,1,63,1,102,1,Ask:,3,120,1,338,1,382,1,
2757.143, Bid:,3,6,1,63,1,102,1,Ask:,2,338,1,382,1,
2757.429, Bid:,3,6,1,65,1,102,1,Ask:,2,338,1,382,1,
2757.857, Bid:,3,6,1,65,1,102,1,Ask:,3,123,1,338,1,382,1,
2758.143, Bid:,3,6,1,65,1,102,1,Ask:,2,338,1,382,1,
2758.286, Bid:,3,6,1,65,1,102,1,Ask:,3,213,1,338,1,382,1,
2758.857, Bid:,4,6,1,65,1,102,1,186,1,Ask:,3,213,1,338,1,382,1,
2759.143, Bid:,3,6,1,65,1,102,1,Ask:,3,213,1,338,1,382,1,
2759.571, Bid:,3,6,1,65,1,102,1,Ask:,4,107,1,213,1,338,1,382,1,
2759.714, Bid:,4,6,1,40,1,65,1,102,1,Ask:,4,107,1,213,1,338,1,382,1,
2760.000, Bid:,4,6,1,40,1,65,1,102,1,Ask:,3,213,1,338,1,382,1,
2762.429, Bid:,4,6,1,40,1,65,1,102,1,Ask:,4,213,1,262,1,338,1,382,1,
2781.857, Bid:,4,6,1,40,1,65,1,96,1,Ask:,4,213,1,262,1,338,1,382,1,
2787.286, Bid:,4,6,1,40,1,65,1,96,1,Ask:,4,99,1,213,1,338,1,382,1,
2788.571, Bid:,3,6,1,40,1,65,1,Ask:,3,99,1,213,1,382,1,
2789.143, Bid:,3,6,1,40,1,65,1,Ask:,2,213,1,382,1,
2789.714, Bid:,3,6,1,40,1,49,1,Ask:,2,213,1,382,1,
2789.857, Bid:,3,6,1,40,1,49,2,Ask:,2,213,1,382,1,
2790.000, Bid:,3,40,1,49,2,55,1,Ask:,2,213,1,382,1,
2790.143, Bid:,3,40,1,49,2,55,1,Ask:,1,382,1,
2790.429, Bid:,3,40,1,49,2,55,1,Ask:,2,278,1,382,1,
2793.286, Bid:,3,40,1,49,2,55,1,Ask:,1,382,1,
2793.571, Bid:,4,40,1,49,1,55,1,97,1,Ask:,1,382,1,
2794.714, Bid:,5,40,1,49,1,55,1,97,1,349,1,Ask:,1,382,1,
2795.000, Bid:,6,40,1,49,1,55,1,97,1,253,1,349,1,Ask:,1,382,1,
2796.429, Bid:,5,40,1,49,1,55,1,97,1,253,1,Ask:,1,382,1,
2797.143, Bid:,5,40,1,49,1,55,1,97,1,253,1,Ask:,2,382,1,467,1,
2799.857, Bid:,4,40,1,49,1,55,1,97,1,Ask:,2,382,1,467,1,
2800.000, Bid:,5,40,1,49,1,55,1,97,1,296,1,Ask:,2,382,1,467,1,
2800.429, Bid:,4,49,1,55,1,97,1,296,1,Ask:,1,467,1,
2800.571, Bid:,5,49,1,55,1,68,1,97,1,296,1,Ask:,1,467,1,
2801.000, Bid:,5,49,1,55,1,68,1,296,1,382,1,Ask:,1,467,1,
2811.429, Bid:,5,49,1,55,1,68,1,141,1,382,1,Ask:,1,467,1,
2811.714, Bid:,4,49,1,55,1,68,1,141,1,Ask:,0,
2811.857, Bid:,4,49,1,55,1,68,1,141,1,Ask:,1,464,1,
2812.714, Bid:,3,49,1,55,1,68,1,Ask:,1,464,1,
2813.571, Bid:,3,49,1,55,1,68,1,Ask:,2,268,1,464,1,
2813.857, Bid:,3,49,1,55,1,68,1,Ask:,3,144,1,268,1,464,1,
2814.286, Bid:,3,49,1,55,1,68,1,Ask:,2,268,1,464,1,
2814.429, Bid:,3,49,1,55,1,68,1,Ask:,3,268,1,383,1,464,1,
2814.571, Bid:,4,33,1,49,1,55,1,68,1,Ask:,3,268,1,383,1,464,1,
2817.571, Bid:,5,33,1,49,1,55,1,68,1,110,1,Ask:,3,268,1,383,1,464,1,
2831.286, Bid:,4,33,1,49,1,55,1,68,1,Ask:,3,268,1,383,1,464,1,
2832.143, Bid:,4,23,1,33,1,49,1,68,1,Ask:,3,268,1,383,1,464,1,
2832.857, Bid:,4,23,1,33,1,49,1,68,1,Ask:,2,383,1,464,1,
2833.429, Bid:,4,23,1,33,1,49,1,68,1,Ask:,2,383,1,455,1,
2833.571, Bid:,5,23,1,33,1,46,1,49,1,68,1,Ask:,2,383,1,455,1,
2840.857, Bid:,5,23,1,33,1,49,1,68,1,153,1,Ask:,2,383,1,455,1,
2841.143, Bid:,4,23,1,33,1,49,1,68,1,Ask:,2,383,1,455,1,
2841.429, Bid:,4,23,1,33,1,49,1,68,1,Ask:,3,79,1,383,1,455,1,
2841.571, Bid:,4,23,1,33,1,40,1,68,1,Ask:,3,79,1,383,1,455,1,
2841.714, Bid:,3,23,1,33,1,40,1,Ask:,3,79,1,383,1,455,1,
2842.000, Bid:,3,23,1,33,1,40,1,Ask:,2,383,1,455,1,
2842.143, Bid:,3,23,1,33,1,40,1,Ask:,2,454,1,455,1,
2842.286, Bid:,3,23,1,40,1,425,1,Ask:,2,454,1,455,1,
2843.714, Bid:,4,23,1,40,1,80,1,425,1,Ask:,2,454,1,455,1,
2844.143, Bid:,3,23,1,40,1,80,1,Ask:,2,454,1,455,1,
2844.571, Bid:,3,23,1,40,1,80,1,Ask:,2,146,1,455,1,
2844.714, Bid:,2,23,1,40,1,Ask:,1,455,1,
2845.429, Bid:,2,23,1,40,1,Ask:,2,193,1,455,1,
2846.714, Bid:,2,23,1,40,1,Ask:,1,455,1,
2847.143, Bid:,3,23,1,40,1,287,1,Ask:,1,455,1,
2847.286, Bid:,3,23,1,40,1,287,1,Ask:,2,455,1,466,1,
2848.000, Bid:,2,23,1,40,1,Ask:,2,455,1,466,1,
2850.857, Bid:,3,23,1,40,1,133,1,Ask:,2,455,1,466,1,
2853.143, Bid:,4,23,1,40,1,82,1,133,1,Ask:,2,455,1,466,1,
2853.286, Bid:,5,23,1,40,1,82,1,133,1,266,1,Ask:,2,455,1,466,1,
2865.286, Bid:,4,23,1,40,1,82,1,133,1,Ask:,1,455,1,
2867.286, Bid:,3,23,1,40,1,82,1,Ask:,1,455,1,
2867.571, Bid:,2,23,1,40,1,Ask:,1,455,1,
2868.286, Bid:,2,23,1,40,1,Ask:,2,454,1,455,1,
2868.429, Bid:,2,23,1,40,1,Ask:,2,177,1,454,1,
2868.714, Bid:,2,23,1,40,1,Ask:,1,454,1,
2869.143, Bid:,3,23,1,40,1,208,1,Ask:,1,454,1,
2869.286, Bid:,4,23,1,40,1,121,1,208,1,Ask:,1,454,1,
2869.571, Bid:,4,23,1,40,1,121,1,208,1,Ask:,2,262,1,454,1,
2870.000, Bid:,4,23,1,40,1,121,1,154,1,Ask:,2,262,1,454,1,
2870.714, Bid:,5,23,1,40,1,121,1,154,1,178,1,Ask:,2,262,1,454,1,
2871.571, Bid:,5,23,1,63,1,121,1,154,1,178,1,Ask:,2,262,1,454,1,
2872.714, Bid:,4,23,1,63,1,121,1,154,1,Ask:,2,262,1,454,1,
2873.000, Bid:,4,63,1,121,1,134,1,154,1,Ask:,2,262,1,454,1,
2879.857, Bid:,3,63,1,121,1,134,1,Ask:,1,262,1,
2880.143, Bid:,2,63,1,121,1,Ask:,1,262,1,
2880.429, Bid:,1,63,1,Ask:,1,262,1,
2880.571, Bid:,1,63,1,Ask:,0,
2880.714, Bid:,1,63,1,Ask:,1,485,1,
2880.857, Bid:,1,63,1,Ask:,2,81,1,485,1,
2881.000, Bid:,1,63,1,Ask:,3,81,1,388,1,485,1,
2881.714, Bid:,1,63,1,Ask:,4,81,1,388,1,404,1,485,1,
2882.571, Bid:,1,63,1,Ask:,3,388,1,404,1,485,1,
2883.000, Bid:,2,63,1,343,1,Ask:,3,388,1,404,1,485,1,
2883.857, Bid:,1,63,1,Ask:,3,388,1,404,1,485,1,
2884.429, Bid:,1,63,1,Ask:,2,404,1,485,1,
2884.714, Bid:,2,63,1,189,1,Ask:,2,404,1,485,1,
2885.000, Bid:,2,63,1,189,1,Ask:,1,485,1,
2885.143, Bid:,2,63,1,189,1,Ask:,2,372,1,485,1,
2885.286, Bid:,2,63,1,189,1,Ask:,3,313,1,372,1,485,1,
2888.286, Bid:,3,63,1,118,1,189,1,Ask:,3,313,1,372,1,485,1,
2888.571, Bid:,3,63,1,118,1,189,1,Ask:,4,301,1,313,1,372,1,485,1,
2889.143, Bid:,2,63,1,118,1,Ask:,3,301,1,313,1,372,1,
2889.286, Bid:,2,63,1,118,1,Ask:,2,313,1,372,1,
2890.143, Bid:,2,63,1,118,1,Ask:,3,270,1,313,1,372,1,
2890.286, Bid:,2,63,1,118,1,Ask:,2,313,1,372,1,
2890.571, Bid:,3,63,1,118,1,124,1,Ask:,2,313,1,372,1,
2891.000, Bid:,4,63,1,118,1,124,1,253,1,Ask:,2,313,1,372,1,
2891.429, Bid:,3,63,1,118,1,124,1,Ask:,2,313,1,372,1,
2891.714, Bid:,3,63,1,118,1,124,1,Ask:,1,372,1,
2892.143, Bid:,4,63,1,118,1,124,1,271,1,Ask:,1,372,1,
2892.714, Bid:,3,63,1,118,1,124,1,Ask:,1,372,1,
2893.000, Bid:,3,63,1,118,1,124,1,Ask:,2,372,1,399,1,
2893.286, Bid:,4,6,1,63,1,118,1,124,1,Ask:,2,372,1,399,1,
2893.429, Bid:,3,6,1,63,1,124,1,Ask:,1,399,1,
2894.286, Bid:,2,6,1,63,1,Ask:,1,399,1,
2894.429, Bid:,2,6,1,63,1,Ask:,0,
2894.571, Bid:,3,6,1,63,1,126,1,Ask:,0,
2894.857, Bid:,3,6,1,63,1,126,1,Ask:,1,242,1,
2895.429, Bid:,3,6,1,63,1,126,1,Ask:,2,242,1,422,1,
2896.571, Bid:,3,6,1,63,1,126,1,Ask:,3,189,1,242,1,422,1,
2902.000, Bid:,3,6,1,66,1,126,1,Ask:,3,189,1,242,1,422,1,
2904.286, Bid:,2,6,1,66,1,Ask:,3,189,1,242,1,422,1,
2906.286, Bid:,3,6,1,66,1,185,1,Ask:,3,189,1,242,1,422,1,
2908.286, Bid:,4,6,1,66,1,141,1,185,1,Ask:,3,189,1,242,1,422,1,
2913.286, Bid:,4,6,1,68,1,141,1,185,1,Ask:,3,189,1,242,1,422,1,
2917.857, Bid:,3,6,1,68,1,141,1,Ask:,3,189,1,242,1,422,1,
2918.286, Bid:,2,68,1,141,1,Ask:,2,242,1,422,1,
2918.714, Bid:,2,68,1,141,1,Ask:,3,242,1,290,1,422,1,
2919.000, Bid:,2,68,1,141,1,Ask:,2,290,1,422,1,
2919.571, Bid:,2,68,1,141,1,Ask:,1,422,1,
2919.714, Bid:,2,68,1,141,1,Ask:,2,299,1,422,1,
2920.000, Bid:,2,68,1,141,1,Ask:,3,299,1,388,1,422,1,
2920.143, Bid:,2,68,1,141,1,Ask:,4,299,1,388,1,393,1,422,1,
2921.143, Bid:,2,68,1,141,1,Ask:,5,299,1,388,1,393,1,422,1,426,1,
2921.286, Bid:,1,68,1,Ask:,4,299,1,388,1,422,1,426,1,
2921.571, Bid:,0,Ask:,4,299,1,388,1,422,1,426,1,
2921.714, Bid:,0,Ask:,5,75,1,299,1,388,1,422,1,426,1,
2922.143, Bid:,0,Ask:,5,75,1,299,1,327,1,388,1,426,1,
2923.000, Bid:,0,Ask:,6,11,1,75,1,299,1,327,1,388,1,426,1,
2932.143, Bid:,0,Ask:,5,75,1,299,1,327,1,388,1,426,1,
2932.286, Bid:,0,Ask:,5,73,1,75,1,327,1,388,1,426,1,
2932.714, Bid:,0,Ask:,6,73,1,75,1,294,1,327,1,388,1,426,1,
2933.714, Bid:,0,Ask:,5,75,1,294,1,327,1,388,1,426,1,
2933.857, Bid:,0,Ask:,6,51,1,75,1,294,1,327,1,388,1,426,1,
2934.429, Bid:,0,Ask:,5,75,1,294,1,327,1,388,1,426,1,
2935.714, Bid:,0,Ask:,5,75,1,205,1,294,1,327,1,426,1,
2938.143, Bid:,1,1,1,Ask:,5,75,1,205,1,294,1,327,1,426,1,
2945.000, Bid:,1,1,1,Ask:,4,205,1,294,1,327,1,426,1,
2945.429, Bid:,1,1,1,Ask:,3,294,1,327,1,426,1,
2945.571, Bid:,1,1,1,Ask:,4,294,1,327,1,329,1,426,1,
2946.000, Bid:,1,1,1,Ask:,3,327,1,329,1,426,1,
2946.286, Bid:,1,1,1,Ask:,4,139,1,327,1,329,1,426,1,
2946.429, Bid:,1,1,1,Ask:,5,139,1,226,1,327,1,329,1,426,1,
2951.429, Bid:,1,1,1,Ask:,5,139,1,154,1,226,1,327,1,329,1,
2952.143, Bid:,2,1,1,129,1,Ask:,5,139,1,154,1,226,1,327,1,329,1,
2957.429, Bid:,1,1,1,Ask:,5,139,1,154,1,226,1,327,1,329,1,
2958.000, Bid:,0,Ask:,4,154,1,226,1,327,1,329,1,
2958.429, Bid:,0,Ask:,3,226,1,327,1,329,1,
2958.571, Bid:,0,Ask:,4,193,1,226,1,327,1,329,1,
2958.857, Bid:,0,Ask:,3,226,1,327,1,329,1,
2959.143, Bid:,0,Ask:,4,158,1,226,1,327,1,329,1,
2959.286, Bid:,0,Ask:,3,226,1,327,1,329,1,
2959.429, Bid:,0,Ask:,4,25,1,226,1,327,1,329,1,
2959.857, Bid:,0,Ask:,5,25,1,226,1,262,1,327,1,329,1,
2960.571, Bid:,0,Ask:,5,25,1,28,1,226,1,262,1,329,1,
2961.143, Bid:,0,Ask:,6,25,1,28,1,226,1,262,1,329,1,426,1,
2962.143, Bid:,0,Ask:,6,25,1,28,1,102,1,226,1,262,1,426,1,
2965.571, Bid:,0,Ask:,5,28,1,102,1,226,1,262,1,426,1,
2966.000, Bid:,0,Ask:,6,28,1,102,1,210,1,226,1,262,1,426,1,
2966.143, Bid:,0,Ask:,6,28,1,102,1,118,1,210,1,262,1,426,1,
2969.857, Bid:,0,Ask:,6,28,1,92,1,118,1,210,1,262,1,426,1,
2978.857, Bid:,0,Ask:,5,92,1,118,1,210,1,262,1,426,1,
2979.571, Bid:,0,Ask:,4,118,1,210,1,262,1,426,1,
2979.714, Bid:,0,Ask:,3,210,1,262,1,426,1,
2979.857, Bid:,0,Ask:,4,210,1,262,1,409,1,426,1,
2980.143, Bid:,0,Ask:,3,262,1,409,1,426,1,
2980.429, Bid:,0,Ask:,4,262,1,409,1,426,1,500,1,
2981.143, Bid:,0,Ask:,5,262,1,332,1,409,1,426,1,500,1,
2981.286, Bid:,0,Ask:,6,262,1,332,1,409,1,426,1,452,1,500,1,
2983.286, Bid:,0,Ask:,6,80,1,332,1,409,1,426,1,452,1,500,1,
2987.714, Bid:,1,44,1,Ask:,6,80,1,332,1,409,1,426,1,452,1,500,1,
2992.143, Bid:,1,44,1,Ask:,6,80,1,136,1,332,1,409,1,452,1,500,1,
2993.286, Bid:,1,44,1,Ask:,5,136,1,332,1,409,1,452,1,500,1,
2993.429, Bid:,2,44,1,130,1,Ask:,5,136,1,332,1,409,1,452,1,500,1,
2993.714, Bid:,2,44,1,130,1,Ask:,5,136,1,332,1,409,1,437,1,500,1,
2994.571, Bid:,2,44,1,130,1,Ask:,6,136,1,304,1,332,1,409,1,437,1,500,1,
2997.571, Bid:,1,44,1,Ask:,5,136,1,332,1,409,1,437,1,500,1,
2998.857, Bid:,1,44,1,Ask:,5,85,1,136,1,409,1,437,1,500,1,
3000.429, Bid:,1,44,1,Ask:,4,136,1,409,1,437,1,500,1,
3000.571, Bid:,1,44,1,Ask:,5,86,1,136,1,409,1,437,1,500,1,
3001.000, Bid:,1,44,1,Ask:,4,136,1,409,1,437,1,500,1,
3001.429, Bid:,1,44,1,Ask:,5,53,1,136,1,409,1,437,1,500,1,
3002.429, Bid:,1,44,1,Ask:,6,53,1,136,1,188,1,409,1,437,1,500,1,
3006.000, Bid:,1,44,1,Ask:,6,53,1,119,1,136,1,188,1,409,1,437,1,
3014.429, Bid:,1,51,1,Ask:,6,53,1,119,1,136,1,188,1,409,1,437,1,
3022.429, Bid:,1,51,1,Ask:,6,53,1,119,1,141,1,188,1,409,1,437,1,
3022.857, Bid:,1,51,1,Ask:,5,119,1,141,1,188,1,409,1,437,1,
3023.286, Bid:,1,51,1,Ask:,6,92,1,119,1,141,1,188,1,409,1,437,1,
3032.000, Bid:,1,51,1,Ask:,6,74,1,92,1,119,1,141,1,409,1,437,1,
3039.857, Bid:,0,Ask:,5,92,1,119,1,141,1,409,1,437,1,
3040.429, Bid:,0,Ask:,4,119,1,141,1,409,1,437,1,
3040.714, Bid:,0,Ask:,3,141,1,409,1,437,1,
3040.857, Bid:,1,108,1,Ask:,3,141,1,409,1,437,1,
3041.000, Bid:,1,108,1,Ask:,4,141,1,251,1,409,1,437,1,
3041.571, Bid:,1,108,1,Ask:,5,141,1,177,1,251,1,409,1,437,1,
3041.714, Bid:,1,108,1,Ask:,4,177,1,251,1,409,1,437,1,
3042.286, Bid:,1,108,1,Ask:,3,251,1,409,1,437,1,
3043.000, Bid:,1,108,1,Ask:,4,238,1,251,1,409,1,437,1,
3043.429, Bid:,1,108,1,Ask:,5,238,1,251,1,288,1,409,1,437,1,
3044.571, Bid:,2,108,1,167,1,Ask:,5,238,1,251,1,288,1,409,1,437,1,
3045.000, Bid:,2,108,1,167,1,Ask:,5,196,1,238,1,251,1,288,1,437,1,
3053.571, Bid:,3,108,1,137,1,167,1,Ask:,5,196,1,238,1,251,1,288,1,437,1,
3054.000, Bid:,2,108,1,137,1,Ask:,5,196,1,238,1,251,1,288,1,437,1,
3054.714, Bid:,2,108,1,137,1,Ask:,6,196,1,238,1,251,1,288,1,313,1,437,1,
3069.143, Bid:,2,108,1,156,1,Ask:,6,196,1,238,1,251,1,288,1,313,1,437,1,
3071.143, Bid:,3,63,1,108,1,156,1,Ask:,6,196,1,238,1,251,1,288,1,313,1,437,1,
3075.000, Bid:,2,63,1,108,1,Ask:,5,196,1,238,1,288,1,313,1,437,1,
3075.143, Bid:,3,30,1,63,1,108,1,Ask:,5,196,1,238,1,288,1,313,1,437,1,
3076.000, Bid:,2,30,1,63,1,Ask:,5,196,1,238,1,288,1,313,1,437,1,
3076.143, Bid:,1,30,1,Ask:,4,196,1,238,1,288,1,313,1,
3076.429, Bid:,1,30,1,Ask:,3,238,1,288,1,313,1,
3076.571, Bid:,1,30,1,Ask:,2,288,1,313,1,
3076.714, Bid:,2,30,1,107,1,Ask:,2,288,1,313,1,
3077.000, Bid:,2,30,1,107,1,Ask:,3,210,1,288,1,313,1,
3077.143, Bid:,3,28,1,30,1,107,1,Ask:,3,210,1,288,1,313,1,
3079.571, Bid:,3,28,1,30,1,107,1,Ask:,3,149,1,210,1,313,1,
3080.286, Bid:,3,28,1,30,1,107,1,Ask:,4,149,1,210,1,313,1,478,1,
3082.714, Bid:,3,28,1,30,1,95,1,Ask:,4,149,1,210,1,313,1,478,1,
3083.000, Bid:,3,28,1,30,1,95,1,Ask:,4,111,1,149,1,210,1,478,1,
3086.571, Bid:,3,28,1,30,1,95,1,Ask:,4,111,1,140,1,210,1,478,1,
3086.857, Bid:,3,28,1,30,1,95,1,Ask:,4,116,1,140,1,210,1,478,1,
3091.857, Bid:,3,28,1,30,1,91,1,Ask:,4,116,1,140,1,210,1,478,1,
3096.714, Bid:,2,28,1,91,1,Ask:,3,140,1,210,1,478,1,
3096.857, Bid:,2,28,1,91,1,Ask:,2,210,1,478,1,
3097.000, Bid:,2,28,1,91,1,Ask:,2,210,1,488,1,
3097.571, Bid:,3,28,1,91,1,114,1,Ask:,2,210,1,488,1,
3099.000, Bid:,3,28,1,91,1,114,1,Ask:,3,210,1,465,1,488,1,
3113.429, Bid:,2,28,1,91,1,Ask:,3,210,1,465,1,488,1,
3113.571, Bid:,2,28,1,91,1,Ask:,4,210,1,306,1,465,1,488,1,
3114.000, Bid:,3,28,1,58,1,91,1,Ask:,4,210,1,306,1,465,1,488,1,
3115.000, Bid:,3,28,1,58,1,91,1,Ask:,3,306,1,465,1,488,1,
3116.857, Bid:,3,28,1,58,1,91,1,Ask:,4,300,1,306,1,465,1,488,1,
3117.714, Bid:,2,28,1,58,1,Ask:,4,300,1,306,1,465,1,488,1,
3119.143, Bid:,2,28,1,58,1,Ask:,3,306,1,465,1,488,1,
3119.286, Bid:,2,26,1,28,1,Ask:,3,306,1,465,1,488,1,
3119.857, Bid:,2,26,1,28,1,Ask:,4,64,1,306,1,465,1,488,1,
3121.000, Bid:,2,26,1,28,1,Ask:,3,306,1,465,1,488,1,
3121.143, Bid:,2,26,1,28,1,Ask:,4,294,1,306,1,465,1,488,1,
3121.571, Bid:,3,26,1,28,1,163,1,Ask:,4,294,1,306,1,465,1,488,1,
3130.286, Bid:,2,26,1,28,1,Ask:,3,306,1,465,1,488,1,
3130.429, Bid:,2,26,1,28,1,Ask:,4,299,1,306,1,465,1,488,1,
3131.000, Bid:,2,26,1,28,1,Ask:,4,51,1,299,1,465,1,488,1,
3132.000, Bid:,2,26,1,28,1,Ask:,5,51,1,299,1,435,1,465,1,488,1,
3132.857, Bid:,1,28,1,Ask:,4,299,1,435,1,465,1,488,1,
3133.143, Bid:,1,55,1,Ask:,4,299,1,435,1,465,1,488,1,
3133.286, Bid:,0,Ask:,4,299,1,435,1,465,1,488,1,
3134.143, Bid:,0,Ask:,5,49,1,299,1,435,1,465,1,488,1,
3136.571, Bid:,0,Ask:,4,299,1,435,1,465,1,488,1,
3136.714, Bid:,0,Ask:,3,435,1,465,1,488,1,
3136.857, Bid:,1,375,1,Ask:,3,435,1,465,1,488,1,
3137.000, Bid:,0,Ask:,3,435,1,465,1,488,1,
3137.429, Bid:,0,Ask:,4,435,1,465,1,476,1,488,1,
3137.857, Bid:,0,Ask:,3,465,1,476,1,488,1,
3138.143, Bid:,0,Ask:,4,156,1,465,1,476,1,488,1,
3138.429, Bid:,0,Ask:,3,465,1,476,1,488,1,
3138.571, Bid:,0,Ask:,4,465,1,476,1,485,1,488,1,
3139.286, Bid:,0,Ask:,5,465,1,476,1,485,1,488,1,498,1,
3139.571, Bid:,1,132,1,Ask:,5,465,1,476,1,485,1,488,1,498,1,
3139.714, Bid:,2,132,1,277,1,Ask:,5,465,1,476,1,485,1,488,1,498,1,
3140.143, Bid:,3,132,1,157,1,277,1,Ask:,5,465,1,476,1,485,1,488,1,498,1,
3143.429, Bid:,2,132,1,157,1,Ask:,4,476,1,485,1,488,1,498,1,
3143.714, Bid:,3,99,1,132,1,157,1,Ask:,4,476,1,485,1,488,1,498,1,
3144.714, Bid:,2,99,1,132,1,Ask:,4,476,1,485,1,488,1,498,1,
3145.000, Bid:,3,99,1,132,1,254,1,Ask:,4,476,1,485,1,488,1,498,1,
3145.143, Bid:,4,91,1,99,1,132,1,254,1,Ask:,4,476,1,485,1,488,1,498,1,
3145.714, Bid:,3,91,1,99,1,132,1,Ask:,4,476,1,485,1,488,1,498,1,
3146.714, Bid:,2,91,1,99,1,Ask:,4,476,1,485,1,488,1,498,1,
3147.000, Bid:,1,91,1,Ask:,4,476,1,485,1,488,1,498,1,
3147.143, Bid:,2,91,1,454,1,Ask:,4,476,1,485,1,488,1,498,1,
3147.429, Bid:,1,91,1,Ask:,4,476,1,485,1,488,1,498,1,
3147.714, Bid:,1,91,1,Ask:,5,280,1,476,1,485,1,488,1,498,1,
3147.857, Bid:,1,91,1,Ask:,5,280,1,476,1,480,1,485,1,488,1,
3148.429, Bid:,1,91,1,Ask:,5,262,1,280,1,476,1,480,1,485,1,
3151.000, Bid:,1,91,1,Ask:,5,160,1,262,1,280,1,480,1,485,1,
3152.286, Bid:,1,91,1,Ask:,4,262,1,280,1,480,1,485,1,
3153.286, Bid:,1,91,1,Ask:,3,280,1,480,1,485,1,
3153.857, Bid:,1,91,1,Ask:,4,246,1,280,1,480,1,485,1,
3154.571, Bid:,1,91,1,Ask:,5,110,1,246,1,280,1,480,1,485,1,
3156.857, Bid:,1,91,1,Ask:,4,246,1,280,1,480,1,485,1,
3157.000, Bid:,1,91,1,Ask:,3,280,1,480,1,485,1,
3157.429, Bid:,0,Ask:,3,280,1,480,1,485,1,
3158.000, Bid:,0,Ask:,4,280,1,458,1,480,1,485,1,
3158.143, Bid:,1,77,1,Ask:,4,280,1,458,1,480,1,485,1,
3158.286, Bid:,2,77,1,128,1,Ask:,4,280,1,458,1,480,1,485,1,
3158.857, Bid:,3,77,1,128,1,206,1,Ask:,4,280,1,458,1,480,1,485,1,
3159.143, Bid:,2,77,1,128,1,Ask:,4,280,1,458,1,480,1,485,1,
3161.000, Bid:,3,77,1,128,1,220,1,Ask:,4,280,1,458,1,480,1,485,1,
3173.571, Bid:,2,77,1,128,1,Ask:,3,458,1,480,1,485,1,
3173.857, Bid:,3,77,1,117,1,128,1,Ask:,3,458,1,480,1,485,1,
3174.143, Bid:,2,77,1,117,1,Ask:,3,458,1,480,1,485,1,
3174.429, Bid:,3,77,1,117,1,211,1,Ask:,3,458,1,480,1,485,1,
3174.857, Bid:,4,77,1,97,1,117,1,211,1,Ask:,3,458,1,480,1,485,1,
3175.143, Bid:,3,77,1,97,1,117,1,Ask:,3,458,1,480,1,485,1,
3175.286, Bid:,4,77,1,97,1,117,1,195,1,Ask:,3,458,1,480,1,485,1,
3176.000, Bid:,4,77,1,97,1,117,1,195,1,Ask:,4,414,1,458,1,480,1,485,1,
3176.857, Bid:,4,77,1,117,1,119,1,195,1,Ask:,4,414,1,458,1,480,1,485,1,
3188.714, Bid:,3,77,1,117,1,119,1,Ask:,4,414,1,458,1,480,1,485,1,
3189.714, Bid:,3,77,1,117,1,119,1,Ask:,3,458,1,480,1,485,1,
3190.143, Bid:,3,77,1,117,1,119,1,Ask:,4,458,1,480,1,485,1,494,1,
3190.857, Bid:,2,77,1,117,1,Ask:,4,458,1,480,1,485,1,494,1,
3191.143, Bid:,3,77,1,117,1,200,1,Ask:,4,458,1,480,1,485,1,494,1,
3191.714, Bid:,3,77,1,117,1,200,1,Ask:,4,364,1,458,1,485,1,494,1,
3192.143, Bid:,3,77,1,117,1,128,1,Ask:,4,364,1,458,1,485,1,494,1,
3192.429, Bid:,3,77,1,117,1,128,1,Ask:,5,274,1,364,1,458,1,485,1,494,1,
3203.714, Bid:,3,47,1,117,1,128,1,Ask:,5,274,1,364,1,458,1,485,1,494,1,
3204.429, Bid:,2,47,1,117,1,Ask:,4,274,1,364,1,485,1,494,1,
3204.571, Bid:,1,47,1,Ask:,3,274,1,364,1,485,1,
3204.714, Bid:,1,47,1,Ask:,4,274,1,350,1,364,1,485,1,
3204.857, Bid:,1,47,1,Ask:,4,104,1,350,1,364,1,485,1,
3205.000, Bid:,1,47,1,Ask:,3,350,1,364,1,485,1,
3205.143, Bid:,1,47,1,Ask:,4,350,1,364,1,392,1,485,1,
3205.571, Bid:,1,47,1,Ask:,5,331,1,350,1,364,1,392,1,485,1,
3206.857, Bid:,2,47,1,105,1,Ask:,5,331,1,350,1,364,1,392,1,485,1,
3207.143, Bid:,2,47,1,105,1,Ask:,6,331,1,350,1,351,1,364,1,392,1,485,1,
3225.429, Bid:,2,47,1,105,1,Ask:,6,129,1,350,1,351,1,364,1,392,1,485,1,
3226.714, Bid:,1,47,1,Ask:,5,350,1,351,1,364,1,392,1,485,1,
3227.571, Bid:,2,47,1,130,1,Ask:,5,350,1,351,1,364,1,392,1,485,1,
3230.571, Bid:,3,47,1,103,1,130,1,Ask:,5,350,1,351,1,364,1,392,1,485,1,
3232.143, Bid:,3,56,1,103,1,130,1,Ask:,5,350,1,351,1,364,1,392,1,485,1,
3234.286, Bid:,2,56,1,103,1,Ask:,4,350,1,364,1,392,1,485,1,
3234.571, Bid:,2,56,1,103,1,Ask:,5,350,1,364,1,367,1,392,1,485,1,
3235.143, Bid:,2,56,1,103,1,Ask:,4,364,1,367,1,392,1,485,1,
3235.286, Bid:,3,56,1,103,1,191,1,Ask:,4,364,1,367,1,392,1,485,1,
3235.571, Bid:,2,56,1,103,1,Ask:,4,364,1,367,1,392,1,485,1,
3235.857, Bid:,2,56,1,103,1,Ask:,3,367,1,392,1,485,1,
3236.143, Bid:,2,56,1,103,1,Ask:,4,367,1,392,1,476,1,485,1,
3236.286, Bid:,3,56,1,103,1,329,1,Ask:,4,367,1,392,1,476,1,485,1,
3236.571, Bid:,3,56,1,103,1,329,1,Ask:,3,392,1,476,1,485,1,
3237.714, Bid:,4,56,1,100,1,103,1,329,1,Ask:,3,392,1,476,1,485,1,
3238.857, Bid:,3,56,1,100,1,103,1,Ask:,3,392,1,476,1,485,1,
3239.714, Bid:,4,56,1,100,1,103,1,235,1,Ask:,3,392,1,476,1,485,1,
3240.571, Bid:,4,56,1,100,1,103,1,235,1,Ask:,4,392,1,476,1,484,1,485,1,
3245.000, Bid:,4,56,1,89,1,100,1,235,1,Ask:,4,392,1,476,1,484,1,485,1,
3247.143, Bid:,3,56,1,89,1,100,1,Ask:,3,476,1,484,1,485,1,
3247.714, Bid:,3,50,1,89,1,100,1,Ask:,3,476,1,484,1,485,1,
3248.571, Bid:,3,50,1,89,1,100,1,Ask:,4,281,1,476,1,484,1,485,1,
3249.571, Bid:,2,50,1,89,1,Ask:,4,281,1,476,1,484,1,485,1,
3249.857, Bid:,2,50,1,89,1,Ask:,5,281,1,402,1,476,1,484,1,485,1,
3251.143, Bid:,3,50,1,89,1,242,1,Ask:,5,281,1,402,1,476,1,484,1,485,1,
3252.000, Bid:,3,50,1,89,1,242,1,Ask:,4,402,1,476,1,484,1,485,1,
3253.143, Bid:,4,50,1,89,1,186,1,242,1,Ask:,4,402,1,476,1,484,1,485,1,
3263.857, Bid:,3,50,1,89,1,186,1,Ask:,3,476,1,484,1,485,1,
3264.000, Bid:,4,50,1,89,1,127,1,186,1,Ask:,3,476,1,484,1,485,1,
3264.143, Bid:,4,50,1,89,1,127,1,186,1,Ask:,4,191,1,476,1,484,1,485,1,
3265.286, Bid:,5,2,1,50,1,89,1,127,1,186,1,Ask:,4,191,1,476,1,484,1,485,1,
3275.571, Bid:,5,2,1,50,1,89,1,158,1,186,1,Ask:,4,191,1,476,1,484,1,485,1,
3285.429, Bid:,4,2,1,50,1,89,1,158,1,Ask:,4,191,1,476,1,484,1,485,1,
3285.571, Bid:,4,2,1,50,1,89,1,158,1,Ask:,5,191,1,212,1,476,1,484,1,485,1,
3286.571, Bid:,3,2,1,50,1,89,1,Ask:,5,191,1,212,1,476,1,484,1,485,1,
3286.857, Bid:,3,2,1,50,1,89,1,Ask:,5,191,1,212,1,476,1,485,1,490,1,
3287.000, Bid:,3,2,1,50,1,89,1,Ask:,4,212,1,476,1,485,1,490,1,
3287.286, Bid:,3,2,1,50,1,89,1,Ask:,5,128,1,212,1,476,1,485,1,490,1,
3288.286, Bid:,3,2,1,50,1,89,1,Ask:,4,212,1,476,1,485,1,490,1,
3289.286, Bid:,4,2,1,19,1,50,1,89,1,Ask:,4,212,1,476,1,485,1,490,1,
3290.714, Bid:,4,2,1,19,1,50,1,89,1,Ask:,3,476,1,485,1,490,1,
3291.143, Bid:,4,2,1,19,1,50,1,89,1,Ask:,4,110,1,476,1,485,1,490,1,
3292.143, Bid:,3,19,1,50,1,89,1,Ask:,3,476,1,485,1,490,1,
3292.571, Bid:,4,19,1,50,1,89,1,208,1,Ask:,3,476,1,485,1,490,1,
3293.000, Bid:,3,19,1,50,1,89,1,Ask:,3,476,1,485,1,490,1,
3293.286, Bid:,3,19,1,50,1,89,1,Ask:,4,100,1,476,1,485,1,490,1,
3293.429, Bid:,3,19,1,50,1,89,1,Ask:,3,476,1,485,1,490,1,
3294.000, Bid:,2,19,1,50,1,Ask:,3,476,1,485,1,490,1,
3294.286, Bid:,2,19,1,50,1,Ask:,4,361,1,476,1,485,1,490,1,
3295.000, Bid:,2,19,1,50,1,Ask:,5,181,1,361,1,476,1,485,1,490,1,
3295.571, Bid:,2,19,1,50,1,Ask:,4,361,1,476,1,485,1,490,1,
3295.714, Bid:,3,19,1,50,1,305,1,Ask:,4,361,1,476,1,485,1,490,1,
3296.000, Bid:,3,19,1,50,1,305,1,Ask:,5,361,1,462,1,476,1,485,1,490,1,
3296.143, Bid:,2,19,1,50,1,Ask:,5,361,1,462,1,476,1,485,1,490,1,
3298.000, Bid:,2,19,1,50,1,Ask:,4,462,1,476,1,485,1,490,1,
3298.429, Bid:,1,19,1,Ask:,4,462,1,476,1,485,1,490,1,
3298.857, Bid:,2,19,1,169,1,Ask:,4,462,1,476,1,485,1,490,1,
3299.429, Bid:,1,19,1,Ask:,4,462,1,476,1,485,1,490,1,
3299.857, Bid:,2,19,1,325,1,Ask:,4,462,1,476,1,485,1,490,1,
3300.000, Bid:,2,19,1,325,1,Ask:,4,368,1,462,1,476,1,490,1,
3302.286, Bid:,2,19,1,325,1,Ask:,5,368,1,402,1,462,1,476,1,490,1,
3307.000, Bid:,3,19,1,60,1,325,1,Ask:,5,368,1,402,1,462,1,476,1,490,1,
3308.857, Bid:,2,19,1,60,1,Ask:,4,368,1,462,1,476,1,490,1,
3310.571, Bid:,3,19,1,25,1,60,1,Ask:,4,368,1,462,1,476,1,490,1,
3310.857, Bid:,3,19,1,25,1,60,1,Ask:,5,368,1,462,1,476,1,490,1,491,1,
3319.429, Bid:,3,19,1,25,1,60,1,Ask:,6,141,1,368,1,462,1,476,1,490,1,491,1,
3320.143, Bid:,3,19,1,25,1,60,1,Ask:,5,368,1,462,1,476,1,490,1,491,1,
3321.000, Bid:,3,19,1,25,1,60,1,Ask:,6,245,1,368,1,462,1,476,1,490,1,491,1,
3321.714, Bid:,3,19,1,60,1,94,1,Ask:,6,245,1,368,1,462,1,476,1,490,1,491,1,
3323.714, Bid:,4,19,1,60,1,94,1,144,1,Ask:,6,245,1,368,1,462,1,476,1,490,1,491,1,
3325.857, Bid:,3,19,1,60,1,94,1,Ask:,5,245,1,368,1,476,1,490,1,491,1,
3326.000, Bid:,3,19,1,60,1,94,1,Ask:,4,368,1,476,1,490,1,491,1,
3326.286, Bid:,3,60,1,94,1,339,1,Ask:,4,368,1,476,1,490,1,491,1,
3326.429, Bid:,4,60,1,94,1,113,1,339,1,Ask:,4,368,1,476,1,490,1,491,1,
3326.571, Bid:,3,60,1,94,1,113,1,Ask:,4,368,1,476,1,490,1,491,1,
3326.857, Bid:,3,60,1,94,1,113,1,Ask:,4,368,1,439,1,476,1,491,1,
3327.429, Bid:,4,60,1,94,1,113,1,293,1,Ask:,4,368,1,439,1,476,1,491,1,
3329.571, Bid:,3,60,1,94,1,113,1,Ask:,4,368,1,439,1,476,1,491,1,
3329.714, Bid:,4,60,1,94,1,113,1,149,1,Ask:,4,368,1,439,1,476,1,491,1,
3331.429, Bid:,4,60,1,94,1,145,1,149,1,Ask:,4,368,1,439,1,476,1,491,1,
3331.571, Bid:,4,60,1,94,1,145,1,149,1,Ask:,4,368,1,439,1,476,1,491,2,
3352.429, Bid:,4,65,1,94,1,145,1,149,1,Ask:,4,368,1,439,1,476,1,491,2,
3352.571, Bid:,3,65,1,94,1,145,1,Ask:,4,368,1,439,1,476,1,491,1,
3353.286, Bid:,2,65,1,94,1,Ask:,4,368,1,439,1,476,1,491,1,
3353.857, Bid:,3,65,1,94,1,315,1,Ask:,4,368,1,439,1,476,1,491,1,
3354.286, Bid:,4,65,1,94,1,315,1,359,1,Ask:,4,368,1,439,1,476,1,491,1,
3354.714, Bid:,4,65,1,111,1,315,1,359,1,Ask:,4,368,1,439,1,476,1,491,1,
3356.143, Bid:,5,65,1,111,1,113,1,315,1,359,1,Ask:,4,368,1,439,1,476,1,491,1,
3356.857, Bid:,4,65,1,111,1,113,1,315,1,Ask:,3,368,1,439,1,476,1,
3357.000, Bid:,4,65,1,111,1,113,1,315,1,Ask:,4,368,1,436,1,439,1,476,1,
3357.286, Bid:,5,65,1,111,1,113,1,125,1,315,1,Ask:,4,368,1,436,1,439,1,476,1,
3357.429, Bid:,4,65,1,111,1,125,2,315,1,Ask:,4,368,1,436,1,439,1,476,1,
3359.000, Bid:,4,43,1,111,1,125,2,315,1,Ask:,4,368,1,436,1,439,1,476,1,
3363.000, Bid:,3,43,1,111,1,125,2,Ask:,4,368,1,436,1,439,1,476,1,
3363.286, Bid:,4,43,1,111,1,125,1,307,1,Ask:,4,368,1,436,1,439,1,476,1,
3365.000, Bid:,4,43,1,111,1,125,1,307,1,Ask:,3,436,1,439,1,476,1,
3365.286, Bid:,5,43,1,62,1,111,1,125,1,307,1,Ask:,3,436,1,439,1,476,1,
3365.571, Bid:,4,43,1,62,1,111,1,125,1,Ask:,3,436,1,439,1,476,1,
3365.857, Bid:,3,43,1,62,1,111,1,Ask:,3,436,1,439,1,476,1,
3366.857, Bid:,2,62,1,111,1,Ask:,2,439,1,476,1,
3367.000, Bid:,2,62,1,111,1,Ask:,3,250,1,439,1,476,1,
3367.571, Bid:,2,62,1,111,1,Ask:,3,250,1,286,1,476,1,
3367.857, Bid:,2,62,1,111,1,Ask:,2,286,1,476,1,
3368.000, Bid:,2,62,1,111,1,Ask:,3,236,1,286,1,476,1,
3368.286, Bid:,2,62,1,111,1,Ask:,4,120,1,236,1,286,1,476,1,
3368.429, Bid:,2,62,1,111,1,Ask:,5,120,1,236,1,286,1,476,1,477,1,
3379.571, Bid:,1,62,1,Ask:,4,120,1,286,1,476,1,477,1,
3380.571, Bid:,1,62,1,Ask:,3,286,1,476,1,477,1,
3380.714, Bid:,1,62,1,Ask:,3,286,1,465,1,477,1,
3381.143, Bid:,1,62,1,Ask:,4,135,1,286,1,465,1,477,1,
3382.571, Bid:,1,62,1,Ask:,3,286,1,465,1,477,1,
3383.000, Bid:,1,62,1,Ask:,4,273,1,286,1,465,1,477,1,
3384.143, Bid:,1,62,1,Ask:,5,106,1,273,1,286,1,465,1,477,1,
3385.429, Bid:,2,62,1,96,1,Ask:,5,106,1,273,1,286,1,465,1,477,1,
3385.857, Bid:,2,62,1,96,1,Ask:,6,106,1,273,1,286,1,289,1,465,1,477,1,
3391.143, Bid:,1,62,1,Ask:,5,106,1,273,1,286,1,465,1,477,1,
3391.429, Bid:,1,62,1,Ask:,5,106,1,273,1,286,1,403,1,477,1,
3391.857, Bid:,1,62,1,Ask:,6,106,1,155,1,273,1,286,1,403,1,477,1,
3398.429, Bid:,1,62,1,Ask:,6,109,1,155,1,273,1,286,1,403,1,477,1,
3410.429, Bid:,2,41,1,62,1,Ask:,6,109,1,155,1,273,1,286,1,403,1,477,1,
3413.000, Bid:,2,41,1,62,1,Ask:,5,155,1,273,1,286,1,403,1,477,1,
3413.143, Bid:,3,19,1,41,1,62,1,Ask:,5,155,1,273,1,286,1,403,1,477,1,
3414.143, Bid:,3,19,1,41,1,62,1,Ask:,5,145,1,155,1,273,1,286,1,403,1,
3414.429, Bid:,4,19,1,41,1,62,1,103,1,Ask:,5,145,1,155,1,273,1,286,1,403,1,
3415.286, Bid:,4,19,1,41,1,62,1,103,1,Ask:,6,145,1,155,1,180,1,273,1,286,1,403,1,
3416.714, Bid:,4,19,1,41,1,62,1,103,1,Ask:,6,125,1,155,1,180,1,273,1,286,1,403,1,
3419.429, Bid:,4,19,1,41,1,62,1,81,1,Ask:,6,125,1,155,1,180,1,273,1,286,1,403,1,
3435.714, Bid:,4,19,1,62,1,67,1,81,1,Ask:,6,125,1,155,1,180,1,273,1,286,1,403,1,
3439.286, Bid:,3,19,1,62,1,67,1,Ask:,5,125,1,180,1,273,1,286,1,403,1,
3439.571, Bid:,3,19,1,62,1,67,1,Ask:,4,180,1,273,1,286,1,403,1,
3440.000, Bid:,3,19,1,62,1,67,1,Ask:,4,180,1,273,1,286,1,336,1,
3440.286, Bid:,3,19,1,62,1,67,1,Ask:,3,273,1,286,1,336,1,
3440.429, Bid:,3,19,1,62,1,67,1,Ask:,4,273,1,286,1,336,1,443,1,
3441.429, Bid:,3,19,1,67,1,140,1,Ask:,4,273,1,286,1,336,1,443,1,
3441.571, Bid:,3,19,1,67,1,140,1,Ask:,5,142,1,273,1,286,1,336,1,443,1,
3444.429, Bid:,2,67,1,140,1,Ask:,4,273,1,286,1,336,1,443,1,
3444.571, Bid:,2,67,1,140,1,Ask:,3,286,1,336,1,443,1,
3445.143, Bid:,1,67,1,Ask:,3,286,1,336,1,443,1,
3445.286, Bid:,0,Ask:,3,286,1,336,1,443,1,
3445.429, Bid:,0,Ask:,4,169,1,286,1,336,1,443,1,
3445.571, Bid:,0,Ask:,5,9,1,169,1,286,1,336,1,443,1,
3445.714, Bid:,0,Ask:,4,169,1,286,1,336,1,443,1,
3446.000, Bid:,0,Ask:,3,286,1,336,1,443,1,
3446.143, Bid:,0,Ask:,3,281,1,336,1,443,1,
3446.286, Bid:,0,Ask:,4,281,1,336,1,413,1,443,1,
3446.429, Bid:,1,94,1,Ask:,4,281,1,336,1,413,1,443,1,
3446.571, Bid:,1,94,1,Ask:,5,281,1,336,1,412,1,413,1,443,1,
3448.286, Bid:,0,Ask:,5,281,1,336,1,412,1,413,1,443,1,
3448.429, Bid:,1,77,1,Ask:,5,281,1,336,1,412,1,413,1,443,1,
3449.000, Bid:,1,77,1,Ask:,4,336,1,412,1,413,1,443,1,
3449.429, Bid:,1,77,1,Ask:,5,237,1,336,1,412,1,413,1,443,1,
3453.714, Bid:,1,77,1,Ask:,6,237,1,333,1,336,1,412,1,413,1,443,1,
3463.571, Bid:,1,77,1,Ask:,6,143,1,237,1,333,1,336,1,412,1,413,1,
3470.286, Bid:,1,77,1,Ask:,6,82,1,143,1,333,1,336,1,412,1,413,1,
3471.714, Bid:,2,65,1,77,1,Ask:,6,82,1,143,1,333,1,336,1,412,1,413,1,
3474.429, Bid:,2,65,1,77,1,Ask:,5,143,1,333,1,336,1,412,1,413,1,
3474.714, Bid:,2,65,1,77,1,Ask:,4,333,1,336,1,412,1,413,1,
3474.857, Bid:,2,65,1,77,1,Ask:,3,336,1,412,1,413,1,
3475.000, Bid:,2,65,1,77,1,Ask:,2,412,1,413,1,
3475.143, Bid:,2,65,1,77,1,Ask:,3,142,1,412,1,413,1,
3475.286, Bid:,2,65,1,77,1,Ask:,4,142,1,146,1,412,1,413,1,
3475.429, Bid:,2,65,1,77,1,Ask:,5,142,1,146,1,412,1,413,1,450,1,
3475.571, Bid:,1,65,1,Ask:,4,142,1,146,1,412,1,450,1,
3475.714, Bid:,1,65,1,Ask:,3,146,1,412,1,450,1,
3476.000, Bid:,2,65,1,75,1,Ask:,3,146,1,412,1,450,1,
3476.143, Bid:,2,65,1,75,1,Ask:,2,412,1,450,1,
3476.286, Bid:,1,65,1,Ask:,2,412,1,450,1,
3476.429, Bid:,1,65,1,Ask:,3,371,1,412,1,450,1,
3476.571, Bid:,0,Ask:,2,371,1,412,1,
3476.714, Bid:,1,54,1,Ask:,2,371,1,412,1,
3476.857, Bid:,1,54,1,Ask:,2,67,1,371,1,
3477.143, Bid:,2,54,1,59,1,Ask:,2,67,1,371,1,
3477.429, Bid:,2,54,1,59,1,Ask:,1,371,1,
3477.571, Bid:,2,54,1,59,1,Ask:,2,371,1,461,1,
3478.857, Bid:,2,54,1,59,1,Ask:,3,173,1,371,1,461,1,
3480.000, Bid:,3,6,1,54,1,59,1,Ask:,3,173,1,371,1,461,1,
3481.143, Bid:,2,6,1,54,1,Ask:,2,371,1,461,1,
3481.571, Bid:,3,6,1,54,1,291,1,Ask:,2,371,1,461,1,
3481.857, Bid:,2,6,1,54,1,Ask:,2,371,1,461,1,
3482.286, Bid:,2,6,1,54,1,Ask:,3,55,1,371,1,461,1,
3482.571, Bid:,2,6,1,54,1,Ask:,2,371,1,461,1,
3483.000, Bid:,2,6,1,54,1,Ask:,3,124,1,371,1,461,1,
3483.286, Bid:,2,6,1,54,1,Ask:,4,124,1,371,1,440,1,461,1,
3486.143, Bid:,2,54,1,62,1,Ask:,4,124,1,371,1,440,1,461,1,
3489.286, Bid:,2,54,1,62,1,Ask:,3,371,1,440,1,461,1,
3489.714, Bid:,3,54,1,62,1,98,1,Ask:,3,371,1,440,1,461,1,
3489.857, Bid:,2,54,1,62,1,Ask:,3,371,1,440,1,461,1,
3490.286, Bid:,3,18,1,54,1,62,1,Ask:,3,371,1,440,1,461,1,
3490.857, Bid:,3,18,1,54,1,62,1,Ask:,3,150,1,371,1,440,1,
3504.571, Bid:,3,18,1,62,1,98,1,Ask:,3,150,1,371,1,440,1,
3505.571, Bid:,2,18,1,62,1,Ask:,2,150,1,440,1,
3505.714, Bid:,2,18,1,62,1,Ask:,3,150,1,385,1,440,1,
3506.000, Bid:,3,18,1,62,1,121,1,Ask:,3,150,1,385,1,440,1,
3506.143, Bid:,4,18,1,62,1,89,1,121,1,Ask:,3,150,1,385,1,440,1,
3511.714, Bid:,3,18,1,62,1,89,1,Ask:,3,150,1,385,1,440,1,
3512.143, Bid:,2,62,1,89,1,Ask:,2,385,1,440,1,
3512.429, Bid:,3,62,1,89,1,225,1,Ask:,2,385,1,440,1,
3512.714, Bid:,3,62,1,89,1,225,1,Ask:,3,385,1,440,1,470,1,
3515.429, Bid:,3,40,1,89,1,225,1,Ask:,3,385,1,440,1,470,1,
3520.714, Bid:,2,40,1,89,1,Ask:,2,385,1,470,1,
3520.857, Bid:,2,40,1,89,1,Ask:,3,365,1,385,1,470,1,
3521.000, Bid:,2,40,1,89,1,Ask:,2,385,1,470,1,
3521.286, Bid:,3,40,1,89,1,322,1,Ask:,2,385,1,470,1,
3524.143, Bid:,3,40,1,89,1,322,1,Ask:,3,385,1,414,1,470,1,
3534.714, Bid:,2,40,1,89,1,Ask:,2,414,1,470,1,
3535.143, Bid:,2,40,1,89,1,Ask:,3,393,1,414,1,470,1,
3536.429, Bid:,2,40,1,94,1,Ask:,3,393,1,414,1,470,1,
3536.857, Bid:,2,40,1,94,1,Ask:,4,132,1,393,1,414,1,470,1,
3539.857, Bid:,2,40,1,94,1,Ask:,3,393,1,414,1,470,1,
3540.857, Bid:,2,40,1,94,1,Ask:,2,414,1,470,1,
3541.000, Bid:,2,40,1,94,1,Ask:,3,278,1,414,1,470,1,
3541.571, Bid:,3,15,1,40,1,94,1,Ask:,3,278,1,414,1,470,1,
3541.714, Bid:,3,15,1,40,1,94,1,Ask:,3,120,1,278,1,414,1,
3547.000, Bid:,2,15,1,40,1,Ask:,3,120,1,278,1,414,1,
3547.714, Bid:,2,15,1,40,1,Ask:,2,278,1,414,1,
3548.286, Bid:,2,15,1,40,1,Ask:,3,278,1,320,1,414,1,
3548.429, Bid:,1,40,1,Ask:,2,320,1,414,1,
3548.714, Bid:,1,40,1,Ask:,3,50,1,320,1,414,1,
3548.857, Bid:,1,40,1,Ask:,2,320,1,414,1,
3549.143, Bid:,2,23,1,40,1,Ask:,2,320,1,414,1,
3549.429, Bid:,2,23,1,40,1,Ask:,1,414,1,
3550.143, Bid:,3,23,1,40,1,91,1,Ask:,1,414,1,
3551.714, Bid:,4,23,1,40,1,91,1,365,1,Ask:,1,414,1,
3552.286, Bid:,3,23,1,40,1,91,1,Ask:,1,414,1,
3552.429, Bid:,3,23,1,40,1,91,1,Ask:,2,275,1,414,1,
3553.429, Bid:,4,23,1,40,1,91,1,272,1,Ask:,2,275,1,414,1,
3559.571, Bid:,4,23,1,59,1,91,1,272,1,Ask:,2,275,1,414,1,
3560.429, Bid:,5,23,1,59,1,91,1,153,1,272,1,Ask:,2,275,1,414,1,
3565.571, Bid:,5,59,1,91,1,112,1,153,1,272,1,Ask:,2,275,1,414,1,
3565.714, Bid:,4,59,1,91,1,112,1,153,1,Ask:,1,414,1,
3565.857, Bid:,3,59,1,91,1,112,1,Ask:,1,414,1,
3567.143, Bid:,4,59,1,91,1,112,1,383,1,Ask:,1,414,1,
3567.429, Bid:,3,59,1,91,1,112,1,Ask:,1,414,1,
3567.571, Bid:,2,59,1,91,1,Ask:,1,414,1,
3568.143, Bid:,3,59,1,91,1,168,1,Ask:,1,414,1,
3568.429, Bid:,2,59,1,91,1,Ask:,1,414,1,
3568.571, Bid:,3,59,1,91,1,282,1,Ask:,1,414,1,
3569.000, Bid:,3,59,1,91,1,282,1,Ask:,0,
3569.143, Bid:,4,59,1,91,1,282,1,338,1,Ask:,0,
3570.857, Bid:,4,59,1,91,1,282,1,338,1,Ask:,1,388,1,
3574.143, Bid:,4,59,1,91,1,282,1,338,1,Ask:,0,
3575.286, Bid:,3,59,1,91,1,282,1,Ask:,0,
3575.571, Bid:,3,59,1,91,1,282,1,Ask:,1,283,1,
3575.714, Bid:,4,1,1,59,1,91,1,282,1,Ask:,1,283,1,
3576.429, Bid:,3,1,1,59,1,91,1,Ask:,1,283,1,
3576.571, Bid:,3,1,1,59,1,91,1,Ask:,0,
3576.714, Bid:,4,1,1,59,1,91,1,461,1,Ask:,0,
3577.143, Bid:,5,1,1,51,1,59,1,91,1,461,1,Ask:,0,
3577.571, Bid:,4,1,1,51,1,59,1,91,1,Ask:,0,
3578.000, Bid:,4,1,1,51,1,59,1,91,1,Ask:,1,460,1,
3578.286, Bid:,5,1,1,51,1,59,1,91,1,271,1,Ask:,1,460,1,
3581.571, Bid:,5,1,1,51,1,66,1,91,1,271,1,Ask:,1,460,1,
3586.714, Bid:,4,1,1,51,1,66,1,91,1,Ask:,1,460,1,
3588.143, Bid:,4,1,1,51,1,66,1,91,1,Ask:,2,189,1,460,1,
3588.429, Bid:,4,1,1,51,1,66,1,91,1,Ask:,1,460,1,
3588.571, Bid:,4,1,1,51,1,66,1,91,1,Ask:,2,392,1,460,1,
3594.000, Bid:,4,51,1,66,1,91,1,159,1,Ask:,2,392,1,460,1,
3596.143, Bid:,5,51,1,66,1,91,1,117,1,159,1,Ask:,2,392,1,460,1,
3598.286, Bid:,4,51,1,66,1,91,1,117,1,Ask:,2,392,1,460,1,
3598.429, Bid:,5,51,1,66,1,91,1,117,1,205,1,Ask:,2,392,1,460,1,
3598.571, Bid:,5,51,1,66,1,117,1,195,1,205,1,Ask:,2,392,1,460,1,
3598.857, Bid:,4,51,1,66,1,117,1,195,1,Ask:,2,392,1,460,1,
3599.286, Bid:,4,41,1,51,1,117,1,195,1,Ask:,2,392,1,460,1,
3599.429, Bid:,3,41,1,51,1,117,1,Ask:,2,392,1,460,1,
3600.143, Bid:,3,41,1,51,1,117,1,Ask:,3,392,1,449,1,460,1,
3600.429, Bid:,4,41,1,51,1,61,1,117,1,Ask:,3,392,1,449,1,460,1,
3607.286, Bid:,3,41,1,51,1,61,1,Ask:,2,449,1,460,1,
3608.429, Bid:,4,8,1,41,1,51,1,61,1,Ask:,2,449,1,460,1,
3608.571, Bid:,4,8,1,41,1,51,1,61,1,Ask:,2,404,1,449,1,
3620.143, Bid:,4,8,1,41,1,51,1,61,1,Ask:,3,102,1,404,1,449,1,
3620.429, Bid:,4,8,1,41,1,51,1,61,1,Ask:,2,404,1,449,1,
3622.286, Bid:,4,8,1,41,1,51,1,61,1,Ask:,3,404,1,447,1,449,1,
3625.000, Bid:,4,8,1,41,1,51,1,120,1,Ask:,3,404,1,447,1,449,1,
3625.286, Bid:,5,8,1,41,1,51,1,115,1,120,1,Ask:,3,404,1,447,1,449,1,
3625.714, Bid:,5,8,1,41,1,51,1,115,1,120,1,Ask:,3,159,1,404,1,447,1,
3626.571, Bid:,4,8,1,41,1,51,1,115,1,Ask:,3,159,1,404,1,447,1,
3630.429, Bid:,4,8,1,41,1,51,1,115,1,Ask:,2,404,1,447,1,
3630.571, Bid:,4,8,1,41,1,51,1,115,1,Ask:,3,365,1,404,1,447,1,
3630.714, Bid:,4,8,1,41,1,51,1,115,1,Ask:,4,284,1,365,1,404,1,447,1,
3635.143, Bid:,4,8,1,41,1,51,1,115,1,Ask:,4,125,1,365,1,404,1,447,1,
3637.000, Bid:,4,8,1,41,1,51,1,115,1,Ask:,3,365,1,404,1,447,1,
3637.286, Bid:,5,8,1,41,1,51,1,115,1,183,1,Ask:,3,365,1,404,1,447,1,
3637.429, Bid:,4,8,1,41,1,51,1,115,1,Ask:,3,365,1,404,1,447,1,
3638.286, Bid:,3,8,1,41,1,51,1,Ask:,3,365,1,404,1,447,1,
3639.571, Bid:,3,8,1,41,1,51,1,Ask:,4,103,1,365,1,404,1,447,1,
3640.000, Bid:,3,8,1,41,1,51,1,Ask:,3,365,1,404,1,447,1,
3640.286, Bid:,4,8,1,41,1,51,1,171,1,Ask:,3,365,1,404,1,447,1,
3642.143, Bid:,3,8,1,41,1,51,1,Ask:,3,365,1,404,1,447,1,
3642.571, Bid:,4,8,1,41,1,51,1,123,1,Ask:,3,365,1,404,1,447,1,
3643.286, Bid:,4,8,1,41,1,51,1,123,1,Ask:,3,365,1,447,1,480,1,
3646.857, Bid:,4,8,1,51,1,60,1,123,1,Ask:,3,365,1,447,1,480,1,
3650.571, Bid:,5,8,1,51,1,60,1,123,1,158,1,Ask:,3,365,1,447,1,480,1,
3650.714, Bid:,4,8,1,51,1,60,1,123,1,Ask:,3,365,1,447,1,480,1,
3651.000, Bid:,4,51,1,60,1,123,1,150,1,Ask:,3,365,1,447,1,480,1,
3651.143, Bid:,4,51,1,60,1,123,1,150,1,Ask:,3,255,1,447,1,480,1,
3655.429, Bid:,3,51,1,60,1,123,1,Ask:,2,255,1,480,1,
3655.571, Bid:,3,51,1,60,1,123,1,Ask:,3,255,1,340,1,480,1,
3656.143, Bid:,4,51,1,60,1,103,1,123,1,Ask:,3,255,1,340,1,480,1,
3656.571, Bid:,4,51,1,60,1,103,1,123,1,Ask:,4,255,1,340,1,377,1,480,1,
3664.000, Bid:,4,51,1,60,1,114,1,123,1,Ask:,4,255,1,340,1,377,1,480,1,
3666.000, Bid:,3,51,1,60,1,114,1,Ask:,3,255,1,377,1,480,1,
3666.143, Bid:,3,51,1,60,1,114,1,Ask:,4,255,1,377,1,469,1,480,1,
3669.000, Bid:,3,51,1,60,1,114,1,Ask:,3,377,1,469,1,480,1,
3669.714, Bid:,3,51,1,60,1,114,1,Ask:,4,377,1,435,1,469,1,480,1,
3671.857, Bid:,3,43,1,51,1,114,1,Ask:,4,377,1,435,1,469,1,480,1,
3672.286, Bid:,3,43,1,51,1,114,1,Ask:,3,435,1,469,1,480,1,
3672.571, Bid:,3,43,1,51,1,114,1,Ask:,4,296,1,435,1,469,1,480,1,
3674.857, Bid:,3,43,1,51,1,114,1,Ask:,5,296,1,382,1,435,1,469,1,480,1,
3675.857, Bid:,2,43,1,51,1,Ask:,4,382,1,435,1,469,1,480,1,
3676.857, Bid:,3,43,1,51,1,345,1,Ask:,4,382,1,435,1,469,1,480,1,
3677.000, Bid:,3,43,1,51,1,345,1,Ask:,3,435,1,469,1,480,1,
3677.143, Bid:,4,43,1,51,1,63,1,345,1,Ask:,3,435,1,469,1,480,1,
3679.000, Bid:,3,43,1,51,1,63,1,Ask:,3,435,1,469,1,480,1,
3679.857, Bid:,2,43,1,51,1,Ask:,2,435,1,469,1,
3680.286, Bid:,2,43,1,51,1,Ask:,3,424,1,435,1,469,1,
3682.000, Bid:,2,43,1,51,1,Ask:,4,109,1,424,1,435,1,469,1,
3682.286, Bid:,2,43,1,51,1,Ask:,3,424,1,435,1,469,1,
3682.857, Bid:,3,43,1,51,1,110,1,Ask:,3,424,1,435,1,469,1,
3683.286, Bid:,4,43,1,51,1,110,1,195,1,Ask:,3,424,1,435,1,469,1,
3683.714, Bid:,3,43,1,51,1,110,1,Ask:,3,424,1,435,1,469,1,
3683.857, Bid:,3,43,1,51,1,110,1,Ask:,4,261,1,424,1,435,1,469,1,
3684.286, Bid:,4,43,1,51,1,108,1,110,1,Ask:,4,261,1,424,1,435,1,469,1,
3685.429, Bid:,4,43,1,51,1,108,1,110,1,Ask:,4,125,1,261,1,435,1,469,1,
3685.714, Bid:,4,43,1,51,1,108,1,110,1,Ask:,3,261,1,435,1,469,1,
3685.857, Bid:,5,43,1,51,1,52,1,108,1,110,1,Ask:,3,261,1,435,1,469,1,
3686.571, Bid:,5,43,1,51,1,52,1,108,1,110,1,Ask:,2,435,1,469,1,
3686.714, Bid:,6,43,1,51,1,52,1,108,1,110,1,242,1,Ask:,2,435,1,469,1,
3687.429, Bid:,6,43,1,51,1,52,1,108,1,126,1,242,1,Ask:,2,435,1,469,1,
3688.286, Bid:,5,43,1,51,1,52,1,108,1,126,1,Ask:,2,435,1,469,1,
3688.714, Bid:,4,43,1,51,1,52,1,108,1,Ask:,2,435,1,469,1,
3690.000, Bid:,3,43,1,51,1,52,1,Ask:,2,435,1,469,1,
3690.571, Bid:,3,43,1,51,1,52,1,Ask:,3,435,1,469,1,491,1,
3691.000, Bid:,4,43,1,51,1,52,1,98,1,Ask:,3,435,1,469,1,491,1,
3692.000, Bid:,3,43,1,51,1,52,1,Ask:,3,435,1,469,1,491,1,
3692.571, Bid:,4,43,1,51,1,52,1,70,1,Ask:,3,435,1,469,1,491,1,
3692.714, Bid:,5,5,1,43,1,51,1,52,1,70,1,Ask:,3,435,1,469,1,491,1,
3694.429, Bid:,5,5,1,43,1,51,1,70,1,148,1,Ask:,3,435,1,469,1,491,1,
3695.571, Bid:,4,5,1,43,1,51,1,70,1,Ask:,3,435,1,469,1,491,1,
3696.143, Bid:,4,5,1,43,1,51,1,70,1,Ask:,2,469,1,491,1,
3697.571, Bid:,5,5,1,43,1,51,1,70,1,292,1,Ask:,2,469,1,491,1,
3706.714, Bid:,4,5,1,43,1,51,1,70,1,Ask:,2,469,1,491,1,
3707.143, Bid:,4,5,1,43,1,51,1,70,1,Ask:,3,334,1,469,1,491,1,
3707.429, Bid:,4,5,1,43,1,51,1,70,1,Ask:,2,469,1,491,1,
3707.857, Bid:,4,5,1,43,1,51,1,70,1,Ask:,3,390,1,469,1,491,1,
3708.571, Bid:,5,5,1,43,1,51,1,70,1,120,1,Ask:,3,390,1,469,1,491,1,
3708.714, Bid:,5,5,1,43,1,51,1,70,1,120,1,Ask:,3,156,1,390,1,469,1,
3710.000, Bid:,5,5,1,43,1,51,1,70,1,120,1,Ask:,2,390,1,469,1,
3710.143, Bid:,5,5,1,43,1,51,1,70,1,120,1,Ask:,3,390,1,469,1,497,1,
3716.000, Bid:,4,5,1,43,1,51,1,70,1,Ask:,2,390,1,497,1,
3716.286, Bid:,4,5,1,51,1,70,1,80,1,Ask:,2,390,1,497,1,
3716.429, Bid:,3,5,1,51,1,70,1,Ask:,2,390,1,497,1,
3716.857, Bid:,3,5,1,51,1,70,1,Ask:,3,105,1,390,1,497,1,
3717.429, Bid:,3,5,1,51,1,70,1,Ask:,4,105,1,390,1,432,1,497,1,
3719.857, Bid:,3,5,1,19,1,70,1,Ask:,4,105,1,390,1,432,1,497,1,
3727.429, Bid:,3,5,1,19,1,103,1,Ask:,4,105,1,390,1,432,1,497,1,
3734.857, Bid:,2,5,1,19,1,Ask:,3,105,1,432,1,497,1,
3735.286, Bid:,2,5,1,19,1,Ask:,2,432,1,497,1,
3735.714, Bid:,2,5,1,19,1,Ask:,3,157,1,432,1,497,1,
3735.857, Bid:,2,5,1,19,1,Ask:,4,28,1,157,1,432,1,497,1,
3736.571, Bid:,2,5,1,19,1,Ask:,5,28,1,157,1,432,1,439,1,497,1,
3742.857, Bid:,2,5,1,19,1,Ask:,4,157,1,432,1,439,1,497,1,
3743.000, Bid:,2,5,1,19,1,Ask:,3,432,1,439,1,497,1,
3743.143, Bid:,2,19,1,334,1,Ask:,3,432,1,439,1,497,1,
3743.571, Bid:,1,19,1,Ask:,3,432,1,439,1,497,1,
3744.143, Bid:,2,19,1,139,1,Ask:,3,432,1,439,1,497,1,
3745.429, Bid:,3,19,1,68,1,139,1,Ask:,3,432,1,439,1,497,1,
3746.000, Bid:,2,19,1,68,1,Ask:,3,432,1,439,1,497,1,
3746.143, Bid:,2,19,1,68,1,Ask:,3,129,1,432,1,439,1,
3746.429, Bid:,2,19,1,68,1,Ask:,2,432,1,439,1,
3746.714, Bid:,3,19,1,68,1,257,1,Ask:,2,432,1,439,1,
3746.857, Bid:,2,19,1,68,1,Ask:,2,432,1,439,1,
3747.143, Bid:,3,19,1,68,1,135,1,Ask:,2,432,1,439,1,
3747.286, Bid:,4,19,1,68,1,135,1,225,1,Ask:,2,432,1,439,1,
3747.429, Bid:,5,19,1,68,1,130,1,135,1,225,1,Ask:,2,432,1,439,1,
3747.571, Bid:,6,19,1,68,1,130,1,135,1,225,1,290,1,Ask:,2,432,1,439,1,
3747.857, Bid:,6,68,1,130,1,135,1,225,1,252,1,290,1,Ask:,2,432,1,439,1,
3748.571, Bid:,7,68,1,130,1,135,1,224,1,225,1,252,1,290,1,Ask:,2,432,1,439,1,
3753.143, Bid:,7,68,1,114,1,130,1,135,1,225,1,252,1,290,1,Ask:,2,432,1,439,1,
3753.286, Bid:,7,67,1,68,1,114,1,130,1,135,1,252,1,290,1,Ask:,2,432,1,439,1,
3766.143, Bid:,6,67,1,68,1,114,1,130,1,135,1,252,1,Ask:,2,432,1,439,1,
3766.286, Bid:,7,67,1,68,1,114,1,130,1,135,1,199,1,252,1,Ask:,2,432,1,439,1,
3768.143, Bid:,6,67,1,68,1,114,1,130,1,135,1,199,1,Ask:,2,432,1,439,1,
3768.286, Bid:,6,21,1,67,1,114,1,130,1,135,1,199,1,Ask:,2,432,1,439,1,
3768.714, Bid:,6,21,1,67,1,114,1,130,1,135,1,199,1,Ask:,3,351,1,432,1,439,1,
3771.143, Bid:,5,21,1,67,1,114,1,130,1,135,1,Ask:,2,432,1,439,1,
3771.286, Bid:,5,21,1,67,1,114,1,130,1,135,1,Ask:,3,356,1,432,1,439,1,
3773.000, Bid:,5,21,1,67,1,114,1,130,1,135,1,Ask:,4,356,1,413,1,432,1,439,1,
3775.857, Bid:,5,21,1,67,1,114,1,130,1,145,1,Ask:,4,356,1,413,1,432,1,439,1,
3776.286, Bid:,5,21,1,67,1,114,1,130,1,145,1,Ask:,4,147,1,356,1,432,1,439,1,
3776.857, Bid:,4,21,1,67,1,114,1,130,1,Ask:,3,147,1,432,1,439,1,
3777.000, Bid:,3,21,1,67,1,114,1,Ask:,2,432,1,439,1,
3777.143, Bid:,4,21,1,67,1,77,1,114,1,Ask:,2,432,1,439,1,
3777.714, Bid:,4,21,1,67,1,77,1,114,1,Ask:,3,257,1,432,1,439,1,
3778.286, Bid:,4,21,1,67,1,77,1,114,1,Ask:,4,257,1,432,1,439,1,464,1,
3779.429, Bid:,3,21,1,67,1,77,1,Ask:,4,257,1,432,1,439,1,464,1,
3779.714, Bid:,4,21,1,67,1,77,1,177,1,Ask:,4,257,1,432,1,439,1,464,1,
3779.857, Bid:,4,5,1,67,1,77,1,177,1,Ask:,4,257,1,432,1,439,1,464,1,
3780.143, Bid:,4,5,1,49,1,77,1,177,1,Ask:,4,257,1,432,1,439,1,464,1,
3780.714, Bid:,3,5,1,49,1,77,1,Ask:,4,257,1,432,1,439,1,464,1,
3781.000, Bid:,2,5,1,49,1,Ask:,4,257,1,432,1,439,1,464,1,
3782.000, Bid:,2,5,1,49,1,Ask:,5,178,1,257,1,432,1,439,1,464,1,
3782.429, Bid:,2,5,1,49,1,Ask:,5,59,1,178,1,257,1,432,1,464,1,
3789.143, Bid:,2,5,1,49,1,Ask:,4,178,1,257,1,432,1,464,1,
3789.286, Bid:,2,5,1,49,1,Ask:,3,257,1,432,1,464,1,
3790.000, Bid:,2,5,1,49,1,Ask:,4,196,1,257,1,432,1,464,1,
3790.714, Bid:,2,5,1,49,1,Ask:,3,257,1,432,1,464,1,
3791.000, Bid:,2,5,1,49,1,Ask:,4,197,1,257,1,432,1,464,1,
3791.857, Bid:,3,4,1,5,1,49,1,Ask:,4,197,1,257,1,432,1,464,1,
3802.714, Bid:,3,5,1,49,1,126,1,Ask:,4,197,1,257,1,432,1,464,1,
3803.429, Bid:,2,5,1,49,1,Ask:,4,197,1,257,1,432,1,464,1,
3803.714, Bid:,2,5,1,49,1,Ask:,5,155,1,197,1,257,1,432,1,464,1,
3806.143, Bid:,2,5,1,49,1,Ask:,5,152,1,155,1,197,1,257,1,432,1,
3806.857, Bid:,3,5,1,49,1,83,1,Ask:,5,152,1,155,1,197,1,257,1,432,1,
3812.714, Bid:,3,5,1,78,1,83,1,Ask:,5,152,1,155,1,197,1,257,1,432,1,
3816.429, Bid:,2,5,1,78,1,Ask:,5,152,1,155,1,197,1,257,1,432,1,
3817.286, Bid:,1,78,1,Ask:,4,155,1,197,1,257,1,432,1,
3817.429, Bid:,0,Ask:,3,155,1,257,1,432,1,
3817.571, Bid:,0,Ask:,3,28,1,155,1,257,1,
3817.857, Bid:,0,Ask:,2,155,1,257,1,
3818.000, Bid:,1,54,1,Ask:,2,155,1,257,1,
3818.286, Bid:,2,42,1,54,1,Ask:,2,155,1,257,1,
3818.429, Bid:,1,42,1,Ask:,2,155,1,257,1,
3818.571, Bid:,2,42,1,153,1,Ask:,2,155,1,257,1,
3818.857, Bid:,3,29,1,42,1,153,1,Ask:,2,155,1,257,1,
3819.143, Bid:,3,29,1,42,1,153,1,Ask:,1,257,1,
3819.286, Bid:,3,29,1,42,1,153,1,Ask:,2,257,1,383,1,
3821.571, Bid:,3,29,1,42,1,153,1,Ask:,3,257,1,351,1,383,1,
3822.571, Bid:,3,29,1,42,1,153,1,Ask:,2,351,1,383,1,
3822.857, Bid:,3,29,1,42,1,153,1,Ask:,3,351,1,383,1,421,1,
3823.000, Bid:,3,29,1,42,1,153,1,Ask:,4,351,1,383,1,421,1,445,1,
3834.714, Bid:,2,29,1,42,1,Ask:,3,351,1,421,1,445,1,
3834.857, Bid:,2,29,1,42,1,Ask:,4,351,1,402,1,421,1,445,1,
3835.000, Bid:,3,29,1,42,1,130,1,Ask:,4,351,1,402,1,421,1,445,1,
3835.571, Bid:,4,29,1,42,1,87,1,130,1,Ask:,4,351,1,402,1,421,1,445,1,
3836.714, Bid:,3,29,1,42,1,87,1,Ask:,4,351,1,402,1,421,1,445,1,
3837.143, Bid:,4,29,1,42,1,87,1,224,1,Ask:,4,351,1,402,1,421,1,445,1,
3837.286, Bid:,3,29,1,42,1,87,1,Ask:,3,351,1,402,1,421,1,
3837.714, Bid:,4,29,1,42,1,87,1,102,1,Ask:,3,351,1,402,1,421,1,
3837.857, Bid:,4,29,1,42,1,87,1,102,1,Ask:,4,351,1,357,1,402,1,421,1,
3838.429, Bid:,4,29,1,42,1,87,1,102,1,Ask:,3,357,1,402,1,421,1,
3838.857, Bid:,4,29,1,42,1,87,1,102,1,Ask:,4,357,1,402,1,421,1,422,1,
3839.000, Bid:,3,29,1,42,1,87,1,Ask:,4,357,1,402,1,421,1,422,1,
3839.571, Bid:,4,29,1,42,1,87,1,187,1,Ask:,4,357,1,402,1,421,1,422,1,
3840.429, Bid:,5,29,1,42,1,87,1,145,1,187,1,Ask:,4,357,1,402,1,421,1,422,1,
3841.857, Bid:,5,29,1,42,1,87,1,105,1,145,1,Ask:,4,357,1,402,1,421,1,422,1,
3864.286, Bid:,5,29,1,42,1,87,1,105,1,145,1,Ask:,4,150,1,357,1,421,1,422,1,
3864.857, Bid:,4,42,1,87,1,105,1,145,1,Ask:,3,357,1,421,1,422,1,
3865.286, Bid:,5,42,1,87,1,105,1,111,1,145,1,Ask:,3,357,1,421,1,422,1,
3865.714, Bid:,5,42,1,87,1,105,1,111,1,157,1,Ask:,3,357,1,421,1,422,1,
3866.286, Bid:,5,42,1,47,1,105,1,111,1,157,1,Ask:,3,357,1,421,1,422,1,
3866.429, Bid:,4,42,1,47,1,105,1,111,1,Ask:,2,421,1,422,1,
3866.714, Bid:,5,42,1,47,1,105,1,111,1,230,1,Ask:,2,421,1,422,1,
3867.857, Bid:,4,42,1,47,1,105,1,111,1,Ask:,1,421,1,
3868.429, Bid:,3,47,1,105,1,111,1,Ask:,0,
3868.571, Bid:,3,47,1,105,1,111,1,Ask:,1,157,1,
3869.000, Bid:,3,47,1,105,1,111,1,Ask:,0,
3869.143, Bid:,3,47,1,105,1,111,1,Ask:,1,244,1,
3869.286, Bid:,4,47,1,105,1,111,1,184,1,Ask:,1,244,1,
3871.714, Bid:,4,47,1,105,1,111,1,184,1,Ask:,2,244,1,303,1,
3877.571, Bid:,5,47,1,105,1,111,1,144,1,184,1,Ask:,2,244,1,303,1,
3891.429, Bid:,4,47,1,105,1,111,1,144,1,Ask:,2,244,1,303,1,
3891.571, Bid:,5,47,1,49,1,105,1,111,1,144,1,Ask:,2,244,1,303,1,
3892.000, Bid:,4,47,1,49,1,105,1,111,1,Ask:,2,244,1,303,1,
3894.000, Bid:,4,47,1,49,1,91,1,111,1,Ask:,2,244,1,303,1,
3895.143, Bid:,4,47,1,49,1,91,1,111,1,Ask:,1,303,1,
3895.429, Bid:,5,47,1,49,1,91,1,107,1,111,1,Ask:,1,303,1,
3896.857, Bid:,4,47,1,49,1,91,1,107,1,Ask:,1,303,1,
3897.000, Bid:,3,47,1,49,1,91,1,Ask:,1,303,1,
3897.143, Bid:,3,47,1,49,1,91,1,Ask:,0,
3897.286, Bid:,4,47,1,49,1,66,1,91,1,Ask:,0,
3897.571, Bid:,5,47,1,49,1,66,1,91,1,389,1,Ask:,0,
3898.286, Bid:,5,49,1,66,1,69,1,91,1,389,1,Ask:,0,
3899.286, Bid:,6,49,1,66,1,69,1,91,1,153,1,389,1,Ask:,0,
3915.000, Bid:,6,49,1,66,1,69,1,107,1,153,1,389,1,Ask:,0,
3922.571, Bid:,6,49,1,66,1,69,1,107,1,135,1,389,1,Ask:,0,
3923.857, Bid:,5,49,1,66,1,69,1,107,1,135,1,Ask:,0,
3924.000, Bid:,4,49,1,66,1,69,1,107,1,Ask:,0,
3924.143, Bid:,5,49,1,66,1,69,1,107,1,488,1,Ask:,0,
3924.857, Bid:,4,49,1,66,1,69,1,107,1,Ask:,0,
3925.143, Bid:,4,49,1,66,1,69,1,107,1,Ask:,1,159,1,
3925.286, Bid:,4,49,1,66,1,69,1,107,1,Ask:,2,143,1,159,1,
3926.286, Bid:,4,49,1,66,1,69,1,107,1,Ask:,1,159,1,
3926.571, Bid:,4,49,1,66,1,69,1,107,1,Ask:,0,
3926.714, Bid:,5,49,1,66,1,69,1,107,1,342,1,Ask:,0,
3926.857, Bid:,4,49,1,66,1,69,1,107,1,Ask:,0,
3927.000, Bid:,4,49,1,66,1,69,1,107,1,Ask:,1,129,1,
3927.143, Bid:,3,66,1,69,1,107,1,Ask:,0,
3927.429, Bid:,3,66,1,69,1,107,1,Ask:,1,123,1,
3927.571, Bid:,3,66,1,68,1,107,1,Ask:,1,123,1,
3927.714, Bid:,2,66,1,68,1,Ask:,1,123,1,
3927.857, Bid:,3,14,1,66,1,68,1,Ask:,1,123,1,
3928.143, Bid:,2,14,1,68,1,Ask:,0,
3928.286, Bid:,2,14,1,68,1,Ask:,1,162,1,
3928.429, Bid:,2,14,1,68,1,Ask:,0,
3928.571, Bid:,1,14,1,Ask:,0,
3928.714, Bid:,2,14,1,362,1,Ask:,0,
3928.857, Bid:,3,14,1,182,1,362,1,Ask:,0,
3929.000, Bid:,4,14,1,182,1,362,1,441,1,Ask:,0,
3929.143, Bid:,3,14,1,182,1,362,1,Ask:,0,
3929.286, Bid:,4,14,1,139,1,182,1,362,1,Ask:,0,
3929.571, Bid:,5,14,1,52,1,139,1,182,1,362,1,Ask:,0,
3929.714, Bid:,6,14,1,52,1,139,1,154,1,182,1,362,1,Ask:,0,
3930.143, Bid:,5,14,1,52,1,139,1,154,1,182,1,Ask:,0,
3931.429, Bid:,5,14,1,52,1,139,1,154,1,182,1,Ask:,1,239,1,
3931.857, Bid:,5,14,1,52,1,124,1,154,1,182,1,Ask:,1,239,1,
3940.714, Bid:,5,14,1,52,1,65,1,124,1,154,1,Ask:,1,239,1,
3948.000, Bid:,4,14,1,52,1,65,1,124,1,Ask:,1,239,1,
3948.286, Bid:,5,14,1,52,1,65,1,89,1,124,1,Ask:,1,239,1,
3949.286, Bid:,4,14,1,52,1,65,1,89,1,Ask:,1,239,1,
3949.571, Bid:,3,14,1,52,1,65,1,Ask:,1,239,1,
3949.857, Bid:,3,14,1,52,1,65,1,Ask:,2,89,1,239,1,
3950.000, Bid:,3,14,1,52,1,65,1,Ask:,3,89,1,97,1,239,1,
3950.286, Bid:,3,14,1,52,1,65,1,Ask:,2,97,1,239,1,
3950.429, Bid:,3,14,1,52,1,65,1,Ask:,1,239,1,
3951.571, Bid:,4,14,1,52,1,65,1,148,1,Ask:,1,239,1,
3951.714, Bid:,4,14,1,52,1,65,1,148,1,Ask:,0,
3952.000, Bid:,3,14,1,52,1,65,1,Ask:,0,
3952.286, Bid:,3,14,1,52,1,65,1,Ask:,1,202,1,
3952.429, Bid:,2,14,1,52,1,Ask:,1,202,1,
3952.571, Bid:,2,14,1,52,1,Ask:,2,202,1,205,1,
3952.714, Bid:,2,14,1,52,1,Ask:,3,202,1,205,1,471,1,
3953.000, Bid:,2,14,1,52,1,Ask:,2,205,1,471,1,
3953.143, Bid:,2,14,1,52,1,Ask:,3,205,1,221,1,471,1,
3953.714, Bid:,2,14,1,52,1,Ask:,4,205,1,221,1,332,1,471,1,
3955.714, Bid:,2,14,1,52,1,Ask:,3,221,1,332,1,471,1,
3956.000, Bid:,3,14,1,52,1,83,1,Ask:,3,221,1,332,1,471,1,
3956.143, Bid:,2,14,1,52,1,Ask:,3,221,1,332,1,471,1,
3956.571, Bid:,2,14,1,52,1,Ask:,4,221,1,332,1,437,1,471,1,
3957.000, Bid:,2,14,1,52,1,Ask:,3,332,1,437,1,471,1,
3957.143, Bid:,1,14,1,Ask:,3,332,1,437,1,471,1,
3957.429, Bid:,1,14,1,Ask:,4,117,1,332,1,437,1,471,1,
3957.714, Bid:,2,14,1,108,1,Ask:,4,117,1,332,1,437,1,471,1,
3958.000, Bid:,1,14,1,Ask:,4,117,1,332,1,437,1,471,1,
3958.286, Bid:,1,14,1,Ask:,3,332,1,437,1,471,1,
3958.571, Bid:,1,14,1,Ask:,2,437,1,471,1,
3958.714, Bid:,2,14,1,106,1,Ask:,2,437,1,471,1,
3959.286, Bid:,2,7,1,106,1,Ask:,2,437,1,471,1,
3959.429, Bid:,2,7,1,106,1,Ask:,3,145,1,437,1,471,1,
3960.000, Bid:,2,7,1,106,1,Ask:,2,437,1,471,1,
3960.286, Bid:,3,7,1,106,1,200,1,Ask:,2,437,1,471,1,
3960.429, Bid:,3,7,1,106,1,200,1,Ask:,3,437,1,461,1,471,1,
3960.571, Bid:,2,7,1,106,1,Ask:,3,437,1,461,1,471,1,
3961.000, Bid:,3,7,1,106,1,236,1,Ask:,3,437,1,461,1,471,1,
3961.286, Bid:,2,7,1,106,1,Ask:,3,437,1,461,1,471,1,
3961.429, Bid:,2,7,1,106,1,Ask:,4,268,1,437,1,461,1,471,1,
3962.571, Bid:,2,7,1,106,1,Ask:,3,437,1,461,1,471,1,
3962.857, Bid:,1,7,1,Ask:,3,437,1,461,1,471,1,
3963.000, Bid:,2,7,1,420,1,Ask:,3,437,1,461,1,471,1,
3963.286, Bid:,2,243,1,420,1,Ask:,3,437,1,461,1,471,1,
3965.429, Bid:,1,243,1,Ask:,3,437,1,461,1,471,1,
3965.571, Bid:,2,154,1,243,1,Ask:,3,437,1,461,1,471,1,
3965.714, Bid:,3,22,1,154,1,243,1,Ask:,3,437,1,461,1,471,1,
3966.143, Bid:,4,22,1,154,1,228,1,243,1,Ask:,3,437,1,461,1,471,1,
3978.143, Bid:,4,22,1,82,1,228,1,243,1,Ask:,3,437,1,461,1,471,1,
3986.857, Bid:,3,22,1,82,1,228,1,Ask:,3,437,1,461,1,471,1,
3987.000, Bid:,2,22,1,82,1,Ask:,3,437,1,461,1,471,1,
3987.143, Bid:,3,22,1,82,1,140,1,Ask:,3,437,1,461,1,471,1,
3987.286, Bid:,4,22,1,71,1,82,1,140,1,Ask:,3,437,1,461,1,471,1,
3987.571, Bid:,4,71,1,82,1,140,1,228,1,Ask:,3,437,1,461,1,471,1,
3987.857, Bid:,5,71,1,82,1,109,1,140,1,228,1,Ask:,3,437,1,461,1,471,1,
3990.000, Bid:,6,71,1,82,1,94,1,109,1,140,1,228,1,Ask:,3,437,1,461,1,471,1,
4010.714, Bid:,5,71,1,82,1,94,1,109,1,140,1,Ask:,3,437,1,461,1,471,1,
4011.571, Bid:,5,71,1,82,1,94,1,109,1,140,1,Ask:,2,461,1,471,1,
4011.857, Bid:,5,71,1,82,1,94,1,109,1,140,1,Ask:,1,471,1,
4012.000, Bid:,5,71,1,82,1,94,1,109,1,140,1,Ask:,2,352,1,471,1,
4012.143, Bid:,6,58,1,71,1,82,1,94,1,109,1,140,1,Ask:,2,352,1,471,1,
4013.000, Bid:,5,58,1,71,1,82,1,94,1,109,1,Ask:,2,352,1,471,1,
4013.143, Bid:,5,33,1,58,1,71,1,82,1,94,1,Ask:,2,352,1,471,1,
4013.429, Bid:,5,33,1,58,1,71,1,82,1,94,1,Ask:,2,98,1,471,1,
4014.286, Bid:,5,33,1,58,1,71,1,82,1,94,1,Ask:,3,98,1,119,1,471,1,
4014.857, Bid:,5,33,1,58,1,71,1,82,1,94,1,Ask:,2,119,1,471,1,
4015.000, Bid:,5,33,1,58,1,71,1,82,1,94,1,Ask:,1,471,1,
4015.143, Bid:,5,33,1,58,1,76,1,82,1,94,1,Ask:,1,471,1,
4015.429, Bid:,5,33,1,58,1,76,1,94,1,239,1,Ask:,1,471,1,
4016.429, Bid:,4,33,1,58,1,76,1,94,1,Ask:,1,471,1,
4016.857, Bid:,4,33,1,58,1,76,1,94,1,Ask:,2,143,1,471,1,
4017.143, Bid:,4,33,1,58,1,76,1,94,1,Ask:,1,471,1,
4017.857, Bid:,4,33,1,58,1,76,1,94,1,Ask:,2,95,1,471,1,
4018.000, Bid:,5,33,1,58,1,76,1,87,1,94,1,Ask:,2,95,1,471,1,
4018.286, Bid:,4,33,1,58,1,76,1,87,1,Ask:,2,95,1,471,1,
4019.000, Bid:,4,33,1,58,1,76,1,87,1,Ask:,1,471,1,
4019.143, Bid:,4,33,1,76,1,87,1,233,1,Ask:,1,471,1,
4019.714, Bid:,5,33,1,76,1,87,1,233,1,308,1,Ask:,1,471,1,
4020.429, Bid:,4,33,1,76,1,87,1,233,1,Ask:,1,471,1,
4020.714, Bid:,5,33,1,76,1,87,1,120,1,233,1,Ask:,1,471,1,
4021.286, Bid:,5,33,1,76,1,87,1,120,1,233,1,Ask:,2,386,1,471,1,
4032.714, Bid:,4,33,1,76,1,87,1,120,1,Ask:,2,386,1,471,1,
4032.857, Bid:,4,33,1,76,1,87,1,120,1,Ask:,3,386,1,415,1,471,1,
4038.714, Bid:,3,33,1,76,1,87,1,Ask:,3,386,1,415,1,471,1,
4038.857, Bid:,3,33,1,76,1,87,1,Ask:,2,415,1,471,1,
4039.286, Bid:,4,33,1,76,1,87,1,181,1,Ask:,2,415,1,471,1,
4040.000, Bid:,4,33,1,76,1,87,1,181,1,Ask:,3,257,1,415,1,471,1,
4040.571, Bid:,4,33,1,76,1,87,1,181,1,Ask:,4,257,1,405,1,415,1,471,1,
4043.000, Bid:,4,33,1,76,1,87,1,136,1,Ask:,4,257,1,405,1,415,1,471,1,
4045.143, Bid:,4,33,1,76,1,104,1,136,1,Ask:,4,257,1,405,1,415,1,471,1,
4047.143, Bid:,3,33,1,76,1,104,1,Ask:,3,257,1,415,1,471,1,
4047.286, Bid:,3,33,1,46,1,104,1,Ask:,3,257,1,415,1,471,1,
4047.571, Bid:,2,33,1,46,1,Ask:,3,257,1,415,1,471,1,
4047.714, Bid:,2,33,1,46,1,Ask:,4,194,1,257,1,415,1,471,1,
4047.857, Bid:,2,33,1,46,1,Ask:,3,257,1,415,1,471,1,
4048.143, Bid:,3,33,1,46,1,111,1,Ask:,3,257,1,415,1,471,1,
4048.286, Bid:,3,33,1,46,1,111,1,Ask:,4,257,1,415,1,443,1,471,1,
4049.571, Bid:,3,33,1,46,1,111,1,Ask:,5,257,1,415,1,443,1,470,1,471,1,
4050.429, Bid:,4,33,1,46,1,96,1,111,1,Ask:,5,257,1,415,1,443,1,470,1,471,1,
4065.286, Bid:,3,33,1,46,1,96,1,Ask:,5,257,1,415,1,443,1,470,1,471,1,
4065.857, Bid:,3,33,1,46,1,96,1,Ask:,4,415,1,443,1,470,1,471,1,
4066.000, Bid:,4,33,1,46,1,96,1,131,1,Ask:,4,415,1,443,1,470,1,471,1,
4066.143, Bid:,3,33,1,46,1,96,1,Ask:,4,415,1,443,1,470,1,471,1,
4066.286, Bid:,4,33,1,46,1,96,1,333,1,Ask:,4,415,1,443,1,470,1,471,1,
4066.571, Bid:,3,33,1,46,1,96,1,Ask:,3,415,1,470,1,471,1,
4067.143, Bid:,3,33,1,46,1,96,1,Ask:,4,126,1,415,1,470,1,471,1,
4067.714, Bid:,3,33,1,46,1,96,1,Ask:,5,126,1,210,1,415,1,470,1,471,1,
4068.429, Bid:,2,33,1,46,1,Ask:,5,126,1,210,1,415,1,470,1,471,1,
4068.571, Bid:,2,33,1,46,1,Ask:,4,210,1,415,1,470,1,471,1,
4069.429, Bid:,3,33,1,46,1,159,1,Ask:,4,210,1,415,1,470,1,471,1,
4069.571, Bid:,3,33,1,46,1,159,1,Ask:,4,210,1,252,1,415,1,471,1,
4071.000, Bid:,3,33,1,46,1,159,1,Ask:,5,210,1,252,1,415,1,436,1,471,1,
4073.571, Bid:,2,33,1,46,1,Ask:,5,210,1,252,1,415,1,436,1,471,1,
4074.000, Bid:,2,33,1,46,1,Ask:,5,145,1,210,1,252,1,436,1,471,1,
4074.714, Bid:,2,33,1,46,1,Ask:,4,210,1,252,1,436,1,471,1,
4076.000, Bid:,2,33,1,46,1,Ask:,3,252,1,436,1,471,1,
4076.143, Bid:,2,33,1,46,1,Ask:,4,141,1,252,1,436,1,471,1,
4076.286, Bid:,2,33,1,46,1,Ask:,3,252,1,436,1,471,1,
4076.571, Bid:,2,33,1,46,1,Ask:,2,436,1,471,1,
4076.714, Bid:,2,33,1,46,1,Ask:,3,221,1,436,1,471,1,
4077.143, Bid:,2,33,1,46,1,Ask:,4,221,1,436,1,444,1,471,1,
4077.286, Bid:,3,33,1,46,1,162,1,Ask:,4,221,1,436,1,444,1,471,1,
4077.429, Bid:,2,33,1,46,1,Ask:,4,221,1,436,1,444,1,471,1,
4077.571, Bid:,1,33,1,Ask:,4,221,1,436,1,444,1,471,1,
4078.000, Bid:,1,33,1,Ask:,4,64,1,221,1,444,1,471,1,
4078.143, Bid:,0,Ask:,4,64,1,221,1,444,1,471,1,
4078.286, Bid:,0,Ask:,3,221,1,444,1,471,1,
4078.429, Bid:,1,65,1,Ask:,3,221,1,444,1,471,1,
4078.714, Bid:,2,65,1,177,1,Ask:,3,221,1,444,1,471,1,
4079.286, Bid:,3,65,1,165,1,177,1,Ask:,3,221,1,444,1,471,1,
4079.571, Bid:,2,65,1,165,1,Ask:,3,221,1,444,1,471,1,
4080.000, Bid:,2,65,1,165,1,Ask:,4,221,1,343,1,444,1,471,1,
4080.286, Bid:,2,65,1,165,1,Ask:,3,343,1,444,1,471,1,
4080.429, Bid:,1,65,1,Ask:,3,343,1,444,1,471,1,
4080.571, Bid:,1,65,1,Ask:,3,343,1,421,1,444,1,
4080.714, Bid:,2,26,1,65,1,Ask:,3,343,1,421,1,444,1,
4080.857, Bid:,3,26,1,65,1,301,1,Ask:,3,343,1,421,1,444,1,
4081.000, Bid:,3,26,1,65,1,301,1,Ask:,2,421,1,444,1,
4081.714, Bid:,2,26,1,65,1,Ask:,2,421,1,444,1,
4082.000, Bid:,3,26,1,65,1,92,1,Ask:,2,421,1,444,1,
4082.429, Bid:,4,26,1,65,1,92,1,349,1,Ask:,2,421,1,444,1,
4084.286, Bid:,4,26,1,65,1,92,1,349,1,Ask:,3,351,1,421,1,444,1,
4092.429, Bid:,5,26,1,60,1,65,1,92,1,349,1,Ask:,3,351,1,421,1,444,1,
4100.429, Bid:,5,26,1,60,1,65,1,84,1,349,1,Ask:,3,351,1,421,1,444,1,
4106.571, Bid:,4,26,1,60,1,65,1,84,1,Ask:,3,351,1,421,1,444,1,
4107.714, Bid:,3,26,1,60,1,65,1,Ask:,3,351,1,421,1,444,1,
4107.857, Bid:,3,26,1,60,1,65,1,Ask:,4,265,1,351,1,421,1,444,1,
4108.286, Bid:,4,26,1,60,1,65,1,158,1,Ask:,4,265,1,351,1,421,1,444,1,
4110.429, Bid:,3,26,1,60,1,65,1,Ask:,3,265,1,351,1,421,1,
4110.571, Bid:,3,26,1,60,1,65,1,Ask:,2,351,1,421,1,
4110.714, Bid:,3,26,1,60,1,65,1,Ask:,3,137,1,351,1,421,1,
4110.857, Bid:,2,26,1,60,1,Ask:,2,351,1,421,1,
4111.143, Bid:,3,6,1,26,1,60,1,Ask:,2,351,1,421,1,
4111.429, Bid:,4,6,1,26,1,60,1,304,1,Ask:,2,351,1,421,1,
4112.000, Bid:,3,6,1,26,1,60,1,Ask:,2,351,1,421,1,
4112.143, Bid:,4,6,1,26,1,60,1,328,1,Ask:,2,351,1,421,1,
4112.429, Bid:,3,6,1,26,1,60,1,Ask:,2,351,1,421,1,
4112.857, Bid:,3,6,1,26,1,60,1,Ask:,2,81,1,421,1,
4113.000, Bid:,3,6,1,26,1,60,1,Ask:,1,421,1,
4113.286, Bid:,4,6,1,26,1,60,1,82,1,Ask:,1,421,1,
4113.429, Bid:,4,6,1,26,1,60,1,82,1,Ask:,2,357,1,421,1,
4113.857, Bid:,5,6,1,26,1,60,1,82,1,295,1,Ask:,2,357,1,421,1,
4114.000, Bid:,5,6,1,26,1,60,1,82,1,295,1,Ask:,1,421,1,
4114.714, Bid:,4,6,1,26,1,60,1,82,1,Ask:,1,421,1,
4114.857, Bid:,4,6,1,26,1,60,1,82,1,Ask:,2,179,1,421,1,
4115.000, Bid:,3,6,1,26,1,60,1,Ask:,1,421,1,
4115.286, Bid:,3,6,1,26,1,60,1,Ask:,2,132,1,421,1,
4115.714, Bid:,4,6,1,23,1,26,1,60,1,Ask:,2,132,1,421,1,
4117.143, Bid:,5,6,1,23,1,26,1,60,1,64,1,Ask:,2,132,1,421,1,
4133.286, Bid:,4,6,1,23,1,26,1,60,1,Ask:,2,132,1,421,1,
4134.000, Bid:,4,6,1,23,1,26,1,60,1,Ask:,1,421,1,
4134.286, Bid:,4,6,1,23,1,26,1,60,1,Ask:,2,299,1,421,1,
4134.857, Bid:,4,6,1,23,1,60,1,294,1,Ask:,2,299,1,421,1,
4135.286, Bid:,3,6,1,23,1,60,1,Ask:,2,299,1,421,1,
4135.571, Bid:,3,6,1,23,1,60,1,Ask:,3,103,1,299,1,421,1,
4136.143, Bid:,3,6,1,23,1,60,1,Ask:,4,103,1,299,1,421,1,494,1,
4136.429, Bid:,3,6,1,23,1,60,1,Ask:,3,299,1,421,1,494,1,
4136.571, Bid:,4,6,1,23,1,60,1,104,1,Ask:,3,299,1,421,1,494,1,
4137.000, Bid:,4,23,1,60,1,104,1,220,1,Ask:,3,299,1,421,1,494,1,
4137.143, Bid:,4,23,1,60,1,104,1,220,1,Ask:,3,421,1,454,1,494,1,
4137.571, Bid:,5,23,1,60,1,103,1,104,1,220,1,Ask:,3,421,1,454,1,494,1,
4138.143, Bid:,5,23,1,40,1,103,1,104,1,220,1,Ask:,3,421,1,454,1,494,1,
4138.429, Bid:,4,23,1,40,1,103,1,104,1,Ask:,3,421,1,454,1,494,1,
4138.714, Bid:,5,23,1,40,1,84,1,103,1,104,1,Ask:,3,421,1,454,1,494,1,
4140.429, Bid:,5,23,1,40,1,84,1,103,1,104,1,Ask:,4,109,1,421,1,454,1,494,1,
4140.571, Bid:,4,23,1,40,1,84,1,103,1,Ask:,3,421,1,454,1,494,1,
4140.714, Bid:,4,40,1,84,1,103,1,108,1,Ask:,3,421,1,454,1,494,1,
4154.571, Bid:,4,75,1,84,1,103,1,108,1,Ask:,3,421,1,454,1,494,1,
4163.429, Bid:,4,75,1,80,1,84,1,108,1,Ask:,3,421,1,454,1,494,1,
4163.571, Bid:,4,75,1,80,1,84,1,108,1,Ask:,4,136,1,421,1,454,1,494,1,
4167.143, Bid:,4,75,1,80,1,84,1,108,1,Ask:,5,114,1,136,1,421,1,454,1,494,1,
4168.000, Bid:,4,75,1,80,1,84,1,108,1,Ask:,4,136,1,421,1,454,1,494,1,
4168.143, Bid:,3,75,1,80,1,84,1,Ask:,3,136,1,421,1,454,1,
4168.286, Bid:,3,75,1,80,1,84,1,Ask:,3,136,1,305,1,421,1,
4168.429, Bid:,4,54,1,75,1,80,1,84,1,Ask:,3,136,1,305,1,421,1,
4168.571, Bid:,3,54,1,75,1,80,1,Ask:,2,305,1,421,1,
4168.714, Bid:,3,54,1,75,1,80,1,Ask:,3,305,1,384,1,421,1,
4168.857, Bid:,3,54,1,75,1,80,1,Ask:,4,305,1,384,1,421,1,432,1,
4176.000, Bid:,3,54,1,55,1,80,1,Ask:,4,305,1,384,1,421,1,432,1,
4176.571, Bid:,4,54,1,55,1,80,1,132,1,Ask:,4,305,1,384,1,421,1,432,1,
4179.429, Bid:,3,54,1,55,1,80,1,Ask:,4,305,1,384,1,421,1,432,1,
4180.000, Bid:,3,54,1,55,1,80,1,Ask:,4,154,1,384,1,421,1,432,1,
4183.857, Bid:,2,54,1,55,1,Ask:,4,154,1,384,1,421,1,432,1,
4185.000, Bid:,1,55,1,Ask:,3,384,1,421,1,432,1,
4185.571, Bid:,1,55,1,Ask:,4,295,1,384,1,421,1,432,1,
4185.857, Bid:,1,55,1,Ask:,5,157,1,295,1,384,1,421,1,432,1,
4186.000, Bid:,1,55,1,Ask:,6,157,1,201,1,295,1,384,1,421,1,432,1,
4198.286, Bid:,1,55,1,Ask:,6,156,1,157,1,201,1,295,1,421,1,432,1,
4198.429, Bid:,2,55,1,105,1,Ask:,6,156,1,157,1,201,1,295,1,421,1,432,1,
4198.571, Bid:,1,55,1,Ask:,5,156,1,157,1,201,1,295,1,421,1,
4198.857, Bid:,0,Ask:,5,156,1,157,1,201,1,295,1,421,1,
4199.000, Bid:,0,Ask:,4,157,1,201,1,295,1,421,1,
4199.714, Bid:,0,Ask:,3,201,1,295,1,421,1,
4199.857, Bid:,0,Ask:,2,295,1,421,1,
4200.000, Bid:,0,Ask:,1,421,1,
4200.143, Bid:,0,Ask:,2,415,1,421,1,
4200.286, Bid:,0,Ask:,1,421,1,
4200.429, Bid:,0,Ask:,2,32,1,421,1,
4200.714, Bid:,0,Ask:,2,32,1,375,1,
4201.000, Bid:,1,16,1,Ask:,2,32,1,375,1,
4201.286, Bid:,1,16,1,Ask:,1,375,1,
4201.571, Bid:,2,16,1,109,1,Ask:,1,375,1,
4201.857, Bid:,3,16,1,109,1,299,1,Ask:,1,375,1,
4202.000, Bid:,2,16,1,109,1,Ask:,1,375,1,
4202.143, Bid:,2,16,1,109,1,Ask:,0,
4202.429, Bid:,2,16,1,109,1,Ask:,1,445,1,
4203.143, Bid:,2,16,1,109,1,Ask:,2,173,1,445,1,
4203.714, Bid:,2,16,1,109,1,Ask:,1,445,1,
4204.429, Bid:,2,16,1,109,1,Ask:,2,163,1,445,1,
4204.857, Bid:,2,16,1,109,1,Ask:,3,163,1,386,1,445,1,
4205.000, Bid:,2,16,1,109,1,Ask:,2,386,1,445,1,
4205.429, Bid:,2,16,1,109,1,Ask:,3,154,1,386,1,445,1,
4205.714, Bid:,2,16,1,109,1,Ask:,4,154,1,256,1,386,1,445,1,
4206.429, Bid:,2,16,1,136,1,Ask:,4,154,1,256,1,386,1,445,1,
4214.429, Bid:,1,16,1,Ask:,3,154,1,256,1,386,1,
4214.571, Bid:,1,16,1,Ask:,4,154,1,256,1,313,1,386,1,
4214.714, Bid:,1,16,1,Ask:,3,256,1,313,1,386,1,
4214.857, Bid:,1,16,1,Ask:,2,313,1,386,1,
4215.143, Bid:,1,16,1,Ask:,3,313,1,386,1,466,1,
4216.000, Bid:,1,16,1,Ask:,2,386,1,466,1,
4216.286, Bid:,1,16,1,Ask:,3,357,1,386,1,466,1,
4216.857, Bid:,1,16,1,Ask:,4,82,1,357,1,386,1,466,1,
4217.714, Bid:,1,16,1,Ask:,3,357,1,386,1,466,1,
4218.286, Bid:,1,16,1,Ask:,4,89,1,357,1,386,1,466,1,
4218.429, Bid:,1,16,1,Ask:,5,85,1,89,1,357,1,386,1,466,1,
4219.571, Bid:,1,16,1,Ask:,6,85,1,89,1,99,1,357,1,386,1,466,1,
4229.571, Bid:,1,16,1,Ask:,5,89,1,99,1,357,1,386,1,466,1,
4230.000, Bid:,2,16,1,74,1,Ask:,5,89,1,99,1,357,1,386,1,466,1,
4230.857, Bid:,2,16,1,74,1,Ask:,5,89,1,99,1,132,1,357,1,386,1,
4231.286, Bid:,2,16,1,74,1,Ask:,4,99,1,132,1,357,1,386,1,
4231.429, Bid:,1,74,1,Ask:,3,132,1,357,1,386,1,
4231.571, Bid:,1,74,1,Ask:,2,357,1,386,1,
4231.714, Bid:,2,74,1,286,1,Ask:,2,357,1,386,1,
4231.857, Bid:,1,74,1,Ask:,2,357,1,386,1,
4232.000, Bid:,1,74,1,Ask:,3,86,1,357,1,386,1,
4232.143, Bid:,1,74,1,Ask:,2,357,1,386,1,
4232.429, Bid:,1,74,1,Ask:,3,211,1,357,1,386,1,
4232.571, Bid:,1,74,1,Ask:,2,357,1,386,1,
4232.714, Bid:,2,74,1,351,1,Ask:,2,357,1,386,1,
4232.857, Bid:,1,74,1,Ask:,2,357,1,386,1,
4233.000, Bid:,2,74,1,304,1,Ask:,2,357,1,386,1,
4233.143, Bid:,3,74,1,93,1,304,1,Ask:,2,357,1,386,1,
4233.286, Bid:,3,93,1,304,1,324,1,Ask:,2,357,1,386,1,
4233.429, Bid:,2,93,1,304,1,Ask:,2,357,1,386,1,
4233.714, Bid:,3,93,1,281,1,304,1,Ask:,2,357,1,386,1,
4234.000, Bid:,4,80,1,93,1,281,1,304,1,Ask:,2,357,1,386,1,
4235.714, Bid:,4,80,1,93,1,281,1,304,1,Ask:,1,386,1,
4236.000, Bid:,3,80,1,93,1,281,1,Ask:,1,386,1,
4236.143, Bid:,2,80,1,93,1,Ask:,1,386,1,
4236.286, Bid:,1,80,1,Ask:,0,
4236.429, Bid:,2,80,1,233,1,Ask:,0,
4236.714, Bid:,3,80,1,233,1,247,1,Ask:,0,
4237.571, Bid:,4,80,1,115,1,233,1,247,1,Ask:,0,
4237.714, Bid:,4,80,1,115,1,233,1,247,1,Ask:,1,339,1,
4238.571, Bid:,3,80,1,115,1,233,1,Ask:,1,339,1,
4240.143, Bid:,3,80,1,115,1,233,1,Ask:,0,
4240.286, Bid:,2,80,1,115,1,Ask:,0,
4240.429, Bid:,1,80,1,Ask:,0,
4240.714, Bid:,1,80,1,Ask:,1,121,1,
4240.857, Bid:,1,80,1,Ask:,0,
4241.000, Bid:,2,52,1,80,1,Ask:,0,
4241.143, Bid:,2,52,1,80,1,Ask:,1,175,1,
4241.286, Bid:,2,52,1,80,1,Ask:,0,
4241.429, Bid:,3,52,1,80,1,176,1,Ask:,0,
4241.714, Bid:,3,52,1,80,1,176,1,Ask:,1,347,1,
4241.857, Bid:,2,52,1,80,1,Ask:,1,347,1,
4242.000, Bid:,3,52,1,80,1,269,1,Ask:,1,347,1,
4242.143, Bid:,4,52,1,80,1,265,1,269,1,Ask:,1,347,1,
4242.571, Bid:,3,52,1,80,1,265,1,Ask:,1,347,1,
4243.000, Bid:,2,52,1,80,1,Ask:,1,347,1,
4243.571, Bid:,3,52,1,80,1,160,1,Ask:,1,347,1,
4244.000, Bid:,4,52,1,80,1,160,1,334,1,Ask:,1,347,1,
4244.143, Bid:,4,52,1,80,1,160,1,334,1,Ask:,0,
4244.571, Bid:,4,52,1,80,1,160,1,334,1,Ask:,1,436,1,
4245.571, Bid:,4,52,1,80,1,160,2,334,1,Ask:,1,436,1,
4249.429, Bid:,3,52,1,80,1,160,2,Ask:,0,
4249.857, Bid:,3,52,1,80,1,160,1,Ask:,0,
4250.000, Bid:,3,52,1,80,1,160,1,Ask:,1,295,1,
4250.429, Bid:,3,52,1,80,1,160,1,Ask:,0,
4250.714, Bid:,3,52,1,80,1,160,1,Ask:,1,489,1,
4251.143, Bid:,4,52,1,80,1,160,1,222,1,Ask:,1,489,1,
4252.571, Bid:,5,52,1,80,1,160,1,222,1,445,1,Ask:,1,489,1,
4259.714, Bid:,4,52,1,80,1,160,1,222,1,Ask:,1,489,1,
4260.000, Bid:,4,52,1,80,1,160,1,222,1,Ask:,2,333,1,489,1,
4260.286, Bid:,3,52,1,80,1,160,1,Ask:,2,333,1,489,1,
4260.429, Bid:,4,52,1,80,1,160,1,218,1,Ask:,2,333,1,489,1,
4260.571, Bid:,3,52,1,80,1,160,1,Ask:,2,333,1,489,1,
4260.857, Bid:,3,52,1,80,1,160,1,Ask:,1,489,1,
4261.000, Bid:,3,80,1,120,1,160,1,Ask:,1,489,1,
4261.143, Bid:,4,80,1,120,1,160,1,208,1,Ask:,1,489,1,
4261.286, Bid:,4,120,1,160,1,208,1,331,1,Ask:,1,489,1,
4262.714, Bid:,3,120,1,160,1,208,1,Ask:,1,489,1,
4262.857, Bid:,4,120,1,160,1,208,1,362,1,Ask:,1,489,1,
4263.000, Bid:,4,120,1,160,1,208,1,362,1,Ask:,2,419,1,489,1,
4263.571, Bid:,3,120,1,160,1,208,1,Ask:,1,419,1,
4263.857, Bid:,2,120,1,160,1,Ask:,1,419,1,
4264.000, Bid:,3,120,1,160,1,303,1,Ask:,1,419,1,
4264.857, Bid:,3,120,1,160,1,303,1,Ask:,2,341,1,419,1,
4265.571, Bid:,4,120,1,160,1,218,1,303,1,Ask:,2,341,1,419,1,
4282.571, Bid:,3,120,1,160,1,218,1,Ask:,2,341,1,419,1,
4282.714, Bid:,3,120,1,160,1,218,1,Ask:,3,341,1,419,1,458,1,
4285.143, Bid:,3,77,1,120,1,160,1,Ask:,3,341,1,419,1,458,1,
4285.857, Bid:,3,77,1,107,1,160,1,Ask:,3,341,1,419,1,458,1,
4289.143, Bid:,2,77,1,107,1,Ask:,2,341,1,458,1,
4289.286, Bid:,2,77,2,107,1,Ask:,2,341,1,458,1,
4289.429, Bid:,3,59,1,77,2,107,1,Ask:,2,341,1,458,1,
4301.000, Bid:,3,59,1,77,2,110,1,Ask:,2,341,1,458,1,
4304.143, Bid:,3,59,2,77,1,110,1,Ask:,2,341,1,458,1,
4306.429, Bid:,2,59,2,77,1,Ask:,1,458,1,
4306.857, Bid:,2,59,2,77,1,Ask:,1,138,1,
4307.857, Bid:,2,59,2,77,1,Ask:,0,
4308.000, Bid:,3,59,2,77,1,148,1,Ask:,0,
4308.143, Bid:,4,50,1,59,2,77,1,148,1,Ask:,0,
4308.429, Bid:,3,50,1,59,2,77,1,Ask:,0,
4308.571, Bid:,4,50,1,59,2,77,1,207,1,Ask:,0,
4308.714, Bid:,3,50,1,59,2,77,1,Ask:,0,
4310.000, Bid:,4,49,1,50,1,59,2,77,1,Ask:,0,
4310.286, Bid:,4,49,1,50,1,59,2,77,1,Ask:,1,458,1,
4320.143, Bid:,4,49,1,50,1,59,2,77,1,Ask:,2,110,1,458,1,
4320.286, Bid:,4,49,1,50,1,59,1,77,1,Ask:,1,458,1,
4320.714, Bid:,5,49,1,50,1,59,1,77,1,111,1,Ask:,1,458,1,
4322.000, Bid:,4,49,1,50,1,59,1,77,1,Ask:,1,458,1,
4322.143, Bid:,4,49,1,50,1,59,1,77,1,Ask:,2,426,1,458,1,
4322.429, Bid:,4,49,1,50,1,59,1,77,1,Ask:,3,426,1,428,1,458,1,
4327.714, Bid:,3,49,1,50,1,59,1,Ask:,2,426,1,428,1,
4328.000, Bid:,3,49,1,50,1,59,1,Ask:,2,82,1,428,1,
4328.286, Bid:,3,49,1,50,1,59,1,Ask:,3,82,1,428,1,473,1,
4335.857, Bid:,2,50,1,59,1,Ask:,2,428,1,473,1,
4336.429, Bid:,2,50,1,59,1,Ask:,3,257,1,428,1,473,1,
4336.857, Bid:,3,50,1,59,1,212,1,Ask:,3,257,1,428,1,473,1,
4337.000, Bid:,2,50,1,59,1,Ask:,3,257,1,428,1,473,1,
4337.714, Bid:,2,50,1,59,1,Ask:,4,257,1,290,1,428,1,473,1,
4346.429, Bid:,3,50,1,59,1,159,1,Ask:,4,257,1,290,1,428,1,473,1,
4347.857, Bid:,2,50,1,59,1,Ask:,3,290,1,428,1,473,1,
4348.143, Bid:,2,50,1,59,1,Ask:,3,204,1,290,1,473,1,
4349.286, Bid:,3,50,1,59,1,199,1,Ask:,3,204,1,290,1,473,1,
4349.857, Bid:,2,50,1,59,1,Ask:,3,204,1,290,1,473,1,
4350.143, Bid:,2,50,1,59,1,Ask:,4,204,1,290,1,291,1,473,1,
4350.571, Bid:,2,50,1,59,1,Ask:,5,204,1,232,1,290,1,291,1,473,1,
4354.714, Bid:,3,50,1,59,1,157,1,Ask:,5,204,1,232,1,290,1,291,1,473,1,
4358.286, Bid:,3,48,1,50,1,157,1,Ask:,5,204,1,232,1,290,1,291,1,473,1,
4369.429, Bid:,2,48,1,50,1,Ask:,4,204,1,232,1,290,1,291,1,
4369.857, Bid:,2,48,1,50,1,Ask:,3,232,1,290,1,291,1,
4370.714, Bid:,3,41,1,48,1,50,1,Ask:,3,232,1,290,1,291,1,
4370.857, Bid:,3,41,1,48,1,50,1,Ask:,4,51,1,232,1,290,1,291,1,
4371.000, Bid:,3,41,1,48,1,50,1,Ask:,3,232,1,290,1,291,1,
4372.857, Bid:,4,41,1,48,1,50,1,70,1,Ask:,3,232,1,290,1,291,1,
4373.429, Bid:,3,41,1,48,1,50,1,Ask:,3,232,1,290,1,291,1,
4374.571, Bid:,4,41,1,48,1,50,1,62,1,Ask:,3,232,1,290,1,291,1,
4376.571, Bid:,4,41,1,48,1,50,1,62,1,Ask:,3,91,1,290,1,291,1,
4377.143, Bid:,4,41,1,48,1,50,1,62,1,Ask:,2,290,1,291,1,
4377.286, Bid:,4,41,1,48,1,50,1,62,1,Ask:,3,252,1,290,1,291,1,
4380.143, Bid:,4,41,1,48,1,50,1,62,1,Ask:,3,146,1,252,1,290,1,
4380.286, Bid:,5,41,1,48,1,50,1,62,1,117,1,Ask:,3,146,1,252,1,290,1,
4381.143, Bid:,4,41,1,48,1,50,1,62,1,Ask:,3,146,1,252,1,290,1,
4381.571, Bid:,4,41,1,48,1,50,1,62,1,Ask:,3,90,1,146,1,252,1,
4381.714, Bid:,4,41,1,48,1,50,1,62,1,Ask:,2,146,1,252,1,
4381.857, Bid:,4,41,1,48,1,50,1,62,1,Ask:,2,147,1,252,1,
4382.714, Bid:,4,41,1,48,1,50,1,62,1,Ask:,3,145,1,147,1,252,1,
4383.857, Bid:,4,41,1,48,1,50,1,62,1,Ask:,3,118,1,145,1,147,1,
4384.429, Bid:,3,41,1,48,1,50,1,Ask:,2,145,1,147,1,
4384.571, Bid:,3,41,1,48,1,50,1,Ask:,3,145,1,147,1,219,1,
4385.000, Bid:,4,30,1,41,1,48,1,50,1,Ask:,3,145,1,147,1,219,1,
4403.143, Bid:,4,30,1,41,1,50,1,62,1,Ask:,3,145,1,147,1,219,1,
4410.714, Bid:,5,30,1,41,1,50,1,62,1,98,1,Ask:,3,145,1,147,1,219,1,
4410.857, Bid:,4,30,1,41,1,50,1,62,1,Ask:,3,145,1,147,1,219,1,
4412.000, Bid:,4,30,1,41,1,50,1,62,1,Ask:,4,66,1,145,1,147,1,219,1,
4412.429, Bid:,4,30,1,41,1,50,1,62,1,Ask:,3,145,1,147,1,219,1,
4412.571, Bid:,4,30,1,41,1,50,1,62,1,Ask:,4,145,1,147,1,219,1,376,1,
4412.857, Bid:,5,30,1,41,1,50,1,62,1,90,1,Ask:,4,145,1,147,1,219,1,376,1,
4414.429, Bid:,4,30,1,41,1,50,1,62,1,Ask:,4,145,1,147,1,219,1,376,1,
4415.571, Bid:,4,30,1,41,1,50,1,62,1,Ask:,4,147,1,219,1,286,1,376,1,
4417.000, Bid:,4,30,1,41,1,50,1,62,1,Ask:,4,119,1,147,1,286,1,376,1,
4426.000, Bid:,3,41,1,50,1,62,1,Ask:,3,147,1,286,1,376,1,
4426.143, Bid:,3,41,1,50,1,62,1,Ask:,4,147,1,286,1,376,1,458,1,
4427.857, Bid:,3,41,1,50,1,62,1,Ask:,3,286,1,376,1,458,1,
4428.000, Bid:,4,41,1,50,1,62,1,72,1,Ask:,3,286,1,376,1,458,1,
4428.429, Bid:,4,41,1,62,1,72,1,263,1,Ask:,3,286,1,376,1,458,1,
4432.429, Bid:,3,41,1,62,1,72,1,Ask:,3,286,1,376,1,458,1,
4432.857, Bid:,3,41,1,62,1,72,1,Ask:,2,376,1,458,1,
4433.143, Bid:,4,41,1,62,1,72,1,155,1,Ask:,2,376,1,458,1,
4434.286, Bid:,5,41,1,62,1,72,1,155,1,158,1,Ask:,2,376,1,458,1,
4436.857, Bid:,4,41,2,72,1,155,1,158,1,Ask:,2,376,1,458,1,
4440.714, Bid:,3,41,2,72,1,155,1,Ask:,1,458,1,
4441.000, Bid:,3,41,2,72,1,99,1,Ask:,1,458,1,
4441.143, Bid:,2,41,2,72,1,Ask:,1,458,1,
4441.286, Bid:,3,14,1,41,2,72,1,Ask:,1,458,1,
4441.714, Bid:,3,14,1,41,2,72,1,Ask:,2,278,1,458,1,
4442.429, Bid:,3,14,1,41,2,72,1,Ask:,1,458,1,
4442.714, Bid:,3,14,1,41,2,72,1,Ask:,2,310,1,458,1,
4443.714, Bid:,3,41,2,72,1,82,1,Ask:,2,310,1,458,1,
4445.143, Bid:,3,41,2,82,1,257,1,Ask:,2,310,1,458,1,
4447.000, Bid:,4,41,2,55,1,82,1,257,1,Ask:,2,310,1,458,1,
4459.714, Bid:,5,41,2,55,1,82,1,137,1,257,1,Ask:,2,310,1,458,1,
4460.571, Bid:,4,41,2,55,1,82,1,137,1,Ask:,2,310,1,458,1,
4461.000, Bid:,4,41,2,55,1,82,1,137,1,Ask:,3,310,1,458,1,499,1,
4463.714, Bid:,5,41,2,55,1,82,1,137,1,284,1,Ask:,3,310,1,458,1,499,1,
4472.143, Bid:,4,41,2,55,1,82,1,137,1,Ask:,2,310,1,458,1,
4472.714, Bid:,4,41,2,82,1,107,1,137,1,Ask:,2,310,1,458,1,
4473.143, Bid:,3,41,2,82,1,107,1,Ask:,1,458,1,
4473.286, Bid:,3,41,2,82,1,107,1,Ask:,1,195,1,
4473.429, Bid:,4,41,2,65,1,82,1,107,1,Ask:,1,195,1,
4473.571, Bid:,3,41,2,65,1,82,1,Ask:,1,195,1,
4473.714, Bid:,3,41,1,65,1,82,1,Ask:,0,
4473.857, Bid:,3,41,1,65,1,82,1,Ask:,1,212,1,
4474.000, Bid:,3,41,1,65,1,82,1,Ask:,0,
4474.143, Bid:,4,41,1,65,1,82,1,471,1,Ask:,0,
4474.571, Bid:,4,54,1,65,1,82,1,471,1,Ask:,0,
4475.000, Bid:,5,54,1,65,1,82,1,196,1,471,1,Ask:,0,
4475.286, Bid:,6,54,1,65,1,82,1,196,1,418,1,471,1,Ask:,0,
4475.429, Bid:,5,54,1,65,1,82,1,196,1,418,1,Ask:,0,
4475.714, Bid:,4,54,1,65,1,82,1,196,1,Ask:,0,
4476.000, Bid:,4,54,1,65,1,82,1,196,1,Ask:,1,444,1,
4476.571, Bid:,5,54,1,65,1,82,1,196,1,413,1,Ask:,1,444,1,
4478.429, Bid:,4,54,1,65,1,82,1,196,1,Ask:,1,444,1,
4479.286, Bid:,4,54,1,65,1,82,1,196,1,Ask:,2,262,1,444,1,
4480.286, Bid:,3,54,1,65,1,82,1,Ask:,1,444,1,
4480.714, Bid:,3,54,1,65,1,82,1,Ask:,2,426,1,444,1,
4481.429, Bid:,4,54,1,65,1,82,1,162,1,Ask:,2,426,1,444,1,
4487.429, Bid:,4,54,1,65,1,111,1,162,1,Ask:,2,426,1,444,1,
4491.714, Bid:,3,54,1,65,1,111,1,Ask:,1,426,1,
4491.857, Bid:,3,54,1,65,1,111,1,Ask:,2,426,1,440,1,
4493.286, Bid:,4,54,1,65,1,105,1,111,1,Ask:,2,426,1,440,1,
4501.429, Bid:,3,54,1,65,1,105,1,Ask:,2,426,1,440,1,
4501.571, Bid:,3,54,1,65,1,105,1,Ask:,3,256,1,426,1,440,1,
4502.714, Bid:,3,48,1,65,1,105,1,Ask:,3,256,1,426,1,440,1,
4503.000, Bid:,4,48,1,65,1,105,1,125,1,Ask:,3,256,1,426,1,440,1,
4503.571, Bid:,4,48,1,65,1,105,1,125,1,Ask:,4,256,1,426,1,440,1,457,1,
4514.143, Bid:,3,48,1,65,1,105,1,Ask:,3,256,1,426,1,457,1,
4514.571, Bid:,3,48,1,65,1,105,1,Ask:,2,426,1,457,1,
4514.714, Bid:,4,48,1,65,1,105,1,141,1,Ask:,2,426,1,457,1,
4515.143, Bid:,4,48,1,65,1,105,1,141,1,Ask:,3,159,1,426,1,457,1,
4515.429, Bid:,4,48,1,65,1,105,1,141,1,Ask:,3,159,1,259,1,457,1,
4519.000, Bid:,5,48,1,65,1,104,1,105,1,141,1,Ask:,3,159,1,259,1,457,1,
4529.857, Bid:,4,48,1,65,1,104,1,105,1,Ask:,2,159,1,259,1,
4530.000, Bid:,5,48,1,65,1,104,1,105,1,145,1,Ask:,2,159,1,259,1,
4531.429, Bid:,4,48,1,65,1,104,1,105,1,Ask:,2,159,1,259,1,
4531.857, Bid:,3,48,1,65,1,104,1,Ask:,1,259,1,
4532.143, Bid:,3,48,1,65,1,104,1,Ask:,2,259,1,304,1,
4532.286, Bid:,3,48,1,104,1,131,1,Ask:,2,259,1,304,1,
4532.429, Bid:,4,48,1,104,1,131,1,136,1,Ask:,2,259,1,304,1,
4532.714, Bid:,4,48,1,104,1,131,1,136,1,Ask:,3,259,1,304,1,416,1,
4533.286, Bid:,3,48,1,104,1,131,1,Ask:,3,259,1,304,1,416,1,
4533.714, Bid:,3,48,1,104,1,131,1,Ask:,3,219,1,304,1,416,1,
4534.000, Bid:,2,48,1,131,1,Ask:,2,304,1,416,1,
4534.571, Bid:,3,48,1,131,1,275,1,Ask:,2,304,1,416,1,
4535.286, Bid:,2,48,1,131,1,Ask:,2,304,1,416,1,
4536.143, Bid:,2,48,1,131,1,Ask:,1,416,1,
4536.286, Bid:,2,48,1,131,1,Ask:,2,241,1,416,1,
4537.429, Bid:,3,48,1,131,1,164,1,Ask:,2,241,1,416,1,
4537.571, Bid:,3,48,1,131,1,164,1,Ask:,3,241,1,335,1,416,1,
4539.286, Bid:,3,67,1,131,1,164,1,Ask:,3,241,1,335,1,416,1,
4540.286, Bid:,4,67,1,115,1,131,1,164,1,Ask:,3,241,1,335,1,416,1,
4541.714, Bid:,3,67,1,115,1,131,1,Ask:,2,241,1,335,1,
4541.857, Bid:,3,67,1,115,1,131,1,Ask:,3,241,1,335,1,435,1,
4544.429, Bid:,2,67,1,115,1,Ask:,2,335,1,435,1,
4544.714, Bid:,2,67,1,115,1,Ask:,3,335,1,364,1,435,1,
4544.857, Bid:,2,67,1,115,1,Ask:,4,180,1,335,1,364,1,435,1,
4545.000, Bid:,2,67,1,115,1,Ask:,3,335,1,364,1,435,1,
4545.857, Bid:,3,67,1,115,1,311,1,Ask:,3,335,1,364,1,435,1,
4546.000, Bid:,2,67,1,115,1,Ask:,3,335,1,364,1,435,1,
4546.143, Bid:,2,67,1,115,1,Ask:,4,187,1,335,1,364,1,435,1,
4546.571, Bid:,1,67,1,Ask:,4,187,1,335,1,364,1,435,1,
4546.857, Bid:,1,67,1,Ask:,5,78,1,187,1,335,1,364,1,435,1,
4547.000, Bid:,1,67,1,Ask:,5,78,1,187,1,364,1,435,1,484,1,
4547.857, Bid:,1,67,1,Ask:,4,187,1,364,1,435,1,484,1,
4548.143, Bid:,1,67,1,Ask:,3,364,1,435,1,484,1,
4549.000, Bid:,1,67,1,Ask:,2,435,1,484,1,
4549.143, Bid:,2,67,1,320,1,Ask:,2,435,1,484,1,
4549.571, Bid:,3,67,1,186,1,320,1,Ask:,2,435,1,484,1,
4551.571, Bid:,4,43,1,67,1,186,1,320,1,Ask:,2,435,1,484,1,
4563.143, Bid:,3,43,1,67,1,186,1,Ask:,2,435,1,484,1,
4563.857, Bid:,3,43,1,67,1,186,1,Ask:,3,405,1,435,1,484,1,
4564.429, Bid:,3,67,1,186,1,287,1,Ask:,3,405,1,435,1,484,1,
4568.000, Bid:,2,67,1,186,1,Ask:,3,405,1,435,1,484,1,
4569.714, Bid:,3,67,1,186,1,270,1,Ask:,3,405,1,435,1,484,1,
4580.571, Bid:,2,67,1,186,1,Ask:,3,405,1,435,1,484,1,
4582.571, Bid:,3,67,1,186,1,346,1,Ask:,3,405,1,435,1,484,1,
4583.571, Bid:,3,67,1,186,1,346,1,Ask:,4,405,1,435,1,477,1,484,1,
4589.571, Bid:,4,67,1,89,1,186,1,346,1,Ask:,4,405,1,435,1,477,1,484,1,
4592.000, Bid:,3,67,1,89,1,186,1,Ask:,3,405,1,477,1,484,1,
4592.857, Bid:,4,67,1,89,1,186,1,238,1,Ask:,3,405,1,477,1,484,1,
4594.143, Bid:,4,63,1,89,1,186,1,238,1,Ask:,3,405,1,477,1,484,1,
4597.286, Bid:,5,63,1,89,1,163,1,186,1,238,1,Ask:,3,405,1,477,1,484,1,
4597.429, Bid:,5,77,1,89,1,163,1,186,1,238,1,Ask:,3,405,1,477,1,484,1,
4601.286, Bid:,4,77,1,89,1,163,1,186,1,Ask:,3,405,1,477,1,484,1,
4601.429, Bid:,3,77,1,89,1,163,1,Ask:,3,405,1,477,1,484,1,
4602.143, Bid:,2,77,1,89,1,Ask:,3,405,1,477,1,484,1,
4602.571, Bid:,2,77,1,89,1,Ask:,4,397,1,405,1,477,1,484,1,
4603.143, Bid:,3,77,1,89,1,135,1,Ask:,4,397,1,405,1,477,1,484,1,
4604.143, Bid:,3,77,1,89,1,135,1,Ask:,4,179,1,397,1,405,1,484,1,
4605.286, Bid:,3,77,1,89,1,135,1,Ask:,3,397,1,405,1,484,1,
4607.429, Bid:,4,77,1,89,1,135,1,253,1,Ask:,3,397,1,405,1,484,1,
4608.000, Bid:,3,77,1,89,1,135,1,Ask:,3,397,1,405,1,484,1,
4608.286, Bid:,2,77,1,89,1,Ask:,3,397,1,405,1,484,1,
4609.143, Bid:,2,77,1,89,1,Ask:,2,405,1,484,1,
4609.429, Bid:,3,77,1,89,1,197,1,Ask:,2,405,1,484,1,
4610.143, Bid:,4,11,1,77,1,89,1,197,1,Ask:,2,405,1,484,1,
4611.000, Bid:,3,11,1,77,1,89,1,Ask:,2,405,1,484,1,
4611.143, Bid:,2,11,1,77,1,Ask:,2,405,1,484,1,
4611.429, Bid:,2,11,1,77,1,Ask:,3,187,1,405,1,484,1,
4611.714, Bid:,2,11,1,77,1,Ask:,2,405,1,484,1,
4611.857, Bid:,1,11,1,Ask:,2,405,1,484,1,
4612.000, Bid:,1,11,1,Ask:,3,254,1,405,1,484,1,
4612.429, Bid:,1,11,1,Ask:,4,157,1,254,1,405,1,484,1,
4612.571, Bid:,1,11,1,Ask:,5,157,1,254,1,405,1,462,1,484,1,
4613.286, Bid:,2,11,1,131,1,Ask:,5,157,1,254,1,405,1,462,1,484,1,
4613.857, Bid:,2,11,1,131,1,Ask:,6,157,1,254,1,404,1,405,1,462,1,484,1,
4622.286, Bid:,1,11,1,Ask:,5,157,1,404,1,405,1,462,1,484,1,
4622.571, Bid:,1,11,1,Ask:,4,404,1,405,1,462,1,484,1,
4622.714, Bid:,1,11,1,Ask:,5,164,1,404,1,405,1,462,1,484,1,
4623.000, Bid:,1,11,1,Ask:,6,164,1,370,1,404,1,405,1,462,1,484,1,
4623.429, Bid:,2,11,1,90,1,Ask:,6,164,1,370,1,404,1,405,1,462,1,484,1,
4623.714, Bid:,2,11,1,90,1,Ask:,6,164,1,238,1,370,1,404,1,462,1,484,1,
4631.857, Bid:,2,11,1,90,1,Ask:,6,101,1,164,1,238,1,370,1,462,1,484,1,
4640.000, Bid:,2,11,1,90,1,Ask:,5,164,1,238,1,370,1,462,1,484,1,
4640.571, Bid:,2,11,1,90,1,Ask:,6,164,1,238,1,254,1,370,1,462,1,484,1,
4641.571, Bid:,2,11,1,90,1,Ask:,6,150,1,164,1,254,1,370,1,462,1,484,1,
4642.143, Bid:,2,11,1,90,1,Ask:,6,150,1,154,1,254,1,370,1,462,1,484,1,
4645.429, Bid:,2,11,1,106,1,Ask:,6,150,1,154,1,254,1,370,1,462,1,484,1,
4653.000, Bid:,3,11,1,50,1,106,1,Ask:,6,150,1,154,1,254,1,370,1,462,1,484,1,
4655.000, Bid:,2,11,1,50,1,Ask:,5,150,1,154,1,254,1,370,1,484,1,
4655.143, Bid:,1,50,1,Ask:,4,154,1,254,1,370,1,484,1,
4655.571, Bid:,2,50,1,144,1,Ask:,4,154,1,254,1,370,1,484,1,
4656.857, Bid:,2,50,1,144,1,Ask:,5,154,1,254,1,370,1,436,1,484,1,
4658.571, Bid:,2,50,1,144,1,Ask:,6,154,1,188,1,254,1,370,1,436,1,484,1,
4671.143, Bid:,1,50,1,Ask:,5,188,1,254,1,370,1,436,1,484,1,
4671.571, Bid:,1,50,1,Ask:,4,254,1,370,1,436,1,484,1,
4671.857, Bid:,1,50,1,Ask:,3,370,1,436,1,484,1,
4672.000, Bid:,2,50,1,81,1,Ask:,3,370,1,436,1,484,1,
4672.571, Bid:,2,50,1,81,1,Ask:,3,291,1,370,1,436,1,
4673.143, Bid:,2,50,1,81,1,Ask:,2,370,1,436,1,
4673.286, Bid:,2,50,1,81,1,Ask:,3,370,1,399,1,436,1,
4674.143, Bid:,2,50,1,81,1,Ask:,4,250,1,370,1,399,1,436,1,
4674.571, Bid:,2,50,1,81,1,Ask:,5,178,1,250,1,370,1,399,1,436,1,
4683.000, Bid:,2,76,1,81,1,Ask:,5,178,1,250,1,370,1,399,1,436,1,
4683.429, Bid:,3,76,1,81,1,125,1,Ask:,5,178,1,250,1,370,1,399,1,436,1,
4684.143, Bid:,2,76,1,81,1,Ask:,4,178,1,250,1,370,1,436,1,
4684.571, Bid:,2,76,1,81,1,Ask:,5,111,1,178,1,250,1,370,1,436,1,
4684.714, Bid:,3,76,1,77,1,81,1,Ask:,5,111,1,178,1,250,1,370,1,436,1,
4687.857, Bid:,3,76,1,77,1,81,1,Ask:,4,178,1,250,1,370,1,436,1,
4688.286, Bid:,3,76,1,77,1,81,1,Ask:,3,250,1,370,1,436,1,
4688.571, Bid:,3,74,1,77,1,81,1,Ask:,3,250,1,370,1,436,1,
4688.857, Bid:,2,74,1,77,1,Ask:,2,370,1,436,1,
4689.000, Bid:,2,74,1,77,1,Ask:,3,126,1,370,1,436,1,
4689.286, Bid:,2,74,1,77,1,Ask:,2,370,1,436,1,
4689.429, Bid:,2,74,1,77,1,Ask:,3,332,1,370,1,436,1,
4689.571, Bid:,2,74,1,77,1,Ask:,4,247,1,332,1,370,1,436,1,
4689.714, Bid:,3,22,1,74,1,77,1,Ask:,4,247,1,332,1,370,1,436,1,
4692.286, Bid:,3,22,1,74,1,77,1,Ask:,5,247,1,332,1,370,1,436,1,447,1,
4702.571, Bid:,3,22,1,74,1,77,1,Ask:,5,124,1,247,1,370,1,436,1,447,1,
4705.857, Bid:,2,22,1,74,1,Ask:,4,247,1,370,1,436,1,447,1,
4706.429, Bid:,3,22,1,74,1,112,1,Ask:,4,247,1,370,1,436,1,447,1,
4707.143, Bid:,3,22,1,74,1,112,1,Ask:,4,247,1,370,1,447,1,493,1,
4712.286, Bid:,2,22,1,74,1,Ask:,3,370,1,447,1,493,1,
4712.571, Bid:,2,22,1,74,1,Ask:,4,107,1,370,1,447,1,493,1,
4712.714, Bid:,2,22,1,74,1,Ask:,5,107,1,246,1,370,1,447,1,493,1,
4713.429, Bid:,2,74,1,89,1,Ask:,5,107,1,246,1,370,1,447,1,493,1,
4714.286, Bid:,2,74,1,89,1,Ask:,5,91,1,107,1,246,1,370,1,493,1,
4716.857, Bid:,2,53,1,89,1,Ask:,5,91,1,107,1,246,1,370,1,493,1,
4719.714, Bid:,2,53,1,89,1,Ask:,5,94,1,107,1,246,1,370,1,493,1,
4722.000, Bid:,2,53,1,89,1,Ask:,4,107,1,246,1,370,1,493,1,
4722.429, Bid:,2,53,1,89,1,Ask:,5,107,1,246,1,370,1,427,1,493,1,
4722.857, Bid:,2,53,1,89,1,Ask:,5,107,1,246,1,320,1,370,1,427,1,
4743.571, Bid:,2,53,1,89,1,Ask:,5,145,1,246,1,320,1,370,1,427,1,
4743.857, Bid:,2,53,1,104,1,Ask:,5,145,1,246,1,320,1,370,1,427,1,
4745.286, Bid:,1,53,1,Ask:,4,145,1,320,1,370,1,427,1,
4745.571, Bid:,1,53,1,Ask:,3,320,1,370,1,427,1,
4746.000, Bid:,1,53,1,Ask:,2,370,1,427,1,
4746.143, Bid:,1,53,1,Ask:,3,370,1,416,1,427,1,
4746.571, Bid:,1,53,1,Ask:,4,120,1,370,1,416,1,427,1,
4747.000, Bid:,1,53,1,Ask:,5,120,1,133,1,370,1,416,1,427,1,
4748.714, Bid:,1,53,1,Ask:,4,133,1,370,1,416,1,427,1,
4749.714, Bid:,1,53,1,Ask:,5,133,1,267,1,370,1,416,1,427,1,
4749.857, Bid:,1,53,1,Ask:,6,133,1,267,1,370,1,397,1,416,1,427,1,
4751.571, Bid:,1,53,1,Ask:,6,84,1,133,1,267,1,370,1,397,1,416,1,
4753.429, Bid:,1,53,1,Ask:,6,84,1,133,1,158,1,267,1,370,1,416,1,
4758.000, Bid:,1,53,1,Ask:,5,133,1,158,1,267,1,370,1,416,1,
4758.571, Bid:,1,53,1,Ask:,4,158,1,267,1,370,1,416,1,
4759.429, Bid:,1,53,1,Ask:,3,267,1,370,1,416,1,
4759.571, Bid:,1,53,1,Ask:,2,370,1,416,1,
4760.000, Bid:,2,53,1,95,1,Ask:,2,370,1,416,1,
4760.143, Bid:,3,53,1,95,1,223,1,Ask:,2,370,1,416,1,
4760.286, Bid:,3,53,1,95,1,223,1,Ask:,3,370,1,416,1,462,1,
4760.714, Bid:,4,53,1,95,1,223,1,333,1,Ask:,3,370,1,416,1,462,1,
4760.857, Bid:,3,53,1,95,1,223,1,Ask:,3,370,1,416,1,462,1,
4761.857, Bid:,2,53,1,95,1,Ask:,3,370,1,416,1,462,1,
4762.000, Bid:,3,53,1,81,1,95,1,Ask:,3,370,1,416,1,462,1,
4763.429, Bid:,3,53,1,81,1,95,1,Ask:,4,225,1,370,1,416,1,462,1,
4764.000, Bid:,3,70,1,81,1,95,1,Ask:,4,225,1,370,1,416,1,462,1,
4773.714, Bid:,4,70,1,81,1,95,1,97,1,Ask:,4,225,1,370,1,416,1,462,1,
4776.429, Bid:,3,70,1,81,1,95,1,Ask:,4,225,1,370,1,416,1,462,1,
4776.571, Bid:,2,70,1,81,1,Ask:,3,370,1,416,1,462,1,
4776.857, Bid:,2,70,1,81,1,Ask:,3,210,1,370,1,462,1,
4777.286, Bid:,2,70,1,81,1,Ask:,2,370,1,462,1,
4777.714, Bid:,2,70,1,81,1,Ask:,1,462,1,
4777.857, Bid:,2,70,1,81,1,Ask:,2,107,1,462,1,
4778.000, Bid:,1,70,1,Ask:,2,107,1,462,1,
4778.143, Bid:,1,70,1,Ask:,3,107,1,224,1,462,1,
4778.286, Bid:,1,70,1,Ask:,4,107,1,224,1,375,1,462,1,
4778.429, Bid:,1,70,1,Ask:,5,107,1,224,1,375,1,398,1,462,1,
4780.000, Bid:,1,70,1,Ask:,4,224,1,375,1,398,1,462,1,
4780.571, Bid:,1,70,1,Ask:,5,105,1,224,1,375,1,398,1,462,1,
4781.286, Bid:,1,70,1,Ask:,5,105,1,114,1,224,1,398,1,462,1,
4781.714, Bid:,1,70,1,Ask:,6,105,1,114,1,224,1,312,1,398,1,462,1,
4782.571, Bid:,1,50,1,Ask:,6,105,1,114,1,224,1,312,1,398,1,462,1,
4799.857, Bid:,1,50,1,Ask:,5,114,1,224,1,312,1,398,1,462,1,
4800.000, Bid:,1,50,1,Ask:,5,114,1,224,1,356,1,398,1,462,1,
4800.714, Bid:,0,Ask:,5,114,1,224,1,356,1,398,1,462,1,
4801.286, Bid:,0,Ask:,5,114,1,224,1,356,1,401,1,462,1,
4801.429, Bid:,0,Ask:,6,114,1,224,1,356,1,401,1,439,1,462,1,
4801.571, Bid:,0,Ask:,6,114,1,132,1,356,1,401,1,439,1,462,1,
4804.429, Bid:,0,Ask:,5,132,1,356,1,401,1,439,1,462,1,
4804.571, Bid:,0,Ask:,4,356,1,401,1,439,1,462,1,
4804.714, Bid:,0,Ask:,4,80,1,356,1,401,1,462,1,
4805.286, Bid:,0,Ask:,5,80,1,294,1,356,1,401,1,462,1,
4805.714, Bid:,0,Ask:,6,80,1,294,1,356,1,401,1,441,1,462,1,
4806.714, Bid:,0,Ask:,6,80,1,114,1,294,1,356,1,401,1,441,1,
4807.000, Bid:,0,Ask:,6,80,1,114,1,144,1,294,1,356,1,401,1,
4812.286, Bid:,1,59,1,Ask:,6,80,1,114,1,144,1,294,1,356,1,401,1,
4824.571, Bid:,1,59,1,Ask:,5,114,1,144,1,294,1,356,1,401,1,
4825.000, Bid:,1,59,1,Ask:,5,71,1,144,1,294,1,356,1,401,1,
4825.714, Bid:,1,59,1,Ask:,6,71,1,144,1,294,1,356,1,401,1,404,1,
4829.571, Bid:,1,59,1,Ask:,6,71,1,91,1,144,1,356,1,401,1,404,1,
4835.571, Bid:,1,59,1,Ask:,6,67,1,71,1,91,1,144,1,356,1,401,1,
4836.857, Bid:,1,59,1,Ask:,5,71,1,91,1,144,1,356,1,401,1,
4838.000, Bid:,2,41,1,59,1,Ask:,5,71,1,91,1,144,1,356,1,401,1,
4840.714, Bid:,2,41,1,59,1,Ask:,5,71,1,91,1,144,1,401,1,404,1,
4848.286, Bid:,2,41,1,55,1,Ask:,5,71,1,91,1,144,1,401,1,404,1,
4850.143, Bid:,2,41,1,55,1,Ask:,4,91,1,144,1,401,1,404,1,
4850.571, Bid:,2,41,1,55,1,Ask:,3,144,1,401,1,404,1,
4850.714, Bid:,2,41,1,55,1,Ask:,4,144,1,349,1,401,1,404,1,
4850.857, Bid:,2,41,1,55,1,Ask:,4,90,1,144,1,349,1,401,1,
4852.143, Bid:,2,41,1,55,1,Ask:,5,90,1,144,1,193,1,349,1,401,1,
4854.286, Bid:,2,41,1,55,1,Ask:,5,90,1,122,1,193,1,349,1,401,1,
4860.000, Bid:,2,41,1,55,1,Ask:,6,66,1,90,1,122,1,193,1,349,1,401,1,
4864.571, Bid:,2,41,1,55,1,Ask:,6,66,1,90,1,107,1,122,1,349,1,401,1,
4864.714, Bid:,2,41,1,55,1,Ask:,5,90,1,107,1,122,1,349,1,401,1,
4864.857, Bid:,2,41,1,55,1,Ask:,4,107,1,122,1,349,1,401,1,
4865.000, Bid:,2,41,1,55,1,Ask:,5,107,1,122,1,349,1,389,1,401,1,
4865.286, Bid:,2,41,1,55,1,Ask:,4,122,1,349,1,389,1,401,1,
4865.429, Bid:,2,41,1,55,1,Ask:,3,349,1,389,1,401,1,
4865.571, Bid:,2,41,1,55,1,Ask:,4,273,1,349,1,389,1,401,1,
4865.857, Bid:,2,41,1,55,1,Ask:,3,349,1,389,1,401,1,
4866.000, Bid:,2,41,1,55,1,Ask:,2,389,1,401,1,
4866.286, Bid:,2,41,1,55,1,Ask:,1,401,1,
4866.429, Bid:,2,41,1,55,1,Ask:,2,97,1,401,1,
4866.714, Bid:,2,41,1,55,1,Ask:,1,401,1,
4866.857, Bid:,3,41,1,55,1,353,1,Ask:,1,401,1,
4867.000, Bid:,2,41,1,55,1,Ask:,1,401,1,
4867.143, Bid:,2,55,1,391,1,Ask:,1,401,1,
4867.286, Bid:,1,55,1,Ask:,1,401,1,
4867.714, Bid:,2,55,1,89,1,Ask:,1,401,1,
4868.143, Bid:,3,55,1,89,1,242,1,Ask:,1,401,1,
4868.286, Bid:,2,55,1,89,1,Ask:,1,401,1,
4868.571, Bid:,1,55,1,Ask:,1,401,1,
4868.714, Bid:,2,43,1,55,1,Ask:,1,401,1,
4868.857, Bid:,2,43,1,55,1,Ask:,2,186,1,401,1,
4869.143, Bid:,2,43,1,55,1,Ask:,1,401,1,
4869.571, Bid:,3,20,1,43,1,55,1,Ask:,1,401,1,
4870.571, Bid:,2,20,1,43,1,Ask:,1,401,1,
4870.714, Bid:,3,20,1,43,1,344,1,Ask:,1,401,1,
4870.857, Bid:,3,20,1,43,1,344,1,Ask:,0,
4871.000, Bid:,2,20,1,43,1,Ask:,0,
4871.143, Bid:,2,20,1,43,1,Ask:,1,340,1,
4871.286, Bid:,2,20,1,43,1,Ask:,2,193,1,340,1,
4871.714, Bid:,2,20,1,43,1,Ask:,3,193,1,340,1,380,1,
4872.000, Bid:,2,20,1,43,1,Ask:,4,122,1,193,1,340,1,380,1,
4872.857, Bid:,2,20,1,43,1,Ask:,3,193,1,340,1,380,1,
4873.143, Bid:,2,20,1,43,1,Ask:,2,340,1,380,1,
4874.143, Bid:,2,20,1,43,1,Ask:,3,158,1,340,1,380,1,
4874.286, Bid:,2,20,1,43,1,Ask:,2,340,1,380,1,
4874.571, Bid:,3,12,1,20,1,43,1,Ask:,2,340,1,380,1,
4874.857, Bid:,3,12,1,20,1,43,1,Ask:,3,329,1,340,1,380,1,
4875.857, Bid:,4,12,1,20,1,43,1,159,1,Ask:,3,329,1,340,1,380,1,
4882.286, Bid:,4,12,1,43,1,140,1,159,1,Ask:,3,329,1,340,1,380,1,
4882.571, Bid:,3,12,1,43,1,140,1,Ask:,2,329,1,380,1,
4883.714, Bid:,4,12,1,43,1,72,1,140,1,Ask:,2,329,1,380,1,
4892.143, Bid:,5,12,1,43,1,72,1,75,1,140,1,Ask:,2,329,1,380,1,
4895.571, Bid:,5,12,1,43,1,72,1,75,1,140,1,Ask:,3,144,1,329,1,380,1,
4896.286, Bid:,5,12,1,72,1,75,1,118,1,140,1,Ask:,3,144,1,329,1,380,1,
4900.429, Bid:,5,12,1,72,1,77,1,118,1,140,1,Ask:,3,144,1,329,1,380,1,
4908.000, Bid:,4,12,1,72,1,77,1,118,1,Ask:,2,144,1,329,1,
4908.714, Bid:,4,12,1,72,1,77,1,118,1,Ask:,1,329,1,
4908.857, Bid:,5,12,1,72,1,77,1,118,1,288,1,Ask:,1,329,1,
4909.143, Bid:,4,12,1,72,1,77,1,118,1,Ask:,1,329,1,
4909.286, Bid:,4,12,1,72,1,77,1,118,1,Ask:,0,
4909.429, Bid:,4,12,1,72,1,77,1,118,1,Ask:,1,243,1,
4909.857, Bid:,4,12,1,72,1,77,1,118,1,Ask:,2,243,1,374,1,
4910.571, Bid:,3,12,1,72,1,77,1,Ask:,2,243,1,374,1,
4910.714, Bid:,3,12,1,72,1,77,1,Ask:,3,166,1,243,1,374,1,
4910.857, Bid:,3,12,1,72,1,77,1,Ask:,4,166,1,243,1,374,1,443,1,
4911.429, Bid:,3,12,1,72,1,77,1,Ask:,5,166,1,243,1,374,1,428,1,443,1,
4911.714, Bid:,3,12,1,72,1,77,1,Ask:,6,166,1,243,1,353,1,374,1,428,1,443,1,
4912.000, Bid:,3,12,1,72,1,77,1,Ask:,5,243,1,353,1,374,1,428,1,443,1,
4912.857, Bid:,3,12,1,72,1,77,1,Ask:,4,353,1,374,1,428,1,443,1,
4913.000, Bid:,3,12,1,72,1,77,1,Ask:,3,374,1,428,1,443,1,
4913.571, Bid:,4,12,1,72,1,77,1,126,1,Ask:,3,374,1,428,1,443,1,
4913.714, Bid:,5,12,1,22,1,72,1,77,1,126,1,Ask:,3,374,1,428,1,443,1,
4914.714, Bid:,5,12,1,22,1,72,1,77,1,126,1,Ask:,4,349,1,374,1,428,1,443,1,
4916.857, Bid:,5,12,1,22,1,72,1,77,1,81,1,Ask:,4,349,1,374,1,428,1,443,1,
4925.429, Bid:,5,12,1,22,1,72,1,77,1,81,1,Ask:,4,133,1,374,1,428,1,443,1,
4925.714, Bid:,5,12,1,22,1,72,1,77,1,81,1,Ask:,3,374,1,428,1,443,1,
4926.286, Bid:,5,12,1,72,1,77,1,81,1,136,1,Ask:,3,374,1,428,1,443,1,
4926.429, Bid:,5,32,1,72,1,77,1,81,1,136,1,Ask:,3,374,1,428,1,443,1,
4936.000, Bid:,4,32,1,72,1,77,1,81,1,Ask:,2,374,1,443,1,
4936.429, Bid:,4,32,1,72,1,77,1,81,1,Ask:,3,205,1,374,1,443,1,
4936.714, Bid:,4,32,1,72,1,77,1,81,1,Ask:,2,374,1,443,1,
4936.857, Bid:,4,32,1,72,1,77,1,81,1,Ask:,3,134,1,374,1,443,1,
4937.143, Bid:,4,32,1,72,1,77,1,81,1,Ask:,2,374,1,443,1,
4937.714, Bid:,5,32,1,72,1,77,1,81,1,315,1,Ask:,2,374,1,443,1,
4938.143, Bid:,4,32,1,72,1,77,1,81,1,Ask:,2,374,1,443,1,
4938.286, Bid:,4,32,1,72,1,77,1,81,1,Ask:,3,325,1,374,1,443,1,
4938.714, Bid:,5,25,1,32,1,72,1,77,1,81,1,Ask:,3,325,1,374,1,443,1,
4940.143, Bid:,5,25,1,32,1,72,1,77,1,81,1,Ask:,3,118,1,325,1,374,1,
4941.429, Bid:,5,25,1,32,1,72,1,77,1,81,1,Ask:,2,325,1,374,1,
4942.714, Bid:,5,25,1,32,1,72,1,77,1,81,1,Ask:,3,325,1,374,1,378,1,
4942.857, Bid:,5,25,1,32,1,60,1,72,1,81,1,Ask:,3,325,1,374,1,378,1,
4952.429, Bid:,5,25,1,32,1,60,1,72,1,84,1,Ask:,3,325,1,374,1,378,1,
4955.571, Bid:,5,25,1,32,1,60,1,72,1,84,1,Ask:,4,147,1,325,1,374,1,378,1,
4955.857, Bid:,6,25,1,32,1,60,1,72,1,84,1,142,1,Ask:,4,147,1,325,1,374,1,378,1,
4956.143, Bid:,5,25,1,32,1,60,1,72,1,84,1,Ask:,4,147,1,325,1,374,1,378,1,
4956.714, Bid:,5,25,1,32,1,60,1,72,1,84,1,Ask:,3,325,1,374,1,378,1,
4956.857, Bid:,5,25,1,32,1,60,1,72,1,84,1,Ask:,2,374,1,378,1,
4957.429, Bid:,4,25,1,32,1,60,1,72,1,Ask:,2,374,1,378,1,
4957.571, Bid:,4,25,1,32,1,60,1,72,1,Ask:,3,374,1,378,1,410,1,
4957.857, Bid:,5,25,1,32,1,60,1,72,1,372,1,Ask:,3,374,1,378,1,410,1,
4958.143, Bid:,4,25,1,32,1,60,1,72,1,Ask:,3,374,1,378,1,410,1,
4959.429, Bid:,4,25,1,60,1,72,1,153,1,Ask:,3,374,1,378,1,410,1,
4960.000, Bid:,4,25,1,60,1,72,1,153,1,Ask:,4,304,1,374,1,378,1,410,1,
4968.000, Bid:,3,25,1,60,1,72,1,Ask:,4,304,1,374,1,378,1,410,1,
4969.571, Bid:,3,25,1,57,1,72,1,Ask:,4,304,1,374,1,378,1,410,1,
4970.000, Bid:,3,25,1,57,1,72,1,Ask:,5,249,1,304,1,374,1,378,1,410,1,
4978.714, Bid:,3,25,1,57,1,72,1,Ask:,5,100,1,249,1,304,1,374,1,410,1,
4980.000, Bid:,3,25,1,57,1,72,1,Ask:,4,249,1,304,1,374,1,410,1,
4980.714, Bid:,4,25,1,57,1,72,1,101,1,Ask:,4,249,1,304,1,374,1,410,1,
4981.571, Bid:,3,25,1,57,1,72,1,Ask:,3,249,1,374,1,410,1,
4982.286, Bid:,2,25,1,57,1,Ask:,2,374,1,410,1,
4983.143, Bid:,2,25,1,57,1,Ask:,1,410,1,
4983.571, Bid:,2,25,1,57,1,Ask:,2,295,1,410,1,
4983.714, Bid:,2,25,1,57,1,Ask:,3,279,1,295,1,410,1,
4984.000, Bid:,2,25,1,57,1,Ask:,2,295,1,410,1,
4984.571, Bid:,3,25,1,57,1,204,1,Ask:,2,295,1,410,1,
4984.857, Bid:,3,25,1,57,1,204,1,Ask:,1,410,1,
4985.000, Bid:,2,25,1,57,1,Ask:,1,410,1,
4985.286, Bid:,3,25,1,57,1,341,1,Ask:,1,410,1,
4985.857, Bid:,4,25,1,57,1,274,1,341,1,Ask:,1,410,1,
4986.286, Bid:,5,25,1,57,1,148,1,274,1,341,1,Ask:,1,410,1,
4986.571, Bid:,5,25,1,119,1,148,1,274,1,341,1,Ask:,1,410,1,
4988.571, Bid:,4,25,1,119,1,148,1,274,1,Ask:,1,410,1,
4989.143, Bid:,4,25,1,119,1,148,1,274,1,Ask:,2,410,1,500,1,
4989.286, Bid:,5,25,1,119,1,148,1,222,1,274,1,Ask:,2,410,1,500,1,
4989.714, Bid:,6,25,1,119,1,148,1,161,1,222,1,274,1,Ask:,2,410,1,500,1,
4993.000, Bid:,5,25,1,119,1,148,1,161,1,222,1,Ask:,1,410,1,
4993.429, Bid:,5,25,1,119,1,148,1,161,1,222,1,Ask:,2,397,1,410,1,
4993.714, Bid:,5,25,1,119,1,148,1,161,1,222,1,Ask:,3,288,1,397,1,410,1,
